customer_id,customer_code,signup_date,gender,age_band,city,state,acquisition_channel,customer_status
1,CUST-00001,01-06-2023,Male,45-54,Seattle,WA,Referral,Active
2,CUST-00002,15-07-2023,Male,55-64,Charlotte,NC,Referral,Active
3,CUST-00003,15-05-2024,Male,55-64,Dallas,TX,Organic Search,Active
4,CUST-00004,20-09-2025,Female,35-44,Fort Worth,TX,Referral,Active
5,CUST-00005,08-10-2023,Female,55-64,Atlanta,GA,Organic Search,Active
6,CUST-00006,14-11-2023,Male,25-34,New York,NY,Paid Search,Active
7,CUST-00007,14-11-2024,Male,55-64,Columbus,OH,Paid Search,Active
8,CUST-00008,29-10-2025,Male,25-34,San Diego,CA,Social Media,Active
9,CUST-00009,13-08-2023,Female,45-54,Philadelphia,PA,Email,Active
10,CUST-00010,28-02-2024,Male,55-64,Fort Worth,TX,Social Media,Active
11,CUST-00011,23-04-2025,Female,55-64,San Jose,CA,Direct,Active
12,CUST-00012,12-06-2025,Male,18-24,Philadelphia,PA,Email,Active
13,CUST-00013,26-06-2024,Female,25-34,Denver,CO,Email,Active
14,CUST-00014,29-06-2024,Male,18-24,Austin,TX,Direct,Active
15,CUST-00015,15-01-2024,Male,25-34,Los Angeles,CA,Direct,Inactive
16,CUST-00016,22-05-2025,Female,25-34,Houston,TX,Referral,Active
17,CUST-00017,14-10-2024,Female,35-44,Philadelphia,PA,Organic Search,Active
18,CUST-00018,13-03-2024,Female,45-54,New York,NY,Paid Search,Active
19,CUST-00019,18-01-2024,Non-binary,25-34,Phoenix,AZ,Organic Search,Active
20,CUST-00020,29-09-2024,Female,35-44,Portland,OR,Email,Active
21,CUST-00021,21-01-2024,Female,45-54,Phoenix,AZ,Organic Search,Active
22,CUST-00022,26-07-2024,Male,35-44,Houston,TX,Email,Active
23,CUST-00023,29-03-2024,Male,25-34,Chicago,IL,Paid Search,Active
24,CUST-00024,07-11-2023,Female,25-34,Los Angeles,CA,Referral,Inactive
25,CUST-00025,01-09-2024,Male,35-44,Philadelphia,PA,Social Media,Active
26,CUST-00026,06-01-2024,Female,55-64,Miami,FL,Direct,Active
27,CUST-00027,14-11-2024,Prefer not to say,18-24,San Jose,CA,Direct,Active
28,CUST-00028,20-09-2024,Female,35-44,Los Angeles,CA,Paid Search,Active
29,CUST-00029,03-03-2025,Female,25-34,Philadelphia,PA,Paid Search,Active
30,CUST-00030,29-09-2023,Male,45-54,Portland,OR,Organic Search,Active
31,CUST-00031,12-03-2024,Male,35-44,Phoenix,AZ,Social Media,Active
32,CUST-00032,16-02-2025,Female,55-64,Los Angeles,CA,Social Media,Active
33,CUST-00033,07-08-2023,Male,25-34,Philadelphia,PA,Referral,Active
34,CUST-00034,16-02-2024,Male,25-34,Las Vegas,NV,Organic Search,Active
35,CUST-00035,14-10-2025,Female,55-64,Atlanta,GA,Paid Search,Active
36,CUST-00036,19-11-2023,Male,35-44,Austin,TX,Organic Search,Active
37,CUST-00037,07-11-2023,Male,35-44,Portland,OR,Direct,Active
38,CUST-00038,29-12-2023,Male,18-24,Miami,FL,Organic Search,Active
39,CUST-00039,14-09-2023,Male,45-54,Seattle,WA,Paid Search,Active
40,CUST-00040,14-08-2025,Male,25-34,Portland,OR,Direct,Active
41,CUST-00041,16-07-2023,Male,45-54,San Antonio,TX,Organic Search,Active
42,CUST-00042,12-07-2024,Female,25-34,Seattle,WA,Referral,Active
43,CUST-00043,19-06-2023,Male,25-34,Atlanta,GA,Paid Search,Inactive
44,CUST-00044,04-05-2024,Female,35-44,Houston,TX,Paid Search,Active
45,CUST-00045,15-01-2025,Female,35-44,Houston,TX,Direct,Active
46,CUST-00046,19-11-2024,Male,55-64,Dallas,TX,Social Media,Active
47,CUST-00047,09-08-2023,Female,55-64,Miami,FL,Organic Search,Active
48,CUST-00048,12-11-2025,Male,35-44,Austin,TX,Organic Search,Active
49,CUST-00049,28-11-2024,Male,45-54,Chicago,IL,Email,Active
50,CUST-00050,02-07-2024,Male,45-54,Las Vegas,NV,Email,Active
51,CUST-00051,01-01-2024,Male,25-34,New York,NY,Direct,Active
52,CUST-00052,18-04-2024,Male,45-54,Dallas,TX,Organic Search,Active
53,CUST-00053,07-09-2024,Female,55-64,Los Angeles,CA,Social Media,Active
54,CUST-00054,16-09-2024,Male,45-54,Phoenix,AZ,Social Media,Active
55,CUST-00055,11-07-2024,Male,25-34,Houston,TX,Social Media,Active
56,CUST-00056,14-09-2023,Male,55-64,Portland,OR,Email,Active
57,CUST-00057,10-03-2024,Male,25-34,Los Angeles,CA,Social Media,Active
58,CUST-00058,11-01-2025,Female,18-24,Chicago,IL,Referral,Active
59,CUST-00059,08-09-2023,Male,65+,Denver,CO,Paid Search,Active
60,CUST-00060,09-10-2023,Male,25-34,Los Angeles,CA,Social Media,Active
61,CUST-00061,16-11-2024,Female,55-64,Charlotte,NC,Social Media,Active
62,CUST-00062,21-08-2023,Male,35-44,Miami,FL,Social Media,Inactive
63,CUST-00063,08-02-2024,Male,35-44,Houston,TX,Organic Search,Active
64,CUST-00064,23-04-2025,Male,18-24,Jacksonville,FL,Organic Search,Active
65,CUST-00065,27-06-2023,Male,25-34,Denver,CO,Paid Search,Inactive
66,CUST-00066,12-02-2025,Female,45-54,Columbus,OH,Organic Search,Active
67,CUST-00067,28-11-2023,Female,25-34,Charlotte,NC,Organic Search,Inactive
68,CUST-00068,10-10-2023,Female,65+,Phoenix,AZ,Organic Search,Active
69,CUST-00069,26-08-2025,Male,35-44,Chicago,IL,Paid Search,Active
70,CUST-00070,24-10-2024,Male,35-44,Los Angeles,CA,Organic Search,Active
71,CUST-00071,24-11-2023,Female,45-54,Chicago,IL,Direct,Inactive
72,CUST-00072,26-07-2025,Female,18-24,Atlanta,GA,Paid Search,Active
73,CUST-00073,21-09-2024,Male,45-54,Phoenix,AZ,Organic Search,Inactive
74,CUST-00074,25-08-2023,Female,45-54,New York,NY,Referral,Active
75,CUST-00075,19-06-2023,Female,45-54,San Antonio,TX,Direct,Active
76,CUST-00076,26-01-2025,Male,45-54,Houston,TX,Paid Search,Active
77,CUST-00077,10-08-2025,Female,25-34,Las Vegas,NV,Paid Search,Active
78,CUST-00078,03-11-2024,Male,35-44,Miami,FL,Organic Search,Active
79,CUST-00079,13-09-2023,Male,55-64,Charlotte,NC,Paid Search,Active
80,CUST-00080,10-11-2025,Female,45-54,San Antonio,TX,Organic Search,Active
81,CUST-00081,02-12-2023,Male,65+,New York,NY,Social Media,Active
82,CUST-00082,04-10-2024,Male,65+,Houston,TX,Organic Search,Inactive
83,CUST-00083,21-09-2025,Male,25-34,Dallas,TX,Paid Search,Active
84,CUST-00084,17-05-2025,Prefer not to say,45-54,Philadelphia,PA,Organic Search,Active
85,CUST-00085,04-09-2024,Prefer not to say,45-54,Seattle,WA,Paid Search,Active
86,CUST-00086,20-09-2023,Female,55-64,Houston,TX,Organic Search,Active
87,CUST-00087,03-05-2024,Female,55-64,Las Vegas,NV,Organic Search,Active
88,CUST-00088,29-08-2024,Female,25-34,Seattle,WA,Paid Search,Active
89,CUST-00089,13-07-2023,Female,18-24,Nashville,TN,Paid Search,Active
90,CUST-00090,08-02-2024,Male,25-34,Philadelphia,PA,Referral,Active
91,CUST-00091,06-06-2023,Female,35-44,Phoenix,AZ,Organic Search,Active
92,CUST-00092,24-12-2023,Male,35-44,San Jose,CA,Paid Search,Active
93,CUST-00093,15-07-2025,Female,18-24,Charlotte,NC,Referral,Active
94,CUST-00094,29-09-2024,Female,18-24,Miami,FL,Referral,Active
95,CUST-00095,21-11-2023,Female,25-34,Denver,CO,Paid Search,Active
96,CUST-00096,02-11-2023,Female,55-64,Chicago,IL,Organic Search,Active
97,CUST-00097,04-09-2023,Male,25-34,Fort Worth,TX,Social Media,Active
98,CUST-00098,01-01-2024,Male,25-34,Seattle,WA,Organic Search,Active
99,CUST-00099,21-08-2024,Female,55-64,Los Angeles,CA,Social Media,Active
100,CUST-00100,29-12-2024,Female,25-34,Jacksonville,FL,Direct,Active
101,CUST-00101,10-07-2025,Female,25-34,Boston,MA,Referral,Active
102,CUST-00102,14-08-2024,Female,18-24,Portland,OR,Paid Search,Active
103,CUST-00103,09-10-2024,Male,25-34,Los Angeles,CA,Organic Search,Active
104,CUST-00104,22-08-2024,Female,18-24,Las Vegas,NV,Paid Search,Active
105,CUST-00105,11-09-2023,Prefer not to say,35-44,Chicago,IL,Direct,Active
106,CUST-00106,17-07-2023,Female,45-54,Philadelphia,PA,Paid Search,Active
107,CUST-00107,01-09-2025,Male,45-54,Los Angeles,CA,Referral,Active
108,CUST-00108,20-02-2025,Male,25-34,Atlanta,GA,Paid Search,Active
109,CUST-00109,15-07-2023,Male,25-34,Philadelphia,PA,Organic Search,Active
110,CUST-00110,29-07-2023,Female,45-54,Chicago,IL,Direct,Active
111,CUST-00111,01-05-2024,Female,25-34,Phoenix,AZ,Social Media,Active
112,CUST-00112,09-09-2023,Female,25-34,San Diego,CA,Paid Search,Inactive
113,CUST-00113,10-02-2024,Female,25-34,Nashville,TN,Referral,Active
114,CUST-00114,25-06-2024,Male,35-44,Los Angeles,CA,Organic Search,Active
115,CUST-00115,02-06-2023,Female,35-44,Philadelphia,PA,Paid Search,Active
116,CUST-00116,23-06-2023,Female,45-54,Atlanta,GA,Organic Search,Active
117,CUST-00117,22-10-2023,Female,45-54,Los Angeles,CA,Organic Search,Active
118,CUST-00118,28-12-2024,Female,18-24,Austin,TX,Social Media,Active
119,CUST-00119,19-08-2023,Female,45-54,San Antonio,TX,Direct,Active
120,CUST-00120,13-09-2023,Female,35-44,Chicago,IL,Organic Search,Active
121,CUST-00121,31-12-2024,Male,18-24,Phoenix,AZ,Paid Search,Active
122,CUST-00122,16-11-2024,Female,55-64,San Antonio,TX,Organic Search,Active
123,CUST-00123,14-01-2025,Male,45-54,Portland,OR,Organic Search,Active
124,CUST-00124,06-02-2025,Female,25-34,Jacksonville,FL,Paid Search,Inactive
125,CUST-00125,10-01-2025,Male,35-44,Atlanta,GA,Social Media,Active
126,CUST-00126,28-05-2025,Female,18-24,Columbus,OH,Email,Inactive
127,CUST-00127,02-02-2024,Male,35-44,Charlotte,NC,Paid Search,Active
128,CUST-00128,08-06-2024,Female,55-64,Nashville,TN,Paid Search,Active
129,CUST-00129,09-12-2023,Male,45-54,Denver,CO,Email,Active
130,CUST-00130,02-07-2023,Female,55-64,New York,NY,Direct,Active
131,CUST-00131,13-08-2023,Female,35-44,Dallas,TX,Organic Search,Active
132,CUST-00132,21-12-2023,Female,45-54,Washington,DC,Direct,Active
133,CUST-00133,30-05-2025,Female,45-54,Austin,TX,Organic Search,Active
134,CUST-00134,17-03-2024,Male,25-34,Denver,CO,Referral,Active
135,CUST-00135,23-04-2025,Female,25-34,Houston,TX,Paid Search,Inactive
136,CUST-00136,23-03-2024,Male,25-34,Austin,TX,Social Media,Active
137,CUST-00137,16-07-2023,Female,55-64,New York,NY,Organic Search,Active
138,CUST-00138,16-06-2025,Female,35-44,San Antonio,TX,Email,Active
139,CUST-00139,13-11-2023,Female,45-54,San Jose,CA,Email,Active
140,CUST-00140,21-07-2024,Female,25-34,Los Angeles,CA,Social Media,Active
141,CUST-00141,02-03-2024,Male,55-64,Atlanta,GA,Paid Search,Active
142,CUST-00142,15-09-2025,Non-binary,55-64,Houston,TX,Paid Search,Inactive
143,CUST-00143,27-07-2024,Female,45-54,Austin,TX,Email,Active
144,CUST-00144,06-10-2023,Female,55-64,New York,NY,Direct,Active
145,CUST-00145,08-05-2024,Female,25-34,Portland,OR,Paid Search,Active
146,CUST-00146,11-07-2025,Male,25-34,Nashville,TN,Email,Active
147,CUST-00147,25-11-2024,Female,25-34,San Jose,CA,Email,Active
148,CUST-00148,13-08-2024,Male,25-34,Los Angeles,CA,Paid Search,Active
149,CUST-00149,26-12-2023,Female,35-44,Washington,DC,Referral,Active
150,CUST-00150,18-10-2023,Female,35-44,Fort Worth,TX,Social Media,Active
151,CUST-00151,01-12-2023,Female,25-34,San Antonio,TX,Direct,Active
152,CUST-00152,05-07-2023,Male,35-44,Atlanta,GA,Organic Search,Active
153,CUST-00153,19-07-2023,Male,45-54,Fort Worth,TX,Social Media,Active
154,CUST-00154,24-10-2023,Male,45-54,Dallas,TX,Organic Search,Active
155,CUST-00155,25-08-2023,Female,18-24,Chicago,IL,Social Media,Active
156,CUST-00156,16-03-2025,Male,35-44,San Jose,CA,Social Media,Active
157,CUST-00157,15-06-2023,Female,18-24,Seattle,WA,Direct,Active
158,CUST-00158,27-02-2024,Male,45-54,Charlotte,NC,Referral,Active
159,CUST-00159,29-10-2024,Female,45-54,San Jose,CA,Direct,Active
160,CUST-00160,05-03-2024,Female,35-44,Las Vegas,NV,Direct,Inactive
161,CUST-00161,13-06-2024,Female,45-54,Columbus,OH,Direct,Active
162,CUST-00162,03-05-2025,Male,25-34,Atlanta,GA,Social Media,Active
163,CUST-00163,03-11-2024,Male,25-34,Nashville,TN,Paid Search,Active
164,CUST-00164,24-02-2024,Female,45-54,San Diego,CA,Email,Inactive
165,CUST-00165,08-12-2023,Male,18-24,Columbus,OH,Email,Active
166,CUST-00166,17-05-2024,Female,55-64,San Antonio,TX,Email,Active
167,CUST-00167,02-05-2025,Female,35-44,Boston,MA,Social Media,Active
168,CUST-00168,26-12-2023,Male,35-44,Houston,TX,Paid Search,Active
169,CUST-00169,15-07-2023,Male,25-34,Fort Worth,TX,Email,Active
170,CUST-00170,27-09-2023,Male,35-44,Chicago,IL,Direct,Active
171,CUST-00171,27-11-2025,Female,55-64,Seattle,WA,Email,Active
172,CUST-00172,29-01-2024,Female,45-54,San Antonio,TX,Referral,Active
173,CUST-00173,21-03-2024,Female,18-24,New York,NY,Email,Active
174,CUST-00174,01-03-2025,Male,35-44,Chicago,IL,Organic Search,Active
175,CUST-00175,02-10-2025,Male,45-54,San Antonio,TX,Email,Active
176,CUST-00176,03-07-2023,Female,35-44,Dallas,TX,Direct,Active
177,CUST-00177,30-08-2025,Male,35-44,Columbus,OH,Referral,Active
178,CUST-00178,24-11-2023,Male,65+,Portland,OR,Referral,Active
179,CUST-00179,30-11-2023,Female,45-54,Phoenix,AZ,Email,Active
180,CUST-00180,16-02-2024,Female,35-44,Houston,TX,Email,Active
181,CUST-00181,23-12-2024,Male,65+,Nashville,TN,Organic Search,Active
182,CUST-00182,01-04-2025,Female,45-54,Chicago,IL,Direct,Active
183,CUST-00183,02-09-2023,Non-binary,45-54,New York,NY,Email,Active
184,CUST-00184,31-12-2023,Male,45-54,Phoenix,AZ,Email,Active
185,CUST-00185,08-09-2023,Non-binary,55-64,San Antonio,TX,Organic Search,Active
186,CUST-00186,06-08-2023,Female,25-34,Philadelphia,PA,Referral,Active
187,CUST-00187,21-01-2024,Female,45-54,Washington,DC,Paid Search,Active
188,CUST-00188,26-06-2024,Male,35-44,Washington,DC,Social Media,Active
189,CUST-00189,27-04-2025,Female,55-64,Miami,FL,Paid Search,Active
190,CUST-00190,04-01-2024,Female,45-54,Phoenix,AZ,Referral,Active
191,CUST-00191,25-02-2025,Male,55-64,Charlotte,NC,Organic Search,Active
192,CUST-00192,20-02-2025,Male,25-34,San Diego,CA,Social Media,Active
193,CUST-00193,14-04-2024,Male,45-54,Fort Worth,TX,Social Media,Active
194,CUST-00194,29-10-2025,Male,25-34,Columbus,OH,Direct,Active
195,CUST-00195,02-01-2024,Female,18-24,Chicago,IL,Email,Active
196,CUST-00196,16-07-2023,Male,35-44,San Diego,CA,Paid Search,Active
197,CUST-00197,05-05-2024,Male,18-24,Phoenix,AZ,Social Media,Active
198,CUST-00198,28-07-2024,Male,25-34,Los Angeles,CA,Email,Active
199,CUST-00199,01-11-2023,Male,45-54,Dallas,TX,Organic Search,Active
200,CUST-00200,05-01-2024,Female,45-54,Austin,TX,Email,Active
201,CUST-00201,20-10-2025,Male,35-44,Washington,DC,Referral,Active
202,CUST-00202,26-04-2024,Male,45-54,New York,NY,Organic Search,Active
203,CUST-00203,26-10-2025,Male,55-64,San Diego,CA,Social Media,Active
204,CUST-00204,04-06-2024,Prefer not to say,55-64,San Jose,CA,Paid Search,Active
205,CUST-00205,04-11-2023,Male,18-24,Austin,TX,Direct,Active
206,CUST-00206,20-11-2023,Male,45-54,New York,NY,Paid Search,Active
207,CUST-00207,03-03-2025,Female,55-64,Chicago,IL,Organic Search,Active
208,CUST-00208,29-09-2024,Male,65+,San Jose,CA,Social Media,Active
209,CUST-00209,28-09-2023,Female,65+,Charlotte,NC,Direct,Active
210,CUST-00210,08-07-2025,Female,18-24,Dallas,TX,Organic Search,Active
211,CUST-00211,18-12-2023,Male,18-24,Jacksonville,FL,Social Media,Active
212,CUST-00212,29-08-2023,Male,35-44,Dallas,TX,Organic Search,Active
213,CUST-00213,04-10-2025,Female,35-44,Phoenix,AZ,Paid Search,Active
214,CUST-00214,13-05-2025,Female,55-64,Denver,CO,Social Media,Active
215,CUST-00215,05-12-2023,Female,65+,New York,NY,Organic Search,Active
216,CUST-00216,30-03-2025,Female,45-54,San Diego,CA,Social Media,Active
217,CUST-00217,30-06-2024,Female,55-64,Chicago,IL,Social Media,Active
218,CUST-00218,13-07-2023,Male,55-64,San Jose,CA,Referral,Inactive
219,CUST-00219,21-07-2025,Male,45-54,New York,NY,Organic Search,Active
220,CUST-00220,18-07-2025,Female,18-24,Houston,TX,Referral,Active
221,CUST-00221,07-03-2024,Non-binary,35-44,Miami,FL,Direct,Active
222,CUST-00222,04-01-2024,Female,45-54,San Diego,CA,Organic Search,Active
223,CUST-00223,07-08-2024,Male,35-44,Phoenix,AZ,Organic Search,Active
224,CUST-00224,05-07-2023,Male,45-54,San Diego,CA,Organic Search,Active
225,CUST-00225,17-09-2023,Female,55-64,Austin,TX,Email,Active
226,CUST-00226,09-07-2024,Non-binary,18-24,Columbus,OH,Organic Search,Active
227,CUST-00227,21-07-2023,Male,35-44,Los Angeles,CA,Email,Active
228,CUST-00228,28-03-2025,Female,35-44,Philadelphia,PA,Direct,Active
229,CUST-00229,09-06-2023,Male,65+,Portland,OR,Social Media,Inactive
230,CUST-00230,21-06-2024,Male,35-44,Miami,FL,Paid Search,Inactive
231,CUST-00231,24-04-2025,Female,25-34,Austin,TX,Paid Search,Active
232,CUST-00232,11-06-2023,Female,35-44,Portland,OR,Referral,Active
233,CUST-00233,06-08-2025,Male,25-34,Los Angeles,CA,Direct,Active
234,CUST-00234,30-07-2023,Male,45-54,Chicago,IL,Organic Search,Active
235,CUST-00235,23-10-2024,Female,25-34,Los Angeles,CA,Paid Search,Active
236,CUST-00236,04-07-2024,Male,25-34,Boston,MA,Direct,Active
237,CUST-00237,07-12-2023,Female,35-44,Fort Worth,TX,Direct,Active
238,CUST-00238,02-04-2025,Male,35-44,New York,NY,Organic Search,Active
239,CUST-00239,07-10-2024,Female,35-44,Dallas,TX,Referral,Active
240,CUST-00240,07-05-2024,Male,25-34,Columbus,OH,Organic Search,Active
241,CUST-00241,12-10-2023,Male,45-54,Atlanta,GA,Social Media,Active
242,CUST-00242,04-08-2025,Female,25-34,Los Angeles,CA,Paid Search,Active
243,CUST-00243,09-05-2025,Female,18-24,Los Angeles,CA,Social Media,Active
244,CUST-00244,26-10-2023,Female,35-44,San Jose,CA,Direct,Active
245,CUST-00245,24-12-2023,Female,25-34,Washington,DC,Social Media,Active
246,CUST-00246,22-08-2023,Male,45-54,Boston,MA,Social Media,Active
247,CUST-00247,20-12-2024,Male,35-44,Philadelphia,PA,Email,Active
248,CUST-00248,01-04-2025,Female,35-44,Charlotte,NC,Organic Search,Active
249,CUST-00249,22-02-2024,Female,35-44,Houston,TX,Email,Active
250,CUST-00250,26-03-2024,Female,35-44,Seattle,WA,Paid Search,Active
251,CUST-00251,10-07-2025,Male,25-34,Los Angeles,CA,Paid Search,Active
252,CUST-00252,18-06-2023,Female,25-34,New York,NY,Social Media,Active
253,CUST-00253,25-02-2025,Male,18-24,Miami,FL,Social Media,Inactive
254,CUST-00254,27-02-2025,Male,25-34,Portland,OR,Paid Search,Active
255,CUST-00255,22-06-2024,Female,45-54,Austin,TX,Social Media,Active
256,CUST-00256,08-12-2023,Male,45-54,Charlotte,NC,Social Media,Active
257,CUST-00257,23-06-2024,Female,35-44,Seattle,WA,Paid Search,Active
258,CUST-00258,25-07-2023,Female,55-64,Philadelphia,PA,Direct,Active
259,CUST-00259,21-04-2025,Female,25-34,Portland,OR,Email,Active
260,CUST-00260,16-04-2025,Female,35-44,Seattle,WA,Referral,Active
261,CUST-00261,01-05-2024,Male,45-54,Washington,DC,Organic Search,Active
262,CUST-00262,27-01-2024,Non-binary,18-24,Miami,FL,Organic Search,Active
263,CUST-00263,09-06-2023,Male,25-34,New York,NY,Paid Search,Active
264,CUST-00264,31-05-2024,Female,35-44,Nashville,TN,Organic Search,Active
265,CUST-00265,09-01-2025,Female,55-64,Chicago,IL,Social Media,Active
266,CUST-00266,27-01-2025,Male,35-44,New York,NY,Paid Search,Active
267,CUST-00267,20-11-2023,Male,65+,Phoenix,AZ,Organic Search,Active
268,CUST-00268,29-06-2023,Female,18-24,Los Angeles,CA,Email,Inactive
269,CUST-00269,16-09-2025,Female,65+,New York,NY,Paid Search,Active
270,CUST-00270,06-09-2024,Female,45-54,Las Vegas,NV,Email,Active
271,CUST-00271,23-10-2023,Male,25-34,Columbus,OH,Paid Search,Active
272,CUST-00272,06-05-2024,Male,25-34,Houston,TX,Referral,Inactive
273,CUST-00273,19-06-2024,Male,25-34,Las Vegas,NV,Organic Search,Inactive
274,CUST-00274,03-11-2023,Male,25-34,Austin,TX,Organic Search,Active
275,CUST-00275,15-10-2024,Male,45-54,Columbus,OH,Paid Search,Active
276,CUST-00276,07-06-2023,Male,65+,Houston,TX,Email,Inactive
277,CUST-00277,11-12-2024,Female,55-64,Phoenix,AZ,Social Media,Active
278,CUST-00278,16-01-2025,Male,45-54,Dallas,TX,Paid Search,Active
279,CUST-00279,19-05-2024,Female,55-64,Las Vegas,NV,Social Media,Active
280,CUST-00280,28-08-2023,Male,35-44,Seattle,WA,Direct,Active
281,CUST-00281,02-05-2025,Female,55-64,Austin,TX,Paid Search,Active
282,CUST-00282,02-03-2024,Male,18-24,Houston,TX,Referral,Active
283,CUST-00283,02-10-2025,Female,35-44,San Jose,CA,Email,Active
284,CUST-00284,27-02-2025,Male,35-44,Las Vegas,NV,Organic Search,Active
285,CUST-00285,29-03-2025,Male,25-34,San Antonio,TX,Direct,Active
286,CUST-00286,19-07-2023,Male,25-34,Miami,FL,Referral,Active
287,CUST-00287,07-10-2023,Male,35-44,Philadelphia,PA,Paid Search,Active
288,CUST-00288,29-10-2025,Male,25-34,Miami,FL,Organic Search,Inactive
289,CUST-00289,15-02-2024,Male,25-34,Phoenix,AZ,Organic Search,Active
290,CUST-00290,02-07-2024,Female,55-64,Charlotte,NC,Social Media,Active
291,CUST-00291,06-08-2025,Male,35-44,San Antonio,TX,Organic Search,Active
292,CUST-00292,06-02-2024,Male,25-34,Los Angeles,CA,Organic Search,Active
293,CUST-00293,31-10-2023,Male,25-34,Portland,OR,Organic Search,Active
294,CUST-00294,16-09-2023,Male,25-34,Los Angeles,CA,Social Media,Active
295,CUST-00295,30-09-2023,Male,35-44,San Jose,CA,Social Media,Active
296,CUST-00296,05-12-2024,Female,25-34,Miami,FL,Direct,Active
297,CUST-00297,16-05-2025,Prefer not to say,25-34,Portland,OR,Paid Search,Active
298,CUST-00298,22-10-2023,Female,35-44,Boston,MA,Email,Active
299,CUST-00299,07-02-2025,Female,35-44,Nashville,TN,Social Media,Active
300,CUST-00300,08-02-2024,Female,35-44,Houston,TX,Referral,Active
301,CUST-00301,09-11-2023,Male,55-64,Houston,TX,Paid Search,Active
302,CUST-00302,21-05-2024,Male,45-54,Portland,OR,Email,Active
303,CUST-00303,25-04-2024,Male,65+,Fort Worth,TX,Social Media,Active
304,CUST-00304,17-09-2023,Female,45-54,Denver,CO,Paid Search,Active
305,CUST-00305,09-01-2025,Male,55-64,Las Vegas,NV,Organic Search,Active
306,CUST-00306,13-11-2025,Male,25-34,Columbus,OH,Paid Search,Active
307,CUST-00307,03-12-2024,Male,45-54,Boston,MA,Organic Search,Active
308,CUST-00308,16-03-2024,Male,45-54,New York,NY,Referral,Active
309,CUST-00309,13-10-2023,Male,35-44,San Diego,CA,Email,Active
310,CUST-00310,12-11-2024,Female,55-64,San Jose,CA,Paid Search,Active
311,CUST-00311,01-08-2025,Female,35-44,New York,NY,Referral,Active
312,CUST-00312,09-10-2024,Female,25-34,Fort Worth,TX,Social Media,Active
313,CUST-00313,02-09-2025,Female,25-34,Fort Worth,TX,Referral,Active
314,CUST-00314,27-02-2024,Female,25-34,Denver,CO,Email,Active
315,CUST-00315,04-06-2023,Male,25-34,New York,NY,Email,Active
316,CUST-00316,28-01-2024,Male,25-34,New York,NY,Social Media,Inactive
317,CUST-00317,02-12-2023,Male,45-54,Boston,MA,Organic Search,Active
318,CUST-00318,21-06-2023,Male,45-54,San Antonio,TX,Organic Search,Active
319,CUST-00319,30-01-2024,Male,18-24,New York,NY,Paid Search,Active
320,CUST-00320,17-05-2024,Female,65+,Atlanta,GA,Direct,Active
321,CUST-00321,06-09-2025,Female,55-64,Denver,CO,Social Media,Active
322,CUST-00322,14-04-2024,Female,65+,Las Vegas,NV,Organic Search,Active
323,CUST-00323,06-10-2024,Female,55-64,Columbus,OH,Direct,Inactive
324,CUST-00324,24-03-2024,Male,65+,Columbus,OH,Referral,Active
325,CUST-00325,14-02-2025,Male,45-54,San Diego,CA,Paid Search,Active
326,CUST-00326,26-08-2023,Female,45-54,Atlanta,GA,Email,Active
327,CUST-00327,11-06-2023,Non-binary,35-44,San Antonio,TX,Social Media,Active
328,CUST-00328,27-09-2023,Male,45-54,Seattle,WA,Direct,Active
329,CUST-00329,07-10-2023,Male,55-64,Houston,TX,Email,Active
330,CUST-00330,18-06-2025,Female,55-64,Las Vegas,NV,Email,Active
331,CUST-00331,28-10-2024,Female,18-24,Atlanta,GA,Social Media,Active
332,CUST-00332,24-06-2025,Male,25-34,Phoenix,AZ,Organic Search,Inactive
333,CUST-00333,07-06-2025,Female,18-24,Phoenix,AZ,Social Media,Active
334,CUST-00334,17-09-2025,Male,45-54,Washington,DC,Social Media,Inactive
335,CUST-00335,28-11-2023,Male,25-34,Jacksonville,FL,Referral,Active
336,CUST-00336,06-08-2023,Male,45-54,Atlanta,GA,Direct,Active
337,CUST-00337,28-06-2023,Male,25-34,Los Angeles,CA,Organic Search,Active
338,CUST-00338,25-10-2024,Male,25-34,Austin,TX,Direct,Active
339,CUST-00339,06-10-2023,Female,55-64,Philadelphia,PA,Referral,Active
340,CUST-00340,01-08-2024,Male,55-64,Fort Worth,TX,Direct,Active
341,CUST-00341,20-10-2023,Prefer not to say,25-34,Nashville,TN,Organic Search,Active
342,CUST-00342,23-06-2023,Female,35-44,Las Vegas,NV,Email,Inactive
343,CUST-00343,11-01-2024,Male,45-54,Austin,TX,Paid Search,Active
344,CUST-00344,27-03-2025,Male,35-44,Philadelphia,PA,Direct,Active
345,CUST-00345,22-01-2024,Female,35-44,Phoenix,AZ,Social Media,Inactive
346,CUST-00346,03-06-2025,Female,35-44,Boston,MA,Referral,Active
347,CUST-00347,13-06-2023,Female,35-44,Charlotte,NC,Organic Search,Active
348,CUST-00348,19-04-2025,Female,45-54,New York,NY,Paid Search,Active
349,CUST-00349,06-08-2025,Female,35-44,Jacksonville,FL,Paid Search,Active
350,CUST-00350,01-10-2024,Female,18-24,Phoenix,AZ,Email,Inactive
351,CUST-00351,26-09-2024,Male,18-24,Los Angeles,CA,Organic Search,Active
352,CUST-00352,25-01-2025,Prefer not to say,55-64,Austin,TX,Email,Active
353,CUST-00353,31-07-2024,Prefer not to say,35-44,Portland,OR,Organic Search,Active
354,CUST-00354,26-12-2023,Male,25-34,Los Angeles,CA,Social Media,Active
355,CUST-00355,12-11-2023,Female,25-34,Las Vegas,NV,Referral,Active
356,CUST-00356,03-04-2025,Female,25-34,Columbus,OH,Organic Search,Active
357,CUST-00357,06-11-2023,Female,55-64,Boston,MA,Email,Active
358,CUST-00358,17-03-2024,Male,45-54,Austin,TX,Direct,Active
359,CUST-00359,26-05-2025,Female,25-34,San Antonio,TX,Organic Search,Active
360,CUST-00360,31-10-2024,Non-binary,25-34,San Diego,CA,Organic Search,Active
361,CUST-00361,09-12-2024,Male,25-34,San Diego,CA,Paid Search,Active
362,CUST-00362,10-11-2025,Female,35-44,Atlanta,GA,Paid Search,Active
363,CUST-00363,08-08-2024,Female,55-64,San Antonio,TX,Paid Search,Active
364,CUST-00364,07-04-2025,Female,25-34,Chicago,IL,Direct,Active
365,CUST-00365,16-04-2024,Female,45-54,Miami,FL,Organic Search,Active
366,CUST-00366,19-03-2024,Male,25-34,Fort Worth,TX,Social Media,Active
367,CUST-00367,27-06-2023,Male,35-44,Houston,TX,Referral,Active
368,CUST-00368,07-03-2025,Female,55-64,San Jose,CA,Email,Active
369,CUST-00369,30-04-2024,Female,35-44,Los Angeles,CA,Organic Search,Active
370,CUST-00370,06-07-2024,Male,35-44,Charlotte,NC,Social Media,Active
371,CUST-00371,03-12-2023,Female,45-54,Nashville,TN,Email,Active
372,CUST-00372,08-07-2025,Female,35-44,Philadelphia,PA,Organic Search,Active
373,CUST-00373,22-04-2024,Female,35-44,Jacksonville,FL,Paid Search,Active
374,CUST-00374,12-02-2025,Female,25-34,Phoenix,AZ,Email,Active
375,CUST-00375,28-07-2024,Female,45-54,Philadelphia,PA,Direct,Active
376,CUST-00376,24-11-2024,Female,25-34,Atlanta,GA,Social Media,Active
377,CUST-00377,04-10-2024,Male,25-34,Columbus,OH,Direct,Active
378,CUST-00378,15-08-2024,Non-binary,35-44,Los Angeles,CA,Social Media,Active
379,CUST-00379,11-01-2025,Female,25-34,Boston,MA,Direct,Active
380,CUST-00380,08-04-2025,Female,25-34,San Diego,CA,Social Media,Active
381,CUST-00381,02-12-2024,Female,35-44,Jacksonville,FL,Referral,Active
382,CUST-00382,02-10-2024,Female,35-44,Denver,CO,Paid Search,Active
383,CUST-00383,22-04-2024,Female,65+,San Jose,CA,Direct,Active
384,CUST-00384,08-07-2023,Female,18-24,Austin,TX,Paid Search,Active
385,CUST-00385,25-10-2025,Male,25-34,Chicago,IL,Referral,Active
386,CUST-00386,07-08-2023,Female,45-54,Chicago,IL,Organic Search,Active
387,CUST-00387,22-01-2024,Non-binary,35-44,New York,NY,Social Media,Active
388,CUST-00388,10-10-2023,Male,35-44,Seattle,WA,Social Media,Active
389,CUST-00389,13-10-2024,Female,25-34,New York,NY,Organic Search,Active
390,CUST-00390,29-06-2023,Male,45-54,Las Vegas,NV,Email,Active
391,CUST-00391,03-02-2025,Prefer not to say,25-34,Phoenix,AZ,Organic Search,Active
392,CUST-00392,23-12-2023,Male,35-44,Chicago,IL,Email,Inactive
393,CUST-00393,03-06-2024,Male,25-34,Nashville,TN,Organic Search,Active
394,CUST-00394,20-07-2025,Male,25-34,Los Angeles,CA,Organic Search,Active
395,CUST-00395,26-12-2024,Female,45-54,Chicago,IL,Organic Search,Active
396,CUST-00396,05-10-2023,Male,25-34,Nashville,TN,Organic Search,Active
397,CUST-00397,12-02-2024,Male,45-54,San Antonio,TX,Organic Search,Active
398,CUST-00398,09-11-2024,Female,25-34,Denver,CO,Referral,Active
399,CUST-00399,11-04-2024,Female,65+,Chicago,IL,Organic Search,Active
400,CUST-00400,08-03-2025,Male,25-34,Charlotte,NC,Paid Search,Active
401,CUST-00401,29-12-2023,Female,25-34,Chicago,IL,Referral,Active
402,CUST-00402,16-01-2024,Female,35-44,Austin,TX,Organic Search,Inactive
403,CUST-00403,10-02-2024,Female,25-34,San Antonio,TX,Email,Active
404,CUST-00404,05-09-2025,Male,35-44,San Diego,CA,Paid Search,Inactive
405,CUST-00405,22-12-2023,Female,45-54,Dallas,TX,Referral,Active
406,CUST-00406,13-06-2025,Male,25-34,Phoenix,AZ,Direct,Inactive
407,CUST-00407,09-11-2023,Male,45-54,San Antonio,TX,Social Media,Active
408,CUST-00408,12-08-2023,Male,35-44,Fort Worth,TX,Referral,Active
409,CUST-00409,08-04-2025,Female,45-54,Portland,OR,Direct,Active
410,CUST-00410,29-06-2023,Non-binary,18-24,San Diego,CA,Paid Search,Active
411,CUST-00411,15-04-2024,Female,25-34,Washington,DC,Paid Search,Active
412,CUST-00412,26-08-2024,Male,45-54,Los Angeles,CA,Organic Search,Active
413,CUST-00413,06-11-2025,Male,65+,Chicago,IL,Social Media,Active
414,CUST-00414,01-01-2025,Female,25-34,Boston,MA,Organic Search,Active
415,CUST-00415,13-06-2023,Male,65+,San Diego,CA,Direct,Active
416,CUST-00416,12-04-2024,Male,18-24,Las Vegas,NV,Email,Active
417,CUST-00417,17-07-2025,Female,35-44,San Jose,CA,Referral,Active
418,CUST-00418,17-02-2024,Male,25-34,Houston,TX,Social Media,Active
419,CUST-00419,28-08-2025,Prefer not to say,35-44,Boston,MA,Social Media,Active
420,CUST-00420,07-05-2025,Female,35-44,San Jose,CA,Organic Search,Active
421,CUST-00421,14-07-2025,Female,65+,Columbus,OH,Paid Search,Active
422,CUST-00422,05-02-2024,Male,45-54,Seattle,WA,Paid Search,Active
423,CUST-00423,26-08-2023,Prefer not to say,35-44,Phoenix,AZ,Email,Active
424,CUST-00424,21-09-2023,Male,55-64,Philadelphia,PA,Paid Search,Active
425,CUST-00425,12-12-2023,Male,55-64,San Antonio,TX,Referral,Active
426,CUST-00426,26-02-2024,Prefer not to say,18-24,Jacksonville,FL,Organic Search,Active
427,CUST-00427,21-05-2025,Male,25-34,San Antonio,TX,Paid Search,Active
428,CUST-00428,14-11-2023,Female,18-24,Atlanta,GA,Direct,Active
429,CUST-00429,19-07-2023,Male,35-44,Columbus,OH,Organic Search,Inactive
430,CUST-00430,28-10-2025,Female,25-34,New York,NY,Organic Search,Active
431,CUST-00431,08-05-2024,Female,35-44,Phoenix,AZ,Referral,Active
432,CUST-00432,19-01-2024,Female,65+,San Jose,CA,Social Media,Active
433,CUST-00433,12-10-2023,Male,35-44,Los Angeles,CA,Paid Search,Active
434,CUST-00434,30-03-2025,Male,35-44,San Diego,CA,Paid Search,Inactive
435,CUST-00435,03-01-2025,Male,25-34,Dallas,TX,Organic Search,Active
436,CUST-00436,26-01-2024,Male,35-44,New York,NY,Direct,Active
437,CUST-00437,27-11-2025,Female,45-54,Nashville,TN,Paid Search,Active
438,CUST-00438,01-11-2023,Female,35-44,Chicago,IL,Referral,Active
439,CUST-00439,30-09-2025,Prefer not to say,45-54,Denver,CO,Social Media,Active
440,CUST-00440,15-07-2023,Female,25-34,Denver,CO,Social Media,Active
441,CUST-00441,21-03-2024,Female,18-24,Los Angeles,CA,Paid Search,Active
442,CUST-00442,09-08-2023,Male,25-34,Philadelphia,PA,Referral,Active
443,CUST-00443,23-09-2025,Male,45-54,San Diego,CA,Email,Active
444,CUST-00444,20-10-2025,Male,55-64,Austin,TX,Paid Search,Active
445,CUST-00445,12-02-2025,Female,25-34,Las Vegas,NV,Social Media,Inactive
446,CUST-00446,17-12-2023,Female,35-44,San Diego,CA,Organic Search,Active
447,CUST-00447,03-06-2025,Female,18-24,Jacksonville,FL,Organic Search,Inactive
448,CUST-00448,26-07-2025,Male,35-44,Phoenix,AZ,Email,Active
449,CUST-00449,07-12-2024,Female,55-64,New York,NY,Organic Search,Active
450,CUST-00450,25-08-2023,Male,65+,Houston,TX,Social Media,Active
451,CUST-00451,22-02-2025,Male,45-54,San Diego,CA,Paid Search,Active
452,CUST-00452,04-06-2024,Female,55-64,Phoenix,AZ,Direct,Active
453,CUST-00453,11-07-2024,Female,18-24,Columbus,OH,Direct,Active
454,CUST-00454,05-06-2024,Female,65+,San Diego,CA,Paid Search,Active
455,CUST-00455,28-12-2023,Female,55-64,New York,NY,Direct,Active
456,CUST-00456,29-04-2025,Male,25-34,Jacksonville,FL,Referral,Inactive
457,CUST-00457,08-06-2023,Male,25-34,Seattle,WA,Paid Search,Active
458,CUST-00458,29-09-2024,Female,45-54,Dallas,TX,Paid Search,Active
459,CUST-00459,13-10-2023,Female,65+,Charlotte,NC,Organic Search,Active
460,CUST-00460,19-10-2023,Male,18-24,Dallas,TX,Referral,Active
461,CUST-00461,23-10-2025,Male,25-34,San Antonio,TX,Email,Inactive
462,CUST-00462,17-01-2025,Male,25-34,Las Vegas,NV,Organic Search,Active
463,CUST-00463,15-01-2025,Male,25-34,Chicago,IL,Referral,Active
464,CUST-00464,14-12-2023,Female,25-34,San Antonio,TX,Organic Search,Active
465,CUST-00465,24-12-2023,Female,18-24,San Jose,CA,Email,Inactive
466,CUST-00466,10-03-2024,Female,35-44,Columbus,OH,Email,Active
467,CUST-00467,27-04-2024,Male,55-64,Chicago,IL,Direct,Inactive
468,CUST-00468,25-01-2025,Prefer not to say,25-34,San Antonio,TX,Paid Search,Active
469,CUST-00469,17-12-2023,Male,65+,Jacksonville,FL,Direct,Active
470,CUST-00470,28-09-2023,Female,65+,Portland,OR,Organic Search,Active
471,CUST-00471,13-01-2025,Male,25-34,Columbus,OH,Email,Active
472,CUST-00472,10-10-2024,Female,55-64,Phoenix,AZ,Email,Active
473,CUST-00473,12-11-2024,Male,55-64,Philadelphia,PA,Organic Search,Active
474,CUST-00474,02-12-2024,Female,35-44,Seattle,WA,Direct,Active
475,CUST-00475,18-05-2024,Male,25-34,Chicago,IL,Organic Search,Active
476,CUST-00476,02-10-2024,Female,55-64,Seattle,WA,Direct,Active
477,CUST-00477,10-09-2024,Male,45-54,Boston,MA,Direct,Inactive
478,CUST-00478,14-04-2025,Female,18-24,San Jose,CA,Email,Active
479,CUST-00479,26-12-2023,Female,45-54,Philadelphia,PA,Organic Search,Active
480,CUST-00480,15-07-2024,Female,65+,Jacksonville,FL,Social Media,Active
481,CUST-00481,23-04-2025,Female,35-44,San Jose,CA,Organic Search,Active
482,CUST-00482,08-12-2024,Female,35-44,Austin,TX,Organic Search,Active
483,CUST-00483,09-05-2024,Non-binary,55-64,Seattle,WA,Paid Search,Active
484,CUST-00484,19-11-2025,Male,55-64,San Jose,CA,Organic Search,Active
485,CUST-00485,09-08-2023,Male,25-34,Miami,FL,Direct,Inactive
486,CUST-00486,23-08-2024,Male,65+,Columbus,OH,Email,Inactive
487,CUST-00487,21-04-2025,Female,18-24,Austin,TX,Paid Search,Active
488,CUST-00488,05-08-2024,Female,55-64,Miami,FL,Paid Search,Active
489,CUST-00489,30-01-2024,Male,45-54,Charlotte,NC,Social Media,Active
490,CUST-00490,15-01-2025,Female,18-24,Charlotte,NC,Organic Search,Active
491,CUST-00491,30-03-2024,Female,55-64,Dallas,TX,Social Media,Inactive
492,CUST-00492,18-05-2025,Female,45-54,Houston,TX,Email,Inactive
493,CUST-00493,07-08-2025,Non-binary,35-44,Phoenix,AZ,Social Media,Active
494,CUST-00494,31-12-2023,Female,18-24,Boston,MA,Organic Search,Active
495,CUST-00495,28-05-2024,Female,35-44,Dallas,TX,Email,Active
496,CUST-00496,15-06-2024,Female,25-34,Chicago,IL,Email,Active
497,CUST-00497,24-09-2024,Non-binary,18-24,Denver,CO,Paid Search,Active
498,CUST-00498,13-06-2025,Male,25-34,Charlotte,NC,Direct,Active
499,CUST-00499,30-11-2023,Male,25-34,San Diego,CA,Direct,Active
500,CUST-00500,17-05-2025,Female,55-64,Houston,TX,Paid Search,Active
501,CUST-00501,02-09-2024,Male,35-44,Miami,FL,Paid Search,Active
502,CUST-00502,23-12-2023,Male,35-44,Portland,OR,Email,Active
503,CUST-00503,04-02-2025,Male,25-34,Jacksonville,FL,Direct,Active
504,CUST-00504,13-06-2025,Male,35-44,Houston,TX,Organic Search,Active
505,CUST-00505,05-10-2024,Female,25-34,Nashville,TN,Direct,Active
506,CUST-00506,29-07-2025,Male,25-34,Houston,TX,Organic Search,Active
507,CUST-00507,04-04-2025,Female,45-54,Washington,DC,Organic Search,Active
508,CUST-00508,25-11-2024,Female,25-34,Miami,FL,Social Media,Active
509,CUST-00509,18-07-2023,Female,55-64,New York,NY,Direct,Active
510,CUST-00510,31-03-2025,Female,35-44,New York,NY,Organic Search,Active
511,CUST-00511,01-12-2024,Female,35-44,San Antonio,TX,Email,Inactive
512,CUST-00512,14-07-2024,Male,55-64,Phoenix,AZ,Direct,Active
513,CUST-00513,27-07-2023,Female,25-34,Charlotte,NC,Organic Search,Active
514,CUST-00514,29-09-2025,Prefer not to say,35-44,Washington,DC,Paid Search,Inactive
515,CUST-00515,16-08-2025,Female,25-34,Chicago,IL,Social Media,Active
516,CUST-00516,15-07-2023,Female,65+,Chicago,IL,Paid Search,Active
517,CUST-00517,28-10-2025,Male,18-24,San Antonio,TX,Organic Search,Active
518,CUST-00518,16-04-2025,Male,35-44,Las Vegas,NV,Direct,Active
519,CUST-00519,29-01-2024,Female,25-34,New York,NY,Organic Search,Active
520,CUST-00520,10-12-2023,Female,45-54,Portland,OR,Paid Search,Inactive
521,CUST-00521,02-11-2023,Female,55-64,Boston,MA,Email,Active
522,CUST-00522,24-12-2023,Male,25-34,San Jose,CA,Paid Search,Active
523,CUST-00523,09-03-2025,Female,25-34,New York,NY,Paid Search,Active
524,CUST-00524,21-09-2024,Male,35-44,Dallas,TX,Organic Search,Active
525,CUST-00525,30-09-2023,Female,45-54,Dallas,TX,Paid Search,Inactive
526,CUST-00526,30-11-2023,Female,35-44,Denver,CO,Social Media,Active
527,CUST-00527,20-07-2025,Female,25-34,Atlanta,GA,Social Media,Active
528,CUST-00528,23-12-2023,Female,25-34,Seattle,WA,Social Media,Active
529,CUST-00529,05-08-2025,Female,25-34,New York,NY,Referral,Active
530,CUST-00530,02-10-2023,Male,55-64,Phoenix,AZ,Referral,Inactive
531,CUST-00531,17-10-2025,Female,45-54,Denver,CO,Referral,Active
532,CUST-00532,05-01-2025,Female,35-44,New York,NY,Social Media,Active
533,CUST-00533,28-08-2023,Female,35-44,Dallas,TX,Social Media,Inactive
534,CUST-00534,08-09-2024,Female,55-64,Chicago,IL,Paid Search,Active
535,CUST-00535,15-09-2023,Female,25-34,Dallas,TX,Direct,Active
536,CUST-00536,01-10-2025,Non-binary,18-24,Philadelphia,PA,Direct,Active
537,CUST-00537,22-09-2023,Female,25-34,Houston,TX,Social Media,Inactive
538,CUST-00538,12-06-2024,Female,55-64,Houston,TX,Social Media,Active
539,CUST-00539,14-12-2024,Non-binary,18-24,Phoenix,AZ,Email,Active
540,CUST-00540,15-10-2024,Male,35-44,Denver,CO,Organic Search,Active
541,CUST-00541,14-08-2023,Male,35-44,Jacksonville,FL,Referral,Active
542,CUST-00542,24-09-2025,Female,35-44,San Jose,CA,Direct,Active
543,CUST-00543,12-07-2023,Female,25-34,Jacksonville,FL,Organic Search,Active
544,CUST-00544,13-03-2024,Male,18-24,Houston,TX,Direct,Active
545,CUST-00545,01-12-2023,Male,55-64,Philadelphia,PA,Email,Active
546,CUST-00546,08-08-2023,Male,35-44,San Jose,CA,Referral,Active
547,CUST-00547,13-02-2024,Female,35-44,Jacksonville,FL,Email,Active
548,CUST-00548,09-06-2024,Prefer not to say,45-54,Philadelphia,PA,Organic Search,Active
549,CUST-00549,25-11-2025,Female,25-34,Charlotte,NC,Paid Search,Active
550,CUST-00550,28-07-2025,Male,25-34,Portland,OR,Direct,Active
551,CUST-00551,26-07-2025,Prefer not to say,35-44,Seattle,WA,Referral,Active
552,CUST-00552,18-11-2024,Male,25-34,Chicago,IL,Direct,Active
553,CUST-00553,30-12-2024,Female,35-44,Fort Worth,TX,Organic Search,Active
554,CUST-00554,04-03-2024,Female,25-34,Los Angeles,CA,Organic Search,Active
555,CUST-00555,27-06-2023,Female,35-44,San Diego,CA,Email,Active
556,CUST-00556,19-03-2025,Male,35-44,Chicago,IL,Paid Search,Active
557,CUST-00557,01-10-2023,Female,45-54,Charlotte,NC,Direct,Active
558,CUST-00558,25-03-2024,Male,35-44,Dallas,TX,Organic Search,Active
559,CUST-00559,31-03-2025,Female,18-24,Fort Worth,TX,Organic Search,Inactive
560,CUST-00560,21-04-2025,Female,45-54,San Diego,CA,Direct,Active
561,CUST-00561,29-06-2025,Female,55-64,Columbus,OH,Email,Active
562,CUST-00562,18-03-2024,Female,55-64,Las Vegas,NV,Paid Search,Active
563,CUST-00563,07-02-2024,Non-binary,45-54,Nashville,TN,Email,Active
564,CUST-00564,19-03-2025,Male,45-54,Fort Worth,TX,Email,Active
565,CUST-00565,18-10-2024,Male,25-34,Columbus,OH,Organic Search,Inactive
566,CUST-00566,19-08-2025,Male,45-54,Fort Worth,TX,Direct,Active
567,CUST-00567,23-11-2023,Female,18-24,Houston,TX,Email,Active
568,CUST-00568,29-09-2024,Male,45-54,Boston,MA,Email,Active
569,CUST-00569,15-03-2025,Male,55-64,Jacksonville,FL,Social Media,Inactive
570,CUST-00570,30-03-2024,Female,55-64,Columbus,OH,Direct,Active
571,CUST-00571,22-11-2023,Male,35-44,Seattle,WA,Referral,Active
572,CUST-00572,21-06-2025,Male,25-34,Chicago,IL,Email,Active
573,CUST-00573,02-11-2025,Female,25-34,Chicago,IL,Email,Active
574,CUST-00574,15-11-2023,Male,25-34,Los Angeles,CA,Organic Search,Active
575,CUST-00575,13-09-2023,Male,45-54,Houston,TX,Referral,Active
576,CUST-00576,25-01-2024,Female,25-34,San Jose,CA,Organic Search,Inactive
577,CUST-00577,20-10-2023,Female,25-34,Columbus,OH,Paid Search,Active
578,CUST-00578,03-09-2025,Female,35-44,Phoenix,AZ,Direct,Active
579,CUST-00579,31-01-2025,Female,55-64,Los Angeles,CA,Social Media,Active
580,CUST-00580,22-07-2023,Male,55-64,San Diego,CA,Organic Search,Inactive
581,CUST-00581,12-01-2024,Male,55-64,Charlotte,NC,Paid Search,Active
582,CUST-00582,06-09-2023,Female,45-54,Jacksonville,FL,Direct,Active
583,CUST-00583,18-02-2024,Male,35-44,Chicago,IL,Referral,Active
584,CUST-00584,02-07-2024,Female,18-24,Charlotte,NC,Paid Search,Active
585,CUST-00585,25-05-2024,Male,35-44,Los Angeles,CA,Referral,Active
586,CUST-00586,27-06-2025,Female,45-54,Seattle,WA,Referral,Active
587,CUST-00587,06-10-2024,Male,18-24,San Diego,CA,Organic Search,Active
588,CUST-00588,25-05-2024,Male,35-44,Boston,MA,Paid Search,Active
589,CUST-00589,14-01-2024,Prefer not to say,25-34,Chicago,IL,Referral,Active
590,CUST-00590,22-08-2024,Female,35-44,Seattle,WA,Paid Search,Active
591,CUST-00591,12-03-2024,Male,65+,Seattle,WA,Referral,Active
592,CUST-00592,19-11-2024,Male,18-24,Houston,TX,Social Media,Active
593,CUST-00593,05-05-2024,Male,25-34,Columbus,OH,Email,Active
594,CUST-00594,18-08-2023,Female,35-44,Houston,TX,Organic Search,Active
595,CUST-00595,25-10-2023,Female,35-44,Columbus,OH,Direct,Active
596,CUST-00596,04-08-2025,Male,18-24,Austin,TX,Referral,Active
597,CUST-00597,05-05-2024,Male,25-34,New York,NY,Social Media,Active
598,CUST-00598,24-11-2025,Male,55-64,Fort Worth,TX,Organic Search,Active
599,CUST-00599,18-09-2023,Male,35-44,Jacksonville,FL,Organic Search,Active
600,CUST-00600,27-12-2023,Female,35-44,Phoenix,AZ,Email,Active
601,CUST-00601,02-04-2025,Female,25-34,Miami,FL,Paid Search,Inactive
602,CUST-00602,16-10-2023,Female,35-44,Austin,TX,Social Media,Active
603,CUST-00603,12-06-2024,Female,18-24,New York,NY,Referral,Active
604,CUST-00604,11-08-2024,Female,25-34,Austin,TX,Referral,Inactive
605,CUST-00605,25-08-2024,Female,25-34,Atlanta,GA,Paid Search,Active
606,CUST-00606,11-05-2024,Female,18-24,Charlotte,NC,Paid Search,Active
607,CUST-00607,13-11-2023,Female,25-34,Boston,MA,Email,Active
608,CUST-00608,27-03-2024,Female,35-44,Fort Worth,TX,Organic Search,Active
609,CUST-00609,05-10-2025,Male,35-44,Los Angeles,CA,Paid Search,Active
610,CUST-00610,27-01-2025,Female,55-64,Chicago,IL,Referral,Inactive
611,CUST-00611,05-09-2025,Male,45-54,Los Angeles,CA,Organic Search,Active
612,CUST-00612,25-07-2024,Female,18-24,Portland,OR,Organic Search,Active
613,CUST-00613,25-07-2025,Female,35-44,Portland,OR,Social Media,Active
614,CUST-00614,28-06-2023,Male,35-44,Phoenix,AZ,Organic Search,Inactive
615,CUST-00615,16-08-2024,Female,55-64,Seattle,WA,Email,Active
616,CUST-00616,01-06-2023,Non-binary,25-34,Phoenix,AZ,Organic Search,Active
617,CUST-00617,05-10-2023,Male,25-34,Jacksonville,FL,Social Media,Active
618,CUST-00618,22-02-2025,Female,35-44,Portland,OR,Paid Search,Active
619,CUST-00619,01-10-2025,Female,45-54,San Antonio,TX,Social Media,Active
620,CUST-00620,17-12-2023,Female,35-44,New York,NY,Referral,Active
621,CUST-00621,29-01-2025,Female,25-34,Phoenix,AZ,Organic Search,Active
622,CUST-00622,21-09-2023,Male,65+,Los Angeles,CA,Paid Search,Active
623,CUST-00623,07-07-2025,Male,18-24,Jacksonville,FL,Organic Search,Active
624,CUST-00624,11-08-2023,Male,55-64,San Jose,CA,Organic Search,Active
625,CUST-00625,15-06-2023,Male,25-34,Phoenix,AZ,Direct,Active
626,CUST-00626,07-09-2023,Female,45-54,Dallas,TX,Email,Active
627,CUST-00627,04-02-2025,Male,25-34,Portland,OR,Social Media,Inactive
628,CUST-00628,16-04-2024,Female,18-24,Houston,TX,Direct,Active
629,CUST-00629,05-10-2025,Female,25-34,Fort Worth,TX,Paid Search,Active
630,CUST-00630,07-06-2025,Male,25-34,Las Vegas,NV,Direct,Active
631,CUST-00631,26-07-2023,Female,25-34,Phoenix,AZ,Organic Search,Inactive
632,CUST-00632,23-08-2025,Male,55-64,Boston,MA,Organic Search,Active
633,CUST-00633,07-11-2023,Female,25-34,Columbus,OH,Paid Search,Inactive
634,CUST-00634,01-06-2023,Female,25-34,Seattle,WA,Social Media,Active
635,CUST-00635,15-10-2025,Female,25-34,Dallas,TX,Direct,Active
636,CUST-00636,14-08-2024,Female,35-44,San Antonio,TX,Referral,Active
637,CUST-00637,24-06-2025,Female,18-24,Los Angeles,CA,Social Media,Active
638,CUST-00638,22-12-2023,Female,35-44,Dallas,TX,Organic Search,Active
639,CUST-00639,12-11-2023,Female,35-44,Dallas,TX,Direct,Active
640,CUST-00640,27-05-2025,Prefer not to say,25-34,Portland,OR,Referral,Active
641,CUST-00641,19-08-2024,Male,45-54,Dallas,TX,Email,Active
642,CUST-00642,25-06-2025,Female,45-54,New York,NY,Organic Search,Inactive
643,CUST-00643,11-07-2023,Female,35-44,Miami,FL,Referral,Active
644,CUST-00644,16-06-2025,Non-binary,35-44,Washington,DC,Referral,Active
645,CUST-00645,12-07-2025,Female,65+,Portland,OR,Paid Search,Active
646,CUST-00646,08-11-2023,Male,25-34,Las Vegas,NV,Organic Search,Active
647,CUST-00647,16-05-2025,Female,25-34,Phoenix,AZ,Email,Active
648,CUST-00648,25-06-2025,Male,35-44,Los Angeles,CA,Referral,Active
649,CUST-00649,25-04-2025,Female,25-34,Austin,TX,Referral,Active
650,CUST-00650,19-10-2024,Female,18-24,Phoenix,AZ,Email,Active
651,CUST-00651,27-07-2024,Female,35-44,San Jose,CA,Social Media,Active
652,CUST-00652,14-12-2023,Male,25-34,Houston,TX,Email,Active
653,CUST-00653,30-03-2024,Male,25-34,Fort Worth,TX,Organic Search,Active
654,CUST-00654,29-08-2025,Female,55-64,Los Angeles,CA,Organic Search,Active
655,CUST-00655,04-10-2024,Female,25-34,Atlanta,GA,Email,Active
656,CUST-00656,13-12-2023,Female,25-34,Nashville,TN,Email,Active
657,CUST-00657,30-08-2025,Male,45-54,San Diego,CA,Organic Search,Inactive
658,CUST-00658,02-01-2025,Male,35-44,Las Vegas,NV,Direct,Active
659,CUST-00659,23-11-2024,Male,65+,Chicago,IL,Organic Search,Active
660,CUST-00660,07-03-2024,Female,35-44,Houston,TX,Organic Search,Active
661,CUST-00661,14-01-2024,Male,25-34,Miami,FL,Referral,Inactive
662,CUST-00662,04-09-2023,Female,25-34,Houston,TX,Referral,Active
663,CUST-00663,06-01-2024,Female,25-34,Charlotte,NC,Social Media,Active
664,CUST-00664,09-10-2023,Male,35-44,Portland,OR,Organic Search,Active
665,CUST-00665,16-11-2024,Male,35-44,Los Angeles,CA,Social Media,Active
666,CUST-00666,01-06-2023,Female,65+,Washington,DC,Organic Search,Inactive
667,CUST-00667,13-09-2025,Prefer not to say,18-24,Philadelphia,PA,Direct,Active
668,CUST-00668,24-08-2025,Male,18-24,Austin,TX,Organic Search,Active
669,CUST-00669,31-08-2025,Female,35-44,Phoenix,AZ,Paid Search,Active
670,CUST-00670,18-06-2023,Male,25-34,San Antonio,TX,Email,Active
671,CUST-00671,14-11-2023,Male,25-34,New York,NY,Direct,Active
672,CUST-00672,06-05-2024,Non-binary,25-34,Los Angeles,CA,Organic Search,Active
673,CUST-00673,12-10-2025,Female,25-34,Seattle,WA,Paid Search,Active
674,CUST-00674,29-08-2023,Female,18-24,Chicago,IL,Paid Search,Active
675,CUST-00675,03-10-2025,Female,65+,Portland,OR,Paid Search,Active
676,CUST-00676,19-03-2025,Male,45-54,Fort Worth,TX,Organic Search,Active
677,CUST-00677,13-09-2023,Male,35-44,San Jose,CA,Direct,Active
678,CUST-00678,01-02-2025,Female,25-34,Houston,TX,Paid Search,Active
679,CUST-00679,29-11-2023,Female,55-64,Philadelphia,PA,Organic Search,Active
680,CUST-00680,01-06-2023,Male,55-64,Fort Worth,TX,Email,Active
681,CUST-00681,20-11-2023,Female,35-44,Washington,DC,Email,Active
682,CUST-00682,29-06-2025,Male,35-44,Boston,MA,Direct,Active
683,CUST-00683,04-10-2025,Male,55-64,Fort Worth,TX,Paid Search,Inactive
684,CUST-00684,12-07-2025,Female,45-54,Dallas,TX,Organic Search,Active
685,CUST-00685,22-09-2024,Male,35-44,Fort Worth,TX,Paid Search,Active
686,CUST-00686,08-04-2025,Female,45-54,Jacksonville,FL,Email,Active
687,CUST-00687,22-06-2025,Male,45-54,San Jose,CA,Email,Active
688,CUST-00688,21-10-2025,Male,25-34,Nashville,TN,Email,Active
689,CUST-00689,06-03-2025,Female,25-34,Phoenix,AZ,Paid Search,Active
690,CUST-00690,21-08-2023,Male,45-54,Los Angeles,CA,Email,Inactive
691,CUST-00691,02-03-2024,Prefer not to say,25-34,Philadelphia,PA,Paid Search,Active
692,CUST-00692,13-12-2023,Male,45-54,Miami,FL,Direct,Active
693,CUST-00693,28-11-2023,Male,35-44,Houston,TX,Organic Search,Active
694,CUST-00694,21-10-2023,Female,35-44,Phoenix,AZ,Organic Search,Active
695,CUST-00695,11-12-2023,Male,65+,Philadelphia,PA,Paid Search,Active
696,CUST-00696,14-05-2025,Male,35-44,Columbus,OH,Email,Active
697,CUST-00697,17-07-2023,Female,35-44,San Antonio,TX,Organic Search,Active
698,CUST-00698,17-06-2025,Male,45-54,Fort Worth,TX,Referral,Active
699,CUST-00699,15-11-2025,Female,65+,New York,NY,Referral,Active
700,CUST-00700,12-04-2025,Male,18-24,New York,NY,Direct,Active
701,CUST-00701,02-05-2024,Non-binary,35-44,Chicago,IL,Referral,Active
702,CUST-00702,18-07-2024,Male,18-24,Miami,FL,Referral,Active
703,CUST-00703,27-09-2024,Female,55-64,San Jose,CA,Social Media,Active
704,CUST-00704,06-01-2024,Female,65+,Nashville,TN,Email,Active
705,CUST-00705,28-08-2023,Female,65+,Columbus,OH,Paid Search,Active
706,CUST-00706,27-05-2025,Male,55-64,Philadelphia,PA,Organic Search,Active
707,CUST-00707,28-11-2023,Female,35-44,Phoenix,AZ,Paid Search,Active
708,CUST-00708,22-05-2024,Female,65+,Charlotte,NC,Email,Active
709,CUST-00709,27-03-2024,Male,35-44,Boston,MA,Email,Active
710,CUST-00710,20-09-2023,Female,25-34,Denver,CO,Paid Search,Active
711,CUST-00711,26-07-2023,Male,55-64,Charlotte,NC,Paid Search,Active
712,CUST-00712,15-07-2023,Female,55-64,Chicago,IL,Organic Search,Active
713,CUST-00713,14-03-2024,Female,65+,Boston,MA,Direct,Active
714,CUST-00714,22-10-2023,Male,45-54,New York,NY,Organic Search,Active
715,CUST-00715,11-05-2025,Male,35-44,San Diego,CA,Referral,Active
716,CUST-00716,04-11-2024,Female,18-24,San Diego,CA,Paid Search,Active
717,CUST-00717,06-11-2023,Male,25-34,New York,NY,Social Media,Active
718,CUST-00718,08-10-2023,Female,45-54,Atlanta,GA,Paid Search,Active
719,CUST-00719,25-08-2024,Non-binary,18-24,San Antonio,TX,Organic Search,Active
720,CUST-00720,21-03-2025,Male,18-24,Washington,DC,Social Media,Active
721,CUST-00721,07-09-2024,Female,35-44,Seattle,WA,Direct,Inactive
722,CUST-00722,01-12-2024,Male,35-44,New York,NY,Organic Search,Active
723,CUST-00723,21-10-2024,Female,45-54,Columbus,OH,Social Media,Inactive
724,CUST-00724,19-03-2024,Male,35-44,Dallas,TX,Social Media,Active
725,CUST-00725,18-10-2024,Female,25-34,Austin,TX,Organic Search,Active
726,CUST-00726,27-08-2024,Prefer not to say,45-54,Los Angeles,CA,Social Media,Active
727,CUST-00727,02-07-2025,Male,25-34,Boston,MA,Email,Inactive
728,CUST-00728,27-11-2024,Male,35-44,Los Angeles,CA,Social Media,Active
729,CUST-00729,31-03-2024,Female,25-34,Denver,CO,Referral,Active
730,CUST-00730,18-01-2024,Male,25-34,Philadelphia,PA,Organic Search,Active
731,CUST-00731,26-04-2024,Female,25-34,Philadelphia,PA,Direct,Active
732,CUST-00732,15-06-2025,Female,65+,Washington,DC,Paid Search,Inactive
733,CUST-00733,19-11-2023,Male,55-64,Los Angeles,CA,Referral,Active
734,CUST-00734,26-08-2025,Male,35-44,Charlotte,NC,Paid Search,Active
735,CUST-00735,09-11-2024,Male,25-34,Chicago,IL,Paid Search,Active
736,CUST-00736,15-07-2024,Female,65+,Los Angeles,CA,Email,Active
737,CUST-00737,11-08-2023,Male,18-24,Chicago,IL,Paid Search,Active
738,CUST-00738,16-01-2024,Female,25-34,Washington,DC,Paid Search,Active
739,CUST-00739,06-09-2023,Female,35-44,San Antonio,TX,Social Media,Active
740,CUST-00740,26-07-2023,Non-binary,65+,Houston,TX,Email,Active
741,CUST-00741,29-06-2023,Female,45-54,Jacksonville,FL,Organic Search,Active
742,CUST-00742,11-01-2025,Male,18-24,Phoenix,AZ,Referral,Active
743,CUST-00743,12-12-2024,Male,18-24,San Diego,CA,Paid Search,Active
744,CUST-00744,13-01-2024,Male,35-44,San Jose,CA,Paid Search,Active
745,CUST-00745,03-04-2024,Male,25-34,Chicago,IL,Referral,Active
746,CUST-00746,14-08-2025,Male,25-34,Chicago,IL,Social Media,Active
747,CUST-00747,22-08-2023,Male,35-44,Houston,TX,Referral,Active
748,CUST-00748,18-05-2024,Male,35-44,Las Vegas,NV,Paid Search,Active
749,CUST-00749,23-03-2024,Male,55-64,San Antonio,TX,Paid Search,Active
750,CUST-00750,20-08-2023,Female,55-64,New York,NY,Referral,Inactive
751,CUST-00751,01-09-2025,Male,25-34,Nashville,TN,Organic Search,Inactive
752,CUST-00752,14-06-2023,Female,18-24,Columbus,OH,Referral,Active
753,CUST-00753,11-01-2025,Male,25-34,Fort Worth,TX,Organic Search,Active
754,CUST-00754,22-04-2024,Female,18-24,Washington,DC,Organic Search,Active
755,CUST-00755,14-12-2023,Female,45-54,Los Angeles,CA,Email,Active
756,CUST-00756,30-06-2023,Male,35-44,Philadelphia,PA,Organic Search,Active
757,CUST-00757,22-09-2024,Female,65+,Los Angeles,CA,Organic Search,Active
758,CUST-00758,31-12-2024,Male,18-24,Philadelphia,PA,Social Media,Active
759,CUST-00759,22-07-2023,Female,45-54,Dallas,TX,Social Media,Inactive
760,CUST-00760,25-10-2024,Non-binary,35-44,Los Angeles,CA,Email,Active
761,CUST-00761,15-08-2023,Male,35-44,San Antonio,TX,Organic Search,Active
762,CUST-00762,23-06-2025,Female,65+,New York,NY,Paid Search,Active
763,CUST-00763,29-07-2025,Prefer not to say,65+,Phoenix,AZ,Social Media,Inactive
764,CUST-00764,16-04-2024,Female,45-54,Atlanta,GA,Direct,Active
765,CUST-00765,24-09-2023,Non-binary,45-54,San Diego,CA,Paid Search,Active
766,CUST-00766,10-11-2023,Female,25-34,Los Angeles,CA,Social Media,Active
767,CUST-00767,09-08-2025,Female,45-54,Los Angeles,CA,Referral,Active
768,CUST-00768,12-03-2024,Male,18-24,Nashville,TN,Social Media,Active
769,CUST-00769,01-11-2023,Male,45-54,Fort Worth,TX,Organic Search,Active
770,CUST-00770,08-08-2024,Male,25-34,Philadelphia,PA,Email,Active
771,CUST-00771,05-11-2023,Female,35-44,New York,NY,Direct,Active
772,CUST-00772,02-08-2023,Female,55-64,New York,NY,Organic Search,Active
773,CUST-00773,12-11-2025,Male,25-34,Seattle,WA,Paid Search,Active
774,CUST-00774,02-09-2023,Male,35-44,San Diego,CA,Organic Search,Active
775,CUST-00775,01-10-2025,Male,35-44,Columbus,OH,Organic Search,Active
776,CUST-00776,06-06-2025,Male,25-34,Fort Worth,TX,Organic Search,Inactive
777,CUST-00777,02-12-2023,Male,25-34,Charlotte,NC,Organic Search,Active
778,CUST-00778,03-02-2024,Male,35-44,Portland,OR,Organic Search,Active
779,CUST-00779,06-09-2024,Female,35-44,Los Angeles,CA,Email,Active
780,CUST-00780,24-12-2024,Female,35-44,Chicago,IL,Paid Search,Active
781,CUST-00781,27-11-2024,Male,25-34,Atlanta,GA,Organic Search,Active
782,CUST-00782,05-03-2024,Male,35-44,Chicago,IL,Organic Search,Active
783,CUST-00783,28-03-2025,Female,18-24,Los Angeles,CA,Paid Search,Active
784,CUST-00784,06-11-2023,Non-binary,25-34,Houston,TX,Paid Search,Active
785,CUST-00785,11-05-2025,Female,55-64,New York,NY,Referral,Active
786,CUST-00786,03-09-2023,Male,55-64,Los Angeles,CA,Social Media,Active
787,CUST-00787,01-03-2024,Female,45-54,Philadelphia,PA,Organic Search,Active
788,CUST-00788,10-04-2025,Female,65+,San Antonio,TX,Social Media,Active
789,CUST-00789,28-09-2023,Male,55-64,Jacksonville,FL,Social Media,Active
790,CUST-00790,30-01-2024,Female,35-44,Jacksonville,FL,Organic Search,Active
791,CUST-00791,06-02-2024,Female,25-34,Jacksonville,FL,Organic Search,Inactive
792,CUST-00792,15-03-2024,Male,45-54,Seattle,WA,Organic Search,Active
793,CUST-00793,02-02-2024,Female,25-34,Los Angeles,CA,Organic Search,Active
794,CUST-00794,11-09-2025,Female,35-44,San Diego,CA,Direct,Active
795,CUST-00795,25-07-2023,Male,45-54,Fort Worth,TX,Organic Search,Active
796,CUST-00796,04-08-2025,Male,45-54,Las Vegas,NV,Organic Search,Active
797,CUST-00797,17-08-2025,Male,35-44,Seattle,WA,Social Media,Active
798,CUST-00798,22-08-2025,Female,18-24,Chicago,IL,Social Media,Active
799,CUST-00799,13-08-2025,Female,65+,Phoenix,AZ,Organic Search,Inactive
800,CUST-00800,07-10-2023,Female,25-34,Washington,DC,Referral,Active
801,CUST-00801,15-02-2024,Female,45-54,Chicago,IL,Referral,Active
802,CUST-00802,16-07-2025,Male,25-34,Washington,DC,Email,Active
803,CUST-00803,23-06-2023,Male,35-44,New York,NY,Organic Search,Active
804,CUST-00804,15-03-2024,Female,35-44,San Diego,CA,Direct,Active
805,CUST-00805,18-01-2024,Female,25-34,Los Angeles,CA,Organic Search,Active
806,CUST-00806,25-01-2024,Female,55-64,Columbus,OH,Paid Search,Active
807,CUST-00807,26-02-2025,Female,35-44,Chicago,IL,Organic Search,Active
808,CUST-00808,16-01-2024,Male,55-64,Las Vegas,NV,Paid Search,Active
809,CUST-00809,06-07-2024,Non-binary,55-64,Chicago,IL,Referral,Active
810,CUST-00810,05-08-2023,Male,25-34,Nashville,TN,Social Media,Active
811,CUST-00811,24-08-2023,Prefer not to say,25-34,Denver,CO,Direct,Active
812,CUST-00812,13-12-2024,Female,45-54,Los Angeles,CA,Direct,Active
813,CUST-00813,27-02-2025,Female,25-34,Fort Worth,TX,Organic Search,Active
814,CUST-00814,21-09-2023,Female,45-54,Jacksonville,FL,Email,Active
815,CUST-00815,19-03-2024,Male,45-54,Austin,TX,Email,Active
816,CUST-00816,18-10-2024,Non-binary,18-24,Austin,TX,Direct,Active
817,CUST-00817,25-07-2023,Male,25-34,Houston,TX,Organic Search,Active
818,CUST-00818,14-11-2023,Male,25-34,Miami,FL,Organic Search,Active
819,CUST-00819,24-12-2023,Female,45-54,Denver,CO,Social Media,Active
820,CUST-00820,31-03-2024,Male,35-44,Columbus,OH,Social Media,Active
821,CUST-00821,05-06-2024,Male,18-24,Denver,CO,Referral,Inactive
822,CUST-00822,13-07-2025,Female,25-34,Chicago,IL,Direct,Active
823,CUST-00823,05-10-2025,Female,45-54,San Diego,CA,Organic Search,Active
824,CUST-00824,02-04-2024,Male,25-34,Atlanta,GA,Direct,Active
825,CUST-00825,20-03-2024,Female,45-54,Chicago,IL,Paid Search,Active
826,CUST-00826,04-08-2023,Male,18-24,Fort Worth,TX,Organic Search,Active
827,CUST-00827,09-06-2025,Male,45-54,Atlanta,GA,Paid Search,Active
828,CUST-00828,09-08-2024,Male,25-34,Denver,CO,Social Media,Active
829,CUST-00829,21-09-2025,Male,18-24,Philadelphia,PA,Paid Search,Active
830,CUST-00830,14-11-2023,Non-binary,25-34,Philadelphia,PA,Direct,Inactive
831,CUST-00831,21-05-2025,Female,25-34,Atlanta,GA,Social Media,Active
832,CUST-00832,20-07-2024,Male,25-34,Charlotte,NC,Paid Search,Active
833,CUST-00833,13-03-2024,Female,45-54,San Antonio,TX,Email,Active
834,CUST-00834,27-08-2024,Male,18-24,Jacksonville,FL,Direct,Active
835,CUST-00835,26-07-2025,Female,35-44,Jacksonville,FL,Paid Search,Active
836,CUST-00836,25-08-2025,Male,45-54,Jacksonville,FL,Organic Search,Active
837,CUST-00837,22-07-2023,Male,18-24,Portland,OR,Paid Search,Active
838,CUST-00838,25-12-2024,Male,55-64,New York,NY,Organic Search,Active
839,CUST-00839,19-10-2023,Male,35-44,Phoenix,AZ,Referral,Active
840,CUST-00840,09-11-2025,Male,25-34,San Diego,CA,Paid Search,Active
841,CUST-00841,04-10-2023,Female,45-54,New York,NY,Direct,Active
842,CUST-00842,31-07-2025,Female,25-34,Columbus,OH,Direct,Active
843,CUST-00843,11-10-2024,Male,45-54,Chicago,IL,Organic Search,Active
844,CUST-00844,05-07-2023,Female,55-64,San Antonio,TX,Direct,Active
845,CUST-00845,19-05-2025,Male,45-54,New York,NY,Email,Active
846,CUST-00846,18-04-2024,Male,18-24,Chicago,IL,Organic Search,Active
847,CUST-00847,09-11-2023,Female,35-44,Seattle,WA,Direct,Active
848,CUST-00848,02-02-2024,Male,55-64,San Antonio,TX,Email,Inactive
849,CUST-00849,27-02-2024,Female,55-64,Denver,CO,Referral,Active
850,CUST-00850,25-01-2024,Female,35-44,Las Vegas,NV,Organic Search,Active
851,CUST-00851,09-08-2023,Female,55-64,Los Angeles,CA,Paid Search,Active
852,CUST-00852,03-06-2024,Male,35-44,Columbus,OH,Paid Search,Active
853,CUST-00853,14-12-2023,Female,35-44,Columbus,OH,Organic Search,Active
854,CUST-00854,04-07-2024,Female,25-34,Chicago,IL,Direct,Active
855,CUST-00855,11-08-2024,Male,25-34,Phoenix,AZ,Email,Active
856,CUST-00856,04-12-2024,Male,65+,New York,NY,Paid Search,Active
857,CUST-00857,07-06-2025,Female,55-64,Nashville,TN,Email,Active
858,CUST-00858,29-09-2023,Female,45-54,Houston,TX,Organic Search,Active
859,CUST-00859,17-04-2024,Male,35-44,San Jose,CA,Email,Inactive
860,CUST-00860,08-09-2024,Male,45-54,New York,NY,Paid Search,Active
861,CUST-00861,07-03-2025,Male,35-44,Las Vegas,NV,Organic Search,Active
862,CUST-00862,06-11-2023,Male,35-44,Los Angeles,CA,Paid Search,Active
863,CUST-00863,26-05-2025,Female,35-44,Philadelphia,PA,Direct,Active
864,CUST-00864,28-09-2023,Male,45-54,Washington,DC,Social Media,Active
865,CUST-00865,13-01-2024,Female,45-54,Columbus,OH,Social Media,Active
866,CUST-00866,07-04-2025,Female,45-54,Las Vegas,NV,Direct,Active
867,CUST-00867,31-03-2025,Female,35-44,Seattle,WA,Social Media,Inactive
868,CUST-00868,26-10-2024,Female,18-24,Las Vegas,NV,Social Media,Active
869,CUST-00869,06-02-2025,Male,25-34,Jacksonville,FL,Email,Active
870,CUST-00870,27-11-2025,Female,55-64,Houston,TX,Paid Search,Active
871,CUST-00871,16-08-2023,Female,18-24,Los Angeles,CA,Social Media,Active
872,CUST-00872,13-11-2023,Female,18-24,New York,NY,Referral,Active
873,CUST-00873,19-07-2024,Male,18-24,Chicago,IL,Paid Search,Inactive
874,CUST-00874,05-08-2023,Female,55-64,Phoenix,AZ,Direct,Active
875,CUST-00875,22-09-2025,Male,35-44,Fort Worth,TX,Referral,Active
876,CUST-00876,29-10-2025,Male,18-24,Phoenix,AZ,Direct,Active
877,CUST-00877,09-07-2023,Prefer not to say,25-34,Los Angeles,CA,Social Media,Active
878,CUST-00878,11-05-2024,Male,35-44,Houston,TX,Paid Search,Inactive
879,CUST-00879,28-07-2023,Female,35-44,Phoenix,AZ,Direct,Active
880,CUST-00880,14-11-2024,Female,25-34,Los Angeles,CA,Direct,Active
881,CUST-00881,01-06-2023,Prefer not to say,45-54,Los Angeles,CA,Referral,Active
882,CUST-00882,19-05-2025,Male,25-34,Jacksonville,FL,Email,Inactive
883,CUST-00883,20-09-2024,Male,25-34,Jacksonville,FL,Paid Search,Active
884,CUST-00884,23-08-2023,Male,35-44,Phoenix,AZ,Organic Search,Active
885,CUST-00885,12-01-2025,Male,25-34,Atlanta,GA,Email,Active
886,CUST-00886,28-09-2023,Male,45-54,Portland,OR,Email,Active
887,CUST-00887,09-08-2025,Female,45-54,Portland,OR,Direct,Active
888,CUST-00888,25-12-2023,Non-binary,55-64,Los Angeles,CA,Paid Search,Inactive
889,CUST-00889,20-11-2023,Male,55-64,New York,NY,Paid Search,Inactive
890,CUST-00890,24-12-2024,Female,25-34,San Antonio,TX,Direct,Active
891,CUST-00891,25-11-2023,Female,25-34,New York,NY,Social Media,Inactive
892,CUST-00892,12-06-2025,Male,35-44,San Antonio,TX,Social Media,Active
893,CUST-00893,24-04-2024,Female,65+,Houston,TX,Social Media,Active
894,CUST-00894,29-08-2025,Female,25-34,Phoenix,AZ,Social Media,Active
895,CUST-00895,17-01-2024,Male,55-64,Houston,TX,Social Media,Active
896,CUST-00896,03-02-2024,Male,25-34,Columbus,OH,Paid Search,Active
897,CUST-00897,16-08-2023,Male,18-24,Philadelphia,PA,Organic Search,Active
898,CUST-00898,15-07-2023,Female,45-54,Dallas,TX,Social Media,Active
899,CUST-00899,24-10-2025,Male,45-54,San Antonio,TX,Referral,Active
900,CUST-00900,21-04-2025,Male,55-64,Charlotte,NC,Direct,Active
901,CUST-00901,16-03-2025,Male,45-54,Dallas,TX,Direct,Inactive
902,CUST-00902,05-08-2023,Female,18-24,Philadelphia,PA,Direct,Active
903,CUST-00903,23-10-2023,Male,25-34,Portland,OR,Paid Search,Active
904,CUST-00904,14-06-2023,Male,55-64,Portland,OR,Paid Search,Active
905,CUST-00905,11-07-2025,Male,25-34,Atlanta,GA,Email,Active
906,CUST-00906,01-04-2025,Prefer not to say,35-44,Miami,FL,Social Media,Active
907,CUST-00907,22-01-2025,Male,55-64,Phoenix,AZ,Organic Search,Inactive
908,CUST-00908,11-03-2024,Male,35-44,Houston,TX,Paid Search,Active
909,CUST-00909,29-04-2025,Female,45-54,Las Vegas,NV,Direct,Active
910,CUST-00910,18-03-2024,Prefer not to say,55-64,Charlotte,NC,Organic Search,Active
911,CUST-00911,21-06-2025,Female,65+,Jacksonville,FL,Referral,Active
912,CUST-00912,30-11-2023,Female,25-34,Austin,TX,Social Media,Active
913,CUST-00913,01-09-2023,Male,25-34,San Antonio,TX,Paid Search,Active
914,CUST-00914,28-05-2024,Male,35-44,Seattle,WA,Organic Search,Active
915,CUST-00915,04-02-2025,Male,55-64,Chicago,IL,Paid Search,Active
916,CUST-00916,10-09-2023,Female,25-34,Denver,CO,Direct,Inactive
917,CUST-00917,01-12-2023,Male,18-24,San Antonio,TX,Social Media,Active
918,CUST-00918,25-06-2023,Male,35-44,San Diego,CA,Organic Search,Inactive
919,CUST-00919,31-03-2025,Female,35-44,Seattle,WA,Referral,Active
920,CUST-00920,02-11-2023,Female,35-44,Philadelphia,PA,Organic Search,Active
921,CUST-00921,23-01-2025,Male,18-24,Nashville,TN,Direct,Active
922,CUST-00922,17-06-2025,Female,35-44,San Antonio,TX,Social Media,Active
923,CUST-00923,04-09-2025,Female,25-34,Los Angeles,CA,Email,Active
924,CUST-00924,12-03-2025,Prefer not to say,18-24,Portland,OR,Direct,Active
925,CUST-00925,11-01-2025,Female,35-44,Washington,DC,Social Media,Active
926,CUST-00926,09-07-2025,Prefer not to say,45-54,Washington,DC,Paid Search,Active
927,CUST-00927,05-08-2023,Female,25-34,San Diego,CA,Organic Search,Active
928,CUST-00928,14-03-2024,Male,35-44,Columbus,OH,Organic Search,Active
929,CUST-00929,05-07-2025,Female,55-64,Jacksonville,FL,Direct,Active
930,CUST-00930,11-10-2025,Female,35-44,Philadelphia,PA,Organic Search,Active
931,CUST-00931,06-01-2024,Prefer not to say,18-24,Jacksonville,FL,Direct,Active
932,CUST-00932,13-07-2025,Male,55-64,Austin,TX,Direct,Active
933,CUST-00933,14-10-2024,Female,18-24,San Diego,CA,Organic Search,Active
934,CUST-00934,14-08-2024,Female,18-24,Charlotte,NC,Direct,Active
935,CUST-00935,05-04-2024,Female,25-34,Los Angeles,CA,Paid Search,Active
936,CUST-00936,28-04-2025,Female,35-44,Philadelphia,PA,Social Media,Active
937,CUST-00937,05-09-2025,Prefer not to say,65+,Los Angeles,CA,Referral,Inactive
938,CUST-00938,26-02-2024,Male,35-44,Los Angeles,CA,Paid Search,Active
939,CUST-00939,21-08-2023,Female,25-34,Phoenix,AZ,Paid Search,Active
940,CUST-00940,09-12-2024,Female,35-44,Atlanta,GA,Direct,Inactive
941,CUST-00941,30-06-2023,Female,65+,Washington,DC,Paid Search,Active
942,CUST-00942,06-01-2024,Female,45-54,San Antonio,TX,Paid Search,Active
943,CUST-00943,14-05-2024,Female,35-44,Washington,DC,Email,Active
944,CUST-00944,25-06-2025,Female,25-34,Los Angeles,CA,Direct,Active
945,CUST-00945,07-11-2023,Female,25-34,Jacksonville,FL,Paid Search,Inactive
946,CUST-00946,19-12-2023,Male,35-44,Austin,TX,Organic Search,Active
947,CUST-00947,25-01-2025,Female,35-44,Las Vegas,NV,Social Media,Active
948,CUST-00948,14-01-2024,Prefer not to say,65+,Nashville,TN,Paid Search,Active
949,CUST-00949,31-08-2025,Female,45-54,Fort Worth,TX,Social Media,Active
950,CUST-00950,27-07-2025,Female,35-44,Los Angeles,CA,Organic Search,Active
951,CUST-00951,28-03-2025,Female,35-44,Charlotte,NC,Referral,Active
952,CUST-00952,17-07-2023,Female,25-34,Chicago,IL,Direct,Active
953,CUST-00953,25-04-2025,Female,25-34,Philadelphia,PA,Email,Active
954,CUST-00954,20-10-2023,Male,45-54,Nashville,TN,Organic Search,Active
955,CUST-00955,01-09-2024,Male,35-44,Las Vegas,NV,Direct,Active
956,CUST-00956,24-06-2023,Female,25-34,Nashville,TN,Paid Search,Active
957,CUST-00957,01-10-2023,Male,45-54,Nashville,TN,Paid Search,Active
958,CUST-00958,19-01-2025,Female,25-34,Philadelphia,PA,Social Media,Active
959,CUST-00959,24-07-2024,Male,55-64,Charlotte,NC,Email,Active
960,CUST-00960,23-03-2025,Female,35-44,Seattle,WA,Social Media,Active
961,CUST-00961,20-08-2025,Female,35-44,Chicago,IL,Organic Search,Active
962,CUST-00962,22-01-2025,Female,18-24,Phoenix,AZ,Email,Active
963,CUST-00963,12-09-2023,Female,35-44,Miami,FL,Referral,Active
964,CUST-00964,17-09-2025,Male,18-24,Houston,TX,Organic Search,Active
965,CUST-00965,23-05-2024,Male,45-54,Nashville,TN,Organic Search,Active
966,CUST-00966,10-03-2024,Male,35-44,Las Vegas,NV,Social Media,Active
967,CUST-00967,25-03-2025,Female,45-54,Phoenix,AZ,Social Media,Active
968,CUST-00968,26-03-2024,Male,35-44,Chicago,IL,Referral,Inactive
969,CUST-00969,19-12-2024,Male,55-64,Philadelphia,PA,Social Media,Active
970,CUST-00970,25-04-2025,Female,25-34,Denver,CO,Direct,Active
971,CUST-00971,23-07-2023,Male,18-24,New York,NY,Organic Search,Active
972,CUST-00972,04-10-2023,Female,45-54,San Diego,CA,Direct,Active
973,CUST-00973,23-11-2023,Male,45-54,Chicago,IL,Organic Search,Active
974,CUST-00974,02-02-2025,Non-binary,45-54,Dallas,TX,Email,Active
975,CUST-00975,10-05-2025,Female,35-44,Washington,DC,Paid Search,Active
976,CUST-00976,10-01-2024,Male,45-54,Las Vegas,NV,Email,Active
977,CUST-00977,21-07-2024,Male,45-54,Las Vegas,NV,Paid Search,Active
978,CUST-00978,23-06-2024,Male,25-34,Atlanta,GA,Organic Search,Active
979,CUST-00979,16-04-2024,Female,18-24,New York,NY,Organic Search,Active
980,CUST-00980,25-11-2023,Female,45-54,Chicago,IL,Paid Search,Active
981,CUST-00981,10-03-2024,Male,45-54,Fort Worth,TX,Direct,Active
982,CUST-00982,22-09-2024,Male,55-64,Portland,OR,Direct,Active
983,CUST-00983,24-06-2025,Male,35-44,Los Angeles,CA,Paid Search,Active
984,CUST-00984,01-08-2023,Female,55-64,Chicago,IL,Organic Search,Active
985,CUST-00985,02-06-2023,Non-binary,45-54,Houston,TX,Social Media,Active
986,CUST-00986,24-11-2023,Male,55-64,New York,NY,Referral,Active
987,CUST-00987,15-08-2023,Non-binary,18-24,Columbus,OH,Paid Search,Active
988,CUST-00988,15-07-2025,Male,35-44,Columbus,OH,Organic Search,Active
989,CUST-00989,09-12-2023,Female,55-64,Nashville,TN,Email,Active
990,CUST-00990,24-12-2023,Female,35-44,Chicago,IL,Paid Search,Active
991,CUST-00991,22-03-2024,Male,25-34,Los Angeles,CA,Direct,Active
992,CUST-00992,01-01-2024,Female,35-44,Dallas,TX,Paid Search,Active
993,CUST-00993,13-03-2024,Female,25-34,Los Angeles,CA,Paid Search,Active
994,CUST-00994,22-11-2025,Female,45-54,Dallas,TX,Organic Search,Active
995,CUST-00995,22-07-2023,Male,45-54,Charlotte,NC,Email,Active
996,CUST-00996,14-01-2024,Male,35-44,San Antonio,TX,Social Media,Active
997,CUST-00997,20-09-2023,Female,25-34,Austin,TX,Email,Active
998,CUST-00998,16-05-2024,Non-binary,45-54,Phoenix,AZ,Paid Search,Active
999,CUST-00999,14-03-2024,Male,25-34,Portland,OR,Social Media,Active
1000,CUST-01000,06-10-2025,Female,35-44,San Antonio,TX,Social Media,Active
1001,CUST-01001,26-09-2023,Male,45-54,Philadelphia,PA,Email,Inactive
1002,CUST-01002,14-08-2023,Male,25-34,San Antonio,TX,Paid Search,Inactive
1003,CUST-01003,28-05-2025,Male,25-34,Seattle,WA,Social Media,Active
1004,CUST-01004,26-01-2024,Male,35-44,Austin,TX,Email,Active
1005,CUST-01005,19-07-2023,Male,35-44,Jacksonville,FL,Organic Search,Active
1006,CUST-01006,15-06-2025,Female,35-44,Nashville,TN,Paid Search,Active
1007,CUST-01007,29-07-2023,Female,35-44,Chicago,IL,Paid Search,Active
1008,CUST-01008,28-01-2024,Male,35-44,Washington,DC,Email,Active
1009,CUST-01009,19-04-2024,Female,35-44,Atlanta,GA,Referral,Active
1010,CUST-01010,15-10-2024,Female,35-44,San Diego,CA,Social Media,Active
1011,CUST-01011,27-10-2024,Male,25-34,Jacksonville,FL,Email,Active
1012,CUST-01012,16-05-2024,Female,55-64,Nashville,TN,Direct,Active
1013,CUST-01013,02-10-2024,Female,45-54,New York,NY,Paid Search,Inactive
1014,CUST-01014,12-12-2024,Male,35-44,Austin,TX,Social Media,Active
1015,CUST-01015,22-06-2024,Male,45-54,Seattle,WA,Social Media,Active
1016,CUST-01016,09-03-2025,Female,45-54,Denver,CO,Social Media,Active
1017,CUST-01017,10-11-2024,Male,65+,New York,NY,Paid Search,Active
1018,CUST-01018,26-02-2024,Female,18-24,Los Angeles,CA,Organic Search,Inactive
1019,CUST-01019,05-08-2023,Male,55-64,Houston,TX,Social Media,Active
1020,CUST-01020,05-12-2023,Male,35-44,San Jose,CA,Organic Search,Active
1021,CUST-01021,07-06-2023,Female,35-44,Los Angeles,CA,Social Media,Active
1022,CUST-01022,03-10-2024,Male,25-34,Austin,TX,Social Media,Active
1023,CUST-01023,25-04-2025,Female,45-54,Denver,CO,Organic Search,Active
1024,CUST-01024,14-11-2024,Male,35-44,Jacksonville,FL,Social Media,Active
1025,CUST-01025,10-10-2025,Female,65+,Charlotte,NC,Paid Search,Active
1026,CUST-01026,31-07-2023,Female,35-44,Boston,MA,Organic Search,Active
1027,CUST-01027,03-09-2024,Female,55-64,Philadelphia,PA,Email,Active
1028,CUST-01028,07-06-2023,Female,18-24,San Jose,CA,Organic Search,Active
1029,CUST-01029,24-06-2023,Female,35-44,San Antonio,TX,Direct,Inactive
1030,CUST-01030,28-11-2024,Male,35-44,San Diego,CA,Paid Search,Active
1031,CUST-01031,12-07-2023,Male,55-64,Miami,FL,Email,Active
1032,CUST-01032,25-03-2025,Male,35-44,Charlotte,NC,Paid Search,Inactive
1033,CUST-01033,03-09-2023,Female,25-34,San Diego,CA,Referral,Active
1034,CUST-01034,19-09-2025,Male,45-54,Philadelphia,PA,Email,Active
1035,CUST-01035,25-06-2024,Male,55-64,New York,NY,Organic Search,Active
1036,CUST-01036,24-12-2023,Male,25-34,Miami,FL,Email,Active
1037,CUST-01037,02-07-2025,Male,65+,Houston,TX,Email,Active
1038,CUST-01038,28-12-2023,Female,25-34,San Antonio,TX,Paid Search,Active
1039,CUST-01039,13-12-2024,Female,35-44,Seattle,WA,Organic Search,Active
1040,CUST-01040,15-06-2023,Female,55-64,Philadelphia,PA,Social Media,Active
1041,CUST-01041,11-07-2025,Male,25-34,Columbus,OH,Direct,Active
1042,CUST-01042,23-08-2023,Female,35-44,Denver,CO,Social Media,Active
1043,CUST-01043,06-11-2024,Male,25-34,Nashville,TN,Organic Search,Active
1044,CUST-01044,23-11-2023,Non-binary,25-34,Chicago,IL,Organic Search,Active
1045,CUST-01045,24-08-2023,Male,35-44,Dallas,TX,Email,Active
1046,CUST-01046,23-10-2023,Female,35-44,Columbus,OH,Email,Active
1047,CUST-01047,07-11-2023,Female,35-44,Portland,OR,Organic Search,Active
1048,CUST-01048,18-05-2024,Male,18-24,Portland,OR,Organic Search,Active
1049,CUST-01049,27-08-2023,Male,45-54,Charlotte,NC,Organic Search,Active
1050,CUST-01050,21-02-2024,Male,65+,Philadelphia,PA,Direct,Active
1051,CUST-01051,20-12-2024,Non-binary,45-54,San Antonio,TX,Paid Search,Inactive
1052,CUST-01052,28-12-2023,Female,35-44,Columbus,OH,Paid Search,Active
1053,CUST-01053,16-11-2023,Female,35-44,Denver,CO,Social Media,Active
1054,CUST-01054,14-11-2024,Female,45-54,Los Angeles,CA,Direct,Active
1055,CUST-01055,07-09-2023,Female,25-34,Philadelphia,PA,Social Media,Active
1056,CUST-01056,10-05-2024,Male,45-54,Chicago,IL,Social Media,Active
1057,CUST-01057,08-06-2023,Male,25-34,Philadelphia,PA,Social Media,Active
1058,CUST-01058,18-04-2025,Female,55-64,Austin,TX,Email,Active
1059,CUST-01059,27-02-2025,Female,45-54,Columbus,OH,Direct,Active
1060,CUST-01060,24-07-2023,Male,25-34,Houston,TX,Direct,Active
1061,CUST-01061,04-07-2024,Male,25-34,Chicago,IL,Social Media,Active
1062,CUST-01062,28-03-2024,Male,55-64,New York,NY,Social Media,Active
1063,CUST-01063,28-10-2023,Male,25-34,Washington,DC,Social Media,Inactive
1064,CUST-01064,03-09-2024,Female,25-34,Washington,DC,Direct,Active
1065,CUST-01065,06-11-2024,Male,35-44,Houston,TX,Referral,Active
1066,CUST-01066,02-05-2024,Female,45-54,San Antonio,TX,Organic Search,Active
1067,CUST-01067,13-05-2025,Male,35-44,Denver,CO,Direct,Active
1068,CUST-01068,29-11-2025,Female,25-34,Houston,TX,Email,Active
1069,CUST-01069,04-09-2024,Male,55-64,Miami,FL,Social Media,Active
1070,CUST-01070,07-09-2023,Male,45-54,San Diego,CA,Email,Active
1071,CUST-01071,25-02-2024,Male,65+,Atlanta,GA,Paid Search,Inactive
1072,CUST-01072,17-07-2024,Male,25-34,Los Angeles,CA,Direct,Active
1073,CUST-01073,29-07-2025,Non-binary,25-34,New York,NY,Referral,Active
1074,CUST-01074,18-05-2025,Male,18-24,Denver,CO,Social Media,Active
1075,CUST-01075,20-01-2024,Female,55-64,Atlanta,GA,Email,Active
1076,CUST-01076,18-09-2024,Female,25-34,Los Angeles,CA,Social Media,Active
1077,CUST-01077,22-12-2024,Female,65+,Denver,CO,Social Media,Inactive
1078,CUST-01078,16-05-2025,Female,35-44,Los Angeles,CA,Organic Search,Active
1079,CUST-01079,21-05-2025,Female,35-44,San Antonio,TX,Email,Inactive
1080,CUST-01080,16-07-2023,Non-binary,65+,Chicago,IL,Referral,Active
1081,CUST-01081,27-12-2024,Non-binary,25-34,San Jose,CA,Paid Search,Active
1082,CUST-01082,30-09-2024,Non-binary,25-34,Seattle,WA,Referral,Active
1083,CUST-01083,07-05-2024,Male,35-44,Boston,MA,Direct,Active
1084,CUST-01084,19-07-2023,Female,25-34,San Diego,CA,Organic Search,Active
1085,CUST-01085,01-03-2024,Male,55-64,Atlanta,GA,Organic Search,Active
1086,CUST-01086,12-10-2023,Female,25-34,New York,NY,Email,Active
1087,CUST-01087,16-04-2024,Male,35-44,Los Angeles,CA,Email,Active
1088,CUST-01088,07-11-2024,Male,25-34,New York,NY,Email,Active
1089,CUST-01089,15-02-2025,Female,55-64,Washington,DC,Organic Search,Active
1090,CUST-01090,06-11-2025,Female,45-54,Nashville,TN,Email,Active
1091,CUST-01091,20-07-2025,Male,55-64,Charlotte,NC,Direct,Active
1092,CUST-01092,29-04-2025,Female,65+,Chicago,IL,Organic Search,Active
1093,CUST-01093,06-05-2024,Male,55-64,Chicago,IL,Paid Search,Active
1094,CUST-01094,16-12-2023,Female,35-44,San Antonio,TX,Social Media,Active
1095,CUST-01095,31-12-2023,Female,25-34,Philadelphia,PA,Organic Search,Active
1096,CUST-01096,11-09-2023,Male,25-34,San Jose,CA,Social Media,Active
1097,CUST-01097,17-03-2024,Male,25-34,Denver,CO,Organic Search,Active
1098,CUST-01098,21-05-2024,Female,45-54,Houston,TX,Social Media,Inactive
1099,CUST-01099,15-07-2023,Female,55-64,Columbus,OH,Organic Search,Active
1100,CUST-01100,06-05-2025,Male,25-34,Los Angeles,CA,Email,Active
1101,CUST-01101,12-04-2025,Male,65+,Jacksonville,FL,Social Media,Active
1102,CUST-01102,30-06-2025,Female,18-24,Las Vegas,NV,Email,Active
1103,CUST-01103,01-04-2025,Female,25-34,Los Angeles,CA,Organic Search,Active
1104,CUST-01104,30-08-2023,Non-binary,45-54,Austin,TX,Referral,Inactive
1105,CUST-01105,16-01-2025,Female,25-34,Philadelphia,PA,Paid Search,Active
1106,CUST-01106,23-03-2024,Female,18-24,Jacksonville,FL,Email,Active
1107,CUST-01107,15-12-2024,Male,25-34,San Diego,CA,Organic Search,Active
1108,CUST-01108,07-12-2023,Male,55-64,New York,NY,Social Media,Active
1109,CUST-01109,09-01-2025,Female,35-44,Nashville,TN,Direct,Active
1110,CUST-01110,08-04-2025,Male,35-44,Philadelphia,PA,Paid Search,Active
1111,CUST-01111,11-09-2024,Male,18-24,Fort Worth,TX,Organic Search,Active
1112,CUST-01112,03-01-2024,Female,55-64,Washington,DC,Paid Search,Active
1113,CUST-01113,10-06-2023,Female,65+,Dallas,TX,Paid Search,Inactive
1114,CUST-01114,01-06-2023,Female,25-34,Columbus,OH,Paid Search,Active
1115,CUST-01115,06-08-2025,Female,45-54,Philadelphia,PA,Email,Active
1116,CUST-01116,16-02-2024,Female,45-54,San Antonio,TX,Email,Active
1117,CUST-01117,08-11-2023,Female,25-34,New York,NY,Paid Search,Active
1118,CUST-01118,15-10-2025,Female,35-44,Portland,OR,Referral,Active
1119,CUST-01119,30-04-2025,Non-binary,25-34,Washington,DC,Organic Search,Active
1120,CUST-01120,24-03-2025,Female,18-24,Boston,MA,Direct,Active
1121,CUST-01121,24-07-2023,Female,55-64,Portland,OR,Paid Search,Inactive
1122,CUST-01122,14-08-2024,Female,35-44,Columbus,OH,Social Media,Active
1123,CUST-01123,10-04-2024,Male,18-24,Phoenix,AZ,Referral,Active
1124,CUST-01124,27-02-2025,Female,18-24,Miami,FL,Referral,Active
1125,CUST-01125,31-10-2024,Non-binary,65+,San Jose,CA,Social Media,Active
1126,CUST-01126,06-07-2023,Male,45-54,Austin,TX,Paid Search,Active
1127,CUST-01127,07-06-2023,Male,45-54,Washington,DC,Referral,Active
1128,CUST-01128,31-10-2023,Male,35-44,Los Angeles,CA,Email,Active
1129,CUST-01129,09-09-2024,Female,35-44,Jacksonville,FL,Organic Search,Active
1130,CUST-01130,28-06-2024,Female,35-44,Portland,OR,Direct,Active
1131,CUST-01131,21-01-2025,Non-binary,25-34,Chicago,IL,Social Media,Inactive
1132,CUST-01132,07-02-2024,Female,35-44,Houston,TX,Social Media,Active
1133,CUST-01133,07-02-2025,Female,18-24,Austin,TX,Organic Search,Active
1134,CUST-01134,23-03-2024,Male,25-34,Seattle,WA,Social Media,Active
1135,CUST-01135,12-11-2023,Male,35-44,Houston,TX,Organic Search,Active
1136,CUST-01136,21-10-2024,Female,18-24,Los Angeles,CA,Organic Search,Inactive
1137,CUST-01137,19-11-2023,Male,35-44,New York,NY,Social Media,Active
1138,CUST-01138,11-03-2024,Female,25-34,San Antonio,TX,Email,Active
1139,CUST-01139,10-10-2024,Male,25-34,New York,NY,Referral,Active
1140,CUST-01140,16-09-2024,Female,65+,Portland,OR,Organic Search,Active
1141,CUST-01141,31-03-2025,Female,25-34,Austin,TX,Direct,Active
1142,CUST-01142,15-09-2024,Prefer not to say,55-64,New York,NY,Social Media,Active
1143,CUST-01143,03-04-2024,Female,55-64,San Diego,CA,Direct,Active
1144,CUST-01144,05-09-2025,Male,45-54,Fort Worth,TX,Organic Search,Active
1145,CUST-01145,14-12-2023,Male,25-34,Los Angeles,CA,Paid Search,Active
1146,CUST-01146,22-10-2025,Male,35-44,Charlotte,NC,Organic Search,Active
1147,CUST-01147,15-09-2023,Male,55-64,Houston,TX,Social Media,Active
1148,CUST-01148,20-02-2024,Female,35-44,Miami,FL,Referral,Active
1149,CUST-01149,29-03-2024,Female,25-34,San Antonio,TX,Paid Search,Active
1150,CUST-01150,30-01-2024,Male,18-24,Houston,TX,Referral,Active
1151,CUST-01151,02-09-2024,Male,55-64,Chicago,IL,Social Media,Active
1152,CUST-01152,08-11-2023,Female,18-24,Boston,MA,Organic Search,Active
1153,CUST-01153,09-11-2024,Female,25-34,Boston,MA,Organic Search,Inactive
1154,CUST-01154,08-06-2025,Male,25-34,Philadelphia,PA,Direct,Active
1155,CUST-01155,24-11-2024,Female,25-34,Los Angeles,CA,Direct,Active
1156,CUST-01156,14-04-2025,Non-binary,45-54,Houston,TX,Direct,Active
1157,CUST-01157,18-03-2025,Female,45-54,Philadelphia,PA,Organic Search,Active
1158,CUST-01158,16-07-2024,Male,18-24,Columbus,OH,Social Media,Active
1159,CUST-01159,23-11-2024,Female,25-34,Austin,TX,Email,Inactive
1160,CUST-01160,22-06-2024,Male,65+,Columbus,OH,Email,Active
1161,CUST-01161,27-10-2024,Male,25-34,Columbus,OH,Organic Search,Active
1162,CUST-01162,02-08-2023,Female,25-34,San Antonio,TX,Paid Search,Active
1163,CUST-01163,06-09-2023,Female,45-54,Chicago,IL,Paid Search,Inactive
1164,CUST-01164,06-05-2024,Female,25-34,Fort Worth,TX,Organic Search,Active
1165,CUST-01165,12-09-2024,Female,18-24,Denver,CO,Referral,Active
1166,CUST-01166,31-08-2025,Female,25-34,Miami,FL,Direct,Inactive
1167,CUST-01167,25-09-2025,Female,35-44,San Jose,CA,Social Media,Active
1168,CUST-01168,15-08-2024,Female,25-34,San Antonio,TX,Direct,Active
1169,CUST-01169,10-10-2025,Non-binary,55-64,Boston,MA,Email,Active
1170,CUST-01170,11-07-2025,Non-binary,55-64,Boston,MA,Paid Search,Active
1171,CUST-01171,25-03-2024,Female,45-54,Chicago,IL,Email,Active
1172,CUST-01172,23-03-2024,Male,65+,Philadelphia,PA,Referral,Active
1173,CUST-01173,22-10-2025,Female,18-24,Los Angeles,CA,Social Media,Inactive
1174,CUST-01174,02-11-2025,Female,25-34,Los Angeles,CA,Organic Search,Active
1175,CUST-01175,21-08-2025,Male,65+,San Antonio,TX,Social Media,Active
1176,CUST-01176,31-05-2024,Female,45-54,Chicago,IL,Organic Search,Active
1177,CUST-01177,04-11-2025,Female,25-34,Columbus,OH,Direct,Active
1178,CUST-01178,28-02-2025,Female,35-44,Washington,DC,Social Media,Active
1179,CUST-01179,29-11-2023,Female,35-44,San Diego,CA,Referral,Active
1180,CUST-01180,16-01-2024,Female,55-64,Miami,FL,Organic Search,Active
1181,CUST-01181,27-03-2024,Male,55-64,San Diego,CA,Organic Search,Active
1182,CUST-01182,30-04-2024,Male,35-44,New York,NY,Paid Search,Active
1183,CUST-01183,23-09-2023,Female,18-24,Philadelphia,PA,Social Media,Active
1184,CUST-01184,15-06-2025,Female,45-54,Jacksonville,FL,Paid Search,Active
1185,CUST-01185,31-12-2024,Male,35-44,Denver,CO,Paid Search,Inactive
1186,CUST-01186,29-04-2024,Male,65+,Austin,TX,Social Media,Active
1187,CUST-01187,02-05-2024,Female,45-54,San Jose,CA,Referral,Active
1188,CUST-01188,19-12-2023,Female,55-64,Portland,OR,Social Media,Inactive
1189,CUST-01189,22-06-2023,Female,35-44,Houston,TX,Paid Search,Active
1190,CUST-01190,04-09-2025,Female,45-54,Jacksonville,FL,Organic Search,Active
1191,CUST-01191,02-05-2025,Female,35-44,Columbus,OH,Email,Active
1192,CUST-01192,05-07-2024,Female,65+,Charlotte,NC,Social Media,Inactive
1193,CUST-01193,13-02-2025,Male,45-54,New York,NY,Email,Active
1194,CUST-01194,01-07-2024,Female,25-34,Chicago,IL,Organic Search,Active
1195,CUST-01195,13-12-2023,Female,25-34,Las Vegas,NV,Social Media,Active
1196,CUST-01196,22-10-2024,Female,25-34,Philadelphia,PA,Organic Search,Active
1197,CUST-01197,15-05-2025,Male,25-34,San Jose,CA,Email,Active
1198,CUST-01198,15-07-2023,Male,25-34,Seattle,WA,Social Media,Active
1199,CUST-01199,24-05-2024,Non-binary,25-34,Washington,DC,Paid Search,Active
1200,CUST-01200,09-01-2025,Female,45-54,San Antonio,TX,Organic Search,Inactive
1201,CUST-01201,03-04-2025,Female,25-34,San Diego,CA,Organic Search,Active
1202,CUST-01202,26-11-2024,Female,45-54,Columbus,OH,Social Media,Active
1203,CUST-01203,20-11-2023,Female,18-24,Phoenix,AZ,Paid Search,Active
1204,CUST-01204,16-06-2024,Male,45-54,Nashville,TN,Paid Search,Active
1205,CUST-01205,31-05-2025,Female,25-34,Columbus,OH,Paid Search,Active
1206,CUST-01206,17-07-2025,Female,55-64,Philadelphia,PA,Referral,Active
1207,CUST-01207,10-07-2024,Female,18-24,Los Angeles,CA,Referral,Inactive
1208,CUST-01208,28-06-2023,Male,45-54,Seattle,WA,Email,Active
1209,CUST-01209,17-02-2025,Female,25-34,Houston,TX,Paid Search,Active
1210,CUST-01210,03-06-2023,Prefer not to say,35-44,Phoenix,AZ,Referral,Active
1211,CUST-01211,14-10-2023,Female,25-34,Dallas,TX,Social Media,Active
1212,CUST-01212,27-09-2025,Male,35-44,Austin,TX,Organic Search,Active
1213,CUST-01213,15-07-2025,Male,25-34,Columbus,OH,Social Media,Active
1214,CUST-01214,02-10-2025,Female,65+,Miami,FL,Paid Search,Active
1215,CUST-01215,26-01-2024,Prefer not to say,55-64,Nashville,TN,Direct,Active
1216,CUST-01216,01-03-2024,Male,35-44,Charlotte,NC,Direct,Active
1217,CUST-01217,17-07-2024,Female,45-54,Washington,DC,Paid Search,Active
1218,CUST-01218,08-09-2024,Female,55-64,New York,NY,Social Media,Inactive
1219,CUST-01219,02-07-2024,Female,35-44,San Diego,CA,Referral,Active
1220,CUST-01220,12-06-2023,Male,18-24,San Diego,CA,Paid Search,Active
1221,CUST-01221,16-06-2024,Female,45-54,Jacksonville,FL,Social Media,Active
1222,CUST-01222,17-08-2025,Prefer not to say,35-44,New York,NY,Paid Search,Active
1223,CUST-01223,14-11-2024,Female,25-34,Boston,MA,Direct,Active
1224,CUST-01224,03-09-2025,Female,45-54,Seattle,WA,Paid Search,Active
1225,CUST-01225,13-07-2023,Female,18-24,San Antonio,TX,Organic Search,Active
1226,CUST-01226,12-08-2025,Female,18-24,San Antonio,TX,Direct,Active
1227,CUST-01227,04-07-2023,Non-binary,35-44,Las Vegas,NV,Email,Active
1228,CUST-01228,16-12-2023,Female,35-44,Philadelphia,PA,Paid Search,Active
1229,CUST-01229,22-11-2025,Male,35-44,Houston,TX,Direct,Active
1230,CUST-01230,25-06-2023,Female,55-64,Nashville,TN,Direct,Active
1231,CUST-01231,22-01-2024,Male,45-54,San Jose,CA,Referral,Active
1232,CUST-01232,05-10-2023,Female,35-44,Phoenix,AZ,Organic Search,Active
1233,CUST-01233,24-02-2025,Male,65+,New York,NY,Referral,Active
1234,CUST-01234,13-05-2025,Female,25-34,Houston,TX,Direct,Inactive
1235,CUST-01235,28-11-2024,Male,18-24,Houston,TX,Direct,Active
1236,CUST-01236,11-07-2025,Non-binary,35-44,Seattle,WA,Paid Search,Active
1237,CUST-01237,30-10-2023,Female,65+,New York,NY,Organic Search,Active
1238,CUST-01238,15-10-2025,Male,45-54,New York,NY,Direct,Inactive
1239,CUST-01239,26-05-2025,Female,35-44,Nashville,TN,Email,Active
1240,CUST-01240,12-04-2025,Female,35-44,Los Angeles,CA,Social Media,Active
1241,CUST-01241,21-12-2023,Male,45-54,New York,NY,Organic Search,Active
1242,CUST-01242,29-12-2024,Male,25-34,Houston,TX,Organic Search,Active
1243,CUST-01243,28-10-2023,Female,55-64,Phoenix,AZ,Paid Search,Active
1244,CUST-01244,07-11-2023,Female,35-44,Houston,TX,Paid Search,Active
1245,CUST-01245,05-10-2025,Male,35-44,Houston,TX,Email,Active
1246,CUST-01246,28-07-2025,Female,25-34,Denver,CO,Paid Search,Active
1247,CUST-01247,16-06-2024,Female,65+,New York,NY,Referral,Active
1248,CUST-01248,06-02-2025,Male,25-34,Seattle,WA,Referral,Active
1249,CUST-01249,07-12-2023,Male,65+,San Diego,CA,Social Media,Active
1250,CUST-01250,24-08-2024,Male,45-54,Columbus,OH,Direct,Active
1251,CUST-01251,08-02-2025,Female,35-44,Charlotte,NC,Paid Search,Active
1252,CUST-01252,14-08-2023,Male,45-54,New York,NY,Direct,Active
1253,CUST-01253,03-06-2023,Male,25-34,Dallas,TX,Paid Search,Active
1254,CUST-01254,16-10-2024,Female,55-64,Philadelphia,PA,Organic Search,Active
1255,CUST-01255,28-12-2024,Male,25-34,Los Angeles,CA,Social Media,Active
1256,CUST-01256,01-08-2023,Non-binary,55-64,Nashville,TN,Social Media,Active
1257,CUST-01257,27-08-2024,Male,35-44,Denver,CO,Paid Search,Active
1258,CUST-01258,21-08-2024,Male,35-44,Charlotte,NC,Social Media,Active
1259,CUST-01259,22-11-2025,Prefer not to say,45-54,Phoenix,AZ,Paid Search,Active
1260,CUST-01260,07-09-2025,Male,35-44,Washington,DC,Email,Active
1261,CUST-01261,23-04-2025,Female,18-24,Miami,FL,Referral,Active
1262,CUST-01262,23-10-2023,Non-binary,25-34,Los Angeles,CA,Social Media,Active
1263,CUST-01263,25-09-2025,Female,65+,Las Vegas,NV,Paid Search,Active
1264,CUST-01264,30-04-2025,Male,35-44,Boston,MA,Email,Active
1265,CUST-01265,26-06-2023,Female,35-44,Boston,MA,Email,Active
1266,CUST-01266,09-08-2023,Male,35-44,Chicago,IL,Paid Search,Active
1267,CUST-01267,11-07-2024,Female,18-24,Philadelphia,PA,Organic Search,Active
1268,CUST-01268,10-08-2025,Male,25-34,Dallas,TX,Email,Active
1269,CUST-01269,08-03-2025,Female,65+,Jacksonville,FL,Direct,Inactive
1270,CUST-01270,03-04-2024,Female,45-54,Washington,DC,Direct,Active
1271,CUST-01271,13-08-2023,Male,35-44,Las Vegas,NV,Paid Search,Active
1272,CUST-01272,26-07-2023,Male,45-54,Philadelphia,PA,Paid Search,Active
1273,CUST-01273,01-01-2024,Male,35-44,Chicago,IL,Social Media,Active
1274,CUST-01274,09-09-2024,Non-binary,65+,Charlotte,NC,Social Media,Active
1275,CUST-01275,13-06-2023,Male,45-54,Portland,OR,Referral,Active
1276,CUST-01276,20-08-2024,Female,18-24,Columbus,OH,Social Media,Active
1277,CUST-01277,21-02-2024,Female,55-64,Miami,FL,Social Media,Active
1278,CUST-01278,05-06-2025,Male,35-44,Dallas,TX,Social Media,Active
1279,CUST-01279,06-12-2023,Male,35-44,Denver,CO,Direct,Active
1280,CUST-01280,15-08-2025,Female,45-54,Seattle,WA,Organic Search,Active
1281,CUST-01281,08-09-2024,Prefer not to say,45-54,Denver,CO,Direct,Active
1282,CUST-01282,02-11-2025,Female,35-44,San Jose,CA,Direct,Active
1283,CUST-01283,07-07-2023,Female,55-64,Denver,CO,Social Media,Active
1284,CUST-01284,28-07-2025,Female,35-44,San Diego,CA,Email,Active
1285,CUST-01285,17-07-2025,Female,35-44,New York,NY,Organic Search,Active
1286,CUST-01286,22-06-2023,Male,35-44,San Diego,CA,Paid Search,Inactive
1287,CUST-01287,03-06-2023,Female,35-44,Nashville,TN,Organic Search,Active
1288,CUST-01288,06-04-2025,Male,55-64,San Jose,CA,Social Media,Active
1289,CUST-01289,14-10-2025,Female,45-54,Austin,TX,Paid Search,Active
1290,CUST-01290,21-10-2023,Male,45-54,Dallas,TX,Organic Search,Active
1291,CUST-01291,02-09-2023,Female,25-34,Nashville,TN,Organic Search,Active
1292,CUST-01292,02-10-2023,Male,55-64,Miami,FL,Organic Search,Inactive
1293,CUST-01293,14-10-2023,Female,45-54,Columbus,OH,Email,Active
1294,CUST-01294,02-11-2023,Female,55-64,Atlanta,GA,Social Media,Inactive
1295,CUST-01295,19-08-2025,Female,35-44,Nashville,TN,Organic Search,Active
1296,CUST-01296,26-01-2025,Female,45-54,San Jose,CA,Organic Search,Active
1297,CUST-01297,26-10-2023,Male,45-54,Atlanta,GA,Email,Active
1298,CUST-01298,20-01-2024,Female,35-44,Fort Worth,TX,Paid Search,Active
1299,CUST-01299,01-12-2023,Female,25-34,Chicago,IL,Paid Search,Active
1300,CUST-01300,12-09-2025,Female,35-44,Portland,OR,Organic Search,Active
1301,CUST-01301,23-03-2024,Non-binary,45-54,Columbus,OH,Direct,Active
1302,CUST-01302,09-10-2024,Female,45-54,New York,NY,Organic Search,Active
1303,CUST-01303,03-06-2023,Female,65+,Houston,TX,Referral,Active
1304,CUST-01304,09-01-2025,Male,25-34,Charlotte,NC,Organic Search,Active
1305,CUST-01305,13-12-2023,Male,25-34,Miami,FL,Paid Search,Active
1306,CUST-01306,01-06-2023,Male,35-44,Jacksonville,FL,Paid Search,Inactive
1307,CUST-01307,24-07-2025,Female,55-64,San Jose,CA,Paid Search,Active
1308,CUST-01308,30-11-2023,Male,18-24,Austin,TX,Direct,Active
1309,CUST-01309,02-02-2025,Female,45-54,Houston,TX,Organic Search,Active
1310,CUST-01310,07-06-2023,Male,65+,Dallas,TX,Referral,Active
1311,CUST-01311,20-11-2023,Male,25-34,Atlanta,GA,Paid Search,Active
1312,CUST-01312,03-08-2023,Male,25-34,Phoenix,AZ,Organic Search,Active
1313,CUST-01313,09-11-2025,Male,35-44,Columbus,OH,Paid Search,Active
1314,CUST-01314,04-09-2024,Female,25-34,San Jose,CA,Direct,Active
1315,CUST-01315,07-01-2024,Male,25-34,Chicago,IL,Direct,Active
1316,CUST-01316,26-11-2023,Female,25-34,Las Vegas,NV,Paid Search,Active
1317,CUST-01317,05-10-2023,Female,25-34,Fort Worth,TX,Referral,Inactive
1318,CUST-01318,12-03-2025,Non-binary,35-44,Dallas,TX,Organic Search,Active
1319,CUST-01319,26-06-2025,Female,35-44,New York,NY,Direct,Active
1320,CUST-01320,02-02-2025,Female,65+,Chicago,IL,Email,Active
1321,CUST-01321,18-07-2025,Female,55-64,San Antonio,TX,Social Media,Active
1322,CUST-01322,02-06-2025,Male,25-34,Fort Worth,TX,Paid Search,Inactive
1323,CUST-01323,23-09-2024,Male,55-64,Boston,MA,Direct,Active
1324,CUST-01324,26-12-2023,Female,35-44,Washington,DC,Referral,Active
1325,CUST-01325,24-10-2024,Male,25-34,San Antonio,TX,Referral,Active
1326,CUST-01326,20-08-2025,Male,55-64,Charlotte,NC,Social Media,Active
1327,CUST-01327,15-10-2025,Male,35-44,Seattle,WA,Direct,Active
1328,CUST-01328,04-01-2025,Male,55-64,Boston,MA,Email,Active
1329,CUST-01329,13-07-2024,Female,25-34,Phoenix,AZ,Referral,Active
1330,CUST-01330,22-03-2024,Female,35-44,Phoenix,AZ,Direct,Active
1331,CUST-01331,09-01-2025,Female,35-44,San Antonio,TX,Social Media,Active
1332,CUST-01332,24-11-2023,Male,45-54,Fort Worth,TX,Paid Search,Active
1333,CUST-01333,28-11-2023,Female,35-44,San Diego,CA,Paid Search,Active
1334,CUST-01334,10-08-2024,Female,35-44,Fort Worth,TX,Referral,Active
1335,CUST-01335,03-08-2025,Male,25-34,New York,NY,Social Media,Active
1336,CUST-01336,16-09-2025,Female,45-54,Philadelphia,PA,Paid Search,Active
1337,CUST-01337,28-03-2024,Male,55-64,New York,NY,Social Media,Active
1338,CUST-01338,13-07-2024,Male,45-54,Fort Worth,TX,Social Media,Active
1339,CUST-01339,08-10-2023,Female,25-34,Denver,CO,Paid Search,Active
1340,CUST-01340,20-07-2023,Male,55-64,Charlotte,NC,Social Media,Active
1341,CUST-01341,28-04-2024,Male,55-64,Houston,TX,Social Media,Active
1342,CUST-01342,12-08-2024,Male,45-54,San Jose,CA,Social Media,Active
1343,CUST-01343,13-10-2023,Male,35-44,Columbus,OH,Organic Search,Active
1344,CUST-01344,02-12-2024,Male,25-34,San Jose,CA,Social Media,Inactive
1345,CUST-01345,20-06-2023,Male,25-34,Jacksonville,FL,Direct,Active
1346,CUST-01346,21-05-2025,Female,35-44,Dallas,TX,Organic Search,Active
1347,CUST-01347,10-04-2024,Female,35-44,Houston,TX,Paid Search,Active
1348,CUST-01348,26-11-2024,Male,35-44,Los Angeles,CA,Paid Search,Active
1349,CUST-01349,06-03-2025,Female,35-44,Los Angeles,CA,Paid Search,Active
1350,CUST-01350,18-08-2023,Male,35-44,Philadelphia,PA,Paid Search,Active
1351,CUST-01351,31-01-2025,Male,35-44,Philadelphia,PA,Social Media,Inactive
1352,CUST-01352,17-03-2024,Male,45-54,New York,NY,Direct,Active
1353,CUST-01353,16-06-2025,Male,18-24,New York,NY,Direct,Active
1354,CUST-01354,09-06-2025,Male,18-24,Houston,TX,Organic Search,Active
1355,CUST-01355,29-04-2025,Female,45-54,New York,NY,Paid Search,Active
1356,CUST-01356,05-11-2023,Female,18-24,Fort Worth,TX,Email,Active
1357,CUST-01357,09-11-2023,Female,25-34,Fort Worth,TX,Referral,Active
1358,CUST-01358,12-10-2025,Non-binary,55-64,Columbus,OH,Paid Search,Active
1359,CUST-01359,26-07-2023,Male,18-24,Houston,TX,Email,Active
1360,CUST-01360,18-03-2025,Male,55-64,Columbus,OH,Organic Search,Active
1361,CUST-01361,24-09-2023,Male,65+,San Antonio,TX,Social Media,Active
1362,CUST-01362,31-07-2025,Female,65+,Austin,TX,Organic Search,Active
1363,CUST-01363,05-01-2025,Male,45-54,Denver,CO,Paid Search,Active
1364,CUST-01364,17-04-2024,Male,25-34,Phoenix,AZ,Paid Search,Active
1365,CUST-01365,18-12-2023,Female,18-24,Philadelphia,PA,Email,Active
1366,CUST-01366,31-01-2024,Male,18-24,San Antonio,TX,Organic Search,Active
1367,CUST-01367,16-08-2023,Female,18-24,Philadelphia,PA,Paid Search,Active
1368,CUST-01368,17-03-2025,Male,35-44,Houston,TX,Organic Search,Active
1369,CUST-01369,13-11-2023,Male,55-64,San Antonio,TX,Direct,Active
1370,CUST-01370,26-04-2024,Female,25-34,San Diego,CA,Email,Active
1371,CUST-01371,19-07-2023,Female,18-24,Columbus,OH,Organic Search,Active
1372,CUST-01372,07-09-2025,Male,55-64,Jacksonville,FL,Organic Search,Active
1373,CUST-01373,16-06-2024,Female,25-34,San Diego,CA,Paid Search,Active
1374,CUST-01374,02-10-2024,Male,55-64,Las Vegas,NV,Referral,Active
1375,CUST-01375,20-11-2024,Female,35-44,Columbus,OH,Organic Search,Active
1376,CUST-01376,23-03-2024,Female,25-34,New York,NY,Organic Search,Active
1377,CUST-01377,21-06-2024,Female,35-44,Denver,CO,Paid Search,Active
1378,CUST-01378,19-09-2023,Male,25-34,Dallas,TX,Paid Search,Active
1379,CUST-01379,02-10-2023,Female,25-34,Seattle,WA,Email,Active
1380,CUST-01380,11-04-2025,Male,25-34,Miami,FL,Paid Search,Inactive
1381,CUST-01381,01-11-2023,Male,35-44,Boston,MA,Referral,Active
1382,CUST-01382,14-03-2024,Prefer not to say,45-54,Seattle,WA,Social Media,Active
1383,CUST-01383,09-03-2024,Female,35-44,Charlotte,NC,Referral,Active
1384,CUST-01384,03-05-2024,Female,35-44,New York,NY,Direct,Active
1385,CUST-01385,16-11-2024,Female,45-54,Chicago,IL,Organic Search,Inactive
1386,CUST-01386,14-07-2024,Male,18-24,Philadelphia,PA,Email,Active
1387,CUST-01387,01-12-2024,Female,35-44,Nashville,TN,Email,Active
1388,CUST-01388,01-08-2023,Female,45-54,Los Angeles,CA,Organic Search,Active
1389,CUST-01389,17-09-2023,Male,25-34,Phoenix,AZ,Paid Search,Active
1390,CUST-01390,12-04-2025,Male,25-34,New York,NY,Direct,Inactive
1391,CUST-01391,06-04-2025,Male,65+,New York,NY,Paid Search,Active
1392,CUST-01392,21-06-2024,Male,35-44,Charlotte,NC,Direct,Active
1393,CUST-01393,13-11-2024,Female,25-34,Los Angeles,CA,Social Media,Active
1394,CUST-01394,26-09-2025,Female,18-24,Denver,CO,Paid Search,Active
1395,CUST-01395,13-09-2023,Male,65+,Houston,TX,Organic Search,Inactive
1396,CUST-01396,26-09-2025,Male,35-44,Dallas,TX,Email,Active
1397,CUST-01397,07-01-2024,Female,25-34,Fort Worth,TX,Organic Search,Active
1398,CUST-01398,26-11-2025,Male,55-64,Miami,FL,Social Media,Active
1399,CUST-01399,18-07-2023,Male,55-64,Philadelphia,PA,Organic Search,Active
1400,CUST-01400,02-01-2024,Female,35-44,Dallas,TX,Organic Search,Active
1401,CUST-01401,08-02-2024,Male,35-44,Los Angeles,CA,Direct,Active
1402,CUST-01402,25-02-2024,Male,25-34,Philadelphia,PA,Email,Active
1403,CUST-01403,28-06-2023,Female,35-44,Columbus,OH,Referral,Active
1404,CUST-01404,06-01-2024,Female,18-24,New York,NY,Organic Search,Active
1405,CUST-01405,23-12-2023,Non-binary,35-44,Jacksonville,FL,Paid Search,Active
1406,CUST-01406,24-10-2023,Male,18-24,Seattle,WA,Email,Active
1407,CUST-01407,22-07-2023,Female,65+,Miami,FL,Direct,Active
1408,CUST-01408,20-09-2024,Female,25-34,Philadelphia,PA,Email,Inactive
1409,CUST-01409,07-06-2024,Male,55-64,Charlotte,NC,Email,Active
1410,CUST-01410,03-06-2025,Male,25-34,Fort Worth,TX,Direct,Active
1411,CUST-01411,16-07-2024,Prefer not to say,25-34,San Jose,CA,Referral,Active
1412,CUST-01412,28-06-2025,Male,35-44,Chicago,IL,Direct,Active
1413,CUST-01413,01-06-2023,Male,35-44,Chicago,IL,Paid Search,Active
1414,CUST-01414,26-05-2024,Female,18-24,Boston,MA,Referral,Active
1415,CUST-01415,19-10-2023,Female,25-34,New York,NY,Organic Search,Active
1416,CUST-01416,31-10-2023,Male,55-64,San Diego,CA,Email,Active
1417,CUST-01417,13-10-2023,Male,35-44,Atlanta,GA,Paid Search,Active
1418,CUST-01418,13-09-2024,Male,35-44,New York,NY,Direct,Active
1419,CUST-01419,29-08-2025,Female,25-34,Los Angeles,CA,Referral,Active
1420,CUST-01420,09-09-2024,Non-binary,25-34,San Jose,CA,Organic Search,Active
1421,CUST-01421,12-07-2024,Male,45-54,Jacksonville,FL,Referral,Active
1422,CUST-01422,13-01-2024,Male,18-24,Dallas,TX,Referral,Active
1423,CUST-01423,28-06-2025,Male,35-44,Portland,OR,Paid Search,Active
1424,CUST-01424,26-12-2023,Female,55-64,San Antonio,TX,Organic Search,Active
1425,CUST-01425,22-02-2025,Female,45-54,Las Vegas,NV,Email,Active
1426,CUST-01426,04-07-2023,Female,25-34,San Jose,CA,Email,Active
1427,CUST-01427,15-08-2024,Male,35-44,Dallas,TX,Direct,Active
1428,CUST-01428,03-02-2024,Female,35-44,Jacksonville,FL,Email,Active
1429,CUST-01429,14-06-2023,Male,25-34,New York,NY,Paid Search,Active
1430,CUST-01430,09-09-2024,Female,35-44,Seattle,WA,Direct,Active
1431,CUST-01431,05-10-2023,Male,45-54,Houston,TX,Email,Active
1432,CUST-01432,27-12-2023,Female,25-34,Portland,OR,Referral,Active
1433,CUST-01433,03-06-2025,Male,25-34,Philadelphia,PA,Social Media,Active
1434,CUST-01434,21-04-2024,Male,65+,Houston,TX,Organic Search,Active
1435,CUST-01435,20-03-2025,Female,55-64,New York,NY,Social Media,Active
1436,CUST-01436,06-01-2024,Male,25-34,San Jose,CA,Direct,Active
1437,CUST-01437,08-09-2025,Female,55-64,New York,NY,Referral,Active
1438,CUST-01438,30-11-2024,Female,45-54,Boston,MA,Paid Search,Active
1439,CUST-01439,11-09-2023,Female,18-24,San Antonio,TX,Paid Search,Active
1440,CUST-01440,19-08-2023,Male,18-24,Charlotte,NC,Organic Search,Active
1441,CUST-01441,23-10-2023,Female,35-44,San Antonio,TX,Organic Search,Active
1442,CUST-01442,29-09-2025,Female,25-34,Los Angeles,CA,Direct,Inactive
1443,CUST-01443,05-02-2025,Male,55-64,Miami,FL,Organic Search,Active
1444,CUST-01444,21-09-2025,Male,55-64,San Antonio,TX,Paid Search,Active
1445,CUST-01445,30-08-2023,Male,45-54,Phoenix,AZ,Direct,Inactive
1446,CUST-01446,04-06-2024,Male,55-64,New York,NY,Referral,Active
1447,CUST-01447,30-11-2023,Male,35-44,Chicago,IL,Social Media,Active
1448,CUST-01448,03-05-2025,Male,25-34,Columbus,OH,Referral,Active
1449,CUST-01449,12-01-2024,Male,18-24,Los Angeles,CA,Organic Search,Active
1450,CUST-01450,06-08-2024,Male,35-44,San Diego,CA,Email,Active
1451,CUST-01451,29-10-2023,Male,25-34,San Jose,CA,Social Media,Active
1452,CUST-01452,07-10-2024,Male,18-24,Washington,DC,Direct,Active
1453,CUST-01453,24-03-2025,Female,25-34,Charlotte,NC,Paid Search,Active
1454,CUST-01454,17-12-2023,Male,25-34,Columbus,OH,Organic Search,Active
1455,CUST-01455,06-03-2025,Female,25-34,Seattle,WA,Email,Active
1456,CUST-01456,26-10-2023,Male,35-44,Nashville,TN,Email,Active
1457,CUST-01457,07-09-2025,Female,25-34,Los Angeles,CA,Email,Active
1458,CUST-01458,29-10-2024,Female,35-44,Columbus,OH,Paid Search,Inactive
1459,CUST-01459,02-04-2024,Prefer not to say,65+,Phoenix,AZ,Paid Search,Inactive
1460,CUST-01460,13-06-2024,Female,45-54,Columbus,OH,Email,Active
1461,CUST-01461,27-06-2024,Male,45-54,Chicago,IL,Social Media,Active
1462,CUST-01462,13-04-2024,Male,25-34,Fort Worth,TX,Organic Search,Active
1463,CUST-01463,05-09-2023,Female,35-44,Chicago,IL,Direct,Inactive
1464,CUST-01464,26-04-2024,Female,25-34,New York,NY,Referral,Active
1465,CUST-01465,25-09-2023,Female,25-34,San Diego,CA,Paid Search,Active
1466,CUST-01466,15-12-2024,Non-binary,55-64,San Jose,CA,Social Media,Active
1467,CUST-01467,02-11-2023,Non-binary,35-44,Las Vegas,NV,Paid Search,Active
1468,CUST-01468,09-11-2024,Male,45-54,San Antonio,TX,Email,Active
1469,CUST-01469,25-02-2024,Female,25-34,Jacksonville,FL,Organic Search,Active
1470,CUST-01470,14-03-2025,Male,45-54,Houston,TX,Social Media,Active
1471,CUST-01471,12-06-2025,Female,25-34,Los Angeles,CA,Organic Search,Active
1472,CUST-01472,02-11-2025,Female,25-34,Fort Worth,TX,Referral,Active
1473,CUST-01473,08-04-2025,Non-binary,25-34,San Jose,CA,Organic Search,Active
1474,CUST-01474,20-12-2024,Female,25-34,Washington,DC,Organic Search,Active
1475,CUST-01475,01-02-2024,Male,35-44,Atlanta,GA,Paid Search,Active
1476,CUST-01476,18-07-2023,Female,65+,San Antonio,TX,Direct,Inactive
1477,CUST-01477,15-06-2025,Female,25-34,Philadelphia,PA,Social Media,Inactive
1478,CUST-01478,22-05-2024,Male,25-34,Charlotte,NC,Referral,Active
1479,CUST-01479,06-12-2023,Female,55-64,Boston,MA,Email,Active
1480,CUST-01480,20-07-2023,Male,45-54,Columbus,OH,Paid Search,Active
1481,CUST-01481,07-08-2024,Female,25-34,Austin,TX,Referral,Active
1482,CUST-01482,05-11-2023,Prefer not to say,25-34,Chicago,IL,Social Media,Active
1483,CUST-01483,06-10-2025,Female,25-34,Chicago,IL,Referral,Active
1484,CUST-01484,07-03-2025,Female,45-54,Chicago,IL,Paid Search,Active
1485,CUST-01485,25-09-2023,Male,35-44,Houston,TX,Paid Search,Active
1486,CUST-01486,13-02-2025,Male,35-44,Washington,DC,Social Media,Active
1487,CUST-01487,22-11-2023,Female,25-34,Dallas,TX,Referral,Active
1488,CUST-01488,21-11-2025,Male,55-64,Houston,TX,Paid Search,Active
1489,CUST-01489,01-01-2024,Female,18-24,Austin,TX,Direct,Active
1490,CUST-01490,03-10-2023,Male,45-54,Houston,TX,Organic Search,Active
1491,CUST-01491,20-03-2025,Female,35-44,Philadelphia,PA,Direct,Active
1492,CUST-01492,18-01-2024,Male,18-24,Houston,TX,Organic Search,Active
1493,CUST-01493,22-09-2024,Female,25-34,Houston,TX,Organic Search,Active
1494,CUST-01494,05-10-2023,Female,25-34,Denver,CO,Email,Active
1495,CUST-01495,05-01-2025,Female,35-44,Philadelphia,PA,Organic Search,Active
1496,CUST-01496,17-09-2025,Female,25-34,Las Vegas,NV,Organic Search,Active
1497,CUST-01497,17-08-2024,Female,35-44,Boston,MA,Direct,Active
1498,CUST-01498,22-09-2025,Male,35-44,New York,NY,Direct,Inactive
1499,CUST-01499,19-10-2024,Female,55-64,Houston,TX,Paid Search,Active
1500,CUST-01500,14-01-2025,Male,18-24,Philadelphia,PA,Direct,Active
1501,CUST-01501,30-01-2024,Female,25-34,Fort Worth,TX,Organic Search,Active
1502,CUST-01502,13-11-2023,Female,25-34,San Antonio,TX,Direct,Active
1503,CUST-01503,14-09-2023,Male,18-24,San Diego,CA,Paid Search,Active
1504,CUST-01504,03-06-2023,Female,65+,Chicago,IL,Organic Search,Active
1505,CUST-01505,22-09-2023,Prefer not to say,35-44,Denver,CO,Direct,Active
1506,CUST-01506,03-08-2023,Male,18-24,Houston,TX,Organic Search,Active
1507,CUST-01507,24-10-2023,Female,35-44,Seattle,WA,Paid Search,Active
1508,CUST-01508,25-07-2024,Female,55-64,Columbus,OH,Paid Search,Active
1509,CUST-01509,18-08-2023,Female,25-34,Seattle,WA,Social Media,Active
1510,CUST-01510,01-03-2024,Female,55-64,Jacksonville,FL,Paid Search,Active
1511,CUST-01511,29-09-2025,Male,45-54,San Jose,CA,Organic Search,Active
1512,CUST-01512,10-07-2024,Male,45-54,San Diego,CA,Referral,Active
1513,CUST-01513,12-11-2025,Male,45-54,San Antonio,TX,Social Media,Active
1514,CUST-01514,09-08-2024,Female,55-64,Dallas,TX,Direct,Active
1515,CUST-01515,01-07-2024,Non-binary,35-44,Philadelphia,PA,Social Media,Active
1516,CUST-01516,20-08-2023,Male,18-24,Chicago,IL,Organic Search,Active
1517,CUST-01517,16-08-2025,Female,25-34,San Diego,CA,Direct,Inactive
1518,CUST-01518,14-07-2025,Male,45-54,Houston,TX,Paid Search,Active
1519,CUST-01519,08-11-2024,Female,25-34,Fort Worth,TX,Referral,Active
1520,CUST-01520,06-07-2024,Male,35-44,Seattle,WA,Social Media,Active
1521,CUST-01521,09-01-2025,Male,25-34,Philadelphia,PA,Organic Search,Active
1522,CUST-01522,04-11-2025,Female,45-54,Los Angeles,CA,Social Media,Active
1523,CUST-01523,10-07-2023,Female,18-24,Seattle,WA,Direct,Active
1524,CUST-01524,19-06-2024,Non-binary,35-44,Dallas,TX,Social Media,Active
1525,CUST-01525,13-01-2024,Male,18-24,Nashville,TN,Paid Search,Active
1526,CUST-01526,08-08-2023,Female,55-64,Seattle,WA,Social Media,Active
1527,CUST-01527,10-06-2025,Male,35-44,Boston,MA,Social Media,Active
1528,CUST-01528,05-03-2024,Female,35-44,Los Angeles,CA,Direct,Active
1529,CUST-01529,07-11-2023,Male,18-24,Seattle,WA,Paid Search,Active
1530,CUST-01530,01-11-2025,Male,25-34,Houston,TX,Organic Search,Active
1531,CUST-01531,23-06-2023,Male,45-54,Boston,MA,Direct,Inactive
1532,CUST-01532,30-03-2024,Male,45-54,Houston,TX,Social Media,Active
1533,CUST-01533,09-05-2024,Male,25-34,Chicago,IL,Organic Search,Active
1534,CUST-01534,29-07-2023,Female,25-34,Jacksonville,FL,Organic Search,Active
1535,CUST-01535,24-09-2023,Female,45-54,New York,NY,Direct,Active
1536,CUST-01536,20-10-2024,Female,35-44,San Diego,CA,Referral,Active
1537,CUST-01537,25-06-2023,Female,65+,Seattle,WA,Organic Search,Active
1538,CUST-01538,30-07-2025,Male,35-44,Philadelphia,PA,Direct,Inactive
1539,CUST-01539,08-12-2023,Female,18-24,New York,NY,Direct,Active
1540,CUST-01540,23-08-2025,Female,55-64,San Diego,CA,Paid Search,Inactive
1541,CUST-01541,13-11-2023,Female,45-54,Dallas,TX,Paid Search,Active
1542,CUST-01542,25-11-2025,Female,18-24,New York,NY,Direct,Active
1543,CUST-01543,12-09-2023,Male,35-44,Fort Worth,TX,Organic Search,Active
1544,CUST-01544,16-03-2024,Male,25-34,Fort Worth,TX,Social Media,Inactive
1545,CUST-01545,21-12-2024,Male,65+,Philadelphia,PA,Direct,Active
1546,CUST-01546,18-08-2024,Female,25-34,Chicago,IL,Referral,Active
1547,CUST-01547,30-10-2025,Male,25-34,Chicago,IL,Paid Search,Active
1548,CUST-01548,17-10-2023,Female,55-64,Dallas,TX,Organic Search,Active
1549,CUST-01549,01-10-2023,Male,65+,Denver,CO,Social Media,Active
1550,CUST-01550,19-06-2024,Male,35-44,Atlanta,GA,Organic Search,Active
1551,CUST-01551,26-10-2024,Female,25-34,Houston,TX,Social Media,Active
1552,CUST-01552,13-10-2024,Female,18-24,Los Angeles,CA,Email,Active
1553,CUST-01553,07-08-2023,Non-binary,25-34,New York,NY,Referral,Active
1554,CUST-01554,29-06-2025,Male,25-34,Los Angeles,CA,Social Media,Active
1555,CUST-01555,14-11-2023,Female,45-54,Jacksonville,FL,Email,Active
1556,CUST-01556,06-03-2025,Male,35-44,Austin,TX,Referral,Active
1557,CUST-01557,25-07-2024,Female,18-24,Houston,TX,Paid Search,Active
1558,CUST-01558,28-11-2023,Male,35-44,Phoenix,AZ,Paid Search,Active
1559,CUST-01559,25-09-2024,Female,55-64,Jacksonville,FL,Social Media,Active
1560,CUST-01560,10-06-2025,Female,35-44,Seattle,WA,Direct,Active
1561,CUST-01561,21-09-2024,Male,55-64,New York,NY,Organic Search,Inactive
1562,CUST-01562,27-10-2025,Female,35-44,Dallas,TX,Organic Search,Active
1563,CUST-01563,28-07-2023,Male,18-24,Jacksonville,FL,Social Media,Active
1564,CUST-01564,06-09-2023,Female,35-44,Las Vegas,NV,Social Media,Active
1565,CUST-01565,13-09-2025,Female,45-54,Chicago,IL,Organic Search,Active
1566,CUST-01566,06-03-2025,Male,45-54,Chicago,IL,Social Media,Active
1567,CUST-01567,22-11-2025,Female,25-34,Columbus,OH,Email,Active
1568,CUST-01568,22-08-2023,Prefer not to say,25-34,Los Angeles,CA,Social Media,Active
1569,CUST-01569,16-02-2024,Male,25-34,Atlanta,GA,Paid Search,Active
1570,CUST-01570,08-03-2025,Male,65+,Chicago,IL,Organic Search,Active
1571,CUST-01571,07-07-2025,Female,25-34,Fort Worth,TX,Organic Search,Inactive
1572,CUST-01572,28-10-2024,Male,55-64,Philadelphia,PA,Organic Search,Inactive
1573,CUST-01573,12-06-2023,Female,18-24,Las Vegas,NV,Organic Search,Active
1574,CUST-01574,23-08-2023,Male,25-34,Fort Worth,TX,Email,Active
1575,CUST-01575,03-05-2025,Female,55-64,Denver,CO,Referral,Active
1576,CUST-01576,22-07-2023,Female,35-44,Nashville,TN,Email,Active
1577,CUST-01577,19-03-2024,Female,35-44,Denver,CO,Email,Active
1578,CUST-01578,06-09-2024,Female,65+,Fort Worth,TX,Referral,Inactive
1579,CUST-01579,02-07-2024,Male,65+,Austin,TX,Paid Search,Active
1580,CUST-01580,06-07-2023,Male,55-64,Philadelphia,PA,Referral,Active
1581,CUST-01581,28-03-2024,Male,35-44,Fort Worth,TX,Organic Search,Active
1582,CUST-01582,04-11-2024,Female,35-44,New York,NY,Direct,Active
1583,CUST-01583,12-06-2025,Female,45-54,Denver,CO,Email,Active
1584,CUST-01584,09-01-2024,Female,55-64,Atlanta,GA,Organic Search,Inactive
1585,CUST-01585,26-06-2024,Female,25-34,Los Angeles,CA,Email,Active
1586,CUST-01586,16-07-2024,Male,45-54,Boston,MA,Email,Active
1587,CUST-01587,24-08-2025,Female,55-64,Fort Worth,TX,Paid Search,Active
1588,CUST-01588,13-06-2023,Female,35-44,Las Vegas,NV,Email,Active
1589,CUST-01589,11-05-2024,Male,45-54,Jacksonville,FL,Direct,Active
1590,CUST-01590,03-12-2024,Female,18-24,Houston,TX,Social Media,Active
1591,CUST-01591,12-05-2024,Male,35-44,Columbus,OH,Social Media,Active
1592,CUST-01592,06-02-2024,Female,65+,Columbus,OH,Referral,Active
1593,CUST-01593,05-10-2023,Female,55-64,Seattle,WA,Organic Search,Active
1594,CUST-01594,13-11-2023,Female,65+,San Diego,CA,Referral,Active
1595,CUST-01595,05-11-2023,Male,35-44,Nashville,TN,Email,Active
1596,CUST-01596,15-05-2025,Female,45-54,Las Vegas,NV,Paid Search,Active
1597,CUST-01597,04-11-2025,Female,65+,Miami,FL,Social Media,Active
1598,CUST-01598,15-12-2023,Male,45-54,Charlotte,NC,Paid Search,Active
1599,CUST-01599,18-06-2023,Female,55-64,Las Vegas,NV,Email,Active
1600,CUST-01600,25-11-2025,Female,25-34,Chicago,IL,Email,Active
1601,CUST-01601,10-01-2024,Male,35-44,Washington,DC,Social Media,Active
1602,CUST-01602,06-08-2023,Male,25-34,Chicago,IL,Email,Active
1603,CUST-01603,14-02-2024,Female,55-64,Austin,TX,Organic Search,Active
1604,CUST-01604,10-10-2023,Female,35-44,Nashville,TN,Organic Search,Active
1605,CUST-01605,10-06-2024,Male,18-24,Miami,FL,Social Media,Active
1606,CUST-01606,28-05-2025,Male,18-24,Washington,DC,Direct,Active
1607,CUST-01607,06-03-2024,Female,35-44,San Diego,CA,Paid Search,Active
1608,CUST-01608,10-02-2024,Male,35-44,Phoenix,AZ,Direct,Active
1609,CUST-01609,11-12-2023,Male,55-64,Columbus,OH,Organic Search,Inactive
1610,CUST-01610,18-01-2024,Male,65+,Columbus,OH,Direct,Active
1611,CUST-01611,16-08-2024,Male,25-34,Los Angeles,CA,Organic Search,Active
1612,CUST-01612,09-06-2024,Female,35-44,Dallas,TX,Direct,Active
1613,CUST-01613,18-04-2025,Female,25-34,Austin,TX,Email,Active
1614,CUST-01614,10-12-2023,Female,45-54,Miami,FL,Direct,Active
1615,CUST-01615,28-04-2024,Non-binary,55-64,Chicago,IL,Referral,Active
1616,CUST-01616,12-10-2025,Female,35-44,Los Angeles,CA,Direct,Inactive
1617,CUST-01617,20-03-2025,Male,45-54,Phoenix,AZ,Paid Search,Active
1618,CUST-01618,25-10-2024,Female,18-24,New York,NY,Direct,Active
1619,CUST-01619,04-10-2025,Female,18-24,Charlotte,NC,Referral,Active
1620,CUST-01620,13-08-2023,Male,25-34,San Antonio,TX,Referral,Active
1621,CUST-01621,17-09-2024,Female,55-64,New York,NY,Paid Search,Active
1622,CUST-01622,06-03-2025,Female,18-24,Dallas,TX,Social Media,Active
1623,CUST-01623,16-06-2024,Male,25-34,Houston,TX,Organic Search,Active
1624,CUST-01624,07-10-2023,Male,55-64,San Jose,CA,Referral,Active
1625,CUST-01625,05-08-2024,Male,35-44,Columbus,OH,Organic Search,Active
1626,CUST-01626,24-02-2025,Prefer not to say,35-44,New York,NY,Paid Search,Active
1627,CUST-01627,24-05-2024,Male,45-54,Houston,TX,Email,Active
1628,CUST-01628,07-06-2023,Male,65+,Chicago,IL,Organic Search,Active
1629,CUST-01629,03-10-2025,Male,35-44,Dallas,TX,Organic Search,Active
1630,CUST-01630,20-07-2023,Male,65+,New York,NY,Email,Active
1631,CUST-01631,10-06-2024,Male,25-34,San Antonio,TX,Referral,Active
1632,CUST-01632,07-09-2025,Male,55-64,Houston,TX,Paid Search,Active
1633,CUST-01633,19-09-2025,Male,45-54,San Jose,CA,Email,Active
1634,CUST-01634,24-11-2023,Female,18-24,San Diego,CA,Paid Search,Active
1635,CUST-01635,22-07-2023,Female,35-44,Los Angeles,CA,Organic Search,Inactive
1636,CUST-01636,19-02-2025,Female,35-44,San Antonio,TX,Direct,Active
1637,CUST-01637,31-01-2024,Male,18-24,Los Angeles,CA,Social Media,Active
1638,CUST-01638,29-09-2024,Male,25-34,Portland,OR,Email,Active
1639,CUST-01639,02-02-2025,Male,25-34,San Diego,CA,Social Media,Active
1640,CUST-01640,02-12-2023,Male,45-54,San Antonio,TX,Referral,Inactive
1641,CUST-01641,29-12-2024,Female,35-44,New York,NY,Direct,Active
1642,CUST-01642,03-10-2024,Male,45-54,Columbus,OH,Organic Search,Active
1643,CUST-01643,17-09-2025,Female,35-44,Nashville,TN,Social Media,Active
1644,CUST-01644,05-06-2023,Male,35-44,Washington,DC,Email,Active
1645,CUST-01645,26-06-2025,Male,35-44,Seattle,WA,Referral,Active
1646,CUST-01646,25-01-2025,Female,35-44,Portland,OR,Direct,Active
1647,CUST-01647,07-04-2024,Male,18-24,Austin,TX,Paid Search,Active
1648,CUST-01648,07-06-2025,Female,55-64,New York,NY,Referral,Active
1649,CUST-01649,13-02-2024,Female,55-64,San Diego,CA,Organic Search,Active
1650,CUST-01650,25-10-2023,Female,18-24,New York,NY,Organic Search,Active
1651,CUST-01651,02-11-2023,Male,35-44,Las Vegas,NV,Paid Search,Active
1652,CUST-01652,17-08-2023,Prefer not to say,25-34,Las Vegas,NV,Organic Search,Active
1653,CUST-01653,24-01-2025,Female,45-54,Denver,CO,Organic Search,Active
1654,CUST-01654,17-06-2023,Male,55-64,Phoenix,AZ,Social Media,Active
1655,CUST-01655,21-03-2025,Female,25-34,Fort Worth,TX,Direct,Inactive
1656,CUST-01656,05-09-2023,Female,45-54,San Antonio,TX,Referral,Active
1657,CUST-01657,09-03-2024,Male,18-24,Jacksonville,FL,Organic Search,Active
1658,CUST-01658,20-07-2024,Male,65+,New York,NY,Social Media,Active
1659,CUST-01659,01-09-2025,Male,65+,New York,NY,Social Media,Active
1660,CUST-01660,16-11-2025,Female,45-54,Boston,MA,Organic Search,Active
1661,CUST-01661,27-10-2023,Female,45-54,San Jose,CA,Organic Search,Active
1662,CUST-01662,30-11-2024,Male,65+,Fort Worth,TX,Email,Active
1663,CUST-01663,08-11-2024,Female,55-64,Charlotte,NC,Email,Active
1664,CUST-01664,10-06-2025,Male,25-34,Chicago,IL,Paid Search,Active
1665,CUST-01665,30-11-2025,Male,25-34,Miami,FL,Paid Search,Active
1666,CUST-01666,03-05-2024,Male,55-64,Atlanta,GA,Email,Active
1667,CUST-01667,15-11-2024,Male,25-34,Las Vegas,NV,Social Media,Active
1668,CUST-01668,12-11-2024,Female,25-34,New York,NY,Referral,Active
1669,CUST-01669,11-05-2024,Male,35-44,Charlotte,NC,Paid Search,Inactive
1670,CUST-01670,14-09-2023,Male,55-64,Denver,CO,Direct,Active
1671,CUST-01671,29-07-2024,Female,45-54,Charlotte,NC,Organic Search,Active
1672,CUST-01672,10-10-2023,Male,35-44,New York,NY,Email,Active
1673,CUST-01673,15-10-2025,Male,45-54,Charlotte,NC,Social Media,Active
1674,CUST-01674,26-05-2024,Female,35-44,Dallas,TX,Paid Search,Active
1675,CUST-01675,22-01-2025,Male,25-34,San Diego,CA,Paid Search,Active
1676,CUST-01676,19-03-2024,Male,25-34,Los Angeles,CA,Email,Active
1677,CUST-01677,25-07-2024,Male,25-34,Boston,MA,Email,Active
1678,CUST-01678,17-10-2023,Female,65+,Washington,DC,Referral,Active
1679,CUST-01679,04-11-2025,Male,45-54,Washington,DC,Direct,Active
1680,CUST-01680,07-08-2024,Male,18-24,Chicago,IL,Paid Search,Active
1681,CUST-01681,27-12-2023,Male,25-34,Miami,FL,Direct,Inactive
1682,CUST-01682,08-01-2025,Female,35-44,Phoenix,AZ,Social Media,Active
1683,CUST-01683,17-01-2025,Prefer not to say,55-64,Los Angeles,CA,Direct,Active
1684,CUST-01684,11-07-2024,Female,35-44,Chicago,IL,Direct,Inactive
1685,CUST-01685,11-06-2025,Male,25-34,Philadelphia,PA,Social Media,Active
1686,CUST-01686,12-01-2025,Male,65+,San Diego,CA,Email,Active
1687,CUST-01687,08-11-2024,Prefer not to say,25-34,Philadelphia,PA,Paid Search,Active
1688,CUST-01688,05-07-2023,Female,55-64,Boston,MA,Paid Search,Active
1689,CUST-01689,27-04-2024,Female,45-54,Austin,TX,Referral,Inactive
1690,CUST-01690,21-11-2023,Female,35-44,Washington,DC,Organic Search,Active
1691,CUST-01691,17-03-2025,Female,35-44,Dallas,TX,Social Media,Inactive
1692,CUST-01692,04-10-2024,Male,55-64,Fort Worth,TX,Organic Search,Active
1693,CUST-01693,09-09-2024,Female,35-44,Boston,MA,Referral,Active
1694,CUST-01694,22-12-2024,Male,35-44,Dallas,TX,Organic Search,Active
1695,CUST-01695,06-01-2025,Female,35-44,Washington,DC,Social Media,Active
1696,CUST-01696,20-09-2025,Male,35-44,Houston,TX,Organic Search,Active
1697,CUST-01697,04-10-2023,Female,45-54,Miami,FL,Email,Active
1698,CUST-01698,20-06-2023,Male,45-54,New York,NY,Email,Inactive
1699,CUST-01699,24-02-2025,Male,35-44,San Antonio,TX,Organic Search,Inactive
1700,CUST-01700,10-09-2023,Male,65+,Houston,TX,Direct,Active
1701,CUST-01701,25-07-2025,Male,25-34,San Antonio,TX,Organic Search,Active
1702,CUST-01702,02-01-2024,Male,35-44,Miami,FL,Organic Search,Active
1703,CUST-01703,04-07-2023,Male,25-34,Philadelphia,PA,Social Media,Active
1704,CUST-01704,01-08-2023,Male,45-54,New York,NY,Social Media,Active
1705,CUST-01705,09-03-2025,Female,25-34,Portland,OR,Organic Search,Active
1706,CUST-01706,17-08-2024,Male,25-34,New York,NY,Direct,Active
1707,CUST-01707,16-06-2023,Female,25-34,San Antonio,TX,Referral,Active
1708,CUST-01708,19-05-2024,Female,35-44,Austin,TX,Social Media,Active
1709,CUST-01709,12-09-2023,Male,25-34,Austin,TX,Organic Search,Active
1710,CUST-01710,11-08-2024,Female,45-54,Houston,TX,Referral,Active
1711,CUST-01711,23-11-2023,Female,45-54,San Diego,CA,Social Media,Active
1712,CUST-01712,28-12-2024,Female,25-34,Portland,OR,Direct,Active
1713,CUST-01713,29-01-2025,Male,35-44,Fort Worth,TX,Referral,Active
1714,CUST-01714,29-05-2025,Female,18-24,New York,NY,Paid Search,Active
1715,CUST-01715,17-05-2024,Female,35-44,Denver,CO,Organic Search,Active
1716,CUST-01716,02-10-2023,Male,18-24,New York,NY,Email,Active
1717,CUST-01717,05-06-2025,Male,45-54,Philadelphia,PA,Email,Active
1718,CUST-01718,03-07-2025,Male,25-34,Seattle,WA,Referral,Active
1719,CUST-01719,28-08-2023,Female,25-34,Chicago,IL,Organic Search,Active
1720,CUST-01720,10-02-2024,Male,25-34,New York,NY,Paid Search,Active
1721,CUST-01721,16-10-2025,Female,45-54,Houston,TX,Organic Search,Active
1722,CUST-01722,18-07-2024,Male,18-24,Las Vegas,NV,Organic Search,Active
1723,CUST-01723,06-11-2024,Male,55-64,Washington,DC,Organic Search,Active
1724,CUST-01724,08-08-2025,Female,45-54,San Diego,CA,Direct,Active
1725,CUST-01725,01-08-2025,Female,55-64,Los Angeles,CA,Email,Active
1726,CUST-01726,29-01-2024,Male,55-64,Los Angeles,CA,Referral,Active
1727,CUST-01727,06-08-2024,Non-binary,45-54,Seattle,WA,Referral,Active
1728,CUST-01728,27-04-2025,Female,35-44,Fort Worth,TX,Social Media,Active
1729,CUST-01729,04-03-2024,Female,18-24,Dallas,TX,Social Media,Active
1730,CUST-01730,11-11-2023,Female,25-34,Denver,CO,Organic Search,Active
1731,CUST-01731,22-02-2024,Female,35-44,Atlanta,GA,Email,Active
1732,CUST-01732,17-04-2024,Male,45-54,Denver,CO,Email,Active
1733,CUST-01733,19-05-2025,Female,55-64,San Diego,CA,Paid Search,Active
1734,CUST-01734,25-09-2024,Female,45-54,Atlanta,GA,Organic Search,Active
1735,CUST-01735,18-08-2024,Male,35-44,San Jose,CA,Social Media,Active
1736,CUST-01736,20-03-2024,Male,25-34,Columbus,OH,Direct,Active
1737,CUST-01737,29-12-2024,Male,35-44,San Jose,CA,Organic Search,Active
1738,CUST-01738,20-10-2023,Female,35-44,Houston,TX,Email,Inactive
1739,CUST-01739,12-11-2024,Female,25-34,Charlotte,NC,Email,Active
1740,CUST-01740,27-01-2025,Female,55-64,Fort Worth,TX,Direct,Active
1741,CUST-01741,13-08-2023,Female,55-64,Dallas,TX,Paid Search,Active
1742,CUST-01742,01-04-2024,Male,45-54,Phoenix,AZ,Email,Active
1743,CUST-01743,03-08-2023,Female,18-24,New York,NY,Paid Search,Active
1744,CUST-01744,31-08-2024,Male,18-24,Washington,DC,Social Media,Active
1745,CUST-01745,10-06-2023,Male,45-54,Charlotte,NC,Organic Search,Active
1746,CUST-01746,04-05-2025,Male,45-54,Portland,OR,Social Media,Active
1747,CUST-01747,27-10-2025,Female,45-54,Charlotte,NC,Organic Search,Active
1748,CUST-01748,30-06-2023,Male,65+,Philadelphia,PA,Social Media,Active
1749,CUST-01749,20-06-2025,Female,25-34,Houston,TX,Organic Search,Active
1750,CUST-01750,01-12-2023,Male,45-54,Austin,TX,Paid Search,Active
1751,CUST-01751,24-09-2023,Male,35-44,Denver,CO,Paid Search,Active
1752,CUST-01752,13-10-2024,Male,65+,Denver,CO,Social Media,Active
1753,CUST-01753,25-06-2025,Non-binary,35-44,Columbus,OH,Direct,Active
1754,CUST-01754,08-03-2024,Prefer not to say,18-24,Nashville,TN,Direct,Active
1755,CUST-01755,16-04-2024,Female,35-44,Charlotte,NC,Social Media,Inactive
1756,CUST-01756,06-11-2023,Male,35-44,Portland,OR,Social Media,Active
1757,CUST-01757,10-08-2023,Female,35-44,Los Angeles,CA,Email,Active
1758,CUST-01758,15-11-2023,Male,45-54,San Antonio,TX,Email,Active
1759,CUST-01759,18-01-2024,Female,55-64,Los Angeles,CA,Email,Active
1760,CUST-01760,20-05-2024,Female,45-54,San Diego,CA,Paid Search,Active
1761,CUST-01761,10-11-2023,Male,65+,Los Angeles,CA,Organic Search,Active
1762,CUST-01762,16-08-2025,Female,35-44,Los Angeles,CA,Paid Search,Active
1763,CUST-01763,27-03-2025,Male,25-34,Dallas,TX,Organic Search,Active
1764,CUST-01764,12-09-2024,Male,25-34,New York,NY,Direct,Active
1765,CUST-01765,06-09-2023,Female,35-44,New York,NY,Paid Search,Active
1766,CUST-01766,27-04-2024,Female,45-54,San Antonio,TX,Direct,Active
1767,CUST-01767,23-06-2024,Male,45-54,Washington,DC,Social Media,Active
1768,CUST-01768,13-05-2024,Female,25-34,Nashville,TN,Organic Search,Active
1769,CUST-01769,04-08-2024,Male,65+,San Diego,CA,Social Media,Active
1770,CUST-01770,10-08-2023,Male,35-44,Charlotte,NC,Paid Search,Active
1771,CUST-01771,16-05-2025,Male,35-44,Portland,OR,Paid Search,Active
1772,CUST-01772,11-09-2024,Non-binary,45-54,Fort Worth,TX,Direct,Active
1773,CUST-01773,15-11-2023,Female,65+,San Diego,CA,Direct,Active
1774,CUST-01774,08-02-2024,Female,45-54,Charlotte,NC,Email,Active
1775,CUST-01775,17-01-2024,Male,18-24,Atlanta,GA,Direct,Active
1776,CUST-01776,23-10-2023,Female,35-44,Miami,FL,Paid Search,Active
1777,CUST-01777,02-01-2024,Female,65+,San Diego,CA,Paid Search,Active
1778,CUST-01778,31-10-2024,Female,55-64,Columbus,OH,Email,Active
1779,CUST-01779,07-12-2023,Male,45-54,San Jose,CA,Direct,Active
1780,CUST-01780,14-12-2024,Non-binary,65+,Dallas,TX,Organic Search,Active
1781,CUST-01781,11-09-2023,Female,25-34,Charlotte,NC,Paid Search,Active
1782,CUST-01782,29-09-2023,Prefer not to say,25-34,Austin,TX,Organic Search,Active
1783,CUST-01783,24-08-2024,Female,35-44,New York,NY,Paid Search,Active
1784,CUST-01784,18-04-2024,Male,18-24,Nashville,TN,Paid Search,Active
1785,CUST-01785,21-02-2024,Female,35-44,Denver,CO,Paid Search,Active
1786,CUST-01786,05-08-2024,Male,35-44,Los Angeles,CA,Organic Search,Active
1787,CUST-01787,15-10-2025,Male,25-34,New York,NY,Paid Search,Active
1788,CUST-01788,16-10-2023,Male,35-44,Dallas,TX,Organic Search,Active
1789,CUST-01789,04-09-2024,Female,18-24,Dallas,TX,Direct,Active
1790,CUST-01790,25-12-2023,Male,35-44,Phoenix,AZ,Organic Search,Active
1791,CUST-01791,28-12-2024,Female,25-34,San Diego,CA,Paid Search,Active
1792,CUST-01792,01-12-2024,Female,18-24,Philadelphia,PA,Email,Active
1793,CUST-01793,15-02-2024,Male,25-34,Chicago,IL,Organic Search,Inactive
1794,CUST-01794,24-02-2025,Female,65+,Charlotte,NC,Email,Active
1795,CUST-01795,16-06-2023,Male,35-44,Austin,TX,Organic Search,Active
1796,CUST-01796,26-09-2023,Male,35-44,Charlotte,NC,Email,Active
1797,CUST-01797,02-09-2024,Female,18-24,Chicago,IL,Email,Active
1798,CUST-01798,27-02-2024,Female,25-34,Philadelphia,PA,Referral,Active
1799,CUST-01799,05-01-2025,Male,25-34,Los Angeles,CA,Social Media,Active
1800,CUST-01800,25-08-2025,Male,25-34,Washington,DC,Social Media,Active
1801,CUST-01801,01-06-2025,Female,25-34,Denver,CO,Social Media,Active
1802,CUST-01802,03-10-2024,Female,35-44,New York,NY,Social Media,Active
1803,CUST-01803,08-03-2025,Male,18-24,Portland,OR,Direct,Active
1804,CUST-01804,21-09-2025,Male,45-54,Denver,CO,Paid Search,Active
1805,CUST-01805,22-02-2024,Male,25-34,Chicago,IL,Paid Search,Inactive
1806,CUST-01806,14-09-2023,Male,55-64,San Antonio,TX,Referral,Active
1807,CUST-01807,25-10-2024,Male,25-34,Houston,TX,Organic Search,Active
1808,CUST-01808,28-09-2023,Male,35-44,Houston,TX,Direct,Inactive
1809,CUST-01809,26-08-2023,Female,25-34,Phoenix,AZ,Email,Active
1810,CUST-01810,07-02-2025,Female,35-44,Charlotte,NC,Paid Search,Active
1811,CUST-01811,30-03-2024,Female,25-34,Atlanta,GA,Organic Search,Active
1812,CUST-01812,19-10-2023,Male,35-44,San Jose,CA,Paid Search,Active
1813,CUST-01813,30-01-2024,Male,35-44,Fort Worth,TX,Organic Search,Active
1814,CUST-01814,15-05-2024,Male,55-64,Nashville,TN,Referral,Active
1815,CUST-01815,20-04-2025,Male,35-44,Chicago,IL,Paid Search,Active
1816,CUST-01816,18-06-2023,Female,55-64,Fort Worth,TX,Paid Search,Active
1817,CUST-01817,16-06-2023,Male,25-34,Dallas,TX,Referral,Active
1818,CUST-01818,02-11-2023,Female,25-34,Columbus,OH,Direct,Active
1819,CUST-01819,08-03-2024,Male,25-34,San Diego,CA,Email,Active
1820,CUST-01820,23-03-2024,Male,55-64,New York,NY,Direct,Active
1821,CUST-01821,17-07-2025,Male,65+,Houston,TX,Social Media,Active
1822,CUST-01822,12-02-2024,Male,25-34,Miami,FL,Paid Search,Inactive
1823,CUST-01823,15-05-2024,Male,25-34,San Diego,CA,Social Media,Active
1824,CUST-01824,14-09-2025,Male,35-44,Fort Worth,TX,Direct,Active
1825,CUST-01825,28-01-2024,Female,18-24,Nashville,TN,Organic Search,Active
1826,CUST-01826,16-12-2023,Male,18-24,Miami,FL,Paid Search,Active
1827,CUST-01827,01-05-2024,Male,55-64,Dallas,TX,Referral,Active
1828,CUST-01828,17-06-2024,Female,45-54,Atlanta,GA,Referral,Active
1829,CUST-01829,01-03-2024,Female,25-34,Jacksonville,FL,Organic Search,Inactive
1830,CUST-01830,02-07-2023,Female,18-24,Chicago,IL,Organic Search,Active
1831,CUST-01831,17-09-2025,Female,45-54,Los Angeles,CA,Email,Active
1832,CUST-01832,01-02-2025,Non-binary,45-54,Columbus,OH,Paid Search,Active
1833,CUST-01833,26-03-2025,Male,55-64,New York,NY,Social Media,Active
1834,CUST-01834,08-08-2024,Male,35-44,Washington,DC,Paid Search,Inactive
1835,CUST-01835,15-09-2024,Female,55-64,San Diego,CA,Social Media,Active
1836,CUST-01836,25-06-2023,Female,45-54,Dallas,TX,Organic Search,Active
1837,CUST-01837,01-11-2023,Female,25-34,Las Vegas,NV,Paid Search,Active
1838,CUST-01838,12-11-2025,Female,35-44,Columbus,OH,Direct,Active
1839,CUST-01839,23-06-2024,Female,45-54,Chicago,IL,Social Media,Active
1840,CUST-01840,11-07-2023,Male,35-44,Los Angeles,CA,Paid Search,Active
1841,CUST-01841,01-06-2024,Male,35-44,Seattle,WA,Email,Active
1842,CUST-01842,19-12-2024,Female,35-44,Washington,DC,Email,Inactive
1843,CUST-01843,26-06-2023,Female,55-64,San Jose,CA,Referral,Active
1844,CUST-01844,22-10-2023,Female,25-34,Denver,CO,Organic Search,Active
1845,CUST-01845,13-01-2024,Male,35-44,Austin,TX,Social Media,Active
1846,CUST-01846,21-04-2025,Female,35-44,Charlotte,NC,Organic Search,Active
1847,CUST-01847,15-07-2024,Female,25-34,Phoenix,AZ,Email,Active
1848,CUST-01848,26-10-2024,Male,25-34,San Antonio,TX,Organic Search,Active
1849,CUST-01849,18-06-2023,Prefer not to say,35-44,San Jose,CA,Organic Search,Active
1850,CUST-01850,03-09-2023,Female,65+,Austin,TX,Paid Search,Active
1851,CUST-01851,27-08-2023,Female,45-54,Fort Worth,TX,Organic Search,Active
1852,CUST-01852,25-03-2024,Male,35-44,Austin,TX,Referral,Active
1853,CUST-01853,25-01-2024,Female,35-44,Houston,TX,Paid Search,Active
1854,CUST-01854,30-05-2025,Male,45-54,Portland,OR,Organic Search,Active
1855,CUST-01855,09-10-2023,Female,35-44,Miami,FL,Direct,Active
1856,CUST-01856,10-06-2023,Male,18-24,Atlanta,GA,Paid Search,Active
1857,CUST-01857,10-08-2025,Female,45-54,Miami,FL,Direct,Active
1858,CUST-01858,15-11-2025,Male,18-24,San Jose,CA,Paid Search,Active
1859,CUST-01859,23-09-2024,Female,65+,Columbus,OH,Email,Active
1860,CUST-01860,24-09-2024,Female,45-54,Charlotte,NC,Direct,Active
1861,CUST-01861,15-03-2024,Male,45-54,Columbus,OH,Organic Search,Active
1862,CUST-01862,10-12-2023,Female,18-24,Seattle,WA,Email,Active
1863,CUST-01863,30-09-2025,Female,18-24,Phoenix,AZ,Direct,Active
1864,CUST-01864,29-10-2025,Female,45-54,Atlanta,GA,Social Media,Active
1865,CUST-01865,21-10-2023,Female,35-44,Fort Worth,TX,Direct,Active
1866,CUST-01866,19-07-2024,Male,25-34,San Jose,CA,Organic Search,Active
1867,CUST-01867,03-07-2023,Female,35-44,Jacksonville,FL,Email,Active
1868,CUST-01868,15-04-2024,Prefer not to say,45-54,Jacksonville,FL,Direct,Active
1869,CUST-01869,30-08-2024,Female,25-34,Nashville,TN,Direct,Active
1870,CUST-01870,18-05-2024,Female,25-34,Fort Worth,TX,Paid Search,Active
1871,CUST-01871,05-04-2024,Male,25-34,Washington,DC,Paid Search,Active
1872,CUST-01872,09-06-2025,Prefer not to say,25-34,Los Angeles,CA,Direct,Active
1873,CUST-01873,04-09-2024,Female,18-24,Phoenix,AZ,Paid Search,Active
1874,CUST-01874,16-09-2024,Female,35-44,Chicago,IL,Referral,Active
1875,CUST-01875,18-07-2024,Male,18-24,Washington,DC,Paid Search,Active
1876,CUST-01876,20-12-2024,Female,35-44,Dallas,TX,Social Media,Active
1877,CUST-01877,04-07-2023,Female,35-44,Portland,OR,Email,Active
1878,CUST-01878,06-01-2024,Male,25-34,Seattle,WA,Email,Active
1879,CUST-01879,25-05-2024,Female,18-24,Los Angeles,CA,Email,Active
1880,CUST-01880,23-11-2024,Male,35-44,Dallas,TX,Social Media,Active
1881,CUST-01881,01-07-2025,Female,65+,Columbus,OH,Email,Active
1882,CUST-01882,13-03-2024,Male,55-64,Jacksonville,FL,Email,Inactive
1883,CUST-01883,25-01-2025,Prefer not to say,35-44,Portland,OR,Organic Search,Active
1884,CUST-01884,22-12-2023,Male,55-64,Phoenix,AZ,Organic Search,Active
1885,CUST-01885,05-07-2023,Female,35-44,Dallas,TX,Direct,Active
1886,CUST-01886,07-06-2023,Male,25-34,Columbus,OH,Organic Search,Active
1887,CUST-01887,04-12-2024,Male,55-64,Chicago,IL,Social Media,Active
1888,CUST-01888,06-07-2025,Male,35-44,Austin,TX,Social Media,Active
1889,CUST-01889,02-06-2023,Female,35-44,Fort Worth,TX,Social Media,Active
1890,CUST-01890,18-02-2024,Male,35-44,Houston,TX,Social Media,Active
1891,CUST-01891,30-04-2024,Male,25-34,New York,NY,Organic Search,Active
1892,CUST-01892,09-12-2023,Non-binary,55-64,Washington,DC,Organic Search,Active
1893,CUST-01893,28-05-2025,Female,55-64,Columbus,OH,Paid Search,Active
1894,CUST-01894,23-04-2025,Male,45-54,Jacksonville,FL,Email,Active
1895,CUST-01895,05-01-2024,Male,55-64,Washington,DC,Paid Search,Active
1896,CUST-01896,08-11-2025,Male,45-54,Los Angeles,CA,Organic Search,Inactive
1897,CUST-01897,29-05-2024,Female,18-24,Miami,FL,Social Media,Active
1898,CUST-01898,27-06-2024,Male,45-54,Chicago,IL,Organic Search,Active
1899,CUST-01899,05-07-2024,Male,35-44,Los Angeles,CA,Organic Search,Active
1900,CUST-01900,06-09-2024,Female,18-24,Boston,MA,Organic Search,Active
1901,CUST-01901,17-04-2025,Female,18-24,Charlotte,NC,Organic Search,Active
1902,CUST-01902,22-11-2024,Male,35-44,Portland,OR,Organic Search,Active
1903,CUST-01903,30-07-2024,Female,35-44,Chicago,IL,Organic Search,Active
1904,CUST-01904,21-04-2025,Female,45-54,Atlanta,GA,Paid Search,Active
1905,CUST-01905,04-08-2023,Female,35-44,San Antonio,TX,Social Media,Active
1906,CUST-01906,07-10-2024,Male,35-44,Miami,FL,Social Media,Active
1907,CUST-01907,20-11-2024,Female,65+,Chicago,IL,Email,Active
1908,CUST-01908,16-04-2025,Male,25-34,Dallas,TX,Direct,Active
1909,CUST-01909,08-02-2024,Male,25-34,Jacksonville,FL,Organic Search,Active
1910,CUST-01910,17-09-2023,Female,18-24,San Jose,CA,Organic Search,Inactive
1911,CUST-01911,29-11-2024,Female,35-44,Charlotte,NC,Email,Active
1912,CUST-01912,09-08-2025,Female,25-34,Atlanta,GA,Direct,Active
1913,CUST-01913,20-11-2023,Male,18-24,Columbus,OH,Organic Search,Active
1914,CUST-01914,10-12-2023,Female,18-24,Boston,MA,Organic Search,Active
1915,CUST-01915,11-08-2023,Female,18-24,Phoenix,AZ,Referral,Inactive
1916,CUST-01916,07-07-2023,Female,65+,Seattle,WA,Social Media,Active
1917,CUST-01917,03-08-2024,Prefer not to say,25-34,Los Angeles,CA,Direct,Active
1918,CUST-01918,07-08-2025,Female,45-54,Las Vegas,NV,Referral,Inactive
1919,CUST-01919,09-09-2025,Male,35-44,San Diego,CA,Social Media,Active
1920,CUST-01920,12-10-2023,Female,65+,Nashville,TN,Organic Search,Inactive
1921,CUST-01921,03-09-2024,Female,45-54,Washington,DC,Email,Active
1922,CUST-01922,05-06-2025,Male,45-54,Phoenix,AZ,Organic Search,Active
1923,CUST-01923,19-01-2024,Female,55-64,Jacksonville,FL,Email,Active
1924,CUST-01924,02-06-2023,Male,25-34,Nashville,TN,Paid Search,Active
1925,CUST-01925,16-06-2023,Male,25-34,Chicago,IL,Direct,Active
1926,CUST-01926,07-06-2023,Female,65+,Phoenix,AZ,Social Media,Active
1927,CUST-01927,25-02-2025,Male,55-64,Chicago,IL,Social Media,Active
1928,CUST-01928,23-06-2023,Male,18-24,Philadelphia,PA,Organic Search,Inactive
1929,CUST-01929,10-05-2025,Female,55-64,New York,NY,Organic Search,Active
1930,CUST-01930,30-11-2024,Male,25-34,Nashville,TN,Paid Search,Active
1931,CUST-01931,14-01-2024,Male,35-44,Boston,MA,Organic Search,Active
1932,CUST-01932,29-01-2024,Female,65+,Portland,OR,Email,Active
1933,CUST-01933,22-07-2025,Female,25-34,Charlotte,NC,Social Media,Active
1934,CUST-01934,02-10-2025,Female,65+,Chicago,IL,Paid Search,Active
1935,CUST-01935,27-09-2023,Male,25-34,San Antonio,TX,Social Media,Active
1936,CUST-01936,25-02-2025,Male,25-34,Philadelphia,PA,Social Media,Active
1937,CUST-01937,16-08-2023,Female,35-44,Houston,TX,Direct,Active
1938,CUST-01938,29-06-2024,Non-binary,35-44,Seattle,WA,Paid Search,Active
1939,CUST-01939,06-03-2024,Female,35-44,Las Vegas,NV,Organic Search,Active
1940,CUST-01940,20-11-2025,Male,45-54,San Diego,CA,Social Media,Active
1941,CUST-01941,07-03-2024,Female,35-44,Phoenix,AZ,Social Media,Active
1942,CUST-01942,29-01-2024,Female,45-54,San Antonio,TX,Paid Search,Active
1943,CUST-01943,12-03-2025,Male,35-44,Los Angeles,CA,Organic Search,Active
1944,CUST-01944,12-08-2023,Female,18-24,Jacksonville,FL,Organic Search,Active
1945,CUST-01945,17-09-2023,Female,55-64,Houston,TX,Paid Search,Active
1946,CUST-01946,24-09-2024,Male,25-34,Philadelphia,PA,Direct,Active
1947,CUST-01947,22-09-2023,Female,55-64,Los Angeles,CA,Email,Active
1948,CUST-01948,26-05-2024,Male,55-64,Dallas,TX,Direct,Active
1949,CUST-01949,06-06-2023,Non-binary,25-34,San Jose,CA,Direct,Inactive
1950,CUST-01950,15-07-2024,Female,55-64,San Diego,CA,Organic Search,Active
1951,CUST-01951,09-04-2024,Male,18-24,Seattle,WA,Social Media,Active
1952,CUST-01952,08-07-2024,Male,25-34,Las Vegas,NV,Referral,Inactive
1953,CUST-01953,10-02-2024,Male,35-44,Los Angeles,CA,Social Media,Active
1954,CUST-01954,01-10-2023,Female,25-34,Chicago,IL,Paid Search,Active
1955,CUST-01955,25-02-2024,Non-binary,18-24,Nashville,TN,Direct,Active
1956,CUST-01956,15-06-2023,Female,25-34,Dallas,TX,Paid Search,Active
1957,CUST-01957,16-07-2024,Female,45-54,San Diego,CA,Paid Search,Active
1958,CUST-01958,29-10-2024,Male,25-34,Dallas,TX,Organic Search,Active
1959,CUST-01959,24-10-2024,Female,35-44,Miami,FL,Organic Search,Inactive
1960,CUST-01960,19-03-2024,Female,35-44,Seattle,WA,Social Media,Active
1961,CUST-01961,26-12-2024,Male,45-54,Austin,TX,Social Media,Active
1962,CUST-01962,16-12-2024,Male,35-44,Boston,MA,Direct,Active
1963,CUST-01963,08-09-2024,Male,25-34,Charlotte,NC,Social Media,Active
1964,CUST-01964,02-06-2024,Male,25-34,Portland,OR,Referral,Inactive
1965,CUST-01965,19-06-2023,Female,25-34,Columbus,OH,Referral,Active
1966,CUST-01966,21-09-2023,Female,25-34,Seattle,WA,Organic Search,Inactive
1967,CUST-01967,08-11-2025,Female,35-44,Dallas,TX,Organic Search,Active
1968,CUST-01968,31-01-2024,Male,25-34,Seattle,WA,Organic Search,Active
1969,CUST-01969,01-12-2023,Male,45-54,Los Angeles,CA,Paid Search,Active
1970,CUST-01970,25-08-2023,Female,55-64,New York,NY,Direct,Active
1971,CUST-01971,28-03-2024,Female,35-44,Washington,DC,Email,Active
1972,CUST-01972,28-07-2023,Male,25-34,Philadelphia,PA,Social Media,Inactive
1973,CUST-01973,15-08-2023,Female,25-34,Miami,FL,Direct,Active
1974,CUST-01974,08-06-2023,Male,65+,Chicago,IL,Social Media,Active
1975,CUST-01975,01-02-2024,Male,35-44,Phoenix,AZ,Organic Search,Inactive
1976,CUST-01976,30-07-2023,Male,35-44,San Diego,CA,Referral,Active
1977,CUST-01977,15-09-2025,Male,25-34,Austin,TX,Organic Search,Active
1978,CUST-01978,15-01-2024,Female,45-54,New York,NY,Email,Active
1979,CUST-01979,16-12-2023,Female,55-64,Los Angeles,CA,Organic Search,Active
1980,CUST-01980,17-06-2023,Male,55-64,Los Angeles,CA,Social Media,Inactive
1981,CUST-01981,14-09-2023,Male,18-24,New York,NY,Direct,Active
1982,CUST-01982,23-12-2024,Male,35-44,New York,NY,Paid Search,Inactive
1983,CUST-01983,08-12-2023,Female,35-44,Phoenix,AZ,Paid Search,Active
1984,CUST-01984,12-05-2024,Female,25-34,Houston,TX,Referral,Active
1985,CUST-01985,16-08-2023,Male,35-44,Portland,OR,Paid Search,Active
1986,CUST-01986,20-02-2024,Male,35-44,Houston,TX,Direct,Active
1987,CUST-01987,17-02-2024,Male,25-34,Portland,OR,Organic Search,Active
1988,CUST-01988,29-06-2024,Male,25-34,Philadelphia,PA,Direct,Active
1989,CUST-01989,27-06-2023,Female,35-44,Houston,TX,Social Media,Active
1990,CUST-01990,12-12-2023,Male,35-44,Philadelphia,PA,Referral,Active
1991,CUST-01991,26-04-2024,Male,45-54,Los Angeles,CA,Email,Active
1992,CUST-01992,08-07-2025,Female,45-54,Houston,TX,Referral,Active
1993,CUST-01993,15-02-2024,Female,45-54,Philadelphia,PA,Referral,Active
1994,CUST-01994,02-11-2023,Female,65+,Los Angeles,CA,Organic Search,Active
1995,CUST-01995,02-10-2025,Female,35-44,Jacksonville,FL,Organic Search,Active
1996,CUST-01996,30-06-2023,Male,45-54,Houston,TX,Social Media,Active
1997,CUST-01997,16-11-2023,Male,35-44,Denver,CO,Organic Search,Active
1998,CUST-01998,13-12-2023,Female,35-44,Portland,OR,Paid Search,Active
1999,CUST-01999,25-08-2023,Male,25-34,Jacksonville,FL,Organic Search,Active
2000,CUST-02000,19-10-2025,Female,35-44,Los Angeles,CA,Paid Search,Active
2001,CUST-02001,28-04-2024,Male,55-64,Phoenix,AZ,Paid Search,Active
2002,CUST-02002,27-06-2023,Female,25-34,Washington,DC,Organic Search,Active
2003,CUST-02003,28-04-2025,Male,35-44,Fort Worth,TX,Social Media,Active
2004,CUST-02004,29-10-2024,Female,55-64,San Diego,CA,Direct,Active
2005,CUST-02005,19-08-2025,Female,25-34,Dallas,TX,Direct,Active
2006,CUST-02006,25-07-2023,Male,35-44,Houston,TX,Direct,Active
2007,CUST-02007,21-12-2023,Female,18-24,Fort Worth,TX,Organic Search,Active
2008,CUST-02008,05-10-2025,Prefer not to say,45-54,Dallas,TX,Social Media,Active
2009,CUST-02009,23-03-2025,Female,45-54,Boston,MA,Email,Active
2010,CUST-02010,05-12-2024,Male,35-44,Phoenix,AZ,Organic Search,Active
2011,CUST-02011,04-09-2025,Male,18-24,New York,NY,Email,Active
2012,CUST-02012,14-09-2023,Male,35-44,New York,NY,Referral,Active
2013,CUST-02013,04-06-2025,Female,25-34,San Antonio,TX,Paid Search,Active
2014,CUST-02014,27-08-2024,Female,35-44,Boston,MA,Organic Search,Active
2015,CUST-02015,27-07-2023,Female,35-44,San Diego,CA,Organic Search,Active
2016,CUST-02016,17-07-2025,Female,45-54,Atlanta,GA,Social Media,Active
2017,CUST-02017,08-07-2024,Male,35-44,Houston,TX,Email,Active
2018,CUST-02018,24-11-2023,Female,35-44,Fort Worth,TX,Paid Search,Active
2019,CUST-02019,23-11-2023,Male,18-24,Houston,TX,Direct,Inactive
2020,CUST-02020,24-10-2023,Female,45-54,Atlanta,GA,Social Media,Active
2021,CUST-02021,18-05-2024,Prefer not to say,18-24,Nashville,TN,Email,Active
2022,CUST-02022,18-09-2023,Female,25-34,Phoenix,AZ,Referral,Active
2023,CUST-02023,17-11-2025,Male,25-34,Washington,DC,Direct,Active
2024,CUST-02024,23-05-2025,Female,35-44,New York,NY,Direct,Active
2025,CUST-02025,01-07-2025,Male,25-34,Chicago,IL,Social Media,Active
2026,CUST-02026,21-09-2023,Male,25-34,Washington,DC,Organic Search,Inactive
2027,CUST-02027,14-10-2023,Female,25-34,Miami,FL,Paid Search,Active
2028,CUST-02028,08-07-2023,Male,35-44,Washington,DC,Organic Search,Active
2029,CUST-02029,23-02-2025,Female,35-44,Houston,TX,Organic Search,Active
2030,CUST-02030,27-09-2023,Female,25-34,Dallas,TX,Social Media,Active
2031,CUST-02031,18-10-2024,Female,45-54,Seattle,WA,Organic Search,Active
2032,CUST-02032,01-07-2023,Non-binary,25-34,Los Angeles,CA,Referral,Active
2033,CUST-02033,22-05-2025,Male,55-64,Phoenix,AZ,Direct,Active
2034,CUST-02034,21-11-2025,Female,35-44,San Diego,CA,Paid Search,Active
2035,CUST-02035,24-03-2025,Male,18-24,Chicago,IL,Social Media,Inactive
2036,CUST-02036,28-07-2025,Female,45-54,Los Angeles,CA,Paid Search,Active
2037,CUST-02037,10-09-2025,Male,25-34,Dallas,TX,Organic Search,Active
2038,CUST-02038,26-05-2024,Male,45-54,Jacksonville,FL,Paid Search,Active
2039,CUST-02039,17-09-2023,Female,35-44,Jacksonville,FL,Direct,Active
2040,CUST-02040,09-07-2023,Female,35-44,Phoenix,AZ,Paid Search,Active
2041,CUST-02041,16-11-2023,Non-binary,55-64,Miami,FL,Social Media,Active
2042,CUST-02042,07-07-2025,Male,35-44,Los Angeles,CA,Social Media,Active
2043,CUST-02043,17-01-2025,Male,25-34,Columbus,OH,Direct,Active
2044,CUST-02044,24-12-2023,Female,65+,Phoenix,AZ,Social Media,Active
2045,CUST-02045,08-08-2024,Male,35-44,Phoenix,AZ,Organic Search,Inactive
2046,CUST-02046,10-03-2025,Non-binary,35-44,Dallas,TX,Social Media,Active
2047,CUST-02047,23-04-2024,Male,25-34,Atlanta,GA,Organic Search,Inactive
2048,CUST-02048,19-08-2025,Male,55-64,Philadelphia,PA,Direct,Active
2049,CUST-02049,20-06-2023,Female,45-54,Phoenix,AZ,Paid Search,Active
2050,CUST-02050,14-09-2023,Female,25-34,Chicago,IL,Organic Search,Active
2051,CUST-02051,10-11-2023,Female,35-44,Boston,MA,Paid Search,Inactive
2052,CUST-02052,09-07-2024,Male,35-44,Austin,TX,Referral,Active
2053,CUST-02053,25-03-2025,Male,55-64,Chicago,IL,Social Media,Active
2054,CUST-02054,12-07-2025,Female,45-54,Austin,TX,Social Media,Active
2055,CUST-02055,10-07-2023,Male,65+,San Antonio,TX,Organic Search,Active
2056,CUST-02056,22-08-2023,Male,35-44,Los Angeles,CA,Direct,Active
2057,CUST-02057,23-03-2024,Male,35-44,Phoenix,AZ,Social Media,Active
2058,CUST-02058,15-03-2024,Female,45-54,Houston,TX,Direct,Active
2059,CUST-02059,11-11-2023,Female,35-44,Denver,CO,Direct,Active
2060,CUST-02060,04-09-2025,Female,45-54,Houston,TX,Paid Search,Inactive
2061,CUST-02061,01-07-2023,Male,25-34,Atlanta,GA,Paid Search,Active
2062,CUST-02062,22-11-2024,Female,18-24,Philadelphia,PA,Referral,Active
2063,CUST-02063,30-08-2024,Female,45-54,Las Vegas,NV,Organic Search,Active
2064,CUST-02064,29-10-2024,Male,55-64,Seattle,WA,Paid Search,Active
2065,CUST-02065,13-09-2025,Male,45-54,Chicago,IL,Social Media,Active
2066,CUST-02066,29-07-2025,Male,35-44,Philadelphia,PA,Referral,Active
2067,CUST-02067,07-09-2023,Male,55-64,Phoenix,AZ,Referral,Active
2068,CUST-02068,11-06-2024,Male,55-64,New York,NY,Email,Active
2069,CUST-02069,08-02-2024,Female,25-34,Columbus,OH,Referral,Active
2070,CUST-02070,25-12-2024,Male,35-44,San Diego,CA,Paid Search,Active
2071,CUST-02071,22-04-2025,Female,25-34,Boston,MA,Email,Active
2072,CUST-02072,04-11-2025,Male,35-44,Phoenix,AZ,Organic Search,Active
2073,CUST-02073,16-01-2024,Male,55-64,Phoenix,AZ,Email,Active
2074,CUST-02074,03-04-2024,Male,55-64,Dallas,TX,Paid Search,Active
2075,CUST-02075,29-06-2023,Female,35-44,San Diego,CA,Paid Search,Active
2076,CUST-02076,04-10-2023,Male,45-54,Houston,TX,Social Media,Active
2077,CUST-02077,31-03-2024,Female,45-54,San Diego,CA,Referral,Inactive
2078,CUST-02078,23-08-2025,Male,25-34,Jacksonville,FL,Organic Search,Inactive
2079,CUST-02079,17-11-2025,Non-binary,45-54,Columbus,OH,Social Media,Active
2080,CUST-02080,20-06-2023,Male,18-24,Las Vegas,NV,Paid Search,Active
2081,CUST-02081,10-06-2024,Female,25-34,Houston,TX,Social Media,Active
2082,CUST-02082,29-09-2025,Male,35-44,Jacksonville,FL,Referral,Active
2083,CUST-02083,22-03-2025,Female,35-44,New York,NY,Organic Search,Active
2084,CUST-02084,21-11-2024,Male,35-44,Chicago,IL,Social Media,Active
2085,CUST-02085,21-11-2023,Female,45-54,New York,NY,Organic Search,Active
2086,CUST-02086,05-07-2024,Male,25-34,Austin,TX,Email,Active
2087,CUST-02087,10-02-2025,Female,25-34,Philadelphia,PA,Social Media,Inactive
2088,CUST-02088,16-06-2023,Male,35-44,Washington,DC,Social Media,Active
2089,CUST-02089,24-08-2023,Prefer not to say,65+,Boston,MA,Referral,Active
2090,CUST-02090,08-09-2023,Female,45-54,Nashville,TN,Referral,Inactive
2091,CUST-02091,01-09-2023,Male,35-44,Jacksonville,FL,Paid Search,Active
2092,CUST-02092,12-11-2023,Male,45-54,Fort Worth,TX,Organic Search,Active
2093,CUST-02093,20-12-2024,Male,25-34,Austin,TX,Social Media,Active
2094,CUST-02094,06-03-2024,Male,25-34,San Diego,CA,Organic Search,Active
2095,CUST-02095,16-08-2024,Prefer not to say,18-24,Washington,DC,Direct,Inactive
2096,CUST-02096,09-11-2023,Male,45-54,Atlanta,GA,Direct,Active
2097,CUST-02097,19-02-2024,Male,55-64,Jacksonville,FL,Organic Search,Active
2098,CUST-02098,04-10-2024,Female,25-34,Phoenix,AZ,Paid Search,Active
2099,CUST-02099,27-04-2024,Male,35-44,Los Angeles,CA,Direct,Active
2100,CUST-02100,23-02-2025,Male,18-24,Las Vegas,NV,Social Media,Active
2101,CUST-02101,20-01-2024,Female,18-24,San Diego,CA,Paid Search,Active
2102,CUST-02102,16-02-2025,Female,25-34,San Jose,CA,Email,Active
2103,CUST-02103,28-01-2025,Male,45-54,Columbus,OH,Paid Search,Active
2104,CUST-02104,23-03-2024,Female,35-44,Chicago,IL,Email,Active
2105,CUST-02105,23-03-2024,Male,35-44,Phoenix,AZ,Organic Search,Active
2106,CUST-02106,30-09-2025,Male,25-34,Columbus,OH,Paid Search,Active
2107,CUST-02107,23-10-2025,Male,45-54,Columbus,OH,Organic Search,Active
2108,CUST-02108,10-08-2025,Male,35-44,San Diego,CA,Social Media,Active
2109,CUST-02109,08-06-2024,Female,25-34,San Antonio,TX,Paid Search,Active
2110,CUST-02110,19-01-2024,Male,25-34,Austin,TX,Social Media,Active
2111,CUST-02111,28-03-2025,Female,35-44,Las Vegas,NV,Direct,Active
2112,CUST-02112,31-01-2024,Female,35-44,Columbus,OH,Email,Active
2113,CUST-02113,04-12-2024,Female,25-34,Dallas,TX,Social Media,Active
2114,CUST-02114,28-04-2024,Non-binary,35-44,Columbus,OH,Organic Search,Active
2115,CUST-02115,07-09-2025,Female,35-44,Chicago,IL,Email,Active
2116,CUST-02116,29-06-2025,Male,45-54,Philadelphia,PA,Referral,Active
2117,CUST-02117,18-08-2023,Male,25-34,San Antonio,TX,Referral,Active
2118,CUST-02118,04-06-2025,Male,18-24,San Antonio,TX,Organic Search,Active
2119,CUST-02119,22-08-2023,Female,18-24,Columbus,OH,Referral,Active
2120,CUST-02120,05-01-2024,Male,65+,Miami,FL,Direct,Active
2121,CUST-02121,14-11-2025,Female,25-34,Columbus,OH,Email,Active
2122,CUST-02122,06-09-2024,Female,45-54,San Diego,CA,Organic Search,Active
2123,CUST-02123,27-11-2024,Female,45-54,Seattle,WA,Organic Search,Inactive
2124,CUST-02124,04-06-2024,Female,35-44,San Jose,CA,Paid Search,Active
2125,CUST-02125,29-06-2024,Female,25-34,Denver,CO,Organic Search,Active
2126,CUST-02126,24-03-2024,Male,55-64,New York,NY,Organic Search,Inactive
2127,CUST-02127,12-08-2024,Female,45-54,Washington,DC,Email,Active
2128,CUST-02128,19-10-2023,Female,35-44,Charlotte,NC,Social Media,Active
2129,CUST-02129,13-09-2023,Female,25-34,Columbus,OH,Paid Search,Active
2130,CUST-02130,11-04-2025,Female,35-44,Fort Worth,TX,Paid Search,Active
2131,CUST-02131,21-08-2025,Female,35-44,Denver,CO,Organic Search,Active
2132,CUST-02132,23-08-2025,Female,55-64,Los Angeles,CA,Email,Inactive
2133,CUST-02133,18-07-2023,Male,35-44,Fort Worth,TX,Direct,Active
2134,CUST-02134,24-06-2023,Male,45-54,Chicago,IL,Direct,Active
2135,CUST-02135,14-02-2024,Prefer not to say,25-34,Los Angeles,CA,Paid Search,Active
2136,CUST-02136,14-05-2025,Female,35-44,Washington,DC,Email,Active
2137,CUST-02137,31-05-2024,Male,35-44,Los Angeles,CA,Organic Search,Active
2138,CUST-02138,29-06-2024,Female,35-44,San Antonio,TX,Referral,Active
2139,CUST-02139,22-08-2023,Male,25-34,Portland,OR,Paid Search,Inactive
2140,CUST-02140,02-06-2023,Male,65+,Phoenix,AZ,Paid Search,Active
2141,CUST-02141,16-02-2024,Prefer not to say,25-34,Los Angeles,CA,Email,Active
2142,CUST-02142,15-11-2025,Male,25-34,Philadelphia,PA,Organic Search,Inactive
2143,CUST-02143,24-08-2023,Male,35-44,Charlotte,NC,Paid Search,Active
2144,CUST-02144,06-07-2025,Female,25-34,Fort Worth,TX,Direct,Active
2145,CUST-02145,26-08-2025,Male,25-34,New York,NY,Direct,Active
2146,CUST-02146,20-11-2023,Female,18-24,Atlanta,GA,Organic Search,Active
2147,CUST-02147,14-08-2024,Male,55-64,New York,NY,Paid Search,Inactive
2148,CUST-02148,15-12-2023,Female,35-44,Chicago,IL,Social Media,Active
2149,CUST-02149,10-10-2023,Male,45-54,Dallas,TX,Social Media,Active
2150,CUST-02150,01-03-2025,Male,35-44,Charlotte,NC,Organic Search,Active
2151,CUST-02151,02-02-2024,Female,45-54,Denver,CO,Paid Search,Active
2152,CUST-02152,17-11-2025,Female,45-54,Denver,CO,Email,Active
2153,CUST-02153,03-04-2025,Male,25-34,Philadelphia,PA,Referral,Active
2154,CUST-02154,20-10-2024,Male,35-44,San Jose,CA,Organic Search,Active
2155,CUST-02155,18-02-2024,Male,25-34,Charlotte,NC,Direct,Active
2156,CUST-02156,14-09-2025,Female,25-34,Nashville,TN,Organic Search,Active
2157,CUST-02157,28-09-2024,Male,45-54,Dallas,TX,Organic Search,Inactive
2158,CUST-02158,13-06-2024,Female,35-44,Dallas,TX,Organic Search,Inactive
2159,CUST-02159,06-09-2024,Male,35-44,Los Angeles,CA,Social Media,Active
2160,CUST-02160,26-09-2024,Male,35-44,Seattle,WA,Social Media,Active
2161,CUST-02161,15-01-2024,Male,18-24,Portland,OR,Paid Search,Active
2162,CUST-02162,23-08-2023,Female,45-54,San Diego,CA,Paid Search,Active
2163,CUST-02163,17-01-2024,Female,35-44,Denver,CO,Paid Search,Active
2164,CUST-02164,09-08-2023,Male,55-64,Austin,TX,Social Media,Active
2165,CUST-02165,20-03-2024,Male,45-54,Chicago,IL,Referral,Active
2166,CUST-02166,12-02-2025,Female,45-54,Fort Worth,TX,Paid Search,Active
2167,CUST-02167,29-09-2023,Male,45-54,Chicago,IL,Organic Search,Active
2168,CUST-02168,20-08-2024,Female,25-34,San Antonio,TX,Social Media,Active
2169,CUST-02169,29-02-2024,Male,25-34,Nashville,TN,Email,Active
2170,CUST-02170,05-06-2025,Male,25-34,Chicago,IL,Referral,Active
2171,CUST-02171,02-02-2025,Male,18-24,Houston,TX,Referral,Active
2172,CUST-02172,23-06-2024,Female,25-34,Denver,CO,Referral,Active
2173,CUST-02173,08-01-2024,Male,55-64,San Jose,CA,Social Media,Active
2174,CUST-02174,10-07-2023,Female,18-24,Philadelphia,PA,Social Media,Inactive
2175,CUST-02175,31-08-2024,Female,55-64,Miami,FL,Paid Search,Active
2176,CUST-02176,16-07-2024,Female,25-34,Washington,DC,Social Media,Active
2177,CUST-02177,29-09-2024,Female,65+,Boston,MA,Social Media,Active
2178,CUST-02178,29-06-2023,Female,25-34,Chicago,IL,Organic Search,Active
2179,CUST-02179,10-05-2025,Male,18-24,Los Angeles,CA,Organic Search,Active
2180,CUST-02180,18-03-2024,Male,25-34,Phoenix,AZ,Paid Search,Active
2181,CUST-02181,15-06-2025,Male,18-24,Denver,CO,Email,Active
2182,CUST-02182,17-01-2024,Female,35-44,Dallas,TX,Direct,Active
2183,CUST-02183,27-11-2024,Male,25-34,Houston,TX,Email,Active
2184,CUST-02184,16-10-2025,Male,25-34,Philadelphia,PA,Email,Active
2185,CUST-02185,08-12-2024,Female,55-64,Las Vegas,NV,Direct,Active
2186,CUST-02186,27-04-2024,Female,55-64,San Antonio,TX,Email,Inactive
2187,CUST-02187,02-07-2025,Male,35-44,Las Vegas,NV,Paid Search,Active
2188,CUST-02188,02-03-2024,Non-binary,35-44,Dallas,TX,Organic Search,Active
2189,CUST-02189,03-10-2023,Female,25-34,Chicago,IL,Referral,Active
2190,CUST-02190,09-12-2023,Female,25-34,Miami,FL,Email,Active
2191,CUST-02191,15-10-2023,Female,35-44,San Antonio,TX,Social Media,Active
2192,CUST-02192,23-01-2025,Non-binary,25-34,Fort Worth,TX,Organic Search,Active
2193,CUST-02193,11-11-2025,Male,25-34,Washington,DC,Email,Active
2194,CUST-02194,30-09-2023,Female,45-54,Boston,MA,Email,Active
2195,CUST-02195,26-04-2025,Male,25-34,Philadelphia,PA,Direct,Active
2196,CUST-02196,07-09-2023,Non-binary,25-34,Phoenix,AZ,Organic Search,Inactive
2197,CUST-02197,16-08-2025,Prefer not to say,55-64,Chicago,IL,Direct,Active
2198,CUST-02198,06-11-2023,Female,25-34,New York,NY,Paid Search,Active
2199,CUST-02199,30-01-2024,Female,55-64,Jacksonville,FL,Direct,Active
2200,CUST-02200,29-02-2024,Male,35-44,San Diego,CA,Email,Active
2201,CUST-02201,19-02-2024,Female,25-34,Fort Worth,TX,Organic Search,Active
2202,CUST-02202,21-06-2023,Male,35-44,Los Angeles,CA,Email,Active
2203,CUST-02203,21-04-2024,Female,45-54,Atlanta,GA,Direct,Active
2204,CUST-02204,02-02-2024,Female,35-44,Phoenix,AZ,Social Media,Active
2205,CUST-02205,15-07-2025,Female,25-34,New York,NY,Organic Search,Active
2206,CUST-02206,15-02-2025,Female,35-44,Phoenix,AZ,Social Media,Inactive
2207,CUST-02207,02-05-2024,Female,65+,Austin,TX,Email,Active
2208,CUST-02208,28-01-2024,Female,35-44,Jacksonville,FL,Organic Search,Active
2209,CUST-02209,08-03-2024,Male,25-34,San Diego,CA,Referral,Active
2210,CUST-02210,21-10-2023,Female,65+,Philadelphia,PA,Referral,Active
2211,CUST-02211,30-04-2025,Female,18-24,Boston,MA,Email,Active
2212,CUST-02212,05-06-2025,Female,25-34,New York,NY,Direct,Active
2213,CUST-02213,28-02-2024,Female,25-34,Atlanta,GA,Social Media,Active
2214,CUST-02214,24-07-2025,Female,45-54,New York,NY,Referral,Inactive
2215,CUST-02215,13-11-2024,Non-binary,25-34,Austin,TX,Organic Search,Active
2216,CUST-02216,11-03-2024,Non-binary,55-64,Los Angeles,CA,Referral,Active
2217,CUST-02217,11-06-2023,Female,45-54,San Jose,CA,Referral,Active
2218,CUST-02218,25-09-2025,Female,18-24,New York,NY,Social Media,Active
2219,CUST-02219,25-06-2023,Male,35-44,Phoenix,AZ,Organic Search,Inactive
2220,CUST-02220,17-10-2025,Male,25-34,New York,NY,Organic Search,Active
2221,CUST-02221,22-02-2024,Female,25-34,Denver,CO,Organic Search,Active
2222,CUST-02222,31-03-2025,Male,35-44,Austin,TX,Referral,Active
2223,CUST-02223,09-10-2024,Female,35-44,Philadelphia,PA,Email,Active
2224,CUST-02224,31-10-2024,Female,35-44,Philadelphia,PA,Organic Search,Active
2225,CUST-02225,23-02-2024,Male,65+,Washington,DC,Organic Search,Active
2226,CUST-02226,13-07-2024,Male,45-54,Columbus,OH,Email,Active
2227,CUST-02227,29-09-2024,Female,45-54,Washington,DC,Referral,Active
2228,CUST-02228,18-03-2024,Female,35-44,Las Vegas,NV,Organic Search,Active
2229,CUST-02229,10-11-2025,Female,25-34,Phoenix,AZ,Organic Search,Active
2230,CUST-02230,13-05-2025,Female,18-24,Las Vegas,NV,Referral,Active
2231,CUST-02231,08-09-2025,Male,18-24,Houston,TX,Social Media,Active
2232,CUST-02232,24-06-2025,Male,18-24,Chicago,IL,Paid Search,Inactive
2233,CUST-02233,27-06-2025,Male,25-34,San Diego,CA,Social Media,Active
2234,CUST-02234,04-05-2024,Female,55-64,Seattle,WA,Referral,Active
2235,CUST-02235,19-02-2025,Female,25-34,Portland,OR,Email,Active
2236,CUST-02236,25-02-2024,Female,45-54,Phoenix,AZ,Referral,Active
2237,CUST-02237,13-09-2024,Non-binary,18-24,Los Angeles,CA,Direct,Active
2238,CUST-02238,27-03-2025,Female,35-44,Los Angeles,CA,Organic Search,Active
2239,CUST-02239,19-12-2024,Male,45-54,Boston,MA,Social Media,Active
2240,CUST-02240,13-05-2024,Female,35-44,Jacksonville,FL,Organic Search,Active
2241,CUST-02241,08-06-2023,Male,18-24,Los Angeles,CA,Referral,Active
2242,CUST-02242,03-04-2024,Female,65+,Houston,TX,Organic Search,Active
2243,CUST-02243,09-06-2025,Female,55-64,Phoenix,AZ,Referral,Active
2244,CUST-02244,30-09-2023,Male,45-54,San Jose,CA,Social Media,Active
2245,CUST-02245,15-09-2023,Male,25-34,Dallas,TX,Email,Active
2246,CUST-02246,31-01-2025,Female,18-24,Seattle,WA,Referral,Active
2247,CUST-02247,18-08-2024,Male,35-44,Atlanta,GA,Referral,Active
2248,CUST-02248,12-06-2024,Female,25-34,Charlotte,NC,Social Media,Active
2249,CUST-02249,20-09-2025,Male,25-34,Miami,FL,Referral,Active
2250,CUST-02250,04-07-2024,Male,55-64,Columbus,OH,Direct,Active
2251,CUST-02251,28-09-2024,Male,45-54,Charlotte,NC,Paid Search,Active
2252,CUST-02252,24-03-2024,Male,35-44,Charlotte,NC,Email,Active
2253,CUST-02253,23-04-2024,Female,35-44,Portland,OR,Direct,Active
2254,CUST-02254,21-03-2025,Male,35-44,Dallas,TX,Paid Search,Active
2255,CUST-02255,02-11-2023,Female,25-34,San Jose,CA,Social Media,Active
2256,CUST-02256,04-04-2025,Female,55-64,Las Vegas,NV,Paid Search,Active
2257,CUST-02257,20-12-2024,Non-binary,25-34,New York,NY,Social Media,Active
2258,CUST-02258,14-06-2023,Female,35-44,San Diego,CA,Paid Search,Inactive
2259,CUST-02259,13-11-2024,Male,25-34,San Diego,CA,Paid Search,Active
2260,CUST-02260,20-12-2024,Female,55-64,Houston,TX,Direct,Active
2261,CUST-02261,05-06-2024,Female,35-44,Philadelphia,PA,Email,Active
2262,CUST-02262,08-07-2023,Male,55-64,San Diego,CA,Direct,Active
2263,CUST-02263,02-05-2025,Female,18-24,Los Angeles,CA,Email,Active
2264,CUST-02264,13-08-2024,Male,18-24,New York,NY,Paid Search,Active
2265,CUST-02265,12-06-2023,Female,35-44,Fort Worth,TX,Referral,Active
2266,CUST-02266,14-07-2024,Female,35-44,Atlanta,GA,Social Media,Active
2267,CUST-02267,28-05-2024,Female,25-34,Houston,TX,Organic Search,Active
2268,CUST-02268,12-11-2025,Male,18-24,San Diego,CA,Email,Active
2269,CUST-02269,25-03-2024,Female,55-64,Los Angeles,CA,Direct,Active
2270,CUST-02270,27-02-2025,Female,45-54,Houston,TX,Organic Search,Active
2271,CUST-02271,06-03-2025,Male,18-24,Chicago,IL,Referral,Inactive
2272,CUST-02272,21-10-2024,Male,25-34,Charlotte,NC,Direct,Active
2273,CUST-02273,29-10-2025,Male,35-44,Philadelphia,PA,Paid Search,Active
2274,CUST-02274,14-06-2025,Male,45-54,Houston,TX,Organic Search,Active
2275,CUST-02275,07-05-2024,Female,35-44,Washington,DC,Direct,Active
2276,CUST-02276,16-08-2024,Female,25-34,Dallas,TX,Direct,Active
2277,CUST-02277,05-03-2025,Prefer not to say,25-34,Miami,FL,Direct,Active
2278,CUST-02278,25-11-2023,Non-binary,35-44,Atlanta,GA,Paid Search,Inactive
2279,CUST-02279,17-11-2024,Male,18-24,Los Angeles,CA,Organic Search,Active
2280,CUST-02280,06-11-2023,Male,18-24,San Diego,CA,Social Media,Active
2281,CUST-02281,07-06-2023,Male,55-64,Boston,MA,Paid Search,Inactive
2282,CUST-02282,09-06-2024,Male,25-34,Charlotte,NC,Social Media,Active
2283,CUST-02283,03-10-2023,Male,35-44,San Diego,CA,Social Media,Active
2284,CUST-02284,27-03-2025,Male,45-54,Fort Worth,TX,Referral,Active
2285,CUST-02285,24-04-2024,Male,25-34,Chicago,IL,Organic Search,Active
2286,CUST-02286,08-03-2024,Male,55-64,Boston,MA,Organic Search,Active
2287,CUST-02287,19-10-2024,Female,35-44,New York,NY,Direct,Active
2288,CUST-02288,27-09-2023,Female,35-44,Charlotte,NC,Organic Search,Active
2289,CUST-02289,16-05-2025,Female,45-54,Atlanta,GA,Paid Search,Active
2290,CUST-02290,01-08-2025,Female,55-64,San Diego,CA,Organic Search,Active
2291,CUST-02291,17-03-2024,Male,55-64,Fort Worth,TX,Referral,Active
2292,CUST-02292,01-10-2024,Male,35-44,Houston,TX,Organic Search,Active
2293,CUST-02293,08-08-2024,Male,35-44,Austin,TX,Social Media,Active
2294,CUST-02294,16-10-2023,Male,45-54,New York,NY,Paid Search,Active
2295,CUST-02295,20-08-2024,Male,35-44,Denver,CO,Direct,Active
2296,CUST-02296,16-04-2025,Female,55-64,Houston,TX,Paid Search,Active
2297,CUST-02297,17-11-2023,Female,35-44,New York,NY,Paid Search,Active
2298,CUST-02298,19-02-2025,Male,35-44,Chicago,IL,Social Media,Active
2299,CUST-02299,06-05-2025,Female,25-34,San Antonio,TX,Paid Search,Active
2300,CUST-02300,03-10-2025,Male,25-34,Charlotte,NC,Referral,Active
2301,CUST-02301,06-10-2025,Female,18-24,Fort Worth,TX,Social Media,Active
2302,CUST-02302,23-05-2025,Male,18-24,Philadelphia,PA,Referral,Active
2303,CUST-02303,16-06-2023,Male,55-64,Phoenix,AZ,Direct,Active
2304,CUST-02304,23-05-2025,Female,35-44,Jacksonville,FL,Paid Search,Inactive
2305,CUST-02305,14-09-2024,Non-binary,65+,Charlotte,NC,Email,Active
2306,CUST-02306,21-04-2025,Female,25-34,New York,NY,Referral,Active
2307,CUST-02307,07-09-2023,Female,25-34,Fort Worth,TX,Referral,Active
2308,CUST-02308,14-02-2024,Female,45-54,Portland,OR,Direct,Active
2309,CUST-02309,23-02-2025,Male,25-34,Portland,OR,Referral,Active
2310,CUST-02310,14-02-2024,Female,25-34,Boston,MA,Direct,Active
2311,CUST-02311,14-11-2024,Male,45-54,Phoenix,AZ,Referral,Active
2312,CUST-02312,26-08-2024,Male,25-34,Jacksonville,FL,Social Media,Active
2313,CUST-02313,15-04-2025,Female,55-64,Phoenix,AZ,Referral,Active
2314,CUST-02314,31-12-2023,Male,55-64,San Diego,CA,Direct,Active
2315,CUST-02315,17-01-2024,Non-binary,18-24,San Diego,CA,Social Media,Active
2316,CUST-02316,25-09-2025,Female,18-24,Phoenix,AZ,Direct,Active
2317,CUST-02317,06-08-2023,Female,45-54,Philadelphia,PA,Direct,Active
2318,CUST-02318,01-12-2023,Male,35-44,Phoenix,AZ,Direct,Active
2319,CUST-02319,23-11-2023,Female,35-44,Dallas,TX,Social Media,Active
2320,CUST-02320,29-05-2025,Male,35-44,Miami,FL,Referral,Inactive
2321,CUST-02321,28-05-2025,Female,55-64,Nashville,TN,Email,Active
2322,CUST-02322,21-09-2023,Male,18-24,Atlanta,GA,Paid Search,Inactive
2323,CUST-02323,02-10-2023,Male,25-34,Austin,TX,Referral,Active
2324,CUST-02324,29-09-2023,Male,45-54,Charlotte,NC,Organic Search,Active
2325,CUST-02325,12-08-2024,Male,25-34,Miami,FL,Paid Search,Active
2326,CUST-02326,20-03-2024,Female,18-24,New York,NY,Paid Search,Active
2327,CUST-02327,05-09-2023,Male,25-34,Nashville,TN,Organic Search,Inactive
2328,CUST-02328,23-05-2025,Female,25-34,Dallas,TX,Referral,Inactive
2329,CUST-02329,07-04-2024,Female,35-44,Dallas,TX,Social Media,Active
2330,CUST-02330,26-06-2025,Female,65+,Houston,TX,Referral,Active
2331,CUST-02331,20-02-2025,Female,65+,Charlotte,NC,Social Media,Active
2332,CUST-02332,26-08-2025,Female,35-44,Las Vegas,NV,Social Media,Active
2333,CUST-02333,08-02-2025,Female,45-54,Denver,CO,Social Media,Active
2334,CUST-02334,07-02-2025,Female,25-34,Boston,MA,Organic Search,Active
2335,CUST-02335,22-03-2025,Male,18-24,Nashville,TN,Direct,Active
2336,CUST-02336,24-09-2023,Female,35-44,Chicago,IL,Social Media,Active
2337,CUST-02337,14-07-2025,Male,25-34,Seattle,WA,Paid Search,Inactive
2338,CUST-02338,15-06-2024,Female,35-44,New York,NY,Paid Search,Active
2339,CUST-02339,26-04-2024,Male,35-44,Nashville,TN,Paid Search,Active
2340,CUST-02340,24-09-2024,Female,45-54,Washington,DC,Organic Search,Active
2341,CUST-02341,21-03-2025,Female,45-54,Philadelphia,PA,Social Media,Active
2342,CUST-02342,27-10-2024,Female,55-64,Portland,OR,Referral,Active
2343,CUST-02343,16-01-2024,Male,45-54,Nashville,TN,Social Media,Inactive
2344,CUST-02344,15-02-2024,Male,25-34,Las Vegas,NV,Paid Search,Active
2345,CUST-02345,03-12-2023,Female,45-54,Jacksonville,FL,Paid Search,Active
2346,CUST-02346,26-07-2023,Female,25-34,Chicago,IL,Paid Search,Active
2347,CUST-02347,04-06-2023,Male,25-34,Miami,FL,Social Media,Active
2348,CUST-02348,26-03-2025,Female,35-44,Dallas,TX,Referral,Active
2349,CUST-02349,07-11-2023,Female,55-64,Philadelphia,PA,Direct,Active
2350,CUST-02350,26-12-2023,Female,45-54,New York,NY,Organic Search,Active
2351,CUST-02351,31-01-2024,Female,45-54,Chicago,IL,Organic Search,Inactive
2352,CUST-02352,22-03-2024,Female,25-34,Jacksonville,FL,Email,Active
2353,CUST-02353,04-09-2023,Female,25-34,Nashville,TN,Referral,Inactive
2354,CUST-02354,16-08-2023,Male,35-44,Phoenix,AZ,Social Media,Active
2355,CUST-02355,30-09-2023,Male,35-44,San Jose,CA,Referral,Active
2356,CUST-02356,03-09-2024,Male,18-24,Miami,FL,Paid Search,Active
2357,CUST-02357,20-09-2024,Female,25-34,San Jose,CA,Email,Inactive
2358,CUST-02358,25-02-2025,Male,65+,Los Angeles,CA,Social Media,Active
2359,CUST-02359,09-12-2023,Male,55-64,Phoenix,AZ,Direct,Active
2360,CUST-02360,23-03-2025,Male,55-64,Phoenix,AZ,Social Media,Active
2361,CUST-02361,09-07-2023,Male,18-24,New York,NY,Direct,Active
2362,CUST-02362,13-09-2024,Male,35-44,New York,NY,Paid Search,Active
2363,CUST-02363,14-02-2024,Female,35-44,Los Angeles,CA,Referral,Active
2364,CUST-02364,05-03-2025,Male,55-64,Philadelphia,PA,Social Media,Inactive
2365,CUST-02365,15-02-2025,Male,25-34,Las Vegas,NV,Organic Search,Active
2366,CUST-02366,17-03-2024,Male,25-34,Boston,MA,Email,Active
2367,CUST-02367,29-10-2023,Male,18-24,Los Angeles,CA,Email,Inactive
2368,CUST-02368,24-04-2024,Female,45-54,Fort Worth,TX,Direct,Active
2369,CUST-02369,05-09-2025,Male,45-54,Philadelphia,PA,Referral,Active
2370,CUST-02370,29-09-2023,Male,25-34,San Diego,CA,Referral,Active
2371,CUST-02371,15-08-2024,Male,25-34,San Jose,CA,Paid Search,Active
2372,CUST-02372,07-12-2023,Male,25-34,Washington,DC,Paid Search,Active
2373,CUST-02373,02-09-2024,Female,45-54,Charlotte,NC,Social Media,Active
2374,CUST-02374,21-05-2025,Male,45-54,San Jose,CA,Organic Search,Active
2375,CUST-02375,07-12-2023,Female,25-34,Chicago,IL,Social Media,Active
2376,CUST-02376,26-03-2024,Female,45-54,Charlotte,NC,Email,Active
2377,CUST-02377,06-05-2025,Male,55-64,Columbus,OH,Paid Search,Active
2378,CUST-02378,15-02-2024,Female,45-54,Jacksonville,FL,Organic Search,Active
2379,CUST-02379,21-01-2024,Male,25-34,Atlanta,GA,Paid Search,Active
2380,CUST-02380,04-01-2024,Female,25-34,New York,NY,Direct,Active
2381,CUST-02381,23-01-2025,Female,25-34,Austin,TX,Social Media,Active
2382,CUST-02382,11-02-2025,Male,25-34,San Antonio,TX,Referral,Active
2383,CUST-02383,23-06-2025,Male,25-34,Columbus,OH,Referral,Active
2384,CUST-02384,07-07-2023,Male,25-34,Atlanta,GA,Referral,Active
2385,CUST-02385,03-11-2025,Female,25-34,Austin,TX,Social Media,Active
2386,CUST-02386,02-12-2023,Female,35-44,Seattle,WA,Social Media,Active
2387,CUST-02387,31-08-2025,Male,55-64,Chicago,IL,Referral,Active
2388,CUST-02388,11-06-2025,Male,25-34,Seattle,WA,Direct,Active
2389,CUST-02389,25-10-2023,Male,45-54,Phoenix,AZ,Paid Search,Inactive
2390,CUST-02390,17-02-2024,Male,35-44,Denver,CO,Referral,Active
2391,CUST-02391,30-05-2025,Female,25-34,Fort Worth,TX,Organic Search,Active
2392,CUST-02392,09-02-2024,Female,35-44,New York,NY,Organic Search,Active
2393,CUST-02393,21-09-2023,Female,35-44,Boston,MA,Paid Search,Active
2394,CUST-02394,27-08-2024,Female,45-54,Jacksonville,FL,Paid Search,Active
2395,CUST-02395,24-10-2025,Male,35-44,Chicago,IL,Paid Search,Active
2396,CUST-02396,02-10-2024,Male,65+,Los Angeles,CA,Paid Search,Active
2397,CUST-02397,18-07-2024,Female,35-44,Austin,TX,Organic Search,Active
2398,CUST-02398,12-06-2024,Male,25-34,Los Angeles,CA,Direct,Active
2399,CUST-02399,26-04-2025,Female,35-44,Dallas,TX,Social Media,Active
2400,CUST-02400,13-11-2023,Female,45-54,New York,NY,Organic Search,Active
2401,CUST-02401,03-07-2024,Female,25-34,Chicago,IL,Social Media,Active
2402,CUST-02402,19-08-2024,Female,65+,Los Angeles,CA,Email,Active
2403,CUST-02403,10-07-2025,Male,25-34,Denver,CO,Paid Search,Active
2404,CUST-02404,01-09-2025,Male,18-24,Dallas,TX,Organic Search,Active
2405,CUST-02405,19-02-2024,Female,25-34,Denver,CO,Paid Search,Active
2406,CUST-02406,22-06-2023,Male,35-44,San Antonio,TX,Referral,Active
2407,CUST-02407,29-03-2024,Female,45-54,Denver,CO,Social Media,Active
2408,CUST-02408,22-01-2024,Female,45-54,Dallas,TX,Referral,Active
2409,CUST-02409,14-02-2025,Male,18-24,Houston,TX,Paid Search,Active
2410,CUST-02410,04-07-2023,Male,25-34,Houston,TX,Email,Active
2411,CUST-02411,14-12-2024,Female,18-24,Philadelphia,PA,Direct,Active
2412,CUST-02412,16-06-2025,Female,45-54,Phoenix,AZ,Organic Search,Inactive
2413,CUST-02413,28-10-2024,Female,65+,New York,NY,Direct,Active
2414,CUST-02414,25-03-2025,Male,45-54,New York,NY,Organic Search,Active
2415,CUST-02415,28-08-2023,Female,25-34,Washington,DC,Direct,Inactive
2416,CUST-02416,14-03-2024,Female,55-64,Seattle,WA,Paid Search,Active
2417,CUST-02417,01-06-2024,Female,25-34,Phoenix,AZ,Email,Active
2418,CUST-02418,02-03-2024,Female,25-34,Portland,OR,Referral,Active
2419,CUST-02419,23-02-2024,Prefer not to say,45-54,Washington,DC,Organic Search,Active
2420,CUST-02420,07-07-2024,Female,25-34,Denver,CO,Organic Search,Active
2421,CUST-02421,09-08-2023,Non-binary,35-44,New York,NY,Paid Search,Active
2422,CUST-02422,01-06-2023,Female,18-24,Chicago,IL,Organic Search,Active
2423,CUST-02423,07-07-2025,Male,35-44,Phoenix,AZ,Social Media,Active
2424,CUST-02424,25-08-2025,Female,35-44,Dallas,TX,Social Media,Active
2425,CUST-02425,29-03-2024,Female,45-54,San Diego,CA,Referral,Active
2426,CUST-02426,22-03-2024,Female,35-44,Portland,OR,Email,Active
2427,CUST-02427,03-10-2023,Female,25-34,New York,NY,Email,Active
2428,CUST-02428,27-07-2024,Male,35-44,Phoenix,AZ,Paid Search,Active
2429,CUST-02429,01-01-2024,Female,25-34,Washington,DC,Social Media,Active
2430,CUST-02430,12-10-2023,Female,35-44,Los Angeles,CA,Email,Inactive
2431,CUST-02431,27-05-2024,Female,35-44,Washington,DC,Social Media,Active
2432,CUST-02432,14-09-2024,Male,45-54,Denver,CO,Social Media,Active
2433,CUST-02433,06-07-2023,Male,35-44,San Diego,CA,Organic Search,Active
2434,CUST-02434,18-11-2023,Female,45-54,Dallas,TX,Organic Search,Inactive
2435,CUST-02435,08-10-2024,Female,35-44,Jacksonville,FL,Organic Search,Active
2436,CUST-02436,21-09-2023,Female,55-64,Phoenix,AZ,Direct,Active
2437,CUST-02437,12-02-2024,Male,25-34,Nashville,TN,Organic Search,Active
2438,CUST-02438,17-12-2023,Male,25-34,Washington,DC,Paid Search,Active
2439,CUST-02439,26-06-2024,Female,25-34,Los Angeles,CA,Referral,Inactive
2440,CUST-02440,10-10-2024,Male,18-24,Las Vegas,NV,Paid Search,Active
2441,CUST-02441,24-12-2024,Male,35-44,Seattle,WA,Social Media,Active
2442,CUST-02442,02-02-2024,Male,35-44,Washington,DC,Paid Search,Active
2443,CUST-02443,21-07-2025,Female,35-44,Charlotte,NC,Paid Search,Active
2444,CUST-02444,12-10-2025,Male,25-34,Columbus,OH,Social Media,Active
2445,CUST-02445,25-02-2024,Female,45-54,Houston,TX,Paid Search,Active
2446,CUST-02446,08-09-2024,Non-binary,55-64,San Diego,CA,Social Media,Inactive
2447,CUST-02447,22-05-2024,Male,18-24,Philadelphia,PA,Organic Search,Active
2448,CUST-02448,31-10-2023,Female,35-44,Chicago,IL,Direct,Active
2449,CUST-02449,28-06-2023,Female,55-64,Miami,FL,Email,Active
2450,CUST-02450,16-07-2023,Female,35-44,Dallas,TX,Referral,Active
2451,CUST-02451,12-08-2023,Female,35-44,San Diego,CA,Direct,Active
2452,CUST-02452,08-11-2024,Female,35-44,Austin,TX,Direct,Active
2453,CUST-02453,13-05-2024,Male,25-34,Nashville,TN,Social Media,Active
2454,CUST-02454,29-09-2025,Male,55-64,Jacksonville,FL,Social Media,Active
2455,CUST-02455,27-04-2025,Female,25-34,Los Angeles,CA,Direct,Active
2456,CUST-02456,03-10-2025,Male,18-24,Las Vegas,NV,Organic Search,Active
2457,CUST-02457,24-03-2024,Female,25-34,Houston,TX,Social Media,Inactive
2458,CUST-02458,18-09-2024,Female,45-54,Chicago,IL,Organic Search,Active
2459,CUST-02459,18-09-2024,Male,18-24,Los Angeles,CA,Organic Search,Active
2460,CUST-02460,23-07-2023,Male,35-44,New York,NY,Organic Search,Active
2461,CUST-02461,10-01-2025,Male,65+,New York,NY,Organic Search,Active
2462,CUST-02462,14-11-2025,Male,35-44,New York,NY,Organic Search,Active
2463,CUST-02463,06-07-2023,Male,55-64,Nashville,TN,Paid Search,Active
2464,CUST-02464,03-01-2024,Female,55-64,Columbus,OH,Organic Search,Active
2465,CUST-02465,09-03-2025,Male,25-34,San Antonio,TX,Organic Search,Inactive
2466,CUST-02466,03-02-2024,Female,65+,Denver,CO,Organic Search,Active
2467,CUST-02467,09-07-2024,Prefer not to say,35-44,Washington,DC,Direct,Active
2468,CUST-02468,14-12-2024,Male,25-34,Philadelphia,PA,Organic Search,Active
2469,CUST-02469,17-11-2024,Female,25-34,Chicago,IL,Direct,Active
2470,CUST-02470,19-04-2024,Female,65+,Houston,TX,Social Media,Active
2471,CUST-02471,09-04-2025,Female,45-54,Seattle,WA,Paid Search,Active
2472,CUST-02472,29-07-2023,Female,18-24,New York,NY,Paid Search,Active
2473,CUST-02473,05-09-2023,Male,55-64,Columbus,OH,Direct,Active
2474,CUST-02474,17-08-2023,Female,35-44,Austin,TX,Email,Active
2475,CUST-02475,15-02-2024,Male,45-54,Austin,TX,Paid Search,Active
2476,CUST-02476,09-10-2023,Female,35-44,Jacksonville,FL,Social Media,Active
2477,CUST-02477,14-04-2025,Female,25-34,Dallas,TX,Email,Active
2478,CUST-02478,22-11-2025,Female,25-34,Denver,CO,Social Media,Active
2479,CUST-02479,29-06-2023,Male,45-54,Fort Worth,TX,Social Media,Active
2480,CUST-02480,19-03-2024,Male,35-44,Austin,TX,Paid Search,Active
2481,CUST-02481,30-11-2024,Male,35-44,New York,NY,Referral,Active
2482,CUST-02482,02-11-2023,Male,45-54,Atlanta,GA,Organic Search,Active
2483,CUST-02483,17-02-2024,Male,35-44,San Jose,CA,Referral,Active
2484,CUST-02484,24-01-2024,Male,25-34,Charlotte,NC,Referral,Active
2485,CUST-02485,22-03-2024,Female,35-44,Fort Worth,TX,Referral,Active
2486,CUST-02486,06-04-2025,Female,35-44,Fort Worth,TX,Paid Search,Active
2487,CUST-02487,17-08-2024,Female,35-44,Atlanta,GA,Direct,Active
2488,CUST-02488,06-10-2023,Female,65+,Portland,OR,Organic Search,Active
2489,CUST-02489,06-04-2024,Female,25-34,Philadelphia,PA,Referral,Active
2490,CUST-02490,30-05-2024,Female,65+,Chicago,IL,Email,Active
2491,CUST-02491,20-05-2024,Male,18-24,San Jose,CA,Email,Active
2492,CUST-02492,30-06-2023,Prefer not to say,18-24,Seattle,WA,Social Media,Active
2493,CUST-02493,18-01-2024,Male,25-34,Jacksonville,FL,Referral,Active
2494,CUST-02494,01-07-2023,Female,45-54,San Antonio,TX,Email,Active
2495,CUST-02495,29-06-2024,Female,18-24,Columbus,OH,Social Media,Active
2496,CUST-02496,24-07-2023,Female,18-24,Denver,CO,Organic Search,Active
2497,CUST-02497,09-11-2023,Female,35-44,Boston,MA,Social Media,Active
2498,CUST-02498,09-11-2023,Male,25-34,Fort Worth,TX,Direct,Active
2499,CUST-02499,18-02-2025,Female,18-24,Austin,TX,Organic Search,Active
2500,CUST-02500,11-08-2024,Female,55-64,Fort Worth,TX,Referral,Active
2501,CUST-02501,20-07-2025,Female,35-44,Chicago,IL,Social Media,Active
2502,CUST-02502,03-07-2024,Female,35-44,New York,NY,Referral,Active
2503,CUST-02503,03-10-2025,Male,45-54,Boston,MA,Organic Search,Active
2504,CUST-02504,22-09-2024,Female,25-34,Seattle,WA,Social Media,Active
2505,CUST-02505,27-11-2023,Female,45-54,San Jose,CA,Paid Search,Active
2506,CUST-02506,15-11-2023,Male,35-44,Charlotte,NC,Referral,Active
2507,CUST-02507,26-01-2024,Male,25-34,Philadelphia,PA,Paid Search,Active
2508,CUST-02508,21-07-2024,Female,25-34,Dallas,TX,Social Media,Active
2509,CUST-02509,07-01-2024,Female,45-54,New York,NY,Referral,Active
2510,CUST-02510,03-11-2023,Female,18-24,Austin,TX,Email,Active
2511,CUST-02511,21-07-2023,Male,25-34,Washington,DC,Direct,Active
2512,CUST-02512,17-04-2024,Non-binary,45-54,Houston,TX,Direct,Active
2513,CUST-02513,12-10-2023,Female,25-34,Miami,FL,Organic Search,Active
2514,CUST-02514,12-11-2025,Male,55-64,San Diego,CA,Direct,Active
2515,CUST-02515,25-02-2024,Female,25-34,Austin,TX,Referral,Active
2516,CUST-02516,23-06-2025,Male,35-44,Houston,TX,Paid Search,Active
2517,CUST-02517,11-07-2023,Female,25-34,Portland,OR,Social Media,Active
2518,CUST-02518,19-03-2025,Female,25-34,Chicago,IL,Organic Search,Active
2519,CUST-02519,13-02-2024,Male,25-34,Seattle,WA,Email,Active
2520,CUST-02520,28-10-2024,Female,25-34,Dallas,TX,Organic Search,Active
2521,CUST-02521,03-04-2025,Male,55-64,Denver,CO,Social Media,Active
2522,CUST-02522,07-02-2025,Male,18-24,Phoenix,AZ,Organic Search,Inactive
2523,CUST-02523,10-10-2024,Male,55-64,Las Vegas,NV,Organic Search,Active
2524,CUST-02524,07-09-2023,Male,18-24,Seattle,WA,Social Media,Active
2525,CUST-02525,22-07-2025,Female,25-34,Philadelphia,PA,Social Media,Active
2526,CUST-02526,15-11-2025,Prefer not to say,35-44,New York,NY,Paid Search,Inactive
2527,CUST-02527,22-08-2023,Male,55-64,Austin,TX,Referral,Active
2528,CUST-02528,25-11-2024,Male,35-44,Austin,TX,Social Media,Active
2529,CUST-02529,06-12-2023,Female,35-44,Chicago,IL,Paid Search,Active
2530,CUST-02530,22-12-2024,Male,65+,Dallas,TX,Email,Inactive
2531,CUST-02531,15-01-2025,Female,55-64,Phoenix,AZ,Organic Search,Inactive
2532,CUST-02532,19-02-2024,Male,65+,Charlotte,NC,Paid Search,Active
2533,CUST-02533,28-01-2024,Male,25-34,Fort Worth,TX,Email,Active
2534,CUST-02534,29-06-2023,Female,45-54,Washington,DC,Organic Search,Active
2535,CUST-02535,02-03-2025,Male,25-34,Houston,TX,Social Media,Active
2536,CUST-02536,17-12-2023,Female,35-44,New York,NY,Organic Search,Active
2537,CUST-02537,18-05-2024,Male,25-34,Portland,OR,Social Media,Inactive
2538,CUST-02538,27-07-2023,Male,25-34,Denver,CO,Paid Search,Active
2539,CUST-02539,09-07-2024,Female,35-44,Houston,TX,Referral,Active
2540,CUST-02540,23-06-2023,Male,35-44,Denver,CO,Email,Active
2541,CUST-02541,16-08-2025,Female,45-54,Los Angeles,CA,Organic Search,Active
2542,CUST-02542,04-03-2024,Male,35-44,Chicago,IL,Organic Search,Active
2543,CUST-02543,22-09-2024,Female,35-44,Seattle,WA,Email,Active
2544,CUST-02544,10-11-2023,Female,55-64,Las Vegas,NV,Paid Search,Active
2545,CUST-02545,17-04-2025,Prefer not to say,35-44,Seattle,WA,Email,Inactive
2546,CUST-02546,23-09-2023,Female,55-64,Chicago,IL,Social Media,Active
2547,CUST-02547,28-06-2025,Female,55-64,New York,NY,Organic Search,Active
2548,CUST-02548,24-09-2023,Male,18-24,New York,NY,Organic Search,Active
2549,CUST-02549,02-05-2024,Female,35-44,Los Angeles,CA,Organic Search,Active
2550,CUST-02550,17-07-2025,Female,45-54,Boston,MA,Email,Active
2551,CUST-02551,25-08-2025,Female,18-24,Houston,TX,Social Media,Active
2552,CUST-02552,02-03-2025,Female,45-54,Chicago,IL,Referral,Active
2553,CUST-02553,22-11-2024,Female,18-24,Los Angeles,CA,Paid Search,Inactive
2554,CUST-02554,28-10-2025,Male,35-44,Los Angeles,CA,Referral,Inactive
2555,CUST-02555,21-05-2024,Female,35-44,San Antonio,TX,Direct,Active
2556,CUST-02556,26-09-2024,Male,65+,Nashville,TN,Referral,Inactive
2557,CUST-02557,12-05-2024,Female,35-44,Philadelphia,PA,Paid Search,Active
2558,CUST-02558,20-03-2024,Male,35-44,San Antonio,TX,Social Media,Active
2559,CUST-02559,30-10-2024,Female,35-44,Houston,TX,Paid Search,Active
2560,CUST-02560,08-08-2025,Male,35-44,Austin,TX,Social Media,Active
2561,CUST-02561,27-06-2023,Female,45-54,Seattle,WA,Direct,Active
2562,CUST-02562,02-07-2023,Female,45-54,Miami,FL,Referral,Active
2563,CUST-02563,08-11-2025,Female,25-34,Las Vegas,NV,Referral,Active
2564,CUST-02564,31-07-2025,Female,25-34,Washington,DC,Organic Search,Active
2565,CUST-02565,06-01-2025,Male,45-54,New York,NY,Organic Search,Active
2566,CUST-02566,18-10-2025,Female,35-44,Miami,FL,Organic Search,Active
2567,CUST-02567,14-09-2023,Female,25-34,Chicago,IL,Social Media,Active
2568,CUST-02568,16-07-2023,Female,45-54,Jacksonville,FL,Social Media,Inactive
2569,CUST-02569,01-08-2024,Non-binary,45-54,Los Angeles,CA,Social Media,Active
2570,CUST-02570,24-08-2025,Female,35-44,San Diego,CA,Organic Search,Active
2571,CUST-02571,27-11-2024,Female,35-44,San Antonio,TX,Social Media,Active
2572,CUST-02572,14-06-2023,Male,25-34,Nashville,TN,Paid Search,Active
2573,CUST-02573,31-07-2025,Male,25-34,New York,NY,Organic Search,Active
2574,CUST-02574,28-02-2025,Non-binary,18-24,Houston,TX,Organic Search,Inactive
2575,CUST-02575,06-12-2023,Female,35-44,Nashville,TN,Direct,Active
2576,CUST-02576,06-07-2023,Female,18-24,Jacksonville,FL,Email,Active
2577,CUST-02577,04-03-2024,Male,65+,Philadelphia,PA,Social Media,Active
2578,CUST-02578,15-10-2023,Female,55-64,San Jose,CA,Paid Search,Active
2579,CUST-02579,31-01-2025,Male,18-24,Phoenix,AZ,Referral,Active
2580,CUST-02580,08-06-2025,Male,35-44,Jacksonville,FL,Referral,Active
2581,CUST-02581,20-04-2024,Male,18-24,Houston,TX,Organic Search,Active
2582,CUST-02582,26-07-2023,Female,35-44,Seattle,WA,Organic Search,Active
2583,CUST-02583,11-07-2025,Female,25-34,Jacksonville,FL,Organic Search,Active
2584,CUST-02584,27-09-2023,Male,45-54,Denver,CO,Email,Active
2585,CUST-02585,09-08-2023,Male,25-34,Boston,MA,Paid Search,Active
2586,CUST-02586,21-02-2024,Female,55-64,Denver,CO,Social Media,Active
2587,CUST-02587,07-08-2023,Female,25-34,Chicago,IL,Email,Active
2588,CUST-02588,06-08-2024,Male,25-34,Chicago,IL,Direct,Active
2589,CUST-02589,12-12-2023,Male,35-44,Charlotte,NC,Email,Active
2590,CUST-02590,15-10-2023,Male,35-44,Fort Worth,TX,Social Media,Active
2591,CUST-02591,03-08-2023,Male,25-34,Los Angeles,CA,Email,Inactive
2592,CUST-02592,07-03-2024,Female,35-44,Washington,DC,Organic Search,Active
2593,CUST-02593,07-07-2024,Female,45-54,Atlanta,GA,Email,Active
2594,CUST-02594,04-10-2023,Female,35-44,Philadelphia,PA,Social Media,Active
2595,CUST-02595,28-06-2025,Female,45-54,San Antonio,TX,Social Media,Active
2596,CUST-02596,09-10-2025,Male,65+,Phoenix,AZ,Organic Search,Active
2597,CUST-02597,28-06-2025,Male,45-54,Denver,CO,Email,Active
2598,CUST-02598,15-10-2025,Male,25-34,San Antonio,TX,Organic Search,Active
2599,CUST-02599,09-08-2025,Female,65+,Dallas,TX,Email,Active
2600,CUST-02600,10-05-2025,Female,55-64,Los Angeles,CA,Paid Search,Active
2601,CUST-02601,04-08-2023,Female,25-34,Boston,MA,Direct,Active
2602,CUST-02602,06-09-2025,Male,25-34,Seattle,WA,Social Media,Active
2603,CUST-02603,30-07-2023,Male,35-44,Denver,CO,Email,Inactive
2604,CUST-02604,10-11-2025,Female,35-44,San Diego,CA,Organic Search,Active
2605,CUST-02605,07-09-2024,Female,45-54,Fort Worth,TX,Direct,Active
2606,CUST-02606,04-06-2024,Male,55-64,Chicago,IL,Social Media,Active
2607,CUST-02607,24-09-2023,Female,55-64,Jacksonville,FL,Paid Search,Active
2608,CUST-02608,03-03-2025,Female,35-44,Philadelphia,PA,Email,Active
2609,CUST-02609,28-05-2025,Prefer not to say,55-64,San Antonio,TX,Social Media,Active
2610,CUST-02610,18-08-2023,Male,35-44,Atlanta,GA,Direct,Active
2611,CUST-02611,09-07-2023,Female,35-44,San Diego,CA,Paid Search,Active
2612,CUST-02612,09-11-2024,Non-binary,45-54,San Diego,CA,Email,Active
2613,CUST-02613,08-07-2023,Male,55-64,Dallas,TX,Paid Search,Active
2614,CUST-02614,10-11-2023,Male,45-54,San Antonio,TX,Organic Search,Active
2615,CUST-02615,15-09-2023,Male,25-34,Charlotte,NC,Organic Search,Active
2616,CUST-02616,02-06-2025,Male,55-64,Las Vegas,NV,Organic Search,Active
2617,CUST-02617,07-11-2023,Female,55-64,Denver,CO,Referral,Active
2618,CUST-02618,22-07-2023,Female,55-64,Philadelphia,PA,Direct,Active
2619,CUST-02619,09-05-2025,Male,25-34,Los Angeles,CA,Organic Search,Active
2620,CUST-02620,23-10-2025,Male,45-54,San Jose,CA,Organic Search,Active
2621,CUST-02621,25-05-2024,Male,55-64,New York,NY,Referral,Active
2622,CUST-02622,09-01-2025,Female,45-54,Las Vegas,NV,Social Media,Active
2623,CUST-02623,14-09-2023,Male,45-54,Las Vegas,NV,Direct,Active
2624,CUST-02624,24-11-2024,Non-binary,35-44,Seattle,WA,Organic Search,Active
2625,CUST-02625,03-01-2024,Female,45-54,Austin,TX,Organic Search,Active
2626,CUST-02626,04-02-2025,Male,25-34,Miami,FL,Social Media,Active
2627,CUST-02627,25-01-2024,Prefer not to say,45-54,Houston,TX,Direct,Active
2628,CUST-02628,19-11-2023,Female,45-54,San Jose,CA,Email,Active
2629,CUST-02629,26-02-2024,Male,45-54,Chicago,IL,Organic Search,Active
2630,CUST-02630,10-08-2025,Female,55-64,Austin,TX,Organic Search,Active
2631,CUST-02631,29-06-2023,Male,65+,San Jose,CA,Organic Search,Active
2632,CUST-02632,10-07-2024,Female,55-64,Dallas,TX,Email,Active
2633,CUST-02633,10-09-2023,Female,65+,Los Angeles,CA,Paid Search,Active
2634,CUST-02634,04-05-2025,Female,65+,Phoenix,AZ,Organic Search,Active
2635,CUST-02635,23-02-2024,Female,25-34,Philadelphia,PA,Direct,Active
2636,CUST-02636,23-10-2024,Non-binary,35-44,Chicago,IL,Direct,Active
2637,CUST-02637,02-06-2024,Male,18-24,San Jose,CA,Social Media,Active
2638,CUST-02638,16-10-2023,Female,18-24,Charlotte,NC,Referral,Active
2639,CUST-02639,08-08-2023,Female,35-44,Houston,TX,Direct,Active
2640,CUST-02640,12-11-2024,Female,35-44,Washington,DC,Paid Search,Active
2641,CUST-02641,23-06-2023,Male,45-54,Columbus,OH,Organic Search,Inactive
2642,CUST-02642,16-07-2024,Male,35-44,Columbus,OH,Social Media,Active
2643,CUST-02643,28-06-2023,Female,25-34,Chicago,IL,Organic Search,Active
2644,CUST-02644,31-08-2025,Male,25-34,Phoenix,AZ,Social Media,Active
2645,CUST-02645,02-03-2025,Male,65+,New York,NY,Social Media,Active
2646,CUST-02646,15-08-2025,Female,25-34,New York,NY,Social Media,Active
2647,CUST-02647,27-01-2024,Female,35-44,Philadelphia,PA,Social Media,Active
2648,CUST-02648,15-09-2023,Male,25-34,Philadelphia,PA,Referral,Active
2649,CUST-02649,08-08-2025,Female,25-34,Atlanta,GA,Organic Search,Active
2650,CUST-02650,17-07-2023,Female,25-34,Seattle,WA,Email,Active
2651,CUST-02651,22-11-2023,Female,35-44,New York,NY,Direct,Active
2652,CUST-02652,24-03-2025,Male,45-54,Fort Worth,TX,Referral,Active
2653,CUST-02653,06-09-2025,Male,45-54,Austin,TX,Social Media,Active
2654,CUST-02654,02-09-2023,Female,45-54,San Diego,CA,Social Media,Active
2655,CUST-02655,20-02-2024,Female,65+,Austin,TX,Organic Search,Active
2656,CUST-02656,26-03-2025,Female,25-34,Houston,TX,Organic Search,Active
2657,CUST-02657,14-11-2024,Female,55-64,Las Vegas,NV,Referral,Active
2658,CUST-02658,23-11-2025,Female,35-44,Columbus,OH,Direct,Active
2659,CUST-02659,08-05-2025,Non-binary,25-34,New York,NY,Direct,Inactive
2660,CUST-02660,22-12-2024,Male,35-44,Philadelphia,PA,Direct,Active
2661,CUST-02661,11-06-2025,Male,45-54,Phoenix,AZ,Email,Active
2662,CUST-02662,18-02-2024,Male,65+,Atlanta,GA,Email,Active
2663,CUST-02663,01-03-2024,Male,35-44,Houston,TX,Organic Search,Active
2664,CUST-02664,11-05-2025,Male,35-44,New York,NY,Social Media,Active
2665,CUST-02665,07-01-2025,Male,25-34,San Antonio,TX,Social Media,Active
2666,CUST-02666,02-01-2024,Female,25-34,Philadelphia,PA,Organic Search,Active
2667,CUST-02667,20-08-2025,Male,25-34,New York,NY,Social Media,Active
2668,CUST-02668,12-06-2025,Male,55-64,New York,NY,Social Media,Active
2669,CUST-02669,13-07-2023,Female,45-54,Columbus,OH,Social Media,Active
2670,CUST-02670,26-09-2025,Female,45-54,San Diego,CA,Paid Search,Active
2671,CUST-02671,03-11-2023,Male,25-34,Boston,MA,Organic Search,Active
2672,CUST-02672,21-01-2024,Male,35-44,San Antonio,TX,Organic Search,Inactive
2673,CUST-02673,13-09-2023,Female,18-24,Austin,TX,Paid Search,Active
2674,CUST-02674,07-09-2023,Female,35-44,Jacksonville,FL,Organic Search,Active
2675,CUST-02675,03-06-2023,Male,55-64,Charlotte,NC,Email,Active
2676,CUST-02676,19-01-2024,Male,45-54,Houston,TX,Social Media,Active
2677,CUST-02677,12-09-2025,Male,25-34,Phoenix,AZ,Referral,Inactive
2678,CUST-02678,10-10-2025,Female,35-44,Chicago,IL,Email,Active
2679,CUST-02679,25-11-2023,Female,45-54,San Antonio,TX,Paid Search,Active
2680,CUST-02680,09-04-2024,Male,25-34,San Jose,CA,Paid Search,Active
2681,CUST-02681,15-07-2023,Male,25-34,Fort Worth,TX,Organic Search,Active
2682,CUST-02682,19-12-2023,Male,55-64,Jacksonville,FL,Referral,Active
2683,CUST-02683,24-08-2023,Male,35-44,Atlanta,GA,Referral,Active
2684,CUST-02684,10-04-2025,Male,25-34,Philadelphia,PA,Social Media,Active
2685,CUST-02685,24-02-2024,Male,25-34,New York,NY,Direct,Active
2686,CUST-02686,09-06-2023,Female,18-24,Phoenix,AZ,Paid Search,Active
2687,CUST-02687,02-11-2024,Male,55-64,San Antonio,TX,Referral,Active
2688,CUST-02688,04-09-2023,Prefer not to say,35-44,Austin,TX,Direct,Active
2689,CUST-02689,15-09-2024,Male,55-64,Seattle,WA,Direct,Active
2690,CUST-02690,20-09-2025,Female,25-34,San Diego,CA,Email,Active
2691,CUST-02691,10-01-2024,Male,55-64,Los Angeles,CA,Social Media,Active
2692,CUST-02692,07-02-2024,Female,45-54,Columbus,OH,Social Media,Active
2693,CUST-02693,06-11-2023,Female,45-54,Columbus,OH,Referral,Active
2694,CUST-02694,14-01-2025,Female,55-64,San Diego,CA,Referral,Active
2695,CUST-02695,10-10-2024,Female,55-64,Philadelphia,PA,Organic Search,Active
2696,CUST-02696,01-03-2024,Male,45-54,Nashville,TN,Direct,Active
2697,CUST-02697,05-08-2023,Male,65+,Dallas,TX,Referral,Active
2698,CUST-02698,23-03-2025,Male,35-44,Houston,TX,Referral,Active
2699,CUST-02699,07-01-2024,Male,35-44,Phoenix,AZ,Paid Search,Active
2700,CUST-02700,18-07-2025,Female,25-34,Seattle,WA,Paid Search,Active
2701,CUST-02701,24-05-2024,Female,25-34,Washington,DC,Paid Search,Active
2702,CUST-02702,10-12-2024,Male,25-34,Austin,TX,Organic Search,Active
2703,CUST-02703,16-10-2023,Prefer not to say,18-24,New York,NY,Direct,Active
2704,CUST-02704,21-08-2023,Female,25-34,Philadelphia,PA,Referral,Active
2705,CUST-02705,30-01-2025,Male,35-44,New York,NY,Social Media,Active
2706,CUST-02706,10-07-2025,Male,55-64,Portland,OR,Paid Search,Active
2707,CUST-02707,18-01-2024,Female,55-64,Las Vegas,NV,Organic Search,Active
2708,CUST-02708,17-01-2024,Female,35-44,Columbus,OH,Social Media,Active
2709,CUST-02709,17-10-2023,Male,25-34,Fort Worth,TX,Referral,Active
2710,CUST-02710,10-06-2024,Male,55-64,Charlotte,NC,Social Media,Active
2711,CUST-02711,04-09-2024,Male,18-24,Dallas,TX,Social Media,Active
2712,CUST-02712,11-09-2024,Male,55-64,Los Angeles,CA,Organic Search,Active
2713,CUST-02713,22-10-2023,Female,35-44,San Antonio,TX,Paid Search,Active
2714,CUST-02714,22-10-2025,Male,25-34,Charlotte,NC,Direct,Active
2715,CUST-02715,07-04-2025,Male,35-44,Houston,TX,Organic Search,Active
2716,CUST-02716,27-09-2023,Female,35-44,Washington,DC,Paid Search,Active
2717,CUST-02717,25-11-2025,Female,45-54,Atlanta,GA,Referral,Active
2718,CUST-02718,24-08-2023,Female,65+,San Jose,CA,Direct,Active
2719,CUST-02719,24-01-2024,Male,25-34,Los Angeles,CA,Paid Search,Active
2720,CUST-02720,09-02-2025,Female,18-24,Seattle,WA,Email,Active
2721,CUST-02721,30-12-2024,Male,35-44,Austin,TX,Email,Active
2722,CUST-02722,29-09-2025,Female,25-34,San Diego,CA,Paid Search,Active
2723,CUST-02723,02-08-2023,Prefer not to say,25-34,Austin,TX,Paid Search,Active
2724,CUST-02724,27-09-2024,Female,18-24,Los Angeles,CA,Referral,Active
2725,CUST-02725,01-07-2023,Non-binary,18-24,Charlotte,NC,Organic Search,Active
2726,CUST-02726,03-01-2025,Male,55-64,Nashville,TN,Direct,Active
2727,CUST-02727,12-11-2024,Male,35-44,New York,NY,Social Media,Active
2728,CUST-02728,23-06-2023,Female,25-34,Phoenix,AZ,Referral,Active
2729,CUST-02729,13-01-2025,Male,45-54,San Jose,CA,Direct,Active
2730,CUST-02730,29-05-2025,Male,18-24,Austin,TX,Paid Search,Active
2731,CUST-02731,07-12-2024,Female,18-24,Columbus,OH,Organic Search,Active
2732,CUST-02732,23-08-2023,Male,55-64,Philadelphia,PA,Direct,Active
2733,CUST-02733,02-07-2025,Female,65+,Columbus,OH,Email,Active
2734,CUST-02734,19-01-2025,Male,35-44,Atlanta,GA,Direct,Active
2735,CUST-02735,29-06-2025,Female,55-64,Austin,TX,Direct,Active
2736,CUST-02736,08-11-2023,Male,35-44,Houston,TX,Social Media,Active
2737,CUST-02737,27-05-2024,Female,55-64,Houston,TX,Email,Inactive
2738,CUST-02738,25-08-2024,Male,55-64,San Antonio,TX,Email,Active
2739,CUST-02739,20-03-2025,Male,25-34,Las Vegas,NV,Referral,Inactive
2740,CUST-02740,14-10-2025,Female,25-34,Miami,FL,Paid Search,Active
2741,CUST-02741,29-10-2023,Female,35-44,Philadelphia,PA,Organic Search,Active
2742,CUST-02742,17-06-2025,Female,35-44,Austin,TX,Paid Search,Active
2743,CUST-02743,19-09-2024,Female,55-64,Seattle,WA,Paid Search,Active
2744,CUST-02744,07-10-2024,Prefer not to say,55-64,San Jose,CA,Organic Search,Active
2745,CUST-02745,02-05-2025,Male,25-34,Denver,CO,Paid Search,Active
2746,CUST-02746,05-03-2025,Male,25-34,New York,NY,Organic Search,Active
2747,CUST-02747,06-09-2023,Female,25-34,New York,NY,Referral,Active
2748,CUST-02748,03-04-2024,Female,18-24,Charlotte,NC,Direct,Active
2749,CUST-02749,13-11-2024,Non-binary,25-34,Chicago,IL,Direct,Active
2750,CUST-02750,13-05-2025,Male,45-54,Washington,DC,Social Media,Active
2751,CUST-02751,18-01-2024,Male,18-24,Nashville,TN,Social Media,Active
2752,CUST-02752,05-06-2025,Male,25-34,Philadelphia,PA,Paid Search,Active
2753,CUST-02753,07-03-2025,Female,35-44,Phoenix,AZ,Email,Active
2754,CUST-02754,05-03-2024,Male,35-44,Jacksonville,FL,Social Media,Active
2755,CUST-02755,11-03-2024,Female,18-24,Boston,MA,Email,Active
2756,CUST-02756,28-01-2024,Male,55-64,Jacksonville,FL,Social Media,Active
2757,CUST-02757,28-08-2023,Female,65+,Chicago,IL,Social Media,Active
2758,CUST-02758,01-07-2023,Female,65+,Fort Worth,TX,Paid Search,Inactive
2759,CUST-02759,13-01-2025,Female,35-44,Jacksonville,FL,Paid Search,Active
2760,CUST-02760,24-11-2024,Non-binary,35-44,San Antonio,TX,Social Media,Active
2761,CUST-02761,10-11-2023,Female,45-54,Los Angeles,CA,Direct,Active
2762,CUST-02762,19-07-2023,Male,35-44,Columbus,OH,Organic Search,Active
2763,CUST-02763,20-09-2024,Male,18-24,Seattle,WA,Organic Search,Active
2764,CUST-02764,04-11-2024,Female,35-44,Phoenix,AZ,Referral,Active
2765,CUST-02765,14-04-2025,Male,65+,New York,NY,Organic Search,Active
2766,CUST-02766,17-09-2024,Prefer not to say,25-34,Las Vegas,NV,Paid Search,Active
2767,CUST-02767,21-09-2023,Female,35-44,Boston,MA,Organic Search,Active
2768,CUST-02768,13-08-2025,Female,35-44,Las Vegas,NV,Direct,Active
2769,CUST-02769,03-09-2023,Female,55-64,Los Angeles,CA,Organic Search,Active
2770,CUST-02770,30-05-2024,Female,45-54,Nashville,TN,Direct,Active
2771,CUST-02771,16-08-2025,Male,65+,Columbus,OH,Direct,Active
2772,CUST-02772,12-12-2023,Male,65+,Dallas,TX,Organic Search,Active
2773,CUST-02773,31-08-2025,Female,18-24,Portland,OR,Social Media,Active
2774,CUST-02774,24-07-2024,Male,18-24,Denver,CO,Paid Search,Active
2775,CUST-02775,02-11-2024,Male,25-34,Fort Worth,TX,Organic Search,Active
2776,CUST-02776,09-09-2023,Female,45-54,Seattle,WA,Email,Active
2777,CUST-02777,22-05-2024,Female,35-44,Dallas,TX,Organic Search,Active
2778,CUST-02778,08-08-2023,Female,25-34,Dallas,TX,Social Media,Inactive
2779,CUST-02779,09-11-2025,Male,25-34,Austin,TX,Organic Search,Active
2780,CUST-02780,13-02-2024,Female,35-44,Nashville,TN,Paid Search,Active
2781,CUST-02781,16-08-2023,Female,25-34,Fort Worth,TX,Social Media,Active
2782,CUST-02782,12-01-2024,Male,45-54,New York,NY,Organic Search,Active
2783,CUST-02783,16-08-2024,Prefer not to say,45-54,Jacksonville,FL,Referral,Active
2784,CUST-02784,02-05-2025,Non-binary,55-64,Portland,OR,Referral,Active
2785,CUST-02785,19-12-2023,Female,25-34,San Jose,CA,Paid Search,Active
2786,CUST-02786,01-04-2025,Male,18-24,Los Angeles,CA,Organic Search,Active
2787,CUST-02787,19-03-2025,Female,55-64,Charlotte,NC,Social Media,Active
2788,CUST-02788,10-04-2024,Female,35-44,Houston,TX,Paid Search,Active
2789,CUST-02789,26-08-2023,Female,35-44,Denver,CO,Referral,Active
2790,CUST-02790,18-09-2025,Male,18-24,San Jose,CA,Paid Search,Active
2791,CUST-02791,07-09-2023,Female,35-44,Columbus,OH,Direct,Active
2792,CUST-02792,12-10-2024,Female,35-44,San Antonio,TX,Direct,Active
2793,CUST-02793,19-01-2024,Male,45-54,Houston,TX,Social Media,Active
2794,CUST-02794,10-05-2024,Female,25-34,Portland,OR,Organic Search,Inactive
2795,CUST-02795,22-08-2025,Male,35-44,Jacksonville,FL,Social Media,Active
2796,CUST-02796,06-10-2023,Female,35-44,Philadelphia,PA,Email,Active
2797,CUST-02797,13-09-2024,Female,55-64,Miami,FL,Organic Search,Active
2798,CUST-02798,02-05-2025,Female,25-34,Columbus,OH,Referral,Active
2799,CUST-02799,04-07-2024,Male,25-34,Philadelphia,PA,Social Media,Active
2800,CUST-02800,08-02-2024,Female,18-24,New York,NY,Organic Search,Active
2801,CUST-02801,29-07-2025,Male,25-34,Houston,TX,Paid Search,Active
2802,CUST-02802,07-07-2023,Female,25-34,San Antonio,TX,Direct,Active
2803,CUST-02803,02-08-2024,Male,25-34,Las Vegas,NV,Paid Search,Active
2804,CUST-02804,09-01-2024,Female,65+,Philadelphia,PA,Email,Inactive
2805,CUST-02805,25-09-2024,Male,55-64,San Antonio,TX,Social Media,Active
2806,CUST-02806,01-01-2025,Female,35-44,Philadelphia,PA,Organic Search,Active
2807,CUST-02807,01-01-2024,Male,55-64,Las Vegas,NV,Direct,Inactive
2808,CUST-02808,29-06-2023,Female,35-44,San Diego,CA,Paid Search,Active
2809,CUST-02809,11-09-2023,Non-binary,18-24,Jacksonville,FL,Organic Search,Inactive
2810,CUST-02810,20-07-2023,Male,45-54,Columbus,OH,Paid Search,Active
2811,CUST-02811,29-07-2024,Male,35-44,Dallas,TX,Email,Active
2812,CUST-02812,15-10-2023,Female,25-34,Los Angeles,CA,Organic Search,Active
2813,CUST-02813,10-10-2024,Female,45-54,Los Angeles,CA,Social Media,Active
2814,CUST-02814,10-07-2024,Female,35-44,New York,NY,Organic Search,Active
2815,CUST-02815,20-06-2024,Male,25-34,New York,NY,Email,Active
2816,CUST-02816,17-10-2024,Male,55-64,Los Angeles,CA,Social Media,Active
2817,CUST-02817,28-07-2025,Male,55-64,Jacksonville,FL,Referral,Active
2818,CUST-02818,25-01-2024,Female,18-24,Los Angeles,CA,Direct,Active
2819,CUST-02819,07-11-2023,Female,35-44,San Antonio,TX,Email,Active
2820,CUST-02820,29-08-2024,Male,55-64,Dallas,TX,Social Media,Active
2821,CUST-02821,20-03-2025,Non-binary,18-24,San Antonio,TX,Direct,Active
2822,CUST-02822,03-06-2024,Male,55-64,New York,NY,Social Media,Active
2823,CUST-02823,04-02-2024,Female,18-24,Portland,OR,Organic Search,Active
2824,CUST-02824,11-09-2023,Female,55-64,Washington,DC,Referral,Active
2825,CUST-02825,15-10-2024,Male,45-54,Houston,TX,Social Media,Active
2826,CUST-02826,03-12-2023,Male,25-34,Houston,TX,Organic Search,Inactive
2827,CUST-02827,30-07-2023,Female,35-44,New York,NY,Email,Active
2828,CUST-02828,02-08-2023,Male,25-34,Chicago,IL,Social Media,Active
2829,CUST-02829,06-09-2023,Female,35-44,Washington,DC,Direct,Active
2830,CUST-02830,24-03-2025,Male,25-34,Columbus,OH,Organic Search,Active
2831,CUST-02831,30-10-2024,Male,25-34,Boston,MA,Organic Search,Inactive
2832,CUST-02832,28-08-2023,Non-binary,25-34,Phoenix,AZ,Direct,Active
2833,CUST-02833,01-12-2024,Female,25-34,Jacksonville,FL,Organic Search,Active
2834,CUST-02834,25-07-2025,Male,45-54,Dallas,TX,Referral,Active
2835,CUST-02835,17-02-2024,Female,18-24,Phoenix,AZ,Paid Search,Active
2836,CUST-02836,19-10-2023,Female,55-64,Chicago,IL,Paid Search,Active
2837,CUST-02837,06-08-2024,Male,25-34,Phoenix,AZ,Social Media,Active
2838,CUST-02838,03-08-2024,Female,65+,Dallas,TX,Organic Search,Active
2839,CUST-02839,10-11-2025,Female,25-34,Columbus,OH,Email,Active
2840,CUST-02840,26-05-2024,Female,25-34,Las Vegas,NV,Paid Search,Active
2841,CUST-02841,02-09-2025,Female,35-44,Chicago,IL,Social Media,Active
2842,CUST-02842,16-12-2023,Female,35-44,Portland,OR,Email,Active
2843,CUST-02843,21-01-2024,Female,65+,Austin,TX,Direct,Active
2844,CUST-02844,07-09-2025,Female,35-44,Chicago,IL,Organic Search,Active
2845,CUST-02845,28-10-2023,Female,45-54,San Antonio,TX,Email,Active
2846,CUST-02846,17-11-2023,Female,18-24,San Jose,CA,Social Media,Active
2847,CUST-02847,15-12-2024,Male,18-24,Los Angeles,CA,Referral,Active
2848,CUST-02848,30-11-2023,Female,45-54,Los Angeles,CA,Email,Active
2849,CUST-02849,05-11-2023,Female,25-34,Phoenix,AZ,Social Media,Active
2850,CUST-02850,23-05-2025,Female,25-34,New York,NY,Organic Search,Active
2851,CUST-02851,01-09-2025,Female,35-44,Seattle,WA,Social Media,Active
2852,CUST-02852,29-07-2024,Male,45-54,Portland,OR,Email,Active
2853,CUST-02853,23-07-2024,Female,35-44,Miami,FL,Organic Search,Active
2854,CUST-02854,13-07-2023,Female,55-64,Las Vegas,NV,Paid Search,Active
2855,CUST-02855,20-11-2023,Male,18-24,Los Angeles,CA,Direct,Active
2856,CUST-02856,06-07-2025,Female,25-34,Las Vegas,NV,Paid Search,Active
2857,CUST-02857,15-01-2024,Male,35-44,Portland,OR,Paid Search,Active
2858,CUST-02858,04-06-2023,Female,45-54,Jacksonville,FL,Organic Search,Active
2859,CUST-02859,15-12-2023,Female,65+,Seattle,WA,Social Media,Inactive
2860,CUST-02860,28-09-2025,Male,45-54,Phoenix,AZ,Referral,Active
2861,CUST-02861,05-10-2025,Female,25-34,Chicago,IL,Social Media,Active
2862,CUST-02862,30-09-2023,Male,55-64,Houston,TX,Paid Search,Active
2863,CUST-02863,24-05-2025,Male,25-34,Las Vegas,NV,Referral,Active
2864,CUST-02864,03-11-2025,Female,55-64,Houston,TX,Organic Search,Active
2865,CUST-02865,01-11-2025,Female,35-44,New York,NY,Paid Search,Active
2866,CUST-02866,26-08-2025,Female,35-44,Los Angeles,CA,Email,Inactive
2867,CUST-02867,10-12-2023,Male,18-24,San Antonio,TX,Email,Inactive
2868,CUST-02868,27-05-2024,Female,65+,Philadelphia,PA,Organic Search,Active
2869,CUST-02869,13-04-2025,Male,25-34,Philadelphia,PA,Organic Search,Active
2870,CUST-02870,16-08-2025,Male,45-54,Jacksonville,FL,Organic Search,Active
2871,CUST-02871,14-12-2023,Female,25-34,Los Angeles,CA,Paid Search,Inactive
2872,CUST-02872,28-08-2025,Female,35-44,Chicago,IL,Social Media,Active
2873,CUST-02873,08-09-2024,Female,45-54,Las Vegas,NV,Paid Search,Inactive
2874,CUST-02874,07-12-2023,Male,45-54,New York,NY,Social Media,Active
2875,CUST-02875,09-03-2024,Female,35-44,Columbus,OH,Email,Active
2876,CUST-02876,10-11-2025,Female,65+,Houston,TX,Email,Active
2877,CUST-02877,15-06-2023,Female,55-64,San Jose,CA,Email,Active
2878,CUST-02878,20-10-2023,Non-binary,55-64,Las Vegas,NV,Referral,Active
2879,CUST-02879,15-07-2023,Male,18-24,Columbus,OH,Direct,Active
2880,CUST-02880,19-06-2023,Female,18-24,Denver,CO,Organic Search,Active
2881,CUST-02881,23-11-2024,Female,45-54,Seattle,WA,Social Media,Active
2882,CUST-02882,24-08-2025,Female,65+,Seattle,WA,Organic Search,Active
2883,CUST-02883,06-08-2023,Female,35-44,Philadelphia,PA,Social Media,Active
2884,CUST-02884,06-11-2023,Non-binary,18-24,Los Angeles,CA,Email,Active
2885,CUST-02885,25-01-2025,Male,25-34,Fort Worth,TX,Social Media,Active
2886,CUST-02886,03-01-2024,Female,55-64,San Antonio,TX,Email,Active
2887,CUST-02887,03-08-2023,Non-binary,18-24,Los Angeles,CA,Organic Search,Inactive
2888,CUST-02888,03-02-2024,Female,35-44,Phoenix,AZ,Organic Search,Inactive
2889,CUST-02889,08-06-2023,Male,65+,Los Angeles,CA,Direct,Active
2890,CUST-02890,28-07-2024,Female,25-34,San Diego,CA,Referral,Active
2891,CUST-02891,04-09-2023,Male,55-64,Houston,TX,Organic Search,Inactive
2892,CUST-02892,29-07-2024,Male,45-54,Houston,TX,Email,Active
2893,CUST-02893,22-03-2025,Female,45-54,Chicago,IL,Direct,Active
2894,CUST-02894,18-08-2023,Female,35-44,Dallas,TX,Paid Search,Active
2895,CUST-02895,19-10-2023,Male,25-34,Phoenix,AZ,Organic Search,Active
2896,CUST-02896,05-02-2025,Male,18-24,Charlotte,NC,Email,Active
2897,CUST-02897,26-12-2024,Male,45-54,Houston,TX,Paid Search,Active
2898,CUST-02898,27-04-2025,Female,18-24,Portland,OR,Organic Search,Active
2899,CUST-02899,14-03-2025,Female,35-44,San Antonio,TX,Social Media,Active
2900,CUST-02900,19-05-2024,Female,25-34,Fort Worth,TX,Referral,Inactive
2901,CUST-02901,23-06-2023,Male,55-64,Nashville,TN,Paid Search,Active
2902,CUST-02902,27-11-2025,Female,25-34,Chicago,IL,Paid Search,Inactive
2903,CUST-02903,17-06-2023,Female,25-34,Phoenix,AZ,Direct,Active
2904,CUST-02904,14-06-2023,Male,65+,New York,NY,Direct,Active
2905,CUST-02905,08-08-2024,Female,18-24,Dallas,TX,Paid Search,Active
2906,CUST-02906,25-09-2024,Female,35-44,Houston,TX,Paid Search,Active
2907,CUST-02907,09-03-2024,Female,25-34,Chicago,IL,Referral,Active
2908,CUST-02908,28-04-2025,Male,35-44,Houston,TX,Referral,Active
2909,CUST-02909,19-06-2025,Non-binary,25-34,Chicago,IL,Paid Search,Inactive
2910,CUST-02910,27-07-2025,Male,25-34,Seattle,WA,Social Media,Active
2911,CUST-02911,26-05-2025,Female,45-54,Los Angeles,CA,Organic Search,Active
2912,CUST-02912,01-01-2025,Male,35-44,Chicago,IL,Direct,Active
2913,CUST-02913,03-02-2024,Female,25-34,Philadelphia,PA,Referral,Active
2914,CUST-02914,03-08-2023,Male,35-44,Columbus,OH,Paid Search,Active
2915,CUST-02915,11-09-2025,Female,55-64,Dallas,TX,Paid Search,Active
2916,CUST-02916,27-01-2024,Female,18-24,Seattle,WA,Email,Active
2917,CUST-02917,23-08-2023,Female,18-24,Phoenix,AZ,Paid Search,Active
2918,CUST-02918,01-11-2024,Female,18-24,Philadelphia,PA,Social Media,Active
2919,CUST-02919,27-11-2024,Male,65+,Denver,CO,Direct,Active
2920,CUST-02920,08-02-2025,Female,45-54,Houston,TX,Social Media,Active
2921,CUST-02921,16-07-2023,Female,45-54,Phoenix,AZ,Organic Search,Active
2922,CUST-02922,02-05-2024,Female,55-64,Los Angeles,CA,Organic Search,Active
2923,CUST-02923,04-12-2023,Female,18-24,Houston,TX,Organic Search,Active
2924,CUST-02924,18-09-2024,Male,55-64,Los Angeles,CA,Social Media,Active
2925,CUST-02925,10-02-2025,Male,25-34,Austin,TX,Email,Active
2926,CUST-02926,15-07-2025,Male,25-34,Miami,FL,Paid Search,Active
2927,CUST-02927,17-03-2024,Male,45-54,Denver,CO,Referral,Active
2928,CUST-02928,29-07-2025,Female,55-64,San Antonio,TX,Direct,Active
2929,CUST-02929,26-01-2024,Male,25-34,Charlotte,NC,Organic Search,Active
2930,CUST-02930,28-05-2025,Female,55-64,Austin,TX,Paid Search,Active
2931,CUST-02931,19-02-2024,Male,35-44,Boston,MA,Paid Search,Active
2932,CUST-02932,13-07-2025,Male,55-64,Dallas,TX,Social Media,Active
2933,CUST-02933,31-05-2025,Female,25-34,Dallas,TX,Social Media,Active
2934,CUST-02934,25-08-2023,Male,25-34,Denver,CO,Direct,Active
2935,CUST-02935,22-11-2024,Female,35-44,Miami,FL,Organic Search,Active
2936,CUST-02936,05-03-2025,Female,35-44,Chicago,IL,Paid Search,Active
2937,CUST-02937,08-05-2025,Female,25-34,Dallas,TX,Paid Search,Inactive
2938,CUST-02938,22-03-2024,Male,35-44,Washington,DC,Referral,Active
2939,CUST-02939,17-11-2024,Male,35-44,Dallas,TX,Referral,Active
2940,CUST-02940,22-11-2023,Female,25-34,Los Angeles,CA,Organic Search,Active
2941,CUST-02941,29-12-2023,Male,18-24,Houston,TX,Organic Search,Active
2942,CUST-02942,10-10-2025,Male,25-34,Nashville,TN,Referral,Active
2943,CUST-02943,28-07-2024,Non-binary,55-64,Los Angeles,CA,Organic Search,Active
2944,CUST-02944,04-07-2025,Male,35-44,San Antonio,TX,Email,Active
2945,CUST-02945,17-10-2024,Male,18-24,New York,NY,Social Media,Active
2946,CUST-02946,30-03-2024,Male,35-44,Phoenix,AZ,Social Media,Active
2947,CUST-02947,07-10-2023,Male,18-24,Philadelphia,PA,Organic Search,Active
2948,CUST-02948,08-01-2024,Male,18-24,Fort Worth,TX,Social Media,Active
2949,CUST-02949,13-08-2024,Female,18-24,Houston,TX,Organic Search,Active
2950,CUST-02950,05-07-2023,Female,25-34,Chicago,IL,Social Media,Active
2951,CUST-02951,24-10-2025,Female,35-44,Philadelphia,PA,Organic Search,Active
2952,CUST-02952,20-12-2024,Female,18-24,Denver,CO,Email,Active
2953,CUST-02953,16-02-2024,Female,18-24,Los Angeles,CA,Direct,Active
2954,CUST-02954,12-10-2025,Female,18-24,Jacksonville,FL,Referral,Active
2955,CUST-02955,08-06-2025,Female,45-54,San Jose,CA,Direct,Active
2956,CUST-02956,02-06-2024,Female,25-34,Nashville,TN,Paid Search,Active
2957,CUST-02957,05-07-2024,Male,35-44,Dallas,TX,Organic Search,Active
2958,CUST-02958,18-11-2024,Prefer not to say,35-44,Miami,FL,Organic Search,Active
2959,CUST-02959,26-01-2024,Male,25-34,Columbus,OH,Paid Search,Active
2960,CUST-02960,14-10-2023,Male,55-64,Phoenix,AZ,Direct,Active
2961,CUST-02961,25-01-2024,Female,18-24,Seattle,WA,Organic Search,Active
2962,CUST-02962,01-06-2023,Male,55-64,Atlanta,GA,Referral,Active
2963,CUST-02963,05-10-2023,Female,18-24,Jacksonville,FL,Direct,Active
2964,CUST-02964,20-04-2024,Female,35-44,Las Vegas,NV,Paid Search,Active
2965,CUST-02965,31-08-2023,Female,25-34,Columbus,OH,Paid Search,Active
2966,CUST-02966,31-07-2023,Male,35-44,Atlanta,GA,Direct,Active
2967,CUST-02967,04-04-2025,Male,25-34,Portland,OR,Email,Inactive
2968,CUST-02968,26-06-2025,Male,25-34,Atlanta,GA,Email,Inactive
2969,CUST-02969,09-08-2024,Male,25-34,Las Vegas,NV,Social Media,Active
2970,CUST-02970,18-02-2025,Male,25-34,Los Angeles,CA,Organic Search,Active
2971,CUST-02971,31-01-2024,Female,25-34,Dallas,TX,Email,Active
2972,CUST-02972,08-05-2024,Female,35-44,Seattle,WA,Direct,Active
2973,CUST-02973,24-04-2025,Female,25-34,Phoenix,AZ,Social Media,Active
2974,CUST-02974,12-06-2024,Male,45-54,Portland,OR,Organic Search,Active
2975,CUST-02975,01-02-2024,Male,35-44,Houston,TX,Social Media,Active
2976,CUST-02976,19-08-2024,Female,25-34,Dallas,TX,Social Media,Active
2977,CUST-02977,18-06-2024,Female,18-24,San Antonio,TX,Organic Search,Active
2978,CUST-02978,24-09-2024,Female,45-54,Los Angeles,CA,Social Media,Active
2979,CUST-02979,05-02-2025,Male,25-34,Chicago,IL,Email,Active
2980,CUST-02980,12-09-2025,Male,45-54,Los Angeles,CA,Paid Search,Active
2981,CUST-02981,03-07-2024,Male,18-24,Jacksonville,FL,Referral,Active
2982,CUST-02982,27-08-2025,Female,25-34,San Antonio,TX,Email,Active
2983,CUST-02983,11-08-2024,Female,55-64,Houston,TX,Referral,Active
2984,CUST-02984,03-06-2024,Female,35-44,Austin,TX,Email,Active
2985,CUST-02985,24-10-2023,Female,35-44,Columbus,OH,Direct,Inactive
2986,CUST-02986,22-07-2024,Male,45-54,Atlanta,GA,Email,Active
2987,CUST-02987,10-06-2024,Female,25-34,Miami,FL,Social Media,Active
2988,CUST-02988,16-09-2023,Female,25-34,Philadelphia,PA,Organic Search,Active
2989,CUST-02989,02-03-2025,Female,55-64,Atlanta,GA,Paid Search,Active
2990,CUST-02990,10-08-2023,Female,45-54,Atlanta,GA,Paid Search,Inactive
2991,CUST-02991,22-10-2025,Male,35-44,Philadelphia,PA,Organic Search,Active
2992,CUST-02992,29-10-2024,Male,35-44,Washington,DC,Organic Search,Active
2993,CUST-02993,08-09-2025,Male,45-54,Columbus,OH,Social Media,Inactive
2994,CUST-02994,03-11-2023,Male,25-34,Charlotte,NC,Paid Search,Active
2995,CUST-02995,21-07-2023,Male,55-64,San Antonio,TX,Paid Search,Active
2996,CUST-02996,18-08-2024,Female,25-34,Chicago,IL,Organic Search,Active
2997,CUST-02997,18-12-2023,Male,25-34,Houston,TX,Organic Search,Active
2998,CUST-02998,16-01-2025,Female,18-24,Las Vegas,NV,Direct,Inactive
2999,CUST-02999,19-11-2024,Male,18-24,Atlanta,GA,Social Media,Active
3000,CUST-03000,06-11-2024,Female,45-54,Los Angeles,CA,Referral,Active
3001,CUST-03001,30-01-2024,Male,25-34,Jacksonville,FL,Paid Search,Active
3002,CUST-03002,03-08-2025,Female,25-34,Boston,MA,Organic Search,Active
3003,CUST-03003,14-06-2024,Female,45-54,Columbus,OH,Social Media,Active
3004,CUST-03004,10-03-2024,Female,25-34,Columbus,OH,Organic Search,Active
3005,CUST-03005,12-05-2024,Female,45-54,San Diego,CA,Organic Search,Active
3006,CUST-03006,28-02-2025,Female,25-34,Miami,FL,Social Media,Active
3007,CUST-03007,08-08-2025,Male,55-64,Portland,OR,Email,Active
3008,CUST-03008,20-12-2023,Male,35-44,Philadelphia,PA,Organic Search,Active
3009,CUST-03009,19-10-2023,Female,25-34,New York,NY,Direct,Active
3010,CUST-03010,12-08-2023,Female,65+,Fort Worth,TX,Social Media,Active
3011,CUST-03011,18-11-2023,Female,35-44,Portland,OR,Direct,Active
3012,CUST-03012,19-06-2023,Female,35-44,Fort Worth,TX,Organic Search,Active
3013,CUST-03013,30-06-2023,Female,65+,Phoenix,AZ,Paid Search,Active
3014,CUST-03014,18-04-2024,Female,35-44,San Jose,CA,Direct,Active
3015,CUST-03015,09-03-2024,Female,25-34,Austin,TX,Social Media,Active
3016,CUST-03016,05-11-2025,Female,45-54,Los Angeles,CA,Email,Active
3017,CUST-03017,11-02-2024,Female,18-24,Boston,MA,Organic Search,Inactive
3018,CUST-03018,21-10-2023,Male,55-64,San Antonio,TX,Email,Active
3019,CUST-03019,08-11-2024,Female,18-24,Columbus,OH,Organic Search,Active
3020,CUST-03020,17-01-2025,Female,18-24,Charlotte,NC,Paid Search,Active
3021,CUST-03021,03-11-2023,Male,25-34,Nashville,TN,Social Media,Active
3022,CUST-03022,18-04-2025,Female,25-34,Portland,OR,Paid Search,Active
3023,CUST-03023,29-06-2023,Male,55-64,Miami,FL,Paid Search,Active
3024,CUST-03024,28-10-2024,Male,35-44,Dallas,TX,Email,Active
3025,CUST-03025,18-08-2025,Male,45-54,Charlotte,NC,Email,Active
3026,CUST-03026,18-12-2024,Male,45-54,Miami,FL,Paid Search,Active
3027,CUST-03027,25-12-2023,Female,35-44,Houston,TX,Referral,Active
3028,CUST-03028,13-02-2025,Male,18-24,Fort Worth,TX,Direct,Inactive
3029,CUST-03029,19-10-2024,Female,18-24,San Jose,CA,Paid Search,Active
3030,CUST-03030,18-07-2025,Female,35-44,Columbus,OH,Social Media,Active
3031,CUST-03031,15-10-2023,Prefer not to say,25-34,Boston,MA,Email,Active
3032,CUST-03032,04-09-2023,Female,25-34,Columbus,OH,Referral,Active
3033,CUST-03033,11-04-2025,Male,45-54,Dallas,TX,Referral,Active
3034,CUST-03034,19-11-2023,Male,45-54,Austin,TX,Paid Search,Active
3035,CUST-03035,10-08-2023,Male,45-54,Los Angeles,CA,Organic Search,Active
3036,CUST-03036,10-10-2024,Male,45-54,Jacksonville,FL,Organic Search,Inactive
3037,CUST-03037,23-08-2023,Female,35-44,Portland,OR,Organic Search,Inactive
3038,CUST-03038,03-02-2024,Male,35-44,Dallas,TX,Organic Search,Inactive
3039,CUST-03039,28-07-2025,Female,25-34,San Diego,CA,Organic Search,Active
3040,CUST-03040,06-08-2024,Female,35-44,San Jose,CA,Organic Search,Active
3041,CUST-03041,28-11-2023,Female,35-44,Houston,TX,Organic Search,Active
3042,CUST-03042,12-10-2025,Female,25-34,Houston,TX,Social Media,Active
3043,CUST-03043,20-09-2023,Male,45-54,Boston,MA,Direct,Active
3044,CUST-03044,22-01-2024,Female,35-44,Charlotte,NC,Referral,Inactive
3045,CUST-03045,14-09-2023,Male,25-34,Chicago,IL,Referral,Active
3046,CUST-03046,02-10-2024,Female,45-54,Denver,CO,Email,Active
3047,CUST-03047,18-04-2025,Male,55-64,Denver,CO,Organic Search,Active
3048,CUST-03048,08-11-2025,Non-binary,55-64,Los Angeles,CA,Organic Search,Active
3049,CUST-03049,05-11-2023,Female,45-54,Fort Worth,TX,Direct,Active
3050,CUST-03050,12-04-2024,Female,35-44,Seattle,WA,Email,Inactive
3051,CUST-03051,23-11-2025,Female,35-44,San Diego,CA,Email,Active
3052,CUST-03052,13-02-2024,Female,18-24,Houston,TX,Paid Search,Active
3053,CUST-03053,29-06-2023,Female,25-34,Philadelphia,PA,Email,Inactive
3054,CUST-03054,07-12-2023,Male,45-54,Chicago,IL,Social Media,Active
3055,CUST-03055,27-12-2023,Female,55-64,Houston,TX,Email,Active
3056,CUST-03056,12-10-2023,Female,45-54,Philadelphia,PA,Direct,Active
3057,CUST-03057,09-07-2024,Male,45-54,Jacksonville,FL,Paid Search,Active
3058,CUST-03058,30-07-2025,Male,25-34,San Antonio,TX,Direct,Active
3059,CUST-03059,09-09-2024,Male,25-34,Denver,CO,Direct,Inactive
3060,CUST-03060,27-09-2025,Male,18-24,New York,NY,Paid Search,Active
3061,CUST-03061,06-11-2023,Female,25-34,New York,NY,Organic Search,Active
3062,CUST-03062,23-09-2025,Female,18-24,Phoenix,AZ,Direct,Active
3063,CUST-03063,13-10-2023,Female,18-24,Charlotte,NC,Paid Search,Active
3064,CUST-03064,23-11-2023,Female,25-34,Seattle,WA,Direct,Active
3065,CUST-03065,11-11-2024,Male,35-44,Jacksonville,FL,Referral,Active
3066,CUST-03066,12-10-2024,Female,45-54,Dallas,TX,Paid Search,Inactive
3067,CUST-03067,09-08-2023,Female,35-44,San Jose,CA,Referral,Active
3068,CUST-03068,31-08-2024,Female,55-64,Denver,CO,Organic Search,Active
3069,CUST-03069,28-09-2024,Male,18-24,Houston,TX,Social Media,Active
3070,CUST-03070,14-08-2023,Male,45-54,Houston,TX,Social Media,Active
3071,CUST-03071,11-07-2023,Female,65+,Las Vegas,NV,Organic Search,Active
3072,CUST-03072,08-09-2024,Male,55-64,Los Angeles,CA,Organic Search,Active
3073,CUST-03073,21-11-2025,Male,45-54,Nashville,TN,Social Media,Active
3074,CUST-03074,22-05-2024,Male,45-54,Austin,TX,Email,Active
3075,CUST-03075,14-04-2025,Male,55-64,Boston,MA,Social Media,Active
3076,CUST-03076,09-10-2023,Male,45-54,Denver,CO,Email,Active
3077,CUST-03077,08-09-2024,Male,25-34,Jacksonville,FL,Organic Search,Active
3078,CUST-03078,04-06-2023,Female,35-44,Houston,TX,Direct,Active
3079,CUST-03079,17-12-2023,Male,35-44,Los Angeles,CA,Social Media,Active
3080,CUST-03080,31-03-2025,Prefer not to say,25-34,Los Angeles,CA,Social Media,Active
3081,CUST-03081,30-12-2023,Male,55-64,Chicago,IL,Social Media,Inactive
3082,CUST-03082,23-09-2025,Male,25-34,Los Angeles,CA,Organic Search,Active
3083,CUST-03083,07-06-2025,Female,45-54,Nashville,TN,Social Media,Active
3084,CUST-03084,31-12-2023,Male,25-34,Philadelphia,PA,Social Media,Active
3085,CUST-03085,27-10-2025,Prefer not to say,25-34,Portland,OR,Social Media,Active
3086,CUST-03086,03-06-2023,Male,25-34,Houston,TX,Direct,Active
3087,CUST-03087,24-08-2023,Male,35-44,Portland,OR,Social Media,Active
3088,CUST-03088,11-07-2024,Male,55-64,Phoenix,AZ,Email,Active
3089,CUST-03089,06-08-2023,Male,55-64,Austin,TX,Social Media,Active
3090,CUST-03090,20-07-2024,Male,35-44,Columbus,OH,Paid Search,Active
3091,CUST-03091,01-10-2023,Male,25-34,San Jose,CA,Social Media,Active
3092,CUST-03092,13-12-2024,Male,45-54,San Jose,CA,Direct,Active
3093,CUST-03093,18-11-2025,Male,65+,Las Vegas,NV,Organic Search,Active
3094,CUST-03094,22-11-2025,Male,35-44,Atlanta,GA,Organic Search,Active
3095,CUST-03095,23-01-2025,Female,35-44,New York,NY,Email,Active
3096,CUST-03096,17-11-2024,Female,55-64,Houston,TX,Paid Search,Active
3097,CUST-03097,26-10-2024,Female,35-44,Columbus,OH,Email,Active
3098,CUST-03098,29-11-2024,Male,25-34,Houston,TX,Organic Search,Active
3099,CUST-03099,28-05-2024,Male,45-54,New York,NY,Paid Search,Active
3100,CUST-03100,26-05-2025,Male,45-54,Los Angeles,CA,Organic Search,Inactive
3101,CUST-03101,17-09-2024,Male,65+,Phoenix,AZ,Email,Active
3102,CUST-03102,02-07-2023,Prefer not to say,45-54,Boston,MA,Email,Active
3103,CUST-03103,21-08-2024,Male,35-44,Columbus,OH,Social Media,Active
3104,CUST-03104,03-06-2025,Female,45-54,Jacksonville,FL,Direct,Active
3105,CUST-03105,24-05-2025,Female,18-24,Philadelphia,PA,Email,Active
3106,CUST-03106,09-06-2025,Male,35-44,Charlotte,NC,Social Media,Inactive
3107,CUST-03107,20-08-2025,Female,45-54,Phoenix,AZ,Email,Active
3108,CUST-03108,15-12-2023,Female,45-54,Phoenix,AZ,Organic Search,Active
3109,CUST-03109,14-07-2023,Male,35-44,San Diego,CA,Email,Active
3110,CUST-03110,06-08-2023,Male,25-34,Los Angeles,CA,Email,Active
3111,CUST-03111,07-12-2023,Male,45-54,Chicago,IL,Referral,Inactive
3112,CUST-03112,05-05-2025,Male,35-44,Washington,DC,Organic Search,Active
3113,CUST-03113,03-08-2024,Female,35-44,Columbus,OH,Paid Search,Active
3114,CUST-03114,11-02-2024,Female,35-44,Denver,CO,Email,Active
3115,CUST-03115,18-01-2025,Male,35-44,Denver,CO,Email,Active
3116,CUST-03116,07-01-2025,Male,45-54,San Antonio,TX,Social Media,Active
3117,CUST-03117,04-07-2024,Male,35-44,New York,NY,Social Media,Active
3118,CUST-03118,17-06-2025,Male,35-44,Houston,TX,Direct,Active
3119,CUST-03119,03-06-2023,Non-binary,25-34,Dallas,TX,Organic Search,Active
3120,CUST-03120,13-04-2025,Male,55-64,Atlanta,GA,Paid Search,Active
3121,CUST-03121,04-05-2025,Male,65+,Denver,CO,Direct,Active
3122,CUST-03122,22-11-2023,Female,18-24,Boston,MA,Social Media,Active
3123,CUST-03123,15-03-2025,Female,18-24,Austin,TX,Email,Active
3124,CUST-03124,16-03-2024,Male,25-34,Seattle,WA,Social Media,Active
3125,CUST-03125,29-06-2025,Female,45-54,Las Vegas,NV,Paid Search,Active
3126,CUST-03126,28-06-2023,Male,55-64,Atlanta,GA,Social Media,Active
3127,CUST-03127,07-09-2023,Male,35-44,Las Vegas,NV,Direct,Active
3128,CUST-03128,17-07-2023,Female,25-34,Jacksonville,FL,Organic Search,Active
3129,CUST-03129,19-06-2023,Female,35-44,Fort Worth,TX,Email,Active
3130,CUST-03130,21-04-2024,Female,18-24,San Antonio,TX,Referral,Active
3131,CUST-03131,03-08-2025,Female,65+,New York,NY,Direct,Active
3132,CUST-03132,15-08-2023,Prefer not to say,18-24,Miami,FL,Paid Search,Active
3133,CUST-03133,15-02-2024,Non-binary,55-64,San Diego,CA,Direct,Active
3134,CUST-03134,04-02-2024,Female,18-24,Los Angeles,CA,Social Media,Active
3135,CUST-03135,01-09-2025,Male,25-34,Boston,MA,Organic Search,Active
3136,CUST-03136,14-10-2023,Female,45-54,Philadelphia,PA,Social Media,Active
3137,CUST-03137,22-06-2023,Male,25-34,Boston,MA,Paid Search,Active
3138,CUST-03138,18-09-2025,Male,35-44,Portland,OR,Paid Search,Active
3139,CUST-03139,30-03-2024,Male,25-34,Jacksonville,FL,Social Media,Active
3140,CUST-03140,06-05-2025,Female,25-34,Austin,TX,Email,Active
3141,CUST-03141,31-05-2025,Female,55-64,Nashville,TN,Paid Search,Active
3142,CUST-03142,14-01-2025,Male,55-64,Philadelphia,PA,Social Media,Active
3143,CUST-03143,11-11-2024,Female,25-34,New York,NY,Paid Search,Active
3144,CUST-03144,03-12-2024,Female,25-34,New York,NY,Direct,Active
3145,CUST-03145,29-06-2024,Male,45-54,Phoenix,AZ,Social Media,Active
3146,CUST-03146,15-11-2025,Male,55-64,Charlotte,NC,Organic Search,Active
3147,CUST-03147,06-02-2024,Female,35-44,Philadelphia,PA,Paid Search,Active
3148,CUST-03148,22-06-2023,Female,45-54,Miami,FL,Organic Search,Active
3149,CUST-03149,10-04-2024,Male,25-34,Portland,OR,Social Media,Active
3150,CUST-03150,06-11-2024,Male,18-24,Philadelphia,PA,Organic Search,Active
3151,CUST-03151,21-03-2024,Female,35-44,Columbus,OH,Email,Active
3152,CUST-03152,15-04-2024,Female,25-34,Chicago,IL,Email,Active
3153,CUST-03153,04-03-2024,Female,35-44,San Diego,CA,Organic Search,Active
3154,CUST-03154,18-08-2025,Female,35-44,Los Angeles,CA,Social Media,Inactive
3155,CUST-03155,02-08-2024,Female,55-64,Las Vegas,NV,Paid Search,Active
3156,CUST-03156,11-01-2024,Female,45-54,San Jose,CA,Direct,Active
3157,CUST-03157,18-06-2023,Female,35-44,San Antonio,TX,Social Media,Active
3158,CUST-03158,04-09-2024,Female,35-44,Las Vegas,NV,Referral,Active
3159,CUST-03159,10-09-2023,Female,65+,Jacksonville,FL,Organic Search,Active
3160,CUST-03160,09-09-2025,Female,18-24,Los Angeles,CA,Paid Search,Active
3161,CUST-03161,11-08-2024,Male,35-44,Charlotte,NC,Paid Search,Active
3162,CUST-03162,09-05-2024,Female,55-64,Seattle,WA,Email,Active
3163,CUST-03163,05-02-2025,Non-binary,25-34,San Antonio,TX,Email,Active
3164,CUST-03164,10-02-2024,Female,35-44,Portland,OR,Direct,Active
3165,CUST-03165,16-09-2023,Male,55-64,Atlanta,GA,Referral,Active
3166,CUST-03166,30-06-2025,Female,25-34,Los Angeles,CA,Direct,Active
3167,CUST-03167,24-01-2025,Female,55-64,New York,NY,Referral,Active
3168,CUST-03168,18-12-2023,Male,45-54,Charlotte,NC,Direct,Active
3169,CUST-03169,09-10-2024,Non-binary,45-54,Columbus,OH,Paid Search,Active
3170,CUST-03170,12-03-2024,Female,25-34,Jacksonville,FL,Paid Search,Inactive
3171,CUST-03171,21-04-2025,Non-binary,18-24,Columbus,OH,Paid Search,Active
3172,CUST-03172,06-03-2024,Male,25-34,New York,NY,Direct,Inactive
3173,CUST-03173,03-08-2025,Female,25-34,San Diego,CA,Direct,Active
3174,CUST-03174,05-10-2024,Non-binary,35-44,San Jose,CA,Referral,Active
3175,CUST-03175,20-12-2023,Female,25-34,Fort Worth,TX,Paid Search,Active
3176,CUST-03176,30-10-2025,Female,25-34,New York,NY,Email,Active
3177,CUST-03177,05-09-2023,Male,55-64,Las Vegas,NV,Referral,Active
3178,CUST-03178,13-05-2024,Male,35-44,Austin,TX,Organic Search,Active
3179,CUST-03179,10-02-2024,Female,35-44,Houston,TX,Email,Active
3180,CUST-03180,27-05-2024,Non-binary,18-24,San Antonio,TX,Social Media,Active
3181,CUST-03181,06-05-2024,Male,35-44,Los Angeles,CA,Referral,Active
3182,CUST-03182,17-12-2024,Male,25-34,Fort Worth,TX,Organic Search,Active
3183,CUST-03183,12-07-2024,Prefer not to say,25-34,Washington,DC,Social Media,Active
3184,CUST-03184,09-05-2025,Male,35-44,Denver,CO,Social Media,Active
3185,CUST-03185,12-10-2023,Male,55-64,New York,NY,Referral,Active
3186,CUST-03186,03-11-2025,Male,18-24,Columbus,OH,Paid Search,Active
3187,CUST-03187,06-10-2025,Female,65+,Los Angeles,CA,Email,Active
3188,CUST-03188,10-04-2024,Female,25-34,Philadelphia,PA,Paid Search,Active
3189,CUST-03189,15-09-2023,Male,25-34,Columbus,OH,Direct,Active
3190,CUST-03190,21-11-2025,Male,35-44,Charlotte,NC,Referral,Active
3191,CUST-03191,25-07-2025,Non-binary,45-54,Houston,TX,Referral,Active
3192,CUST-03192,05-06-2023,Non-binary,35-44,Atlanta,GA,Paid Search,Active
3193,CUST-03193,19-07-2023,Female,18-24,Atlanta,GA,Paid Search,Active
3194,CUST-03194,17-01-2024,Prefer not to say,35-44,Las Vegas,NV,Referral,Active
3195,CUST-03195,21-08-2025,Male,25-34,Portland,OR,Email,Active
3196,CUST-03196,22-12-2023,Female,65+,Charlotte,NC,Paid Search,Active
3197,CUST-03197,22-07-2025,Male,35-44,Charlotte,NC,Organic Search,Active
3198,CUST-03198,02-11-2024,Male,65+,Columbus,OH,Email,Active
3199,CUST-03199,27-06-2025,Female,35-44,Charlotte,NC,Paid Search,Active
3200,CUST-03200,27-10-2025,Male,35-44,Denver,CO,Direct,Active
3201,CUST-03201,31-05-2025,Female,25-34,Dallas,TX,Social Media,Active
3202,CUST-03202,03-07-2023,Female,45-54,Chicago,IL,Social Media,Active
3203,CUST-03203,10-11-2025,Male,35-44,Chicago,IL,Paid Search,Active
3204,CUST-03204,01-06-2023,Female,25-34,San Diego,CA,Organic Search,Active
3205,CUST-03205,23-07-2025,Male,45-54,Austin,TX,Paid Search,Active
3206,CUST-03206,30-10-2024,Female,55-64,Phoenix,AZ,Email,Inactive
3207,CUST-03207,10-04-2025,Female,25-34,Philadelphia,PA,Social Media,Active
3208,CUST-03208,13-06-2024,Female,25-34,Dallas,TX,Email,Active
3209,CUST-03209,11-06-2023,Male,35-44,Seattle,WA,Organic Search,Active
3210,CUST-03210,08-01-2024,Female,55-64,New York,NY,Organic Search,Active
3211,CUST-03211,04-07-2023,Male,18-24,Columbus,OH,Email,Inactive
3212,CUST-03212,25-09-2023,Female,25-34,Washington,DC,Social Media,Active
3213,CUST-03213,05-03-2024,Non-binary,35-44,New York,NY,Organic Search,Inactive
3214,CUST-03214,31-07-2024,Male,55-64,Las Vegas,NV,Organic Search,Active
3215,CUST-03215,30-07-2023,Female,35-44,Chicago,IL,Direct,Active
3216,CUST-03216,05-02-2024,Male,65+,Denver,CO,Organic Search,Active
3217,CUST-03217,18-12-2024,Male,45-54,Fort Worth,TX,Email,Active
3218,CUST-03218,10-10-2024,Prefer not to say,45-54,San Antonio,TX,Organic Search,Active
3219,CUST-03219,09-02-2024,Female,35-44,Chicago,IL,Social Media,Inactive
3220,CUST-03220,30-06-2023,Female,25-34,Philadelphia,PA,Social Media,Active
3221,CUST-03221,13-11-2024,Male,25-34,Las Vegas,NV,Direct,Inactive
3222,CUST-03222,28-12-2024,Female,25-34,Portland,OR,Social Media,Active
3223,CUST-03223,05-06-2024,Male,55-64,Portland,OR,Email,Active
3224,CUST-03224,22-08-2024,Female,55-64,Charlotte,NC,Social Media,Active
3225,CUST-03225,19-12-2024,Male,25-34,Austin,TX,Organic Search,Active
3226,CUST-03226,11-07-2024,Male,25-34,Washington,DC,Organic Search,Active
3227,CUST-03227,08-07-2023,Female,55-64,San Diego,CA,Organic Search,Active
3228,CUST-03228,04-01-2024,Female,18-24,Denver,CO,Paid Search,Active
3229,CUST-03229,04-10-2023,Male,18-24,Denver,CO,Direct,Active
3230,CUST-03230,07-10-2024,Female,25-34,Los Angeles,CA,Direct,Active
3231,CUST-03231,24-03-2024,Male,45-54,New York,NY,Email,Active
3232,CUST-03232,22-08-2023,Female,35-44,Phoenix,AZ,Organic Search,Active
3233,CUST-03233,18-10-2024,Male,25-34,New York,NY,Organic Search,Active
3234,CUST-03234,02-07-2023,Female,45-54,San Diego,CA,Social Media,Active
3235,CUST-03235,15-11-2023,Female,45-54,Fort Worth,TX,Email,Active
3236,CUST-03236,09-11-2023,Female,35-44,Jacksonville,FL,Paid Search,Active
3237,CUST-03237,01-07-2023,Male,25-34,Charlotte,NC,Paid Search,Active
3238,CUST-03238,31-07-2024,Female,55-64,Las Vegas,NV,Referral,Active
3239,CUST-03239,07-11-2025,Female,55-64,Portland,OR,Referral,Active
3240,CUST-03240,04-12-2023,Female,65+,Seattle,WA,Organic Search,Active
3241,CUST-03241,31-08-2023,Female,45-54,Atlanta,GA,Paid Search,Active
3242,CUST-03242,10-07-2023,Male,55-64,Los Angeles,CA,Social Media,Active
3243,CUST-03243,27-09-2023,Female,25-34,Seattle,WA,Organic Search,Inactive
3244,CUST-03244,01-11-2023,Female,35-44,Columbus,OH,Referral,Active
3245,CUST-03245,30-12-2024,Male,25-34,Boston,MA,Social Media,Active
3246,CUST-03246,01-11-2023,Male,65+,San Diego,CA,Paid Search,Inactive
3247,CUST-03247,17-10-2025,Female,25-34,Miami,FL,Social Media,Active
3248,CUST-03248,05-07-2024,Female,35-44,Phoenix,AZ,Organic Search,Active
3249,CUST-03249,10-09-2023,Prefer not to say,25-34,New York,NY,Direct,Active
3250,CUST-03250,12-08-2023,Non-binary,25-34,San Jose,CA,Organic Search,Active
3251,CUST-03251,11-05-2024,Male,35-44,Los Angeles,CA,Referral,Active
3252,CUST-03252,19-04-2025,Female,65+,Los Angeles,CA,Direct,Active
3253,CUST-03253,23-06-2023,Female,35-44,San Diego,CA,Email,Inactive
3254,CUST-03254,30-07-2023,Female,45-54,San Antonio,TX,Referral,Active
3255,CUST-03255,26-10-2024,Male,35-44,Columbus,OH,Direct,Active
3256,CUST-03256,15-01-2025,Male,18-24,Fort Worth,TX,Organic Search,Active
3257,CUST-03257,07-10-2023,Female,25-34,San Antonio,TX,Paid Search,Active
3258,CUST-03258,09-03-2025,Female,55-64,Denver,CO,Direct,Inactive
3259,CUST-03259,04-02-2024,Male,35-44,San Diego,CA,Email,Active
3260,CUST-03260,14-02-2025,Female,25-34,Los Angeles,CA,Paid Search,Active
3261,CUST-03261,30-01-2024,Male,55-64,San Diego,CA,Email,Active
3262,CUST-03262,04-01-2025,Male,45-54,Houston,TX,Paid Search,Active
3263,CUST-03263,20-03-2024,Female,35-44,Las Vegas,NV,Social Media,Active
3264,CUST-03264,12-10-2023,Male,55-64,Houston,TX,Social Media,Active
3265,CUST-03265,10-07-2023,Female,35-44,New York,NY,Paid Search,Active
3266,CUST-03266,22-06-2024,Female,65+,New York,NY,Email,Active
3267,CUST-03267,28-07-2023,Female,35-44,Los Angeles,CA,Social Media,Active
3268,CUST-03268,29-04-2024,Male,35-44,Atlanta,GA,Organic Search,Active
3269,CUST-03269,06-07-2025,Female,35-44,San Diego,CA,Organic Search,Inactive
3270,CUST-03270,04-11-2023,Female,45-54,Seattle,WA,Paid Search,Active
3271,CUST-03271,17-03-2024,Female,45-54,Miami,FL,Direct,Active
3272,CUST-03272,31-07-2023,Female,35-44,Charlotte,NC,Email,Active
3273,CUST-03273,15-09-2025,Non-binary,25-34,Fort Worth,TX,Referral,Active
3274,CUST-03274,06-11-2023,Female,45-54,Chicago,IL,Email,Active
3275,CUST-03275,27-06-2023,Female,45-54,Portland,OR,Social Media,Active
3276,CUST-03276,25-03-2025,Female,25-34,Seattle,WA,Organic Search,Inactive
3277,CUST-03277,20-09-2023,Female,18-24,Nashville,TN,Social Media,Active
3278,CUST-03278,10-10-2023,Non-binary,25-34,San Diego,CA,Email,Active
3279,CUST-03279,08-10-2023,Male,25-34,Philadelphia,PA,Referral,Active
3280,CUST-03280,26-11-2023,Male,45-54,Austin,TX,Paid Search,Inactive
3281,CUST-03281,17-10-2023,Male,45-54,San Antonio,TX,Paid Search,Active
3282,CUST-03282,06-10-2025,Male,18-24,Los Angeles,CA,Organic Search,Active
3283,CUST-03283,29-04-2025,Male,35-44,Las Vegas,NV,Organic Search,Active
3284,CUST-03284,28-03-2025,Male,35-44,Chicago,IL,Organic Search,Active
3285,CUST-03285,28-10-2023,Female,55-64,San Diego,CA,Email,Active
3286,CUST-03286,14-09-2024,Female,45-54,New York,NY,Organic Search,Inactive
3287,CUST-03287,18-10-2025,Female,45-54,Seattle,WA,Social Media,Active
3288,CUST-03288,16-07-2023,Male,18-24,Atlanta,GA,Email,Active
3289,CUST-03289,10-06-2023,Female,55-64,San Diego,CA,Email,Active
3290,CUST-03290,10-09-2023,Male,35-44,Seattle,WA,Organic Search,Active
3291,CUST-03291,08-12-2023,Male,18-24,San Jose,CA,Email,Active
3292,CUST-03292,28-08-2024,Female,25-34,San Antonio,TX,Email,Active
3293,CUST-03293,14-01-2024,Female,35-44,Chicago,IL,Social Media,Active
3294,CUST-03294,21-10-2025,Female,45-54,Seattle,WA,Organic Search,Active
3295,CUST-03295,28-11-2023,Female,35-44,New York,NY,Organic Search,Active
3296,CUST-03296,18-12-2024,Male,65+,Denver,CO,Social Media,Active
3297,CUST-03297,06-02-2024,Male,25-34,Washington,DC,Paid Search,Active
3298,CUST-03298,08-10-2023,Female,25-34,Atlanta,GA,Paid Search,Inactive
3299,CUST-03299,06-03-2025,Female,25-34,Los Angeles,CA,Direct,Active
3300,CUST-03300,13-07-2023,Female,35-44,Boston,MA,Organic Search,Active
3301,CUST-03301,31-10-2025,Female,18-24,Austin,TX,Referral,Active
3302,CUST-03302,22-08-2025,Female,35-44,Houston,TX,Direct,Active
3303,CUST-03303,22-04-2024,Non-binary,35-44,Atlanta,GA,Social Media,Active
3304,CUST-03304,25-07-2023,Female,25-34,Chicago,IL,Organic Search,Active
3305,CUST-03305,23-10-2024,Male,65+,Boston,MA,Direct,Active
3306,CUST-03306,29-12-2024,Male,35-44,Columbus,OH,Referral,Active
3307,CUST-03307,03-06-2023,Male,55-64,New York,NY,Paid Search,Active
3308,CUST-03308,27-10-2025,Female,45-54,Fort Worth,TX,Direct,Active
3309,CUST-03309,08-06-2024,Female,25-34,Charlotte,NC,Social Media,Active
3310,CUST-03310,15-04-2025,Male,35-44,Chicago,IL,Social Media,Active
3311,CUST-03311,23-12-2023,Male,45-54,Denver,CO,Social Media,Active
3312,CUST-03312,25-02-2025,Female,35-44,Jacksonville,FL,Email,Active
3313,CUST-03313,03-06-2024,Male,25-34,Boston,MA,Email,Active
3314,CUST-03314,11-08-2024,Male,35-44,New York,NY,Email,Active
3315,CUST-03315,22-11-2025,Male,35-44,Los Angeles,CA,Email,Active
3316,CUST-03316,03-10-2023,Female,65+,Washington,DC,Email,Active
3317,CUST-03317,26-11-2023,Non-binary,55-64,Chicago,IL,Referral,Active
3318,CUST-03318,07-04-2024,Female,45-54,Columbus,OH,Organic Search,Active
3319,CUST-03319,23-08-2023,Female,18-24,New York,NY,Referral,Active
3320,CUST-03320,02-06-2024,Male,45-54,San Antonio,TX,Organic Search,Active
3321,CUST-03321,11-11-2025,Male,35-44,Denver,CO,Direct,Active
3322,CUST-03322,21-10-2023,Male,18-24,Seattle,WA,Email,Active
3323,CUST-03323,15-07-2023,Male,55-64,Columbus,OH,Referral,Active
3324,CUST-03324,30-04-2025,Female,55-64,Houston,TX,Social Media,Active
3325,CUST-03325,06-06-2025,Male,25-34,Portland,OR,Organic Search,Active
3326,CUST-03326,25-02-2025,Male,45-54,Washington,DC,Direct,Active
3327,CUST-03327,18-03-2025,Male,35-44,Dallas,TX,Social Media,Active
3328,CUST-03328,10-01-2025,Female,35-44,Houston,TX,Referral,Active
3329,CUST-03329,16-11-2024,Female,55-64,Chicago,IL,Social Media,Active
3330,CUST-03330,14-07-2023,Female,35-44,Charlotte,NC,Referral,Active
3331,CUST-03331,27-09-2023,Female,45-54,San Jose,CA,Social Media,Inactive
3332,CUST-03332,04-06-2025,Female,65+,Denver,CO,Paid Search,Active
3333,CUST-03333,31-07-2024,Male,35-44,Houston,TX,Social Media,Active
3334,CUST-03334,13-09-2024,Female,65+,Phoenix,AZ,Paid Search,Inactive
3335,CUST-03335,09-11-2023,Male,18-24,Atlanta,GA,Organic Search,Active
3336,CUST-03336,15-03-2024,Female,45-54,Austin,TX,Social Media,Active
3337,CUST-03337,10-10-2023,Female,25-34,Austin,TX,Social Media,Active
3338,CUST-03338,26-08-2025,Prefer not to say,35-44,Chicago,IL,Organic Search,Active
3339,CUST-03339,26-10-2023,Male,35-44,Austin,TX,Email,Active
3340,CUST-03340,03-03-2024,Female,25-34,Las Vegas,NV,Paid Search,Active
3341,CUST-03341,07-06-2025,Male,45-54,New York,NY,Social Media,Active
3342,CUST-03342,02-09-2023,Female,25-34,San Antonio,TX,Referral,Active
3343,CUST-03343,05-04-2024,Male,45-54,Columbus,OH,Direct,Active
3344,CUST-03344,12-06-2023,Male,25-34,Philadelphia,PA,Referral,Active
3345,CUST-03345,21-02-2024,Female,35-44,Houston,TX,Organic Search,Active
3346,CUST-03346,25-08-2025,Female,55-64,Austin,TX,Organic Search,Inactive
3347,CUST-03347,27-10-2025,Male,35-44,San Jose,CA,Organic Search,Active
3348,CUST-03348,21-09-2025,Male,35-44,Miami,FL,Social Media,Active
3349,CUST-03349,10-09-2023,Male,35-44,Jacksonville,FL,Organic Search,Active
3350,CUST-03350,27-10-2023,Male,45-54,San Diego,CA,Social Media,Active
3351,CUST-03351,14-04-2025,Female,35-44,Los Angeles,CA,Referral,Active
3352,CUST-03352,11-08-2023,Male,55-64,Philadelphia,PA,Email,Active
3353,CUST-03353,29-02-2024,Female,35-44,Charlotte,NC,Direct,Active
3354,CUST-03354,16-02-2024,Female,45-54,San Diego,CA,Organic Search,Active
3355,CUST-03355,12-06-2025,Male,25-34,New York,NY,Organic Search,Active
3356,CUST-03356,28-10-2023,Female,55-64,Seattle,WA,Organic Search,Active
3357,CUST-03357,28-08-2025,Female,35-44,Charlotte,NC,Social Media,Active
3358,CUST-03358,09-12-2023,Female,18-24,Los Angeles,CA,Direct,Active
3359,CUST-03359,26-04-2024,Female,25-34,Portland,OR,Organic Search,Active
3360,CUST-03360,03-08-2024,Female,45-54,Los Angeles,CA,Organic Search,Active
3361,CUST-03361,26-09-2025,Female,35-44,Boston,MA,Organic Search,Active
3362,CUST-03362,25-09-2024,Female,45-54,San Diego,CA,Referral,Active
3363,CUST-03363,10-01-2024,Female,18-24,San Antonio,TX,Organic Search,Active
3364,CUST-03364,28-10-2023,Male,25-34,Los Angeles,CA,Paid Search,Active
3365,CUST-03365,24-11-2024,Male,25-34,Charlotte,NC,Paid Search,Active
3366,CUST-03366,14-08-2024,Female,35-44,Philadelphia,PA,Paid Search,Active
3367,CUST-03367,15-07-2024,Female,25-34,San Jose,CA,Organic Search,Active
3368,CUST-03368,27-02-2025,Male,25-34,Denver,CO,Organic Search,Active
3369,CUST-03369,01-09-2023,Male,18-24,San Diego,CA,Paid Search,Active
3370,CUST-03370,15-10-2023,Female,45-54,Denver,CO,Organic Search,Active
3371,CUST-03371,04-04-2024,Female,45-54,Los Angeles,CA,Social Media,Active
3372,CUST-03372,09-08-2024,Female,55-64,New York,NY,Organic Search,Active
3373,CUST-03373,23-10-2024,Male,35-44,Denver,CO,Social Media,Active
3374,CUST-03374,09-08-2023,Male,25-34,Phoenix,AZ,Email,Active
3375,CUST-03375,04-07-2024,Female,45-54,San Jose,CA,Social Media,Active
3376,CUST-03376,20-06-2024,Female,45-54,Philadelphia,PA,Referral,Active
3377,CUST-03377,19-07-2023,Male,55-64,Miami,FL,Organic Search,Active
3378,CUST-03378,23-06-2024,Female,25-34,New York,NY,Email,Inactive
3379,CUST-03379,11-11-2023,Female,45-54,Denver,CO,Organic Search,Active
3380,CUST-03380,27-08-2025,Non-binary,35-44,Washington,DC,Direct,Active
3381,CUST-03381,04-02-2024,Male,25-34,Portland,OR,Organic Search,Inactive
3382,CUST-03382,22-08-2025,Female,25-34,Charlotte,NC,Email,Inactive
3383,CUST-03383,30-09-2024,Female,18-24,Philadelphia,PA,Social Media,Active
3384,CUST-03384,09-06-2024,Female,35-44,Washington,DC,Direct,Active
3385,CUST-03385,23-08-2025,Male,25-34,New York,NY,Direct,Active
3386,CUST-03386,04-07-2023,Female,25-34,Miami,FL,Paid Search,Active
3387,CUST-03387,07-07-2025,Male,35-44,Boston,MA,Organic Search,Inactive
3388,CUST-03388,21-05-2024,Female,25-34,Houston,TX,Social Media,Active
3389,CUST-03389,11-11-2023,Male,45-54,Nashville,TN,Organic Search,Inactive
3390,CUST-03390,25-06-2024,Non-binary,35-44,New York,NY,Social Media,Active
3391,CUST-03391,05-10-2025,Female,25-34,Denver,CO,Organic Search,Active
3392,CUST-03392,15-06-2023,Female,35-44,Chicago,IL,Direct,Inactive
3393,CUST-03393,08-08-2023,Male,18-24,Charlotte,NC,Social Media,Active
3394,CUST-03394,22-04-2024,Female,18-24,Chicago,IL,Organic Search,Active
3395,CUST-03395,17-10-2025,Female,35-44,Fort Worth,TX,Paid Search,Active
3396,CUST-03396,26-09-2025,Male,45-54,Fort Worth,TX,Paid Search,Active
3397,CUST-03397,25-05-2024,Female,25-34,Fort Worth,TX,Referral,Active
3398,CUST-03398,26-07-2024,Female,25-34,San Jose,CA,Social Media,Active
3399,CUST-03399,01-02-2024,Male,45-54,Los Angeles,CA,Direct,Active
3400,CUST-03400,05-06-2023,Male,25-34,Nashville,TN,Organic Search,Active
3401,CUST-03401,16-03-2025,Female,25-34,Charlotte,NC,Referral,Active
3402,CUST-03402,29-05-2025,Male,35-44,San Jose,CA,Referral,Active
3403,CUST-03403,06-03-2024,Male,35-44,Chicago,IL,Direct,Active
3404,CUST-03404,08-03-2025,Male,25-34,San Diego,CA,Paid Search,Active
3405,CUST-03405,05-12-2023,Male,65+,Seattle,WA,Social Media,Inactive
3406,CUST-03406,26-02-2024,Male,25-34,Seattle,WA,Direct,Active
3407,CUST-03407,11-11-2025,Male,55-64,Dallas,TX,Paid Search,Active
3408,CUST-03408,23-10-2025,Female,45-54,Austin,TX,Direct,Active
3409,CUST-03409,20-07-2023,Non-binary,45-54,Los Angeles,CA,Organic Search,Active
3410,CUST-03410,21-10-2025,Male,45-54,Seattle,WA,Organic Search,Inactive
3411,CUST-03411,07-06-2023,Female,25-34,Los Angeles,CA,Organic Search,Active
3412,CUST-03412,12-07-2023,Male,55-64,Houston,TX,Paid Search,Active
3413,CUST-03413,17-08-2023,Male,25-34,San Jose,CA,Email,Active
3414,CUST-03414,19-07-2024,Female,25-34,Houston,TX,Referral,Active
3415,CUST-03415,15-02-2025,Female,35-44,Jacksonville,FL,Direct,Active
3416,CUST-03416,28-05-2024,Male,25-34,Boston,MA,Direct,Active
3417,CUST-03417,23-06-2023,Male,25-34,San Antonio,TX,Organic Search,Inactive
3418,CUST-03418,19-12-2023,Male,25-34,Jacksonville,FL,Referral,Active
3419,CUST-03419,14-02-2024,Male,25-34,Miami,FL,Social Media,Active
3420,CUST-03420,29-07-2025,Male,55-64,Los Angeles,CA,Social Media,Inactive
3421,CUST-03421,20-05-2025,Female,35-44,Chicago,IL,Organic Search,Active
3422,CUST-03422,09-08-2024,Male,18-24,Austin,TX,Email,Active
3423,CUST-03423,25-08-2023,Female,45-54,Atlanta,GA,Email,Active
3424,CUST-03424,07-11-2023,Male,45-54,New York,NY,Social Media,Active
3425,CUST-03425,03-04-2025,Male,35-44,Washington,DC,Social Media,Active
3426,CUST-03426,25-03-2024,Female,55-64,Los Angeles,CA,Social Media,Active
3427,CUST-03427,30-06-2023,Male,25-34,Phoenix,AZ,Email,Active
3428,CUST-03428,25-03-2024,Female,35-44,Dallas,TX,Referral,Active
3429,CUST-03429,17-10-2025,Male,25-34,San Diego,CA,Organic Search,Active
3430,CUST-03430,24-02-2025,Female,35-44,Phoenix,AZ,Referral,Inactive
3431,CUST-03431,07-07-2023,Male,65+,Philadelphia,PA,Paid Search,Active
3432,CUST-03432,05-05-2024,Female,35-44,Columbus,OH,Organic Search,Active
3433,CUST-03433,13-10-2023,Female,18-24,Atlanta,GA,Referral,Active
3434,CUST-03434,20-11-2023,Female,18-24,Denver,CO,Paid Search,Active
3435,CUST-03435,11-08-2024,Male,25-34,Dallas,TX,Direct,Active
3436,CUST-03436,27-11-2025,Male,18-24,Phoenix,AZ,Social Media,Active
3437,CUST-03437,12-08-2023,Female,35-44,Charlotte,NC,Email,Active
3438,CUST-03438,21-08-2024,Male,25-34,Columbus,OH,Social Media,Inactive
3439,CUST-03439,18-04-2025,Female,25-34,Los Angeles,CA,Referral,Active
3440,CUST-03440,30-07-2023,Female,25-34,Jacksonville,FL,Email,Active
3441,CUST-03441,23-02-2025,Male,35-44,Los Angeles,CA,Organic Search,Active
3442,CUST-03442,24-01-2024,Male,25-34,San Jose,CA,Referral,Active
3443,CUST-03443,15-07-2024,Male,25-34,Jacksonville,FL,Organic Search,Active
3444,CUST-03444,20-04-2025,Female,65+,Philadelphia,PA,Organic Search,Active
3445,CUST-03445,17-12-2024,Female,25-34,Austin,TX,Paid Search,Active
3446,CUST-03446,16-01-2024,Female,55-64,Houston,TX,Paid Search,Active
3447,CUST-03447,24-11-2023,Male,25-34,Houston,TX,Referral,Active
3448,CUST-03448,07-11-2024,Male,25-34,Atlanta,GA,Social Media,Active
3449,CUST-03449,04-11-2023,Female,65+,Houston,TX,Organic Search,Active
3450,CUST-03450,28-09-2023,Female,45-54,Los Angeles,CA,Social Media,Active
3451,CUST-03451,19-06-2025,Female,35-44,Las Vegas,NV,Social Media,Inactive
3452,CUST-03452,01-07-2023,Male,35-44,San Diego,CA,Referral,Inactive
3453,CUST-03453,05-02-2025,Prefer not to say,25-34,New York,NY,Direct,Active
3454,CUST-03454,23-11-2023,Female,18-24,Philadelphia,PA,Referral,Active
3455,CUST-03455,14-10-2025,Male,35-44,San Diego,CA,Organic Search,Inactive
3456,CUST-03456,18-10-2024,Female,45-54,Las Vegas,NV,Referral,Active
3457,CUST-03457,17-01-2025,Male,25-34,Denver,CO,Organic Search,Active
3458,CUST-03458,07-12-2024,Female,25-34,Houston,TX,Paid Search,Active
3459,CUST-03459,17-10-2023,Male,35-44,Austin,TX,Organic Search,Inactive
3460,CUST-03460,01-09-2023,Male,25-34,Seattle,WA,Social Media,Active
3461,CUST-03461,15-10-2024,Male,45-54,San Jose,CA,Paid Search,Inactive
3462,CUST-03462,14-02-2024,Non-binary,45-54,New York,NY,Email,Active
3463,CUST-03463,13-06-2025,Male,25-34,Houston,TX,Email,Active
3464,CUST-03464,08-10-2023,Female,25-34,Boston,MA,Organic Search,Active
3465,CUST-03465,05-02-2024,Female,35-44,Nashville,TN,Social Media,Active
3466,CUST-03466,11-03-2024,Male,25-34,Portland,OR,Direct,Active
3467,CUST-03467,07-02-2024,Female,55-64,Atlanta,GA,Social Media,Active
3468,CUST-03468,13-06-2025,Female,45-54,Washington,DC,Organic Search,Active
3469,CUST-03469,12-08-2024,Male,65+,Fort Worth,TX,Paid Search,Active
3470,CUST-03470,11-06-2025,Male,45-54,Boston,MA,Social Media,Active
3471,CUST-03471,25-08-2024,Non-binary,45-54,Houston,TX,Email,Active
3472,CUST-03472,04-07-2025,Male,35-44,Dallas,TX,Paid Search,Inactive
3473,CUST-03473,24-05-2024,Female,35-44,Chicago,IL,Paid Search,Active
3474,CUST-03474,02-03-2025,Male,45-54,San Diego,CA,Email,Active
3475,CUST-03475,04-05-2025,Female,25-34,New York,NY,Direct,Active
3476,CUST-03476,24-04-2025,Male,55-64,San Antonio,TX,Referral,Active
3477,CUST-03477,19-01-2025,Male,25-34,San Diego,CA,Email,Active
3478,CUST-03478,31-01-2024,Male,35-44,San Antonio,TX,Paid Search,Active
3479,CUST-03479,27-06-2023,Female,55-64,Denver,CO,Social Media,Active
3480,CUST-03480,07-05-2025,Female,65+,Fort Worth,TX,Email,Active
3481,CUST-03481,24-05-2024,Female,45-54,Houston,TX,Email,Active
3482,CUST-03482,09-01-2024,Female,45-54,Philadelphia,PA,Referral,Active
3483,CUST-03483,12-11-2023,Female,45-54,Houston,TX,Paid Search,Active
3484,CUST-03484,03-06-2023,Female,35-44,New York,NY,Social Media,Active
3485,CUST-03485,26-09-2023,Female,35-44,Columbus,OH,Social Media,Active
3486,CUST-03486,25-05-2024,Male,25-34,Los Angeles,CA,Social Media,Active
3487,CUST-03487,03-08-2025,Female,35-44,Boston,MA,Paid Search,Active
3488,CUST-03488,22-05-2024,Female,55-64,San Jose,CA,Organic Search,Active
3489,CUST-03489,25-08-2025,Female,55-64,Denver,CO,Paid Search,Active
3490,CUST-03490,07-02-2025,Female,35-44,Phoenix,AZ,Organic Search,Active
3491,CUST-03491,29-07-2024,Male,65+,Phoenix,AZ,Direct,Inactive
3492,CUST-03492,25-07-2024,Male,35-44,Seattle,WA,Referral,Inactive
3493,CUST-03493,12-03-2024,Male,35-44,Austin,TX,Organic Search,Active
3494,CUST-03494,30-03-2025,Male,25-34,Miami,FL,Paid Search,Active
3495,CUST-03495,03-08-2023,Male,35-44,Portland,OR,Organic Search,Active
3496,CUST-03496,02-02-2024,Prefer not to say,25-34,Atlanta,GA,Direct,Active
3497,CUST-03497,22-11-2023,Male,35-44,Phoenix,AZ,Social Media,Active
3498,CUST-03498,19-10-2025,Female,35-44,Atlanta,GA,Direct,Active
3499,CUST-03499,13-06-2023,Male,25-34,Los Angeles,CA,Social Media,Active
3500,CUST-03500,20-02-2024,Male,18-24,Los Angeles,CA,Social Media,Active
3501,CUST-03501,12-04-2025,Male,25-34,Los Angeles,CA,Direct,Active
3502,CUST-03502,13-11-2024,Prefer not to say,45-54,Portland,OR,Paid Search,Active
3503,CUST-03503,02-12-2024,Female,55-64,Los Angeles,CA,Referral,Active
3504,CUST-03504,18-08-2024,Female,35-44,Philadelphia,PA,Organic Search,Active
3505,CUST-03505,30-03-2024,Non-binary,25-34,Charlotte,NC,Paid Search,Active
3506,CUST-03506,20-06-2025,Male,18-24,Fort Worth,TX,Social Media,Active
3507,CUST-03507,29-09-2024,Male,55-64,San Antonio,TX,Social Media,Active
3508,CUST-03508,04-10-2025,Female,35-44,New York,NY,Direct,Active
3509,CUST-03509,24-11-2025,Female,25-34,Atlanta,GA,Paid Search,Active
3510,CUST-03510,15-03-2024,Male,35-44,Chicago,IL,Direct,Active
3511,CUST-03511,15-11-2024,Female,35-44,Columbus,OH,Referral,Active
3512,CUST-03512,21-03-2024,Female,25-34,Denver,CO,Social Media,Active
3513,CUST-03513,03-07-2023,Female,18-24,San Jose,CA,Paid Search,Active
3514,CUST-03514,11-08-2023,Male,65+,Houston,TX,Social Media,Active
3515,CUST-03515,05-07-2025,Male,65+,Columbus,OH,Referral,Active
3516,CUST-03516,20-04-2024,Male,35-44,San Antonio,TX,Direct,Active
3517,CUST-03517,29-03-2024,Female,55-64,Dallas,TX,Direct,Active
3518,CUST-03518,09-07-2024,Male,65+,Atlanta,GA,Referral,Active
3519,CUST-03519,03-11-2025,Female,35-44,Chicago,IL,Organic Search,Active
3520,CUST-03520,11-05-2025,Male,18-24,New York,NY,Referral,Active
3521,CUST-03521,17-01-2025,Female,25-34,Houston,TX,Organic Search,Active
3522,CUST-03522,14-12-2023,Male,45-54,New York,NY,Paid Search,Active
3523,CUST-03523,28-05-2025,Male,25-34,Los Angeles,CA,Organic Search,Active
3524,CUST-03524,24-08-2023,Male,35-44,Atlanta,GA,Email,Active
3525,CUST-03525,10-09-2024,Female,25-34,Houston,TX,Organic Search,Active
3526,CUST-03526,11-01-2025,Female,45-54,Charlotte,NC,Organic Search,Active
3527,CUST-03527,02-03-2024,Prefer not to say,45-54,San Antonio,TX,Referral,Active
3528,CUST-03528,16-11-2023,Male,25-34,Los Angeles,CA,Direct,Active
3529,CUST-03529,12-01-2024,Prefer not to say,25-34,Fort Worth,TX,Paid Search,Active
3530,CUST-03530,08-09-2023,Female,35-44,Miami,FL,Social Media,Active
3531,CUST-03531,13-10-2023,Female,55-64,Philadelphia,PA,Direct,Active
3532,CUST-03532,18-06-2023,Male,45-54,Chicago,IL,Email,Active
3533,CUST-03533,20-11-2025,Female,35-44,San Jose,CA,Direct,Active
3534,CUST-03534,11-04-2024,Male,25-34,Phoenix,AZ,Direct,Active
3535,CUST-03535,04-02-2025,Male,35-44,Austin,TX,Organic Search,Active
3536,CUST-03536,26-01-2024,Female,35-44,Charlotte,NC,Organic Search,Active
3537,CUST-03537,30-08-2023,Female,35-44,San Antonio,TX,Organic Search,Active
3538,CUST-03538,21-02-2024,Female,25-34,Philadelphia,PA,Referral,Active
3539,CUST-03539,30-01-2024,Non-binary,25-34,Fort Worth,TX,Social Media,Active
3540,CUST-03540,20-08-2023,Non-binary,45-54,San Diego,CA,Email,Active
3541,CUST-03541,23-05-2024,Female,25-34,Los Angeles,CA,Paid Search,Active
3542,CUST-03542,02-02-2025,Female,25-34,Washington,DC,Referral,Active
3543,CUST-03543,23-04-2024,Female,55-64,San Jose,CA,Paid Search,Active
3544,CUST-03544,12-04-2024,Female,35-44,Fort Worth,TX,Referral,Active
3545,CUST-03545,05-10-2024,Female,65+,Las Vegas,NV,Referral,Inactive
3546,CUST-03546,06-07-2024,Male,25-34,Charlotte,NC,Social Media,Active
3547,CUST-03547,24-04-2024,Female,35-44,Denver,CO,Organic Search,Active
3548,CUST-03548,07-07-2023,Female,25-34,San Jose,CA,Email,Active
3549,CUST-03549,21-10-2024,Male,25-34,Las Vegas,NV,Direct,Inactive
3550,CUST-03550,15-09-2023,Female,25-34,Denver,CO,Direct,Active
3551,CUST-03551,21-12-2023,Female,18-24,Dallas,TX,Email,Active
3552,CUST-03552,22-07-2023,Male,65+,Boston,MA,Referral,Active
3553,CUST-03553,14-11-2023,Prefer not to say,45-54,Atlanta,GA,Social Media,Active
3554,CUST-03554,13-07-2023,Prefer not to say,35-44,Charlotte,NC,Paid Search,Active
3555,CUST-03555,14-12-2023,Female,55-64,San Diego,CA,Social Media,Inactive
3556,CUST-03556,05-05-2025,Female,55-64,New York,NY,Organic Search,Inactive
3557,CUST-03557,13-08-2023,Male,65+,Phoenix,AZ,Email,Active
3558,CUST-03558,07-10-2024,Female,18-24,Chicago,IL,Email,Active
3559,CUST-03559,16-03-2024,Female,35-44,Houston,TX,Paid Search,Active
3560,CUST-03560,09-08-2024,Male,45-54,Boston,MA,Organic Search,Active
3561,CUST-03561,17-08-2023,Female,25-34,San Diego,CA,Organic Search,Active
3562,CUST-03562,15-08-2023,Female,35-44,Los Angeles,CA,Paid Search,Active
3563,CUST-03563,23-02-2024,Female,25-34,New York,NY,Social Media,Active
3564,CUST-03564,10-09-2023,Male,25-34,New York,NY,Direct,Active
3565,CUST-03565,19-10-2024,Female,35-44,Houston,TX,Social Media,Active
3566,CUST-03566,24-08-2024,Prefer not to say,18-24,Fort Worth,TX,Paid Search,Active
3567,CUST-03567,01-11-2023,Female,35-44,Fort Worth,TX,Organic Search,Active
3568,CUST-03568,26-08-2025,Male,35-44,Nashville,TN,Social Media,Inactive
3569,CUST-03569,28-07-2025,Female,25-34,Dallas,TX,Social Media,Active
3570,CUST-03570,17-04-2025,Female,25-34,San Jose,CA,Email,Inactive
3571,CUST-03571,18-09-2024,Male,35-44,Austin,TX,Social Media,Active
3572,CUST-03572,10-03-2024,Male,35-44,Las Vegas,NV,Social Media,Active
3573,CUST-03573,19-04-2025,Female,25-34,Los Angeles,CA,Organic Search,Active
3574,CUST-03574,25-02-2025,Male,45-54,Philadelphia,PA,Social Media,Inactive
3575,CUST-03575,03-10-2023,Female,45-54,Austin,TX,Paid Search,Active
3576,CUST-03576,29-05-2025,Female,25-34,Dallas,TX,Email,Inactive
3577,CUST-03577,19-09-2023,Female,25-34,Atlanta,GA,Paid Search,Active
3578,CUST-03578,20-10-2024,Female,45-54,San Antonio,TX,Paid Search,Active
3579,CUST-03579,03-08-2023,Male,45-54,Atlanta,GA,Referral,Active
3580,CUST-03580,19-01-2024,Male,35-44,Las Vegas,NV,Referral,Active
3581,CUST-03581,22-05-2025,Male,18-24,New York,NY,Paid Search,Active
3582,CUST-03582,04-06-2023,Female,18-24,Dallas,TX,Email,Active
3583,CUST-03583,19-08-2025,Male,45-54,Denver,CO,Social Media,Active
3584,CUST-03584,02-09-2023,Male,35-44,Los Angeles,CA,Social Media,Active
3585,CUST-03585,16-03-2025,Female,18-24,Philadelphia,PA,Direct,Active
3586,CUST-03586,27-09-2025,Female,35-44,Dallas,TX,Direct,Active
3587,CUST-03587,15-10-2023,Female,35-44,San Antonio,TX,Referral,Active
3588,CUST-03588,04-10-2025,Male,25-34,Houston,TX,Paid Search,Active
3589,CUST-03589,18-11-2023,Female,25-34,Los Angeles,CA,Paid Search,Active
3590,CUST-03590,15-03-2024,Female,18-24,Los Angeles,CA,Social Media,Active
3591,CUST-03591,22-05-2024,Male,45-54,San Jose,CA,Organic Search,Active
3592,CUST-03592,01-09-2023,Male,25-34,Philadelphia,PA,Email,Inactive
3593,CUST-03593,28-09-2024,Female,25-34,New York,NY,Email,Active
3594,CUST-03594,29-12-2023,Female,45-54,Las Vegas,NV,Paid Search,Active
3595,CUST-03595,27-08-2023,Female,45-54,Charlotte,NC,Social Media,Active
3596,CUST-03596,13-03-2025,Male,35-44,Philadelphia,PA,Social Media,Active
3597,CUST-03597,20-04-2024,Male,25-34,Houston,TX,Paid Search,Active
3598,CUST-03598,12-07-2023,Male,45-54,Philadelphia,PA,Direct,Active
3599,CUST-03599,10-11-2025,Male,25-34,New York,NY,Organic Search,Active
3600,CUST-03600,28-09-2024,Female,35-44,New York,NY,Paid Search,Inactive
3601,CUST-03601,19-10-2023,Female,45-54,Columbus,OH,Email,Inactive
3602,CUST-03602,11-09-2024,Male,25-34,San Antonio,TX,Organic Search,Active
3603,CUST-03603,30-09-2024,Female,35-44,Chicago,IL,Email,Active
3604,CUST-03604,29-02-2024,Female,35-44,Seattle,WA,Referral,Active
3605,CUST-03605,10-03-2025,Female,45-54,Los Angeles,CA,Paid Search,Active
3606,CUST-03606,29-02-2024,Male,35-44,New York,NY,Organic Search,Active
3607,CUST-03607,21-06-2023,Female,45-54,Boston,MA,Social Media,Inactive
3608,CUST-03608,03-01-2024,Male,45-54,Boston,MA,Email,Active
3609,CUST-03609,04-03-2025,Female,25-34,Denver,CO,Social Media,Active
3610,CUST-03610,26-03-2025,Male,45-54,Atlanta,GA,Social Media,Active
3611,CUST-03611,12-09-2025,Female,25-34,Houston,TX,Paid Search,Active
3612,CUST-03612,08-11-2023,Male,45-54,Charlotte,NC,Organic Search,Active
3613,CUST-03613,25-05-2024,Prefer not to say,45-54,Phoenix,AZ,Paid Search,Active
3614,CUST-03614,07-12-2023,Male,55-64,Dallas,TX,Social Media,Active
3615,CUST-03615,02-01-2025,Female,55-64,San Antonio,TX,Social Media,Active
3616,CUST-03616,17-09-2024,Female,45-54,New York,NY,Social Media,Active
3617,CUST-03617,17-06-2023,Prefer not to say,55-64,Houston,TX,Paid Search,Active
3618,CUST-03618,12-10-2023,Female,45-54,Austin,TX,Organic Search,Active
3619,CUST-03619,26-05-2025,Male,35-44,Chicago,IL,Referral,Active
3620,CUST-03620,05-08-2024,Male,35-44,New York,NY,Paid Search,Active
3621,CUST-03621,03-10-2023,Male,35-44,Philadelphia,PA,Referral,Active
3622,CUST-03622,13-10-2025,Male,25-34,Austin,TX,Direct,Active
3623,CUST-03623,05-06-2023,Female,25-34,Boston,MA,Email,Active
3624,CUST-03624,30-11-2023,Female,45-54,Nashville,TN,Referral,Active
3625,CUST-03625,13-08-2023,Female,55-64,Jacksonville,FL,Direct,Inactive
3626,CUST-03626,04-07-2023,Female,18-24,Portland,OR,Direct,Active
3627,CUST-03627,14-05-2025,Female,35-44,Houston,TX,Paid Search,Active
3628,CUST-03628,02-11-2023,Female,65+,Philadelphia,PA,Paid Search,Active
3629,CUST-03629,11-01-2025,Male,55-64,Columbus,OH,Direct,Active
3630,CUST-03630,02-02-2024,Female,35-44,Dallas,TX,Organic Search,Active
3631,CUST-03631,22-04-2025,Male,35-44,Philadelphia,PA,Direct,Active
3632,CUST-03632,30-12-2024,Male,45-54,Los Angeles,CA,Direct,Inactive
3633,CUST-03633,20-09-2023,Female,35-44,Austin,TX,Direct,Active
3634,CUST-03634,07-08-2025,Male,25-34,Chicago,IL,Organic Search,Inactive
3635,CUST-03635,29-09-2024,Male,25-34,Atlanta,GA,Social Media,Active
3636,CUST-03636,11-07-2024,Female,55-64,San Diego,CA,Organic Search,Active
3637,CUST-03637,04-09-2025,Female,65+,Chicago,IL,Organic Search,Active
3638,CUST-03638,10-10-2025,Female,25-34,Philadelphia,PA,Social Media,Active
3639,CUST-03639,16-09-2025,Male,25-34,Las Vegas,NV,Organic Search,Active
3640,CUST-03640,03-12-2023,Female,35-44,Portland,OR,Social Media,Active
3641,CUST-03641,01-09-2023,Female,35-44,Chicago,IL,Organic Search,Active
3642,CUST-03642,03-01-2024,Female,45-54,San Diego,CA,Email,Active
3643,CUST-03643,16-01-2024,Female,25-34,Fort Worth,TX,Direct,Active
3644,CUST-03644,01-06-2023,Male,25-34,Washington,DC,Social Media,Active
3645,CUST-03645,31-03-2024,Female,35-44,Denver,CO,Social Media,Active
3646,CUST-03646,15-11-2023,Female,18-24,Seattle,WA,Paid Search,Active
3647,CUST-03647,09-09-2023,Male,45-54,Columbus,OH,Paid Search,Active
3648,CUST-03648,03-05-2025,Female,18-24,Washington,DC,Social Media,Active
3649,CUST-03649,05-03-2024,Male,18-24,Los Angeles,CA,Organic Search,Active
3650,CUST-03650,15-09-2025,Female,35-44,Los Angeles,CA,Email,Active
3651,CUST-03651,30-10-2023,Male,55-64,Phoenix,AZ,Organic Search,Inactive
3652,CUST-03652,15-05-2024,Female,35-44,Chicago,IL,Paid Search,Inactive
3653,CUST-03653,27-02-2025,Male,25-34,Miami,FL,Organic Search,Active
3654,CUST-03654,16-09-2024,Female,35-44,Phoenix,AZ,Email,Inactive
3655,CUST-03655,30-10-2024,Male,45-54,San Diego,CA,Paid Search,Inactive
3656,CUST-03656,20-12-2024,Female,25-34,Portland,OR,Organic Search,Active
3657,CUST-03657,12-02-2024,Female,18-24,Charlotte,NC,Social Media,Active
3658,CUST-03658,12-12-2023,Female,55-64,San Diego,CA,Social Media,Active
3659,CUST-03659,26-05-2024,Female,45-54,Fort Worth,TX,Referral,Active
3660,CUST-03660,22-02-2025,Female,35-44,Seattle,WA,Direct,Active
3661,CUST-03661,11-11-2023,Female,25-34,San Jose,CA,Organic Search,Active
3662,CUST-03662,09-02-2025,Male,25-34,Los Angeles,CA,Referral,Inactive
3663,CUST-03663,16-10-2023,Male,45-54,New York,NY,Email,Active
3664,CUST-03664,09-12-2024,Male,25-34,Charlotte,NC,Direct,Active
3665,CUST-03665,29-11-2024,Non-binary,65+,Nashville,TN,Social Media,Active
3666,CUST-03666,28-06-2023,Female,45-54,Columbus,OH,Organic Search,Active
3667,CUST-03667,16-04-2025,Female,45-54,Fort Worth,TX,Email,Inactive
3668,CUST-03668,11-12-2024,Male,18-24,Dallas,TX,Direct,Active
3669,CUST-03669,21-06-2023,Non-binary,25-34,San Antonio,TX,Email,Active
3670,CUST-03670,21-10-2025,Female,45-54,Houston,TX,Social Media,Active
3671,CUST-03671,29-07-2023,Male,55-64,Philadelphia,PA,Direct,Active
3672,CUST-03672,27-01-2025,Male,18-24,New York,NY,Paid Search,Active
3673,CUST-03673,17-02-2025,Female,35-44,Houston,TX,Direct,Active
3674,CUST-03674,17-06-2024,Female,18-24,Atlanta,GA,Organic Search,Active
3675,CUST-03675,04-09-2025,Male,25-34,Chicago,IL,Email,Active
3676,CUST-03676,09-08-2024,Male,35-44,Philadelphia,PA,Direct,Active
3677,CUST-03677,13-05-2024,Male,25-34,New York,NY,Email,Active
3678,CUST-03678,19-12-2024,Male,25-34,Boston,MA,Paid Search,Inactive
3679,CUST-03679,28-09-2025,Female,25-34,Charlotte,NC,Social Media,Active
3680,CUST-03680,02-11-2024,Male,55-64,San Jose,CA,Social Media,Active
3681,CUST-03681,03-06-2025,Male,55-64,New York,NY,Email,Active
3682,CUST-03682,04-10-2024,Male,45-54,Los Angeles,CA,Organic Search,Active
3683,CUST-03683,06-11-2025,Female,55-64,Dallas,TX,Organic Search,Active
3684,CUST-03684,01-10-2024,Female,65+,Boston,MA,Paid Search,Active
3685,CUST-03685,17-06-2023,Female,45-54,Philadelphia,PA,Organic Search,Active
3686,CUST-03686,15-06-2023,Female,35-44,Los Angeles,CA,Email,Active
3687,CUST-03687,27-01-2025,Female,18-24,Seattle,WA,Social Media,Active
3688,CUST-03688,24-08-2025,Male,55-64,New York,NY,Organic Search,Active
3689,CUST-03689,09-03-2025,Female,25-34,Fort Worth,TX,Social Media,Inactive
3690,CUST-03690,11-02-2024,Male,45-54,Columbus,OH,Social Media,Active
3691,CUST-03691,21-11-2025,Male,45-54,Chicago,IL,Organic Search,Active
3692,CUST-03692,22-08-2023,Male,25-34,Chicago,IL,Referral,Active
3693,CUST-03693,03-10-2023,Female,35-44,Los Angeles,CA,Paid Search,Active
3694,CUST-03694,04-05-2025,Female,65+,Las Vegas,NV,Email,Active
3695,CUST-03695,15-09-2023,Prefer not to say,25-34,Miami,FL,Paid Search,Active
3696,CUST-03696,05-02-2024,Female,55-64,Austin,TX,Email,Active
3697,CUST-03697,20-05-2025,Female,35-44,Charlotte,NC,Referral,Active
3698,CUST-03698,10-10-2025,Male,25-34,Los Angeles,CA,Social Media,Active
3699,CUST-03699,05-09-2023,Female,35-44,San Antonio,TX,Paid Search,Active
3700,CUST-03700,05-07-2023,Female,35-44,Fort Worth,TX,Referral,Active
3701,CUST-03701,22-09-2023,Male,45-54,Columbus,OH,Direct,Active
3702,CUST-03702,18-03-2024,Female,45-54,Charlotte,NC,Social Media,Active
3703,CUST-03703,31-07-2024,Prefer not to say,45-54,Atlanta,GA,Paid Search,Active
3704,CUST-03704,06-10-2023,Female,45-54,Dallas,TX,Organic Search,Active
3705,CUST-03705,16-11-2024,Female,18-24,Boston,MA,Email,Active
3706,CUST-03706,09-03-2025,Female,25-34,Seattle,WA,Paid Search,Active
3707,CUST-03707,12-05-2024,Male,45-54,Seattle,WA,Email,Active
3708,CUST-03708,29-12-2023,Female,45-54,Seattle,WA,Organic Search,Active
3709,CUST-03709,16-07-2024,Female,25-34,Miami,FL,Organic Search,Active
3710,CUST-03710,20-12-2024,Male,35-44,New York,NY,Direct,Active
3711,CUST-03711,26-01-2024,Male,25-34,Austin,TX,Email,Active
3712,CUST-03712,23-09-2024,Male,45-54,Jacksonville,FL,Paid Search,Active
3713,CUST-03713,18-03-2025,Male,25-34,Dallas,TX,Organic Search,Inactive
3714,CUST-03714,21-03-2024,Female,18-24,Dallas,TX,Organic Search,Active
3715,CUST-03715,16-11-2023,Female,65+,Chicago,IL,Social Media,Active
3716,CUST-03716,29-08-2025,Male,25-34,Washington,DC,Social Media,Active
3717,CUST-03717,16-06-2024,Male,25-34,Los Angeles,CA,Referral,Active
3718,CUST-03718,18-10-2024,Prefer not to say,45-54,Los Angeles,CA,Paid Search,Active
3719,CUST-03719,09-09-2024,Male,55-64,Houston,TX,Referral,Active
3720,CUST-03720,26-10-2023,Female,18-24,Denver,CO,Organic Search,Active
3721,CUST-03721,16-02-2025,Female,55-64,Los Angeles,CA,Social Media,Active
3722,CUST-03722,26-03-2024,Male,65+,Atlanta,GA,Organic Search,Active
3723,CUST-03723,01-05-2025,Male,35-44,Houston,TX,Referral,Active
3724,CUST-03724,04-09-2023,Prefer not to say,65+,San Diego,CA,Direct,Active
3725,CUST-03725,24-01-2024,Female,35-44,Columbus,OH,Organic Search,Active
3726,CUST-03726,08-07-2023,Female,18-24,Phoenix,AZ,Direct,Active
3727,CUST-03727,27-01-2024,Female,18-24,Atlanta,GA,Social Media,Active
3728,CUST-03728,17-03-2025,Non-binary,55-64,Los Angeles,CA,Email,Active
3729,CUST-03729,16-01-2024,Female,55-64,Boston,MA,Social Media,Active
3730,CUST-03730,07-12-2023,Female,45-54,New York,NY,Direct,Active
3731,CUST-03731,15-07-2024,Female,25-34,Washington,DC,Paid Search,Active
3732,CUST-03732,08-08-2025,Male,45-54,Miami,FL,Social Media,Active
3733,CUST-03733,02-03-2024,Female,45-54,Phoenix,AZ,Direct,Active
3734,CUST-03734,10-02-2025,Non-binary,35-44,Chicago,IL,Organic Search,Inactive
3735,CUST-03735,01-12-2023,Female,45-54,Philadelphia,PA,Email,Active
3736,CUST-03736,13-03-2024,Female,35-44,San Antonio,TX,Referral,Active
3737,CUST-03737,21-10-2024,Male,55-64,Philadelphia,PA,Referral,Active
3738,CUST-03738,16-11-2024,Male,25-34,Dallas,TX,Organic Search,Active
3739,CUST-03739,01-01-2025,Female,45-54,Columbus,OH,Direct,Active
3740,CUST-03740,25-08-2024,Female,35-44,Houston,TX,Direct,Active
3741,CUST-03741,25-08-2024,Female,55-64,Houston,TX,Referral,Active
3742,CUST-03742,16-08-2024,Male,25-34,Washington,DC,Social Media,Active
3743,CUST-03743,10-08-2025,Female,35-44,Las Vegas,NV,Direct,Active
3744,CUST-03744,27-06-2024,Prefer not to say,35-44,San Antonio,TX,Referral,Active
3745,CUST-03745,27-02-2024,Male,55-64,Los Angeles,CA,Organic Search,Active
3746,CUST-03746,01-06-2023,Female,18-24,San Diego,CA,Referral,Active
3747,CUST-03747,19-10-2023,Female,55-64,San Diego,CA,Social Media,Active
3748,CUST-03748,17-09-2023,Female,25-34,Houston,TX,Social Media,Active
3749,CUST-03749,25-02-2024,Female,35-44,Jacksonville,FL,Social Media,Inactive
3750,CUST-03750,25-03-2024,Male,35-44,Charlotte,NC,Social Media,Active
3751,CUST-03751,26-02-2024,Female,35-44,Fort Worth,TX,Direct,Active
3752,CUST-03752,29-01-2024,Female,25-34,Nashville,TN,Paid Search,Active
3753,CUST-03753,24-11-2023,Female,18-24,Nashville,TN,Referral,Active
3754,CUST-03754,28-11-2023,Male,35-44,New York,NY,Organic Search,Active
3755,CUST-03755,31-10-2024,Female,25-34,Los Angeles,CA,Email,Inactive
3756,CUST-03756,06-07-2023,Male,18-24,Nashville,TN,Social Media,Active
3757,CUST-03757,13-07-2024,Male,25-34,Washington,DC,Social Media,Active
3758,CUST-03758,08-06-2023,Male,35-44,Austin,TX,Organic Search,Active
3759,CUST-03759,16-10-2023,Male,45-54,Los Angeles,CA,Direct,Active
3760,CUST-03760,08-03-2024,Male,25-34,Washington,DC,Paid Search,Active
3761,CUST-03761,07-07-2025,Female,35-44,Houston,TX,Organic Search,Active
3762,CUST-03762,16-05-2024,Female,55-64,New York,NY,Social Media,Active
3763,CUST-03763,10-11-2023,Male,18-24,Denver,CO,Organic Search,Active
3764,CUST-03764,16-04-2025,Male,45-54,Charlotte,NC,Paid Search,Active
3765,CUST-03765,27-11-2023,Male,45-54,Phoenix,AZ,Organic Search,Active
3766,CUST-03766,03-02-2025,Male,18-24,Jacksonville,FL,Organic Search,Active
3767,CUST-03767,04-07-2024,Male,35-44,Philadelphia,PA,Organic Search,Active
3768,CUST-03768,16-05-2024,Male,55-64,Atlanta,GA,Social Media,Active
3769,CUST-03769,19-10-2025,Female,35-44,Charlotte,NC,Organic Search,Active
3770,CUST-03770,02-02-2025,Male,45-54,Fort Worth,TX,Paid Search,Active
3771,CUST-03771,19-06-2025,Female,55-64,New York,NY,Organic Search,Active
3772,CUST-03772,13-12-2024,Female,35-44,Chicago,IL,Organic Search,Active
3773,CUST-03773,20-06-2023,Male,55-64,Denver,CO,Organic Search,Active
3774,CUST-03774,23-06-2024,Female,25-34,Houston,TX,Social Media,Active
3775,CUST-03775,24-12-2023,Male,35-44,Jacksonville,FL,Email,Active
3776,CUST-03776,02-09-2023,Male,35-44,Seattle,WA,Paid Search,Inactive
3777,CUST-03777,28-11-2023,Male,25-34,Portland,OR,Referral,Active
3778,CUST-03778,01-06-2024,Male,65+,Jacksonville,FL,Email,Active
3779,CUST-03779,18-09-2024,Male,25-34,Portland,OR,Organic Search,Active
3780,CUST-03780,31-08-2023,Male,45-54,New York,NY,Direct,Active
3781,CUST-03781,07-07-2023,Male,25-34,Las Vegas,NV,Social Media,Active
3782,CUST-03782,08-11-2023,Female,55-64,Chicago,IL,Paid Search,Inactive
3783,CUST-03783,19-11-2024,Female,18-24,Philadelphia,PA,Organic Search,Active
3784,CUST-03784,17-06-2023,Female,45-54,San Antonio,TX,Organic Search,Active
3785,CUST-03785,09-06-2024,Male,35-44,Nashville,TN,Social Media,Active
3786,CUST-03786,15-03-2024,Female,55-64,Chicago,IL,Social Media,Active
3787,CUST-03787,16-05-2025,Female,25-34,Chicago,IL,Paid Search,Active
3788,CUST-03788,25-05-2025,Female,35-44,Los Angeles,CA,Organic Search,Active
3789,CUST-03789,10-03-2024,Male,25-34,San Jose,CA,Email,Active
3790,CUST-03790,08-08-2025,Female,25-34,San Diego,CA,Referral,Active
3791,CUST-03791,03-07-2024,Male,25-34,Austin,TX,Social Media,Active
3792,CUST-03792,29-10-2024,Male,55-64,Phoenix,AZ,Social Media,Active
3793,CUST-03793,27-08-2023,Female,35-44,Washington,DC,Paid Search,Active
3794,CUST-03794,07-09-2024,Female,35-44,San Antonio,TX,Organic Search,Active
3795,CUST-03795,16-03-2025,Male,55-64,Jacksonville,FL,Social Media,Active
3796,CUST-03796,22-08-2023,Male,18-24,Jacksonville,FL,Social Media,Active
3797,CUST-03797,31-05-2024,Male,35-44,Los Angeles,CA,Social Media,Active
3798,CUST-03798,05-11-2023,Male,55-64,Atlanta,GA,Organic Search,Active
3799,CUST-03799,20-09-2025,Non-binary,25-34,New York,NY,Direct,Inactive
3800,CUST-03800,03-03-2025,Male,25-34,New York,NY,Referral,Active
3801,CUST-03801,10-01-2024,Male,18-24,Chicago,IL,Social Media,Active
3802,CUST-03802,17-02-2024,Male,55-64,Los Angeles,CA,Referral,Active
3803,CUST-03803,05-11-2024,Male,55-64,New York,NY,Organic Search,Active
3804,CUST-03804,02-01-2024,Male,55-64,Charlotte,NC,Direct,Active
3805,CUST-03805,03-12-2023,Female,45-54,Boston,MA,Social Media,Active
3806,CUST-03806,14-09-2023,Male,18-24,Houston,TX,Social Media,Active
3807,CUST-03807,25-06-2023,Female,65+,Los Angeles,CA,Direct,Active
3808,CUST-03808,29-07-2023,Male,45-54,San Antonio,TX,Direct,Active
3809,CUST-03809,04-10-2023,Male,55-64,San Diego,CA,Organic Search,Active
3810,CUST-03810,08-09-2023,Male,25-34,Phoenix,AZ,Email,Active
3811,CUST-03811,27-11-2023,Male,25-34,New York,NY,Direct,Active
3812,CUST-03812,12-03-2024,Non-binary,25-34,Atlanta,GA,Social Media,Active
3813,CUST-03813,01-05-2024,Female,25-34,Boston,MA,Paid Search,Active
3814,CUST-03814,07-06-2025,Male,25-34,San Diego,CA,Email,Inactive
3815,CUST-03815,18-10-2024,Male,18-24,Chicago,IL,Organic Search,Active
3816,CUST-03816,04-01-2024,Male,35-44,Chicago,IL,Email,Active
3817,CUST-03817,08-12-2024,Non-binary,65+,San Diego,CA,Social Media,Active
3818,CUST-03818,02-01-2024,Female,35-44,Boston,MA,Organic Search,Active
3819,CUST-03819,24-07-2023,Male,25-34,Washington,DC,Email,Active
3820,CUST-03820,17-08-2023,Male,45-54,Washington,DC,Social Media,Active
3821,CUST-03821,04-03-2024,Male,65+,Austin,TX,Organic Search,Active
3822,CUST-03822,09-12-2023,Male,25-34,Chicago,IL,Paid Search,Inactive
3823,CUST-03823,24-08-2024,Male,25-34,San Diego,CA,Email,Active
3824,CUST-03824,27-02-2025,Male,35-44,Austin,TX,Organic Search,Active
3825,CUST-03825,15-12-2024,Female,35-44,New York,NY,Social Media,Active
3826,CUST-03826,05-06-2025,Male,65+,San Diego,CA,Email,Active
3827,CUST-03827,13-06-2025,Female,35-44,Houston,TX,Organic Search,Active
3828,CUST-03828,16-07-2023,Male,35-44,Atlanta,GA,Direct,Active
3829,CUST-03829,31-03-2024,Female,55-64,Boston,MA,Email,Active
3830,CUST-03830,10-07-2024,Prefer not to say,35-44,Austin,TX,Organic Search,Active
3831,CUST-03831,28-08-2025,Male,25-34,Philadelphia,PA,Social Media,Active
3832,CUST-03832,26-01-2025,Female,55-64,Denver,CO,Paid Search,Active
3833,CUST-03833,25-03-2025,Male,55-64,Philadelphia,PA,Social Media,Active
3834,CUST-03834,06-10-2023,Female,35-44,Boston,MA,Organic Search,Active
3835,CUST-03835,21-06-2023,Female,35-44,Austin,TX,Paid Search,Active
3836,CUST-03836,21-07-2023,Male,25-34,Austin,TX,Social Media,Active
3837,CUST-03837,09-09-2024,Female,25-34,Houston,TX,Direct,Active
3838,CUST-03838,22-08-2023,Male,35-44,Seattle,WA,Paid Search,Active
3839,CUST-03839,24-11-2025,Male,25-34,Denver,CO,Organic Search,Active
3840,CUST-03840,10-07-2023,Female,35-44,Phoenix,AZ,Social Media,Active
3841,CUST-03841,03-01-2024,Female,35-44,Philadelphia,PA,Social Media,Active
3842,CUST-03842,28-03-2024,Female,35-44,Columbus,OH,Paid Search,Active
3843,CUST-03843,08-10-2024,Male,35-44,Denver,CO,Direct,Active
3844,CUST-03844,19-07-2023,Non-binary,25-34,Austin,TX,Social Media,Active
3845,CUST-03845,16-05-2025,Female,25-34,Portland,OR,Social Media,Active
3846,CUST-03846,30-01-2024,Male,35-44,Fort Worth,TX,Organic Search,Active
3847,CUST-03847,27-06-2024,Male,18-24,Seattle,WA,Paid Search,Active
3848,CUST-03848,08-02-2024,Female,18-24,Las Vegas,NV,Paid Search,Active
3849,CUST-03849,16-07-2024,Female,18-24,Jacksonville,FL,Email,Active
3850,CUST-03850,15-11-2023,Male,25-34,Nashville,TN,Organic Search,Active
3851,CUST-03851,29-10-2025,Male,45-54,Austin,TX,Paid Search,Active
3852,CUST-03852,06-05-2025,Male,55-64,Las Vegas,NV,Organic Search,Active
3853,CUST-03853,04-02-2024,Male,55-64,New York,NY,Paid Search,Active
3854,CUST-03854,18-03-2025,Female,55-64,Fort Worth,TX,Referral,Active
3855,CUST-03855,21-12-2023,Female,25-34,Phoenix,AZ,Paid Search,Active
3856,CUST-03856,20-04-2024,Male,65+,Los Angeles,CA,Organic Search,Active
3857,CUST-03857,06-09-2023,Female,45-54,Chicago,IL,Social Media,Active
3858,CUST-03858,27-07-2025,Female,55-64,Denver,CO,Paid Search,Active
3859,CUST-03859,20-02-2025,Female,18-24,Los Angeles,CA,Organic Search,Active
3860,CUST-03860,05-03-2025,Female,18-24,San Diego,CA,Paid Search,Active
3861,CUST-03861,10-11-2024,Female,35-44,Austin,TX,Paid Search,Active
3862,CUST-03862,16-10-2023,Female,18-24,Seattle,WA,Paid Search,Active
3863,CUST-03863,21-01-2024,Female,25-34,Nashville,TN,Social Media,Active
3864,CUST-03864,24-11-2025,Female,55-64,Jacksonville,FL,Social Media,Active
3865,CUST-03865,27-11-2024,Male,25-34,Columbus,OH,Social Media,Active
3866,CUST-03866,13-09-2023,Female,45-54,Boston,MA,Referral,Active
3867,CUST-03867,02-05-2024,Female,25-34,Jacksonville,FL,Email,Active
3868,CUST-03868,22-05-2025,Male,45-54,Jacksonville,FL,Direct,Active
3869,CUST-03869,08-09-2025,Female,55-64,Charlotte,NC,Referral,Active
3870,CUST-03870,28-02-2024,Female,25-34,New York,NY,Direct,Active
3871,CUST-03871,12-01-2024,Female,45-54,Nashville,TN,Direct,Active
3872,CUST-03872,17-06-2023,Female,25-34,Seattle,WA,Referral,Active
3873,CUST-03873,13-10-2023,Female,25-34,Jacksonville,FL,Social Media,Active
3874,CUST-03874,09-06-2024,Male,55-64,Houston,TX,Organic Search,Active
3875,CUST-03875,19-08-2024,Male,35-44,New York,NY,Social Media,Inactive
3876,CUST-03876,12-11-2023,Male,45-54,Philadelphia,PA,Social Media,Active
3877,CUST-03877,03-02-2025,Male,65+,Washington,DC,Paid Search,Active
3878,CUST-03878,23-10-2023,Non-binary,45-54,Los Angeles,CA,Paid Search,Active
3879,CUST-03879,06-01-2025,Female,18-24,San Jose,CA,Organic Search,Active
3880,CUST-03880,20-11-2025,Female,55-64,San Antonio,TX,Social Media,Active
3881,CUST-03881,13-01-2024,Male,45-54,San Jose,CA,Email,Active
3882,CUST-03882,23-11-2023,Female,25-34,Las Vegas,NV,Email,Inactive
3883,CUST-03883,03-07-2023,Male,65+,New York,NY,Social Media,Active
3884,CUST-03884,15-06-2024,Female,25-34,Denver,CO,Email,Active
3885,CUST-03885,17-09-2025,Male,25-34,Portland,OR,Organic Search,Active
3886,CUST-03886,14-11-2024,Female,18-24,Houston,TX,Organic Search,Active
3887,CUST-03887,25-07-2025,Female,35-44,Chicago,IL,Email,Active
3888,CUST-03888,13-01-2025,Female,25-34,Dallas,TX,Paid Search,Active
3889,CUST-03889,20-04-2024,Female,18-24,Seattle,WA,Organic Search,Active
3890,CUST-03890,25-06-2025,Male,45-54,Philadelphia,PA,Referral,Active
3891,CUST-03891,02-06-2023,Female,45-54,Nashville,TN,Direct,Active
3892,CUST-03892,06-12-2024,Female,55-64,Denver,CO,Paid Search,Active
3893,CUST-03893,14-02-2024,Female,65+,Denver,CO,Organic Search,Active
3894,CUST-03894,20-01-2024,Female,45-54,San Antonio,TX,Direct,Active
3895,CUST-03895,12-11-2023,Female,55-64,Chicago,IL,Direct,Active
3896,CUST-03896,05-01-2024,Male,35-44,Atlanta,GA,Referral,Active
3897,CUST-03897,03-08-2023,Non-binary,55-64,Denver,CO,Organic Search,Active
3898,CUST-03898,20-06-2023,Female,45-54,Columbus,OH,Paid Search,Active
3899,CUST-03899,29-10-2024,Male,25-34,Jacksonville,FL,Organic Search,Inactive
3900,CUST-03900,23-04-2025,Male,25-34,Columbus,OH,Paid Search,Active
3901,CUST-03901,31-05-2025,Male,35-44,New York,NY,Direct,Active
3902,CUST-03902,25-07-2023,Female,18-24,Phoenix,AZ,Organic Search,Inactive
3903,CUST-03903,19-06-2023,Male,25-34,Philadelphia,PA,Direct,Inactive
3904,CUST-03904,09-08-2025,Female,25-34,Las Vegas,NV,Email,Inactive
3905,CUST-03905,09-10-2024,Male,35-44,San Diego,CA,Email,Active
3906,CUST-03906,22-09-2023,Male,45-54,New York,NY,Referral,Active
3907,CUST-03907,22-07-2025,Male,25-34,San Jose,CA,Social Media,Active
3908,CUST-03908,09-11-2024,Female,55-64,Dallas,TX,Direct,Active
3909,CUST-03909,12-07-2023,Male,65+,Boston,MA,Direct,Inactive
3910,CUST-03910,22-03-2025,Prefer not to say,45-54,San Antonio,TX,Referral,Active
3911,CUST-03911,28-12-2023,Male,25-34,Denver,CO,Paid Search,Active
3912,CUST-03912,04-02-2025,Female,45-54,Nashville,TN,Referral,Active
3913,CUST-03913,20-06-2023,Male,35-44,San Diego,CA,Email,Active
3914,CUST-03914,13-04-2024,Male,25-34,Columbus,OH,Direct,Inactive
3915,CUST-03915,05-02-2024,Male,55-64,Jacksonville,FL,Referral,Active
3916,CUST-03916,29-06-2024,Male,45-54,San Diego,CA,Direct,Active
3917,CUST-03917,27-09-2025,Female,25-34,San Jose,CA,Referral,Active
3918,CUST-03918,14-07-2023,Male,25-34,San Jose,CA,Organic Search,Active
3919,CUST-03919,31-08-2024,Female,35-44,Los Angeles,CA,Organic Search,Active
3920,CUST-03920,13-01-2025,Male,55-64,San Antonio,TX,Referral,Active
3921,CUST-03921,03-11-2023,Female,18-24,Columbus,OH,Paid Search,Inactive
3922,CUST-03922,19-11-2025,Female,25-34,Chicago,IL,Referral,Active
3923,CUST-03923,15-10-2023,Male,45-54,Jacksonville,FL,Direct,Active
3924,CUST-03924,29-11-2024,Female,25-34,Austin,TX,Referral,Inactive
3925,CUST-03925,18-11-2024,Male,35-44,Houston,TX,Email,Active
3926,CUST-03926,02-05-2024,Female,45-54,Houston,TX,Organic Search,Inactive
3927,CUST-03927,08-04-2024,Male,35-44,Los Angeles,CA,Email,Active
3928,CUST-03928,24-12-2023,Male,45-54,Charlotte,NC,Paid Search,Active
3929,CUST-03929,25-12-2023,Male,55-64,Charlotte,NC,Organic Search,Active
3930,CUST-03930,30-01-2024,Female,55-64,Phoenix,AZ,Paid Search,Active
3931,CUST-03931,28-04-2024,Female,55-64,New York,NY,Paid Search,Active
3932,CUST-03932,30-07-2024,Female,35-44,Chicago,IL,Organic Search,Active
3933,CUST-03933,16-09-2025,Male,25-34,Atlanta,GA,Social Media,Active
3934,CUST-03934,04-02-2024,Male,35-44,Seattle,WA,Organic Search,Active
3935,CUST-03935,05-08-2024,Male,45-54,San Antonio,TX,Email,Active
3936,CUST-03936,25-09-2025,Female,35-44,Fort Worth,TX,Organic Search,Active
3937,CUST-03937,02-04-2024,Male,45-54,Austin,TX,Paid Search,Active
3938,CUST-03938,24-01-2024,Male,65+,Los Angeles,CA,Direct,Active
3939,CUST-03939,10-02-2024,Female,35-44,New York,NY,Social Media,Active
3940,CUST-03940,28-01-2024,Male,55-64,Portland,OR,Email,Active
3941,CUST-03941,25-09-2023,Male,25-34,Houston,TX,Direct,Active
3942,CUST-03942,02-04-2024,Female,18-24,San Jose,CA,Social Media,Active
3943,CUST-03943,24-09-2023,Male,25-34,Austin,TX,Referral,Active
3944,CUST-03944,26-06-2025,Female,55-64,Chicago,IL,Organic Search,Active
3945,CUST-03945,17-06-2024,Female,45-54,Los Angeles,CA,Organic Search,Active
3946,CUST-03946,03-11-2023,Male,25-34,Chicago,IL,Social Media,Active
3947,CUST-03947,16-05-2024,Male,45-54,Austin,TX,Direct,Active
3948,CUST-03948,02-07-2024,Female,45-54,Denver,CO,Social Media,Active
3949,CUST-03949,19-10-2024,Male,55-64,Charlotte,NC,Email,Active
3950,CUST-03950,08-09-2023,Female,55-64,Seattle,WA,Paid Search,Active
3951,CUST-03951,14-12-2023,Non-binary,25-34,Nashville,TN,Paid Search,Active
3952,CUST-03952,29-05-2024,Male,55-64,Charlotte,NC,Paid Search,Active
3953,CUST-03953,26-10-2023,Non-binary,25-34,Dallas,TX,Social Media,Active
3954,CUST-03954,12-04-2024,Female,18-24,Philadelphia,PA,Paid Search,Active
3955,CUST-03955,23-09-2024,Female,25-34,Nashville,TN,Social Media,Inactive
3956,CUST-03956,24-06-2023,Female,18-24,Dallas,TX,Social Media,Active
3957,CUST-03957,18-08-2024,Male,25-34,Los Angeles,CA,Email,Active
3958,CUST-03958,31-01-2024,Female,55-64,Charlotte,NC,Paid Search,Active
3959,CUST-03959,31-08-2024,Male,25-34,New York,NY,Social Media,Active
3960,CUST-03960,13-11-2025,Female,25-34,Denver,CO,Social Media,Active
3961,CUST-03961,11-08-2023,Male,35-44,Los Angeles,CA,Direct,Active
3962,CUST-03962,15-02-2024,Female,25-34,Phoenix,AZ,Organic Search,Active
3963,CUST-03963,19-03-2024,Female,45-54,San Antonio,TX,Direct,Active
3964,CUST-03964,24-10-2025,Male,35-44,Nashville,TN,Direct,Active
3965,CUST-03965,04-10-2025,Non-binary,45-54,Nashville,TN,Referral,Inactive
3966,CUST-03966,18-11-2024,Male,45-54,Portland,OR,Referral,Active
3967,CUST-03967,12-12-2024,Female,35-44,New York,NY,Paid Search,Active
3968,CUST-03968,14-05-2024,Male,25-34,Washington,DC,Direct,Active
3969,CUST-03969,20-11-2025,Female,55-64,Austin,TX,Email,Active
3970,CUST-03970,23-04-2025,Male,25-34,Miami,FL,Organic Search,Active
3971,CUST-03971,31-01-2024,Female,35-44,San Antonio,TX,Social Media,Active
3972,CUST-03972,18-11-2025,Female,35-44,Chicago,IL,Email,Active
3973,CUST-03973,17-12-2024,Male,25-34,Houston,TX,Social Media,Active
3974,CUST-03974,16-08-2024,Female,25-34,Boston,MA,Social Media,Active
3975,CUST-03975,05-02-2025,Non-binary,45-54,New York,NY,Organic Search,Active
3976,CUST-03976,02-10-2023,Male,25-34,Chicago,IL,Social Media,Active
3977,CUST-03977,24-11-2023,Male,25-34,San Antonio,TX,Paid Search,Active
3978,CUST-03978,09-11-2023,Male,45-54,Chicago,IL,Organic Search,Active
3979,CUST-03979,21-12-2023,Male,55-64,Austin,TX,Direct,Active
3980,CUST-03980,15-03-2024,Male,35-44,San Diego,CA,Social Media,Active
3981,CUST-03981,19-04-2025,Male,25-34,Los Angeles,CA,Organic Search,Inactive
3982,CUST-03982,02-07-2024,Prefer not to say,55-64,Las Vegas,NV,Paid Search,Inactive
3983,CUST-03983,11-05-2024,Female,65+,Los Angeles,CA,Organic Search,Active
3984,CUST-03984,25-03-2024,Female,18-24,New York,NY,Referral,Active
3985,CUST-03985,25-07-2023,Male,18-24,Dallas,TX,Paid Search,Active
3986,CUST-03986,17-12-2023,Male,18-24,Portland,OR,Organic Search,Active
3987,CUST-03987,03-07-2025,Male,55-64,Philadelphia,PA,Social Media,Active
3988,CUST-03988,01-11-2025,Female,65+,Charlotte,NC,Referral,Active
3989,CUST-03989,16-12-2023,Male,25-34,New York,NY,Social Media,Active
3990,CUST-03990,18-08-2025,Female,25-34,San Antonio,TX,Social Media,Active
3991,CUST-03991,15-11-2024,Female,18-24,New York,NY,Organic Search,Active
3992,CUST-03992,30-03-2025,Female,65+,Seattle,WA,Paid Search,Active
3993,CUST-03993,15-02-2024,Female,45-54,Chicago,IL,Paid Search,Active
3994,CUST-03994,17-01-2025,Male,55-64,Columbus,OH,Referral,Active
3995,CUST-03995,10-01-2024,Female,18-24,Philadelphia,PA,Referral,Active
3996,CUST-03996,29-03-2025,Male,55-64,Philadelphia,PA,Paid Search,Active
3997,CUST-03997,17-06-2023,Female,25-34,New York,NY,Organic Search,Inactive
3998,CUST-03998,07-12-2024,Male,25-34,Philadelphia,PA,Organic Search,Inactive
3999,CUST-03999,22-06-2024,Male,65+,Washington,DC,Organic Search,Active
4000,CUST-04000,18-09-2023,Female,65+,Charlotte,NC,Direct,Active
4001,CUST-04001,19-10-2024,Female,55-64,Chicago,IL,Paid Search,Active
4002,CUST-04002,25-02-2024,Female,25-34,Chicago,IL,Email,Active
4003,CUST-04003,29-01-2024,Female,18-24,New York,NY,Email,Active
4004,CUST-04004,10-12-2023,Female,45-54,Fort Worth,TX,Organic Search,Active
4005,CUST-04005,09-09-2023,Male,45-54,New York,NY,Social Media,Active
4006,CUST-04006,18-10-2024,Female,25-34,San Antonio,TX,Organic Search,Active
4007,CUST-04007,31-07-2025,Male,18-24,Seattle,WA,Direct,Inactive
4008,CUST-04008,24-04-2024,Female,35-44,Jacksonville,FL,Social Media,Active
4009,CUST-04009,02-07-2024,Female,65+,New York,NY,Social Media,Active
4010,CUST-04010,11-12-2023,Male,25-34,Denver,CO,Social Media,Active
4011,CUST-04011,26-08-2023,Male,25-34,Jacksonville,FL,Paid Search,Active
4012,CUST-04012,24-04-2025,Male,35-44,Phoenix,AZ,Email,Active
4013,CUST-04013,14-04-2024,Female,35-44,Charlotte,NC,Organic Search,Active
4014,CUST-04014,09-08-2024,Male,65+,Seattle,WA,Email,Active
4015,CUST-04015,19-11-2025,Female,35-44,Los Angeles,CA,Social Media,Active
4016,CUST-04016,27-04-2025,Female,65+,San Diego,CA,Organic Search,Active
4017,CUST-04017,20-08-2023,Female,25-34,Washington,DC,Referral,Active
4018,CUST-04018,25-12-2023,Male,35-44,Los Angeles,CA,Referral,Active
4019,CUST-04019,30-06-2024,Female,45-54,Houston,TX,Direct,Active
4020,CUST-04020,17-07-2023,Male,25-34,Austin,TX,Direct,Active
4021,CUST-04021,08-05-2024,Female,55-64,San Antonio,TX,Social Media,Active
4022,CUST-04022,09-03-2024,Male,25-34,Los Angeles,CA,Paid Search,Active
4023,CUST-04023,14-04-2024,Male,45-54,Chicago,IL,Email,Active
4024,CUST-04024,27-10-2023,Male,35-44,Nashville,TN,Paid Search,Active
4025,CUST-04025,20-03-2024,Male,35-44,Dallas,TX,Social Media,Active
4026,CUST-04026,18-06-2023,Female,25-34,Austin,TX,Organic Search,Active
4027,CUST-04027,03-08-2023,Female,55-64,San Jose,CA,Referral,Active
4028,CUST-04028,19-07-2025,Female,25-34,Denver,CO,Organic Search,Active
4029,CUST-04029,04-07-2023,Prefer not to say,55-64,Seattle,WA,Organic Search,Active
4030,CUST-04030,30-12-2023,Male,18-24,Portland,OR,Organic Search,Active
4031,CUST-04031,29-02-2024,Male,35-44,Denver,CO,Email,Active
4032,CUST-04032,15-06-2023,Female,45-54,Fort Worth,TX,Social Media,Active
4033,CUST-04033,02-07-2025,Female,35-44,Philadelphia,PA,Direct,Active
4034,CUST-04034,09-11-2025,Male,35-44,Chicago,IL,Social Media,Active
4035,CUST-04035,21-06-2024,Female,55-64,New York,NY,Referral,Active
4036,CUST-04036,20-09-2023,Non-binary,35-44,Phoenix,AZ,Paid Search,Active
4037,CUST-04037,01-07-2024,Male,55-64,Denver,CO,Organic Search,Inactive
4038,CUST-04038,21-01-2024,Male,25-34,New York,NY,Email,Active
4039,CUST-04039,19-12-2024,Female,35-44,Nashville,TN,Social Media,Active
4040,CUST-04040,05-07-2024,Female,18-24,Columbus,OH,Social Media,Active
4041,CUST-04041,06-10-2023,Female,35-44,Austin,TX,Organic Search,Active
4042,CUST-04042,26-05-2025,Female,35-44,Dallas,TX,Direct,Active
4043,CUST-04043,07-03-2025,Female,35-44,Dallas,TX,Paid Search,Active
4044,CUST-04044,24-04-2025,Male,45-54,Phoenix,AZ,Paid Search,Active
4045,CUST-04045,28-08-2025,Female,45-54,Portland,OR,Referral,Active
4046,CUST-04046,17-10-2025,Female,25-34,Houston,TX,Organic Search,Active
4047,CUST-04047,25-10-2023,Male,55-64,San Jose,CA,Organic Search,Active
4048,CUST-04048,12-01-2024,Female,25-34,Austin,TX,Social Media,Active
4049,CUST-04049,23-01-2024,Female,35-44,Chicago,IL,Referral,Active
4050,CUST-04050,10-03-2024,Male,25-34,San Diego,CA,Email,Active
4051,CUST-04051,30-07-2025,Male,35-44,Los Angeles,CA,Email,Inactive
4052,CUST-04052,12-02-2024,Female,25-34,San Diego,CA,Email,Active
4053,CUST-04053,03-08-2023,Male,25-34,Dallas,TX,Organic Search,Active
4054,CUST-04054,22-10-2025,Female,55-64,Charlotte,NC,Referral,Active
4055,CUST-04055,15-01-2025,Male,45-54,San Diego,CA,Organic Search,Active
4056,CUST-04056,07-12-2023,Female,25-34,Los Angeles,CA,Paid Search,Active
4057,CUST-04057,19-05-2025,Female,35-44,Fort Worth,TX,Social Media,Active
4058,CUST-04058,22-10-2024,Male,18-24,Charlotte,NC,Social Media,Active
4059,CUST-04059,28-07-2023,Female,55-64,Fort Worth,TX,Paid Search,Active
4060,CUST-04060,08-02-2024,Female,55-64,San Jose,CA,Referral,Active
4061,CUST-04061,14-06-2023,Female,55-64,San Diego,CA,Paid Search,Inactive
4062,CUST-04062,10-03-2024,Male,25-34,San Antonio,TX,Email,Active
4063,CUST-04063,10-02-2025,Prefer not to say,25-34,New York,NY,Email,Active
4064,CUST-04064,14-02-2025,Male,35-44,Miami,FL,Social Media,Active
4065,CUST-04065,19-02-2025,Female,25-34,Jacksonville,FL,Referral,Active
4066,CUST-04066,07-04-2025,Non-binary,35-44,San Diego,CA,Paid Search,Active
4067,CUST-04067,31-12-2023,Prefer not to say,25-34,San Diego,CA,Paid Search,Active
4068,CUST-04068,10-11-2024,Prefer not to say,25-34,San Antonio,TX,Paid Search,Active
4069,CUST-04069,11-04-2025,Non-binary,45-54,Atlanta,GA,Email,Active
4070,CUST-04070,05-02-2024,Male,35-44,Jacksonville,FL,Paid Search,Active
4071,CUST-04071,09-08-2023,Female,45-54,Seattle,WA,Referral,Active
4072,CUST-04072,15-08-2025,Male,25-34,New York,NY,Referral,Active
4073,CUST-04073,25-01-2024,Male,25-34,Houston,TX,Organic Search,Active
4074,CUST-04074,03-03-2024,Prefer not to say,55-64,Miami,FL,Email,Active
4075,CUST-04075,05-01-2025,Non-binary,35-44,Austin,TX,Social Media,Active
4076,CUST-04076,27-03-2025,Male,55-64,Charlotte,NC,Organic Search,Active
4077,CUST-04077,27-11-2024,Female,25-34,New York,NY,Organic Search,Active
4078,CUST-04078,09-10-2024,Female,18-24,Nashville,TN,Social Media,Active
4079,CUST-04079,29-05-2024,Male,65+,Miami,FL,Direct,Active
4080,CUST-04080,23-10-2023,Male,35-44,San Antonio,TX,Organic Search,Active
4081,CUST-04081,06-11-2025,Female,18-24,Chicago,IL,Organic Search,Active
4082,CUST-04082,01-08-2025,Female,55-64,Austin,TX,Direct,Inactive
4083,CUST-04083,08-07-2023,Male,65+,Denver,CO,Paid Search,Active
4084,CUST-04084,14-08-2025,Non-binary,35-44,Houston,TX,Organic Search,Active
4085,CUST-04085,13-09-2024,Female,35-44,Fort Worth,TX,Organic Search,Active
4086,CUST-04086,12-12-2024,Male,18-24,Philadelphia,PA,Organic Search,Active
4087,CUST-04087,14-11-2024,Female,65+,New York,NY,Email,Active
4088,CUST-04088,01-06-2024,Female,55-64,New York,NY,Social Media,Active
4089,CUST-04089,10-10-2025,Female,65+,Washington,DC,Email,Active
4090,CUST-04090,23-03-2025,Female,35-44,New York,NY,Referral,Active
4091,CUST-04091,03-05-2025,Female,25-34,Columbus,OH,Paid Search,Active
4092,CUST-04092,02-08-2025,Female,25-34,Houston,TX,Email,Active
4093,CUST-04093,22-09-2023,Female,25-34,Seattle,WA,Organic Search,Active
4094,CUST-04094,16-03-2025,Female,25-34,Fort Worth,TX,Social Media,Active
4095,CUST-04095,27-09-2024,Female,25-34,Seattle,WA,Organic Search,Active
4096,CUST-04096,06-10-2024,Male,55-64,San Antonio,TX,Social Media,Active
4097,CUST-04097,21-02-2025,Non-binary,45-54,Portland,OR,Email,Active
4098,CUST-04098,04-03-2024,Female,25-34,Philadelphia,PA,Direct,Active
4099,CUST-04099,11-06-2023,Female,45-54,Dallas,TX,Referral,Active
4100,CUST-04100,24-09-2023,Female,55-64,Boston,MA,Organic Search,Active
4101,CUST-04101,16-07-2024,Male,55-64,Los Angeles,CA,Organic Search,Active
4102,CUST-04102,20-03-2024,Male,45-54,Atlanta,GA,Social Media,Active
4103,CUST-04103,19-02-2024,Female,25-34,Dallas,TX,Organic Search,Active
4104,CUST-04104,26-11-2024,Female,55-64,New York,NY,Organic Search,Active
4105,CUST-04105,09-06-2024,Female,18-24,Fort Worth,TX,Paid Search,Active
4106,CUST-04106,19-12-2023,Male,55-64,Seattle,WA,Social Media,Active
4107,CUST-04107,19-11-2023,Male,55-64,Portland,OR,Social Media,Active
4108,CUST-04108,09-01-2025,Female,18-24,Austin,TX,Referral,Active
4109,CUST-04109,30-07-2023,Female,18-24,Denver,CO,Email,Active
4110,CUST-04110,29-07-2024,Female,45-54,Philadelphia,PA,Social Media,Active
4111,CUST-04111,26-11-2023,Male,45-54,Denver,CO,Referral,Active
4112,CUST-04112,30-07-2023,Male,65+,Los Angeles,CA,Organic Search,Active
4113,CUST-04113,05-07-2025,Female,45-54,Phoenix,AZ,Social Media,Active
4114,CUST-04114,19-06-2024,Female,45-54,Houston,TX,Direct,Active
4115,CUST-04115,26-05-2024,Non-binary,25-34,Denver,CO,Social Media,Active
4116,CUST-04116,27-12-2023,Female,25-34,Philadelphia,PA,Organic Search,Active
4117,CUST-04117,05-08-2023,Female,45-54,Dallas,TX,Organic Search,Active
4118,CUST-04118,31-10-2025,Male,45-54,Philadelphia,PA,Referral,Active
4119,CUST-04119,06-09-2024,Female,35-44,New York,NY,Email,Active
4120,CUST-04120,27-11-2024,Male,35-44,Las Vegas,NV,Paid Search,Active
4121,CUST-04121,20-08-2023,Female,35-44,Columbus,OH,Direct,Active
4122,CUST-04122,14-07-2023,Male,55-64,Fort Worth,TX,Paid Search,Active
4123,CUST-04123,26-06-2025,Prefer not to say,35-44,Chicago,IL,Referral,Active
4124,CUST-04124,29-07-2024,Male,35-44,San Diego,CA,Referral,Inactive
4125,CUST-04125,30-11-2025,Male,25-34,New York,NY,Social Media,Active
4126,CUST-04126,28-10-2025,Female,25-34,Chicago,IL,Email,Active
4127,CUST-04127,29-05-2025,Male,35-44,San Jose,CA,Organic Search,Active
4128,CUST-04128,05-02-2025,Female,25-34,Denver,CO,Paid Search,Active
4129,CUST-04129,29-04-2024,Female,25-34,Charlotte,NC,Organic Search,Active
4130,CUST-04130,18-04-2025,Male,35-44,Dallas,TX,Organic Search,Active
4131,CUST-04131,09-06-2023,Male,45-54,New York,NY,Email,Active
4132,CUST-04132,20-06-2023,Male,25-34,Portland,OR,Email,Active
4133,CUST-04133,11-09-2025,Female,45-54,Columbus,OH,Email,Active
4134,CUST-04134,11-01-2024,Female,35-44,New York,NY,Referral,Active
4135,CUST-04135,07-05-2025,Male,18-24,San Antonio,TX,Email,Active
4136,CUST-04136,03-07-2023,Male,25-34,Atlanta,GA,Paid Search,Inactive
4137,CUST-04137,24-12-2024,Male,25-34,Seattle,WA,Referral,Active
4138,CUST-04138,17-09-2025,Male,35-44,Dallas,TX,Organic Search,Active
4139,CUST-04139,13-09-2024,Male,25-34,Columbus,OH,Social Media,Active
4140,CUST-04140,08-01-2025,Male,18-24,New York,NY,Referral,Active
4141,CUST-04141,25-09-2024,Female,35-44,Philadelphia,PA,Organic Search,Active
4142,CUST-04142,08-08-2024,Male,55-64,San Diego,CA,Organic Search,Active
4143,CUST-04143,14-04-2024,Female,35-44,Las Vegas,NV,Direct,Active
4144,CUST-04144,01-07-2025,Female,25-34,Fort Worth,TX,Organic Search,Active
4145,CUST-04145,31-03-2024,Female,25-34,Dallas,TX,Organic Search,Active
4146,CUST-04146,22-10-2025,Female,18-24,Atlanta,GA,Email,Active
4147,CUST-04147,21-08-2023,Female,35-44,Chicago,IL,Organic Search,Active
4148,CUST-04148,23-08-2024,Female,35-44,Charlotte,NC,Paid Search,Active
4149,CUST-04149,04-10-2024,Male,18-24,Charlotte,NC,Email,Active
4150,CUST-04150,18-02-2025,Female,35-44,Phoenix,AZ,Referral,Active
4151,CUST-04151,03-12-2024,Male,35-44,Austin,TX,Direct,Active
4152,CUST-04152,18-05-2024,Male,35-44,New York,NY,Direct,Active
4153,CUST-04153,03-05-2024,Female,35-44,San Antonio,TX,Email,Active
4154,CUST-04154,15-09-2025,Female,55-64,Los Angeles,CA,Referral,Active
4155,CUST-04155,22-07-2023,Female,35-44,Phoenix,AZ,Organic Search,Active
4156,CUST-04156,30-11-2025,Male,45-54,Austin,TX,Social Media,Active
4157,CUST-04157,27-11-2023,Female,55-64,Los Angeles,CA,Social Media,Active
4158,CUST-04158,18-05-2024,Male,55-64,Denver,CO,Organic Search,Active
4159,CUST-04159,02-10-2023,Male,25-34,Chicago,IL,Organic Search,Active
4160,CUST-04160,04-05-2024,Male,25-34,Portland,OR,Paid Search,Active
4161,CUST-04161,05-12-2024,Female,35-44,Miami,FL,Email,Active
4162,CUST-04162,14-07-2023,Female,45-54,Nashville,TN,Organic Search,Active
4163,CUST-04163,02-01-2024,Female,35-44,Houston,TX,Paid Search,Active
4164,CUST-04164,16-05-2024,Male,35-44,Phoenix,AZ,Social Media,Active
4165,CUST-04165,18-05-2025,Male,25-34,Seattle,WA,Direct,Inactive
4166,CUST-04166,18-03-2024,Male,25-34,Austin,TX,Social Media,Active
4167,CUST-04167,20-06-2023,Female,45-54,Fort Worth,TX,Referral,Active
4168,CUST-04168,27-08-2025,Male,55-64,San Diego,CA,Social Media,Active
4169,CUST-04169,15-05-2024,Female,35-44,New York,NY,Direct,Active
4170,CUST-04170,14-07-2025,Female,25-34,Seattle,WA,Email,Active
4171,CUST-04171,05-03-2025,Female,45-54,Philadelphia,PA,Social Media,Active
4172,CUST-04172,21-04-2024,Prefer not to say,35-44,Houston,TX,Social Media,Active
4173,CUST-04173,02-02-2025,Male,65+,Atlanta,GA,Email,Active
4174,CUST-04174,14-01-2024,Non-binary,45-54,Columbus,OH,Paid Search,Active
4175,CUST-04175,25-09-2024,Male,35-44,Washington,DC,Direct,Active
4176,CUST-04176,29-11-2025,Male,45-54,Fort Worth,TX,Email,Active
4177,CUST-04177,30-12-2024,Male,55-64,Seattle,WA,Email,Active
4178,CUST-04178,18-11-2025,Male,55-64,Chicago,IL,Social Media,Active
4179,CUST-04179,07-10-2024,Male,55-64,Austin,TX,Direct,Active
4180,CUST-04180,24-10-2025,Male,55-64,Phoenix,AZ,Social Media,Active
4181,CUST-04181,11-04-2024,Female,55-64,Chicago,IL,Organic Search,Active
4182,CUST-04182,17-08-2023,Female,45-54,Jacksonville,FL,Organic Search,Active
4183,CUST-04183,07-12-2023,Female,25-34,San Jose,CA,Direct,Active
4184,CUST-04184,29-07-2023,Prefer not to say,25-34,Philadelphia,PA,Email,Active
4185,CUST-04185,27-04-2024,Female,35-44,Austin,TX,Email,Active
4186,CUST-04186,13-01-2025,Female,25-34,Jacksonville,FL,Social Media,Active
4187,CUST-04187,27-03-2024,Female,55-64,New York,NY,Direct,Active
4188,CUST-04188,17-06-2025,Female,25-34,Houston,TX,Direct,Active
4189,CUST-04189,13-07-2024,Male,25-34,Portland,OR,Social Media,Inactive
4190,CUST-04190,05-01-2025,Male,35-44,San Jose,CA,Paid Search,Active
4191,CUST-04191,04-01-2024,Female,25-34,Las Vegas,NV,Organic Search,Active
4192,CUST-04192,09-04-2025,Female,18-24,Los Angeles,CA,Referral,Active
4193,CUST-04193,02-06-2025,Female,25-34,New York,NY,Paid Search,Active
4194,CUST-04194,14-02-2025,Female,25-34,New York,NY,Organic Search,Active
4195,CUST-04195,10-10-2025,Female,55-64,Chicago,IL,Direct,Active
4196,CUST-04196,27-10-2024,Male,35-44,New York,NY,Referral,Active
4197,CUST-04197,06-05-2024,Female,25-34,Seattle,WA,Paid Search,Active
4198,CUST-04198,25-04-2024,Female,65+,Phoenix,AZ,Social Media,Inactive
4199,CUST-04199,21-05-2025,Male,18-24,Philadelphia,PA,Organic Search,Active
4200,CUST-04200,08-03-2025,Female,65+,Houston,TX,Social Media,Active
4201,CUST-04201,18-02-2024,Female,35-44,Washington,DC,Paid Search,Inactive
4202,CUST-04202,04-01-2024,Male,55-64,Los Angeles,CA,Organic Search,Active
4203,CUST-04203,21-05-2024,Female,45-54,Los Angeles,CA,Direct,Active
4204,CUST-04204,30-11-2025,Female,25-34,Los Angeles,CA,Paid Search,Active
4205,CUST-04205,26-02-2025,Female,35-44,San Diego,CA,Organic Search,Active
4206,CUST-04206,13-05-2024,Female,45-54,Jacksonville,FL,Email,Inactive
4207,CUST-04207,15-11-2024,Male,35-44,Dallas,TX,Referral,Active
4208,CUST-04208,02-12-2024,Male,35-44,San Diego,CA,Email,Active
4209,CUST-04209,14-08-2025,Non-binary,35-44,Portland,OR,Email,Active
4210,CUST-04210,08-04-2025,Male,18-24,Los Angeles,CA,Referral,Active
4211,CUST-04211,19-12-2024,Male,45-54,Austin,TX,Referral,Active
4212,CUST-04212,31-01-2024,Male,45-54,Chicago,IL,Social Media,Active
4213,CUST-04213,27-02-2024,Male,65+,Boston,MA,Paid Search,Active
4214,CUST-04214,31-12-2023,Male,25-34,Houston,TX,Email,Active
4215,CUST-04215,14-08-2025,Male,18-24,Columbus,OH,Referral,Active
4216,CUST-04216,22-09-2023,Male,35-44,New York,NY,Organic Search,Active
4217,CUST-04217,18-11-2024,Male,35-44,Phoenix,AZ,Paid Search,Active
4218,CUST-04218,11-07-2025,Female,45-54,Dallas,TX,Email,Active
4219,CUST-04219,05-06-2023,Male,45-54,Austin,TX,Direct,Active
4220,CUST-04220,20-02-2024,Male,45-54,Portland,OR,Email,Active
4221,CUST-04221,10-10-2024,Male,55-64,Columbus,OH,Organic Search,Active
4222,CUST-04222,22-10-2023,Female,35-44,Fort Worth,TX,Social Media,Active
4223,CUST-04223,19-04-2024,Male,35-44,Chicago,IL,Email,Active
4224,CUST-04224,11-09-2024,Female,18-24,San Jose,CA,Paid Search,Active
4225,CUST-04225,19-10-2023,Male,25-34,Las Vegas,NV,Organic Search,Active
4226,CUST-04226,14-09-2023,Female,65+,Charlotte,NC,Organic Search,Active
4227,CUST-04227,25-10-2024,Male,35-44,New York,NY,Direct,Active
4228,CUST-04228,22-09-2024,Female,45-54,Dallas,TX,Referral,Active
4229,CUST-04229,03-10-2024,Female,45-54,Denver,CO,Email,Active
4230,CUST-04230,28-12-2024,Female,45-54,Chicago,IL,Social Media,Active
4231,CUST-04231,30-01-2024,Female,35-44,Seattle,WA,Referral,Inactive
4232,CUST-04232,07-08-2023,Female,18-24,Philadelphia,PA,Organic Search,Active
4233,CUST-04233,19-08-2023,Female,35-44,Chicago,IL,Organic Search,Active
4234,CUST-04234,05-06-2024,Female,45-54,Denver,CO,Organic Search,Active
4235,CUST-04235,08-12-2023,Female,45-54,Portland,OR,Paid Search,Active
4236,CUST-04236,22-01-2025,Male,55-64,New York,NY,Paid Search,Active
4237,CUST-04237,12-09-2023,Male,25-34,Columbus,OH,Organic Search,Active
4238,CUST-04238,28-12-2023,Male,45-54,Dallas,TX,Paid Search,Active
4239,CUST-04239,14-04-2024,Female,35-44,New York,NY,Paid Search,Active
4240,CUST-04240,04-10-2025,Female,25-34,Los Angeles,CA,Paid Search,Active
4241,CUST-04241,18-07-2023,Male,45-54,Los Angeles,CA,Social Media,Active
4242,CUST-04242,06-10-2023,Non-binary,25-34,Jacksonville,FL,Paid Search,Active
4243,CUST-04243,09-11-2023,Female,55-64,Philadelphia,PA,Direct,Active
4244,CUST-04244,24-10-2023,Female,25-34,New York,NY,Referral,Active
4245,CUST-04245,29-09-2025,Male,65+,New York,NY,Paid Search,Active
4246,CUST-04246,05-08-2024,Prefer not to say,25-34,Washington,DC,Email,Active
4247,CUST-04247,06-01-2024,Female,55-64,Charlotte,NC,Organic Search,Active
4248,CUST-04248,28-02-2024,Male,65+,San Diego,CA,Organic Search,Active
4249,CUST-04249,29-09-2024,Male,25-34,Austin,TX,Paid Search,Active
4250,CUST-04250,13-09-2025,Female,55-64,Houston,TX,Referral,Active
4251,CUST-04251,29-02-2024,Female,18-24,San Jose,CA,Paid Search,Active
4252,CUST-04252,22-04-2025,Female,45-54,Chicago,IL,Email,Active
4253,CUST-04253,11-06-2023,Female,25-34,Philadelphia,PA,Organic Search,Inactive
4254,CUST-04254,13-03-2024,Female,25-34,Fort Worth,TX,Social Media,Active
4255,CUST-04255,11-11-2023,Male,25-34,New York,NY,Email,Inactive
4256,CUST-04256,25-08-2025,Male,45-54,Miami,FL,Paid Search,Active
4257,CUST-04257,24-11-2023,Male,45-54,Austin,TX,Direct,Active
4258,CUST-04258,21-10-2024,Female,18-24,Chicago,IL,Email,Active
4259,CUST-04259,28-11-2023,Female,35-44,Houston,TX,Organic Search,Active
4260,CUST-04260,20-01-2024,Female,45-54,Jacksonville,FL,Paid Search,Active
4261,CUST-04261,29-10-2025,Male,25-34,San Jose,CA,Social Media,Active
4262,CUST-04262,11-02-2024,Male,25-34,Jacksonville,FL,Social Media,Active
4263,CUST-04263,24-05-2025,Female,25-34,Austin,TX,Organic Search,Active
4264,CUST-04264,29-08-2023,Male,45-54,Washington,DC,Paid Search,Active
4265,CUST-04265,21-06-2023,Male,45-54,Philadelphia,PA,Social Media,Active
4266,CUST-04266,09-12-2023,Male,35-44,Fort Worth,TX,Email,Active
4267,CUST-04267,23-09-2024,Female,25-34,Houston,TX,Referral,Active
4268,CUST-04268,17-07-2024,Male,35-44,Austin,TX,Organic Search,Active
4269,CUST-04269,23-08-2023,Female,45-54,San Diego,CA,Paid Search,Active
4270,CUST-04270,11-09-2024,Female,25-34,Austin,TX,Paid Search,Active
4271,CUST-04271,07-08-2024,Female,25-34,San Antonio,TX,Email,Active
4272,CUST-04272,10-09-2023,Female,35-44,Jacksonville,FL,Paid Search,Active
4273,CUST-04273,04-09-2023,Non-binary,18-24,Columbus,OH,Paid Search,Active
4274,CUST-04274,31-03-2024,Male,45-54,Phoenix,AZ,Social Media,Active
4275,CUST-04275,13-09-2023,Male,35-44,New York,NY,Paid Search,Inactive
4276,CUST-04276,18-02-2024,Female,55-64,Fort Worth,TX,Organic Search,Inactive
4277,CUST-04277,18-05-2024,Female,35-44,Boston,MA,Paid Search,Active
4278,CUST-04278,09-01-2024,Female,55-64,Columbus,OH,Email,Active
4279,CUST-04279,13-07-2023,Female,65+,Las Vegas,NV,Paid Search,Active
4280,CUST-04280,05-12-2024,Female,35-44,Charlotte,NC,Organic Search,Active
4281,CUST-04281,28-11-2023,Male,25-34,Phoenix,AZ,Organic Search,Active
4282,CUST-04282,23-11-2023,Male,35-44,Los Angeles,CA,Email,Active
4283,CUST-04283,04-08-2023,Female,45-54,San Antonio,TX,Referral,Active
4284,CUST-04284,15-04-2025,Male,18-24,New York,NY,Paid Search,Active
4285,CUST-04285,22-08-2023,Female,25-34,New York,NY,Organic Search,Active
4286,CUST-04286,06-07-2024,Male,35-44,Fort Worth,TX,Email,Inactive
4287,CUST-04287,25-11-2023,Female,25-34,Las Vegas,NV,Organic Search,Active
4288,CUST-04288,21-03-2024,Male,18-24,Los Angeles,CA,Organic Search,Active
4289,CUST-04289,12-02-2024,Female,45-54,Los Angeles,CA,Social Media,Active
4290,CUST-04290,10-10-2024,Male,45-54,San Antonio,TX,Paid Search,Active
4291,CUST-04291,13-06-2024,Male,35-44,Houston,TX,Referral,Active
4292,CUST-04292,28-06-2025,Male,25-34,San Jose,CA,Referral,Active
4293,CUST-04293,09-07-2023,Male,25-34,Fort Worth,TX,Paid Search,Active
4294,CUST-04294,07-12-2023,Female,65+,Houston,TX,Organic Search,Active
4295,CUST-04295,02-11-2024,Male,55-64,Seattle,WA,Email,Active
4296,CUST-04296,13-06-2025,Male,55-64,Los Angeles,CA,Referral,Inactive
4297,CUST-04297,31-07-2023,Male,55-64,Austin,TX,Paid Search,Active
4298,CUST-04298,25-11-2024,Female,25-34,Las Vegas,NV,Direct,Active
4299,CUST-04299,04-11-2023,Male,25-34,Chicago,IL,Social Media,Active
4300,CUST-04300,08-11-2025,Male,35-44,Jacksonville,FL,Direct,Active
4301,CUST-04301,12-08-2023,Female,45-54,Portland,OR,Social Media,Active
4302,CUST-04302,20-03-2024,Male,45-54,Houston,TX,Email,Active
4303,CUST-04303,06-11-2023,Male,18-24,Chicago,IL,Organic Search,Active
4304,CUST-04304,15-11-2025,Male,35-44,Miami,FL,Social Media,Active
4305,CUST-04305,04-05-2025,Female,35-44,Los Angeles,CA,Email,Active
4306,CUST-04306,09-10-2025,Male,18-24,Atlanta,GA,Organic Search,Active
4307,CUST-04307,07-10-2023,Female,35-44,Los Angeles,CA,Direct,Active
4308,CUST-04308,15-05-2024,Female,35-44,Austin,TX,Organic Search,Active
4309,CUST-04309,14-08-2024,Male,45-54,Charlotte,NC,Organic Search,Active
4310,CUST-04310,11-06-2025,Male,25-34,Seattle,WA,Organic Search,Active
4311,CUST-04311,31-08-2025,Female,35-44,Jacksonville,FL,Organic Search,Active
4312,CUST-04312,10-06-2024,Male,25-34,Charlotte,NC,Email,Active
4313,CUST-04313,01-03-2025,Female,25-34,Dallas,TX,Social Media,Active
4314,CUST-04314,17-12-2024,Male,55-64,Charlotte,NC,Organic Search,Active
4315,CUST-04315,26-08-2023,Female,25-34,Los Angeles,CA,Social Media,Active
4316,CUST-04316,06-09-2023,Female,25-34,Houston,TX,Social Media,Active
4317,CUST-04317,09-08-2024,Female,25-34,Phoenix,AZ,Referral,Active
4318,CUST-04318,21-07-2025,Female,45-54,Los Angeles,CA,Referral,Active
4319,CUST-04319,02-11-2023,Female,25-34,Seattle,WA,Email,Active
4320,CUST-04320,05-10-2023,Male,55-64,Chicago,IL,Email,Active
4321,CUST-04321,06-04-2024,Male,35-44,New York,NY,Organic Search,Active
4322,CUST-04322,08-01-2024,Female,55-64,Boston,MA,Direct,Active
4323,CUST-04323,04-09-2023,Male,18-24,Jacksonville,FL,Organic Search,Active
4324,CUST-04324,30-01-2024,Female,18-24,Jacksonville,FL,Organic Search,Active
4325,CUST-04325,02-03-2024,Female,25-34,Nashville,TN,Email,Active
4326,CUST-04326,16-10-2023,Male,55-64,Charlotte,NC,Social Media,Active
4327,CUST-04327,07-10-2025,Male,45-54,Seattle,WA,Direct,Active
4328,CUST-04328,05-11-2023,Female,25-34,Washington,DC,Email,Active
4329,CUST-04329,19-08-2025,Female,35-44,Miami,FL,Organic Search,Inactive
4330,CUST-04330,15-06-2023,Male,55-64,Houston,TX,Organic Search,Active
4331,CUST-04331,06-05-2025,Male,45-54,New York,NY,Paid Search,Active
4332,CUST-04332,24-09-2025,Female,35-44,Charlotte,NC,Email,Active
4333,CUST-04333,04-09-2023,Male,25-34,San Antonio,TX,Direct,Active
4334,CUST-04334,25-05-2025,Male,45-54,New York,NY,Email,Active
4335,CUST-04335,13-08-2025,Non-binary,25-34,Miami,FL,Organic Search,Active
4336,CUST-04336,17-01-2025,Male,35-44,Dallas,TX,Referral,Active
4337,CUST-04337,25-07-2023,Male,35-44,Dallas,TX,Email,Active
4338,CUST-04338,11-10-2024,Male,55-64,Austin,TX,Referral,Active
4339,CUST-04339,10-04-2024,Male,25-34,Columbus,OH,Referral,Active
4340,CUST-04340,15-03-2024,Male,45-54,San Diego,CA,Direct,Active
4341,CUST-04341,05-05-2025,Female,25-34,Washington,DC,Paid Search,Active
4342,CUST-04342,18-05-2025,Non-binary,35-44,Charlotte,NC,Organic Search,Active
4343,CUST-04343,06-03-2025,Male,18-24,Austin,TX,Email,Active
4344,CUST-04344,21-04-2025,Female,25-34,Charlotte,NC,Organic Search,Active
4345,CUST-04345,26-10-2025,Male,35-44,Miami,FL,Referral,Active
4346,CUST-04346,29-03-2025,Female,45-54,Miami,FL,Paid Search,Active
4347,CUST-04347,25-09-2024,Male,55-64,San Diego,CA,Social Media,Active
4348,CUST-04348,25-02-2024,Male,35-44,Miami,FL,Email,Active
4349,CUST-04349,21-03-2025,Female,25-34,Seattle,WA,Social Media,Active
4350,CUST-04350,01-06-2023,Male,25-34,San Antonio,TX,Email,Active
4351,CUST-04351,25-01-2025,Male,35-44,Las Vegas,NV,Paid Search,Active
4352,CUST-04352,30-06-2025,Female,18-24,New York,NY,Social Media,Inactive
4353,CUST-04353,14-11-2024,Male,45-54,Chicago,IL,Referral,Active
4354,CUST-04354,13-02-2025,Female,18-24,Las Vegas,NV,Direct,Active
4355,CUST-04355,19-08-2025,Female,35-44,Philadelphia,PA,Organic Search,Active
4356,CUST-04356,18-03-2025,Male,55-64,Denver,CO,Paid Search,Active
4357,CUST-04357,13-12-2023,Male,18-24,Seattle,WA,Social Media,Active
4358,CUST-04358,23-01-2024,Female,35-44,Boston,MA,Direct,Active
4359,CUST-04359,24-10-2025,Male,55-64,San Diego,CA,Email,Active
4360,CUST-04360,25-01-2024,Male,25-34,San Antonio,TX,Paid Search,Active
4361,CUST-04361,26-09-2023,Non-binary,18-24,San Jose,CA,Direct,Active
4362,CUST-04362,10-12-2023,Male,35-44,Washington,DC,Organic Search,Active
4363,CUST-04363,17-10-2025,Female,45-54,Las Vegas,NV,Paid Search,Active
4364,CUST-04364,30-04-2024,Female,45-54,Houston,TX,Social Media,Active
4365,CUST-04365,07-08-2023,Female,25-34,Columbus,OH,Paid Search,Active
4366,CUST-04366,13-10-2023,Female,25-34,Phoenix,AZ,Referral,Active
4367,CUST-04367,04-08-2024,Male,35-44,Nashville,TN,Referral,Inactive
4368,CUST-04368,18-11-2024,Male,35-44,Fort Worth,TX,Email,Active
4369,CUST-04369,17-09-2023,Female,25-34,Philadelphia,PA,Organic Search,Active
4370,CUST-04370,28-08-2024,Male,18-24,San Diego,CA,Paid Search,Active
4371,CUST-04371,15-08-2023,Female,25-34,Phoenix,AZ,Email,Active
4372,CUST-04372,06-05-2024,Female,25-34,Fort Worth,TX,Organic Search,Active
4373,CUST-04373,01-05-2024,Male,55-64,Las Vegas,NV,Social Media,Active
4374,CUST-04374,05-07-2023,Male,35-44,New York,NY,Referral,Inactive
4375,CUST-04375,09-07-2024,Non-binary,18-24,Dallas,TX,Paid Search,Active
4376,CUST-04376,06-01-2025,Male,55-64,Portland,OR,Social Media,Active
4377,CUST-04377,16-01-2024,Female,25-34,New York,NY,Referral,Active
4378,CUST-04378,04-07-2023,Male,45-54,Chicago,IL,Direct,Active
4379,CUST-04379,29-09-2025,Male,45-54,Seattle,WA,Social Media,Active
4380,CUST-04380,24-05-2025,Male,18-24,Philadelphia,PA,Direct,Active
4381,CUST-04381,01-04-2024,Male,35-44,Los Angeles,CA,Paid Search,Active
4382,CUST-04382,05-01-2024,Male,45-54,Chicago,IL,Email,Active
4383,CUST-04383,04-08-2023,Female,55-64,Washington,DC,Social Media,Active
4384,CUST-04384,28-10-2023,Male,35-44,New York,NY,Organic Search,Active
4385,CUST-04385,09-02-2025,Prefer not to say,18-24,Las Vegas,NV,Social Media,Active
4386,CUST-04386,17-07-2023,Male,45-54,San Jose,CA,Email,Active
4387,CUST-04387,18-11-2024,Female,18-24,Jacksonville,FL,Direct,Active
4388,CUST-04388,11-06-2023,Male,35-44,Houston,TX,Email,Active
4389,CUST-04389,28-07-2023,Male,25-34,Dallas,TX,Social Media,Inactive
4390,CUST-04390,14-09-2023,Female,45-54,Boston,MA,Direct,Inactive
4391,CUST-04391,12-11-2024,Male,18-24,Portland,OR,Organic Search,Active
4392,CUST-04392,23-07-2023,Female,45-54,Jacksonville,FL,Direct,Active
4393,CUST-04393,10-11-2024,Female,35-44,Atlanta,GA,Organic Search,Active
4394,CUST-04394,10-10-2025,Female,25-34,Philadelphia,PA,Social Media,Active
4395,CUST-04395,03-01-2024,Male,18-24,Los Angeles,CA,Social Media,Inactive
4396,CUST-04396,19-09-2025,Female,35-44,Fort Worth,TX,Social Media,Active
4397,CUST-04397,28-12-2024,Female,25-34,Portland,OR,Email,Active
4398,CUST-04398,01-11-2023,Male,18-24,Philadelphia,PA,Social Media,Active
4399,CUST-04399,16-04-2025,Female,35-44,Jacksonville,FL,Email,Inactive
4400,CUST-04400,05-06-2024,Female,18-24,New York,NY,Organic Search,Active
4401,CUST-04401,29-10-2024,Male,65+,Los Angeles,CA,Social Media,Active
4402,CUST-04402,04-11-2023,Female,25-34,Seattle,WA,Paid Search,Active
4403,CUST-04403,30-09-2025,Male,25-34,Denver,CO,Direct,Active
4404,CUST-04404,26-06-2024,Female,45-54,Charlotte,NC,Social Media,Inactive
4405,CUST-04405,02-09-2023,Female,18-24,Dallas,TX,Paid Search,Active
4406,CUST-04406,23-08-2024,Female,35-44,Philadelphia,PA,Social Media,Active
4407,CUST-04407,26-02-2025,Female,45-54,Fort Worth,TX,Paid Search,Active
4408,CUST-04408,25-12-2024,Female,35-44,Jacksonville,FL,Social Media,Active
4409,CUST-04409,29-10-2023,Prefer not to say,35-44,Charlotte,NC,Organic Search,Active
4410,CUST-04410,18-12-2023,Male,35-44,Charlotte,NC,Organic Search,Active
4411,CUST-04411,29-08-2024,Female,35-44,Austin,TX,Referral,Active
4412,CUST-04412,25-05-2024,Male,35-44,Boston,MA,Direct,Active
4413,CUST-04413,28-03-2024,Female,45-54,Dallas,TX,Social Media,Active
4414,CUST-04414,22-03-2025,Male,35-44,San Diego,CA,Social Media,Active
4415,CUST-04415,15-06-2024,Male,25-34,Atlanta,GA,Paid Search,Active
4416,CUST-04416,05-03-2025,Female,35-44,Dallas,TX,Direct,Active
4417,CUST-04417,25-02-2025,Female,18-24,Nashville,TN,Direct,Active
4418,CUST-04418,28-08-2025,Male,25-34,Houston,TX,Direct,Active
4419,CUST-04419,12-07-2024,Prefer not to say,25-34,Dallas,TX,Organic Search,Active
4420,CUST-04420,04-02-2024,Female,55-64,Philadelphia,PA,Email,Active
4421,CUST-04421,02-04-2025,Female,35-44,Las Vegas,NV,Email,Active
4422,CUST-04422,02-06-2025,Female,18-24,Los Angeles,CA,Direct,Active
4423,CUST-04423,14-03-2024,Male,35-44,Fort Worth,TX,Referral,Active
4424,CUST-04424,28-04-2025,Male,45-54,Phoenix,AZ,Referral,Active
4425,CUST-04425,30-06-2025,Male,45-54,San Jose,CA,Paid Search,Active
4426,CUST-04426,08-10-2025,Non-binary,55-64,Las Vegas,NV,Email,Active
4427,CUST-04427,12-02-2025,Female,45-54,Chicago,IL,Organic Search,Active
4428,CUST-04428,17-02-2024,Male,55-64,Washington,DC,Organic Search,Inactive
4429,CUST-04429,07-11-2023,Male,25-34,Philadelphia,PA,Paid Search,Active
4430,CUST-04430,08-03-2024,Female,35-44,Houston,TX,Email,Active
4431,CUST-04431,02-09-2024,Female,18-24,Charlotte,NC,Direct,Active
4432,CUST-04432,04-06-2024,Male,35-44,San Diego,CA,Referral,Active
4433,CUST-04433,07-01-2024,Female,18-24,Seattle,WA,Paid Search,Active
4434,CUST-04434,06-10-2024,Female,45-54,Columbus,OH,Organic Search,Active
4435,CUST-04435,14-02-2025,Male,45-54,Houston,TX,Social Media,Active
4436,CUST-04436,12-03-2025,Male,65+,Miami,FL,Referral,Active
4437,CUST-04437,17-04-2024,Male,18-24,Phoenix,AZ,Referral,Inactive
4438,CUST-04438,22-06-2025,Female,45-54,Los Angeles,CA,Referral,Active
4439,CUST-04439,09-06-2025,Female,45-54,Charlotte,NC,Social Media,Active
4440,CUST-04440,26-02-2024,Female,18-24,Charlotte,NC,Referral,Active
4441,CUST-04441,15-03-2025,Female,35-44,Charlotte,NC,Email,Active
4442,CUST-04442,09-11-2023,Male,55-64,New York,NY,Social Media,Active
4443,CUST-04443,27-09-2025,Female,18-24,Columbus,OH,Organic Search,Active
4444,CUST-04444,14-09-2023,Female,45-54,Fort Worth,TX,Paid Search,Active
4445,CUST-04445,24-10-2024,Female,55-64,Miami,FL,Social Media,Active
4446,CUST-04446,24-06-2024,Male,25-34,Portland,OR,Direct,Active
4447,CUST-04447,13-03-2025,Male,25-34,Houston,TX,Paid Search,Active
4448,CUST-04448,13-04-2024,Female,25-34,Dallas,TX,Organic Search,Inactive
4449,CUST-04449,03-10-2023,Male,45-54,Jacksonville,FL,Social Media,Active
4450,CUST-04450,19-06-2023,Male,35-44,Jacksonville,FL,Paid Search,Active
4451,CUST-04451,12-06-2024,Male,18-24,Las Vegas,NV,Email,Active
4452,CUST-04452,28-09-2023,Female,45-54,Columbus,OH,Organic Search,Active
4453,CUST-04453,17-02-2025,Male,25-34,Columbus,OH,Organic Search,Active
4454,CUST-04454,24-08-2025,Female,25-34,Jacksonville,FL,Social Media,Active
4455,CUST-04455,29-01-2024,Male,45-54,Denver,CO,Social Media,Active
4456,CUST-04456,26-03-2024,Female,55-64,San Diego,CA,Organic Search,Active
4457,CUST-04457,27-12-2023,Male,35-44,Philadelphia,PA,Organic Search,Active
4458,CUST-04458,19-01-2024,Female,25-34,Denver,CO,Email,Active
4459,CUST-04459,28-11-2024,Prefer not to say,55-64,New York,NY,Social Media,Active
4460,CUST-04460,28-12-2023,Female,35-44,Phoenix,AZ,Email,Active
4461,CUST-04461,11-01-2024,Female,18-24,Phoenix,AZ,Social Media,Inactive
4462,CUST-04462,05-02-2024,Female,25-34,San Antonio,TX,Paid Search,Active
4463,CUST-04463,05-08-2023,Female,35-44,Boston,MA,Paid Search,Active
4464,CUST-04464,28-12-2024,Male,25-34,Phoenix,AZ,Referral,Inactive
4465,CUST-04465,22-02-2024,Male,55-64,Denver,CO,Email,Active
4466,CUST-04466,22-10-2025,Non-binary,55-64,Austin,TX,Social Media,Active
4467,CUST-04467,18-01-2024,Female,35-44,New York,NY,Social Media,Active
4468,CUST-04468,12-11-2023,Female,25-34,Seattle,WA,Email,Active
4469,CUST-04469,27-09-2025,Male,65+,Nashville,TN,Social Media,Active
4470,CUST-04470,12-06-2024,Male,55-64,Phoenix,AZ,Organic Search,Active
4471,CUST-04471,31-12-2024,Female,55-64,Philadelphia,PA,Paid Search,Active
4472,CUST-04472,03-06-2024,Female,55-64,New York,NY,Email,Active
4473,CUST-04473,16-09-2025,Male,35-44,San Antonio,TX,Direct,Active
4474,CUST-04474,27-02-2024,Male,35-44,Columbus,OH,Paid Search,Active
4475,CUST-04475,16-04-2025,Female,45-54,Columbus,OH,Referral,Active
4476,CUST-04476,12-12-2023,Female,45-54,Chicago,IL,Organic Search,Active
4477,CUST-04477,12-04-2024,Non-binary,25-34,Houston,TX,Organic Search,Active
4478,CUST-04478,17-04-2025,Male,35-44,Phoenix,AZ,Direct,Active
4479,CUST-04479,20-09-2023,Female,18-24,Houston,TX,Referral,Active
4480,CUST-04480,01-12-2024,Female,45-54,Columbus,OH,Social Media,Active
4481,CUST-04481,02-11-2023,Male,45-54,Portland,OR,Referral,Active
4482,CUST-04482,12-03-2024,Prefer not to say,25-34,Philadelphia,PA,Referral,Active
4483,CUST-04483,26-04-2025,Non-binary,65+,Columbus,OH,Organic Search,Inactive
4484,CUST-04484,27-08-2023,Female,25-34,Charlotte,NC,Organic Search,Active
4485,CUST-04485,24-08-2024,Male,25-34,Houston,TX,Social Media,Active
4486,CUST-04486,27-11-2024,Male,18-24,San Antonio,TX,Paid Search,Active
4487,CUST-04487,26-02-2025,Male,55-64,Boston,MA,Email,Active
4488,CUST-04488,19-07-2024,Female,25-34,Nashville,TN,Referral,Active
4489,CUST-04489,12-03-2025,Male,25-34,Denver,CO,Paid Search,Active
4490,CUST-04490,15-01-2024,Male,25-34,Washington,DC,Email,Active
4491,CUST-04491,29-10-2025,Male,55-64,Fort Worth,TX,Referral,Active
4492,CUST-04492,15-02-2025,Female,35-44,San Diego,CA,Social Media,Active
4493,CUST-04493,15-04-2025,Male,25-34,Houston,TX,Referral,Active
4494,CUST-04494,10-12-2023,Female,25-34,Jacksonville,FL,Referral,Active
4495,CUST-04495,30-05-2024,Female,25-34,Chicago,IL,Email,Inactive
4496,CUST-04496,02-09-2025,Male,25-34,Charlotte,NC,Organic Search,Active
4497,CUST-04497,08-08-2024,Male,25-34,Los Angeles,CA,Referral,Active
4498,CUST-04498,08-04-2024,Female,25-34,Jacksonville,FL,Paid Search,Active
4499,CUST-04499,06-10-2025,Female,25-34,Atlanta,GA,Referral,Active
4500,CUST-04500,16-04-2024,Male,35-44,Atlanta,GA,Email,Active
4501,CUST-04501,25-05-2025,Male,25-34,Phoenix,AZ,Referral,Active
4502,CUST-04502,25-08-2023,Female,45-54,Austin,TX,Social Media,Inactive
4503,CUST-04503,24-01-2025,Female,45-54,Phoenix,AZ,Paid Search,Active
4504,CUST-04504,15-10-2025,Male,45-54,Nashville,TN,Social Media,Active
4505,CUST-04505,29-12-2024,Female,35-44,Austin,TX,Referral,Active
4506,CUST-04506,16-07-2025,Male,45-54,Miami,FL,Paid Search,Active
4507,CUST-04507,18-01-2025,Female,35-44,Las Vegas,NV,Paid Search,Active
4508,CUST-04508,04-06-2023,Female,25-34,Chicago,IL,Organic Search,Active
4509,CUST-04509,19-09-2023,Female,65+,Denver,CO,Direct,Active
4510,CUST-04510,18-10-2023,Male,55-64,Houston,TX,Paid Search,Inactive
4511,CUST-04511,24-01-2024,Female,65+,Phoenix,AZ,Paid Search,Active
4512,CUST-04512,13-05-2025,Male,25-34,Washington,DC,Referral,Active
4513,CUST-04513,13-11-2023,Male,45-54,Los Angeles,CA,Direct,Active
4514,CUST-04514,11-02-2025,Prefer not to say,55-64,Los Angeles,CA,Direct,Inactive
4515,CUST-04515,08-09-2025,Male,65+,Seattle,WA,Organic Search,Active
4516,CUST-04516,02-03-2024,Male,45-54,Los Angeles,CA,Organic Search,Inactive
4517,CUST-04517,13-01-2024,Male,25-34,Dallas,TX,Paid Search,Active
4518,CUST-04518,01-06-2025,Female,25-34,Houston,TX,Direct,Active
4519,CUST-04519,23-02-2024,Male,35-44,Las Vegas,NV,Social Media,Active
4520,CUST-04520,01-09-2023,Female,25-34,New York,NY,Social Media,Active
4521,CUST-04521,21-01-2025,Female,18-24,Phoenix,AZ,Social Media,Active
4522,CUST-04522,11-11-2024,Male,25-34,Philadelphia,PA,Direct,Active
4523,CUST-04523,30-09-2024,Female,35-44,Portland,OR,Social Media,Active
4524,CUST-04524,02-11-2023,Prefer not to say,45-54,Los Angeles,CA,Paid Search,Active
4525,CUST-04525,01-12-2023,Male,18-24,Philadelphia,PA,Direct,Active
4526,CUST-04526,31-07-2023,Female,35-44,Fort Worth,TX,Direct,Active
4527,CUST-04527,23-03-2025,Male,35-44,Los Angeles,CA,Social Media,Active
4528,CUST-04528,20-03-2024,Female,25-34,Columbus,OH,Paid Search,Active
4529,CUST-04529,13-11-2023,Prefer not to say,25-34,Las Vegas,NV,Social Media,Active
4530,CUST-04530,20-03-2024,Prefer not to say,25-34,Dallas,TX,Paid Search,Active
4531,CUST-04531,28-05-2024,Male,25-34,Washington,DC,Organic Search,Active
4532,CUST-04532,11-12-2023,Male,65+,Nashville,TN,Paid Search,Active
4533,CUST-04533,08-11-2025,Male,55-64,Houston,TX,Paid Search,Active
4534,CUST-04534,01-09-2024,Male,25-34,Philadelphia,PA,Social Media,Active
4535,CUST-04535,09-11-2023,Prefer not to say,45-54,Chicago,IL,Organic Search,Inactive
4536,CUST-04536,09-06-2025,Female,25-34,Nashville,TN,Direct,Inactive
4537,CUST-04537,10-03-2024,Male,55-64,Boston,MA,Email,Active
4538,CUST-04538,03-06-2023,Male,45-54,Houston,TX,Email,Active
4539,CUST-04539,25-08-2025,Male,35-44,Denver,CO,Social Media,Active
4540,CUST-04540,03-11-2024,Non-binary,18-24,Seattle,WA,Referral,Active
4541,CUST-04541,09-11-2023,Male,25-34,Miami,FL,Direct,Active
4542,CUST-04542,17-01-2025,Female,35-44,Phoenix,AZ,Organic Search,Inactive
4543,CUST-04543,25-05-2024,Female,25-34,Miami,FL,Email,Active
4544,CUST-04544,29-06-2023,Female,45-54,Seattle,WA,Referral,Inactive
4545,CUST-04545,16-01-2024,Female,55-64,Boston,MA,Organic Search,Active
4546,CUST-04546,21-01-2024,Female,45-54,Phoenix,AZ,Paid Search,Inactive
4547,CUST-04547,02-08-2023,Male,35-44,Jacksonville,FL,Social Media,Active
4548,CUST-04548,15-01-2024,Male,25-34,Seattle,WA,Referral,Active
4549,CUST-04549,11-01-2025,Female,65+,Charlotte,NC,Email,Active
4550,CUST-04550,29-11-2025,Female,35-44,Phoenix,AZ,Social Media,Active
4551,CUST-04551,14-03-2024,Male,25-34,San Jose,CA,Direct,Active
4552,CUST-04552,14-07-2025,Male,65+,New York,NY,Organic Search,Active
4553,CUST-04553,09-10-2023,Male,18-24,Columbus,OH,Organic Search,Active
4554,CUST-04554,22-07-2023,Female,35-44,Portland,OR,Paid Search,Active
4555,CUST-04555,29-11-2024,Female,18-24,Washington,DC,Direct,Inactive
4556,CUST-04556,03-07-2023,Male,25-34,Dallas,TX,Organic Search,Active
4557,CUST-04557,30-07-2023,Male,45-54,Chicago,IL,Direct,Active
4558,CUST-04558,28-09-2023,Female,45-54,Dallas,TX,Organic Search,Inactive
4559,CUST-04559,20-07-2024,Female,18-24,Dallas,TX,Social Media,Active
4560,CUST-04560,08-12-2023,Male,65+,Austin,TX,Referral,Active
4561,CUST-04561,06-10-2023,Male,35-44,Atlanta,GA,Email,Active
4562,CUST-04562,09-11-2023,Female,25-34,Los Angeles,CA,Paid Search,Inactive
4563,CUST-04563,27-09-2023,Female,25-34,San Antonio,TX,Direct,Inactive
4564,CUST-04564,10-02-2024,Female,45-54,Houston,TX,Paid Search,Active
4565,CUST-04565,07-09-2024,Non-binary,45-54,Columbus,OH,Referral,Active
4566,CUST-04566,10-05-2024,Male,25-34,Philadelphia,PA,Paid Search,Active
4567,CUST-04567,14-11-2023,Non-binary,18-24,Las Vegas,NV,Paid Search,Active
4568,CUST-04568,20-04-2024,Non-binary,25-34,Charlotte,NC,Direct,Active
4569,CUST-04569,27-12-2024,Female,65+,Fort Worth,TX,Email,Active
4570,CUST-04570,06-11-2023,Female,25-34,Denver,CO,Social Media,Active
4571,CUST-04571,07-03-2024,Non-binary,18-24,Phoenix,AZ,Paid Search,Active
4572,CUST-04572,25-06-2023,Female,35-44,Los Angeles,CA,Paid Search,Active
4573,CUST-04573,28-01-2024,Male,18-24,Dallas,TX,Referral,Active
4574,CUST-04574,26-10-2023,Male,25-34,Charlotte,NC,Email,Active
4575,CUST-04575,06-02-2025,Male,55-64,Jacksonville,FL,Paid Search,Active
4576,CUST-04576,02-11-2024,Female,25-34,San Antonio,TX,Social Media,Active
4577,CUST-04577,08-05-2025,Female,35-44,Fort Worth,TX,Organic Search,Active
4578,CUST-04578,20-08-2023,Male,25-34,Phoenix,AZ,Organic Search,Active
4579,CUST-04579,07-08-2024,Female,25-34,Miami,FL,Direct,Active
4580,CUST-04580,21-11-2023,Female,45-54,Washington,DC,Social Media,Active
4581,CUST-04581,29-01-2024,Female,55-64,New York,NY,Organic Search,Active
4582,CUST-04582,06-06-2025,Female,45-54,Phoenix,AZ,Social Media,Active
4583,CUST-04583,24-05-2025,Male,35-44,Chicago,IL,Organic Search,Active
4584,CUST-04584,05-10-2023,Male,45-54,Atlanta,GA,Organic Search,Active
4585,CUST-04585,01-06-2023,Male,45-54,Portland,OR,Paid Search,Active
4586,CUST-04586,13-05-2024,Male,55-64,Fort Worth,TX,Direct,Active
4587,CUST-04587,06-01-2025,Male,25-34,Columbus,OH,Paid Search,Active
4588,CUST-04588,07-06-2024,Male,55-64,Philadelphia,PA,Organic Search,Active
4589,CUST-04589,09-08-2025,Male,25-34,Dallas,TX,Social Media,Active
4590,CUST-04590,20-09-2025,Male,65+,Houston,TX,Organic Search,Active
4591,CUST-04591,01-08-2025,Female,55-64,Philadelphia,PA,Direct,Active
4592,CUST-04592,02-10-2024,Female,25-34,New York,NY,Organic Search,Active
4593,CUST-04593,19-11-2025,Male,25-34,Las Vegas,NV,Social Media,Active
4594,CUST-04594,04-09-2023,Male,35-44,Phoenix,AZ,Email,Inactive
4595,CUST-04595,08-10-2024,Male,35-44,Houston,TX,Email,Active
4596,CUST-04596,12-07-2024,Female,18-24,Charlotte,NC,Organic Search,Active
4597,CUST-04597,21-09-2024,Female,18-24,Jacksonville,FL,Referral,Active
4598,CUST-04598,26-02-2025,Female,55-64,Houston,TX,Social Media,Active
4599,CUST-04599,08-06-2023,Male,18-24,Seattle,WA,Social Media,Inactive
4600,CUST-04600,12-10-2023,Male,25-34,Austin,TX,Organic Search,Active
4601,CUST-04601,06-06-2023,Female,25-34,Boston,MA,Paid Search,Active
4602,CUST-04602,29-01-2025,Female,55-64,Columbus,OH,Social Media,Active
4603,CUST-04603,10-05-2024,Female,35-44,Dallas,TX,Paid Search,Active
4604,CUST-04604,24-08-2024,Female,45-54,Phoenix,AZ,Referral,Active
4605,CUST-04605,23-08-2025,Female,25-34,New York,NY,Email,Active
4606,CUST-04606,08-06-2024,Male,55-64,Seattle,WA,Organic Search,Active
4607,CUST-04607,16-12-2023,Male,45-54,San Diego,CA,Organic Search,Active
4608,CUST-04608,18-02-2025,Female,25-34,Columbus,OH,Paid Search,Active
4609,CUST-04609,09-10-2025,Male,25-34,San Antonio,TX,Paid Search,Active
4610,CUST-04610,13-10-2023,Male,35-44,San Jose,CA,Paid Search,Active
4611,CUST-04611,19-07-2023,Male,35-44,Fort Worth,TX,Paid Search,Active
4612,CUST-04612,15-11-2024,Male,18-24,San Diego,CA,Paid Search,Active
4613,CUST-04613,29-01-2024,Female,25-34,Charlotte,NC,Referral,Active
4614,CUST-04614,02-09-2024,Male,35-44,Las Vegas,NV,Direct,Active
4615,CUST-04615,05-05-2025,Prefer not to say,35-44,Chicago,IL,Referral,Active
4616,CUST-04616,12-12-2023,Male,25-34,Seattle,WA,Email,Active
4617,CUST-04617,30-01-2025,Female,35-44,Atlanta,GA,Social Media,Active
4618,CUST-04618,21-04-2024,Female,18-24,Atlanta,GA,Paid Search,Active
4619,CUST-04619,14-02-2025,Male,35-44,Austin,TX,Organic Search,Active
4620,CUST-04620,10-12-2023,Male,35-44,New York,NY,Paid Search,Active
4621,CUST-04621,17-06-2025,Male,18-24,Fort Worth,TX,Direct,Active
4622,CUST-04622,03-02-2025,Male,25-34,Seattle,WA,Paid Search,Active
4623,CUST-04623,15-12-2023,Female,25-34,Charlotte,NC,Email,Active
4624,CUST-04624,24-05-2025,Male,18-24,Charlotte,NC,Referral,Active
4625,CUST-04625,05-10-2024,Male,45-54,Chicago,IL,Email,Active
4626,CUST-04626,30-09-2023,Non-binary,45-54,Nashville,TN,Direct,Active
4627,CUST-04627,15-11-2023,Male,45-54,Austin,TX,Referral,Active
4628,CUST-04628,02-11-2025,Female,18-24,Chicago,IL,Paid Search,Active
4629,CUST-04629,12-05-2025,Female,25-34,Dallas,TX,Referral,Active
4630,CUST-04630,18-08-2023,Female,45-54,Atlanta,GA,Organic Search,Active
4631,CUST-04631,07-09-2024,Female,35-44,Portland,OR,Email,Active
4632,CUST-04632,08-10-2025,Male,55-64,Boston,MA,Social Media,Active
4633,CUST-04633,14-01-2025,Male,25-34,Philadelphia,PA,Organic Search,Active
4634,CUST-04634,23-06-2024,Male,18-24,Los Angeles,CA,Referral,Active
4635,CUST-04635,13-10-2025,Non-binary,25-34,Houston,TX,Direct,Active
4636,CUST-04636,11-12-2023,Prefer not to say,25-34,Boston,MA,Paid Search,Inactive
4637,CUST-04637,20-06-2025,Male,45-54,San Diego,CA,Organic Search,Active
4638,CUST-04638,15-04-2025,Female,35-44,New York,NY,Paid Search,Active
4639,CUST-04639,03-06-2023,Non-binary,35-44,Fort Worth,TX,Social Media,Active
4640,CUST-04640,10-05-2024,Male,35-44,Chicago,IL,Organic Search,Active
4641,CUST-04641,30-11-2023,Male,25-34,New York,NY,Paid Search,Active
4642,CUST-04642,03-06-2025,Female,25-34,Jacksonville,FL,Social Media,Active
4643,CUST-04643,28-06-2024,Male,55-64,Chicago,IL,Organic Search,Active
4644,CUST-04644,19-04-2025,Male,55-64,Denver,CO,Paid Search,Active
4645,CUST-04645,13-01-2025,Non-binary,25-34,San Antonio,TX,Direct,Active
4646,CUST-04646,16-07-2024,Female,45-54,San Diego,CA,Organic Search,Inactive
4647,CUST-04647,02-10-2023,Male,45-54,Los Angeles,CA,Organic Search,Active
4648,CUST-04648,16-10-2025,Male,45-54,Boston,MA,Paid Search,Active
4649,CUST-04649,24-02-2024,Female,25-34,Jacksonville,FL,Email,Active
4650,CUST-04650,22-07-2025,Female,18-24,Chicago,IL,Organic Search,Active
4651,CUST-04651,02-07-2023,Non-binary,25-34,Philadelphia,PA,Direct,Active
4652,CUST-04652,17-08-2024,Male,55-64,Atlanta,GA,Direct,Inactive
4653,CUST-04653,15-06-2025,Non-binary,35-44,Phoenix,AZ,Referral,Active
4654,CUST-04654,06-09-2024,Male,35-44,Washington,DC,Organic Search,Active
4655,CUST-04655,17-02-2025,Male,35-44,San Diego,CA,Social Media,Active
4656,CUST-04656,25-06-2023,Male,55-64,Dallas,TX,Email,Active
4657,CUST-04657,28-07-2024,Male,45-54,Nashville,TN,Social Media,Active
4658,CUST-04658,02-06-2024,Male,45-54,Washington,DC,Email,Active
4659,CUST-04659,11-11-2025,Male,35-44,Chicago,IL,Paid Search,Active
4660,CUST-04660,15-02-2025,Female,25-34,Washington,DC,Organic Search,Active
4661,CUST-04661,23-08-2024,Male,35-44,Washington,DC,Email,Active
4662,CUST-04662,02-01-2024,Male,45-54,Phoenix,AZ,Direct,Inactive
4663,CUST-04663,05-08-2023,Male,35-44,Chicago,IL,Direct,Active
4664,CUST-04664,29-08-2023,Female,65+,Washington,DC,Organic Search,Active
4665,CUST-04665,06-07-2025,Prefer not to say,45-54,Charlotte,NC,Social Media,Active
4666,CUST-04666,04-08-2024,Female,35-44,Las Vegas,NV,Email,Active
4667,CUST-04667,04-11-2025,Male,45-54,Las Vegas,NV,Email,Inactive
4668,CUST-04668,30-07-2025,Female,35-44,New York,NY,Email,Active
4669,CUST-04669,25-11-2025,Female,55-64,Philadelphia,PA,Email,Active
4670,CUST-04670,12-01-2025,Female,18-24,Chicago,IL,Paid Search,Active
4671,CUST-04671,27-11-2025,Female,25-34,Philadelphia,PA,Organic Search,Active
4672,CUST-04672,31-01-2024,Male,45-54,Denver,CO,Social Media,Active
4673,CUST-04673,01-06-2023,Male,35-44,San Jose,CA,Referral,Active
4674,CUST-04674,24-09-2024,Male,35-44,Chicago,IL,Paid Search,Active
4675,CUST-04675,04-12-2023,Female,45-54,Philadelphia,PA,Paid Search,Active
4676,CUST-04676,21-07-2025,Male,35-44,Seattle,WA,Paid Search,Active
4677,CUST-04677,20-02-2024,Male,55-64,Chicago,IL,Email,Active
4678,CUST-04678,25-02-2025,Male,18-24,Philadelphia,PA,Organic Search,Active
4679,CUST-04679,05-08-2023,Male,25-34,Chicago,IL,Paid Search,Active
4680,CUST-04680,16-01-2025,Male,55-64,Philadelphia,PA,Social Media,Active
4681,CUST-04681,19-06-2023,Female,25-34,San Diego,CA,Social Media,Active
4682,CUST-04682,18-01-2024,Female,45-54,Phoenix,AZ,Organic Search,Active
4683,CUST-04683,28-02-2024,Female,25-34,Las Vegas,NV,Organic Search,Active
4684,CUST-04684,05-08-2025,Female,25-34,Boston,MA,Referral,Active
4685,CUST-04685,29-03-2024,Male,25-34,Nashville,TN,Email,Active
4686,CUST-04686,21-08-2023,Male,35-44,Nashville,TN,Organic Search,Inactive
4687,CUST-04687,30-06-2025,Male,45-54,Fort Worth,TX,Social Media,Active
4688,CUST-04688,11-12-2023,Male,35-44,Houston,TX,Social Media,Inactive
4689,CUST-04689,24-02-2024,Male,25-34,New York,NY,Referral,Active
4690,CUST-04690,18-04-2025,Male,35-44,Chicago,IL,Paid Search,Active
4691,CUST-04691,12-07-2025,Male,55-64,Las Vegas,NV,Organic Search,Active
4692,CUST-04692,22-02-2025,Female,35-44,New York,NY,Direct,Active
4693,CUST-04693,16-08-2024,Female,18-24,Fort Worth,TX,Referral,Inactive
4694,CUST-04694,11-02-2025,Female,25-34,Portland,OR,Paid Search,Active
4695,CUST-04695,18-01-2025,Female,35-44,New York,NY,Paid Search,Active
4696,CUST-04696,27-12-2023,Male,18-24,Austin,TX,Organic Search,Active
4697,CUST-04697,10-07-2023,Male,35-44,Portland,OR,Social Media,Active
4698,CUST-04698,17-03-2024,Male,45-54,Austin,TX,Referral,Active
4699,CUST-04699,02-03-2024,Male,45-54,Houston,TX,Referral,Active
4700,CUST-04700,22-02-2025,Female,25-34,Seattle,WA,Direct,Active
4701,CUST-04701,21-01-2024,Female,18-24,Dallas,TX,Email,Active
4702,CUST-04702,04-01-2024,Female,35-44,Washington,DC,Email,Active
4703,CUST-04703,28-07-2025,Prefer not to say,25-34,Atlanta,GA,Social Media,Active
4704,CUST-04704,18-06-2025,Male,35-44,Washington,DC,Email,Active
4705,CUST-04705,29-09-2024,Male,25-34,Fort Worth,TX,Email,Active
4706,CUST-04706,25-12-2023,Male,35-44,Los Angeles,CA,Social Media,Active
4707,CUST-04707,31-12-2023,Female,25-34,New York,NY,Paid Search,Active
4708,CUST-04708,16-05-2025,Female,25-34,Chicago,IL,Social Media,Inactive
4709,CUST-04709,01-01-2025,Female,55-64,San Antonio,TX,Organic Search,Active
4710,CUST-04710,28-10-2025,Female,45-54,Dallas,TX,Referral,Active
4711,CUST-04711,26-06-2023,Female,25-34,Fort Worth,TX,Paid Search,Active
4712,CUST-04712,08-02-2024,Male,55-64,Los Angeles,CA,Direct,Active
4713,CUST-04713,25-10-2023,Female,45-54,Phoenix,AZ,Social Media,Active
4714,CUST-04714,19-02-2025,Male,45-54,San Antonio,TX,Social Media,Inactive
4715,CUST-04715,14-02-2024,Female,35-44,Dallas,TX,Organic Search,Active
4716,CUST-04716,20-05-2025,Female,65+,Denver,CO,Social Media,Inactive
4717,CUST-04717,23-05-2024,Female,45-54,Miami,FL,Email,Active
4718,CUST-04718,18-02-2024,Male,45-54,Chicago,IL,Organic Search,Inactive
4719,CUST-04719,02-08-2025,Male,18-24,Fort Worth,TX,Organic Search,Active
4720,CUST-04720,05-10-2023,Female,45-54,Los Angeles,CA,Email,Active
4721,CUST-04721,05-08-2024,Female,45-54,Nashville,TN,Organic Search,Active
4722,CUST-04722,25-09-2023,Male,25-34,Miami,FL,Organic Search,Active
4723,CUST-04723,20-11-2024,Male,18-24,Houston,TX,Social Media,Active
4724,CUST-04724,30-01-2024,Male,25-34,Portland,OR,Direct,Active
4725,CUST-04725,27-11-2025,Male,25-34,Los Angeles,CA,Organic Search,Active
4726,CUST-04726,20-03-2025,Female,35-44,Philadelphia,PA,Organic Search,Active
4727,CUST-04727,14-09-2024,Male,65+,Las Vegas,NV,Referral,Inactive
4728,CUST-04728,10-06-2024,Male,35-44,Washington,DC,Organic Search,Active
4729,CUST-04729,26-08-2025,Male,65+,New York,NY,Organic Search,Active
4730,CUST-04730,28-08-2023,Prefer not to say,65+,Philadelphia,PA,Direct,Active
4731,CUST-04731,16-01-2024,Female,35-44,Fort Worth,TX,Organic Search,Active
4732,CUST-04732,11-04-2025,Male,65+,Chicago,IL,Organic Search,Active
4733,CUST-04733,18-06-2023,Female,25-34,Jacksonville,FL,Organic Search,Active
4734,CUST-04734,28-11-2023,Male,35-44,Dallas,TX,Organic Search,Active
4735,CUST-04735,02-10-2023,Female,35-44,Chicago,IL,Direct,Active
4736,CUST-04736,19-07-2023,Male,45-54,New York,NY,Organic Search,Active
4737,CUST-04737,04-03-2025,Male,45-54,Fort Worth,TX,Organic Search,Active
4738,CUST-04738,28-06-2023,Prefer not to say,35-44,Philadelphia,PA,Social Media,Active
4739,CUST-04739,17-04-2024,Female,55-64,Portland,OR,Social Media,Active
4740,CUST-04740,01-02-2024,Male,25-34,Washington,DC,Email,Active
4741,CUST-04741,06-10-2023,Non-binary,55-64,Nashville,TN,Organic Search,Active
4742,CUST-04742,08-12-2023,Male,45-54,Charlotte,NC,Email,Active
4743,CUST-04743,15-01-2024,Male,65+,Denver,CO,Organic Search,Inactive
4744,CUST-04744,03-01-2025,Female,45-54,New York,NY,Paid Search,Active
4745,CUST-04745,17-11-2023,Male,35-44,Phoenix,AZ,Referral,Active
4746,CUST-04746,18-08-2025,Female,25-34,Houston,TX,Organic Search,Active
4747,CUST-04747,01-11-2023,Female,25-34,Phoenix,AZ,Organic Search,Active
4748,CUST-04748,01-12-2023,Male,25-34,Denver,CO,Email,Active
4749,CUST-04749,23-06-2025,Male,65+,Los Angeles,CA,Social Media,Active
4750,CUST-04750,28-08-2025,Male,18-24,Denver,CO,Social Media,Active
4751,CUST-04751,03-07-2023,Male,45-54,Houston,TX,Paid Search,Inactive
4752,CUST-04752,15-03-2025,Male,18-24,New York,NY,Direct,Active
4753,CUST-04753,01-08-2023,Female,45-54,New York,NY,Social Media,Active
4754,CUST-04754,14-08-2023,Male,18-24,New York,NY,Referral,Active
4755,CUST-04755,06-08-2023,Male,35-44,Denver,CO,Paid Search,Active
4756,CUST-04756,16-04-2025,Female,45-54,New York,NY,Email,Active
4757,CUST-04757,19-07-2025,Male,45-54,Houston,TX,Direct,Active
4758,CUST-04758,27-08-2025,Female,35-44,San Jose,CA,Email,Active
4759,CUST-04759,28-02-2024,Female,45-54,Houston,TX,Social Media,Active
4760,CUST-04760,13-09-2025,Male,25-34,Portland,OR,Paid Search,Active
4761,CUST-04761,10-04-2024,Male,18-24,Miami,FL,Organic Search,Active
4762,CUST-04762,24-07-2023,Non-binary,25-34,Washington,DC,Referral,Active
4763,CUST-04763,15-06-2023,Male,18-24,Washington,DC,Organic Search,Active
4764,CUST-04764,18-11-2025,Female,65+,Houston,TX,Referral,Active
4765,CUST-04765,14-10-2023,Female,45-54,Chicago,IL,Paid Search,Active
4766,CUST-04766,04-05-2025,Male,35-44,Houston,TX,Direct,Inactive
4767,CUST-04767,28-04-2024,Male,35-44,New York,NY,Organic Search,Active
4768,CUST-04768,16-08-2024,Male,35-44,Denver,CO,Referral,Active
4769,CUST-04769,17-05-2025,Female,25-34,Charlotte,NC,Referral,Active
4770,CUST-04770,21-10-2023,Female,45-54,Fort Worth,TX,Paid Search,Active
4771,CUST-04771,15-01-2025,Female,55-64,Philadelphia,PA,Organic Search,Active
4772,CUST-04772,28-10-2023,Male,25-34,Charlotte,NC,Paid Search,Active
4773,CUST-04773,17-08-2023,Female,35-44,Fort Worth,TX,Organic Search,Active
4774,CUST-04774,20-09-2023,Female,18-24,Denver,CO,Paid Search,Active
4775,CUST-04775,12-11-2025,Female,65+,New York,NY,Email,Active
4776,CUST-04776,17-04-2025,Male,45-54,Los Angeles,CA,Email,Active
4777,CUST-04777,26-07-2023,Female,25-34,Nashville,TN,Direct,Active
4778,CUST-04778,28-12-2024,Female,35-44,San Antonio,TX,Direct,Inactive
4779,CUST-04779,13-12-2023,Female,25-34,New York,NY,Referral,Active
4780,CUST-04780,02-02-2024,Male,55-64,San Antonio,TX,Social Media,Active
4781,CUST-04781,19-10-2023,Female,35-44,Dallas,TX,Referral,Active
4782,CUST-04782,16-06-2025,Female,35-44,Austin,TX,Organic Search,Active
4783,CUST-04783,09-11-2024,Female,55-64,Washington,DC,Organic Search,Active
4784,CUST-04784,04-12-2024,Male,65+,Houston,TX,Email,Active
4785,CUST-04785,16-08-2023,Male,25-34,Houston,TX,Social Media,Active
4786,CUST-04786,09-04-2025,Male,45-54,Denver,CO,Social Media,Active
4787,CUST-04787,09-11-2023,Female,25-34,New York,NY,Organic Search,Active
4788,CUST-04788,19-06-2025,Female,45-54,Dallas,TX,Organic Search,Inactive
4789,CUST-04789,19-08-2023,Male,45-54,Charlotte,NC,Social Media,Active
4790,CUST-04790,03-02-2025,Male,25-34,Jacksonville,FL,Email,Active
4791,CUST-04791,24-08-2023,Female,35-44,Miami,FL,Organic Search,Active
4792,CUST-04792,25-05-2024,Male,45-54,San Antonio,TX,Organic Search,Active
4793,CUST-04793,09-08-2024,Female,25-34,Boston,MA,Direct,Active
4794,CUST-04794,07-12-2023,Prefer not to say,45-54,Portland,OR,Social Media,Active
4795,CUST-04795,23-09-2023,Male,25-34,New York,NY,Referral,Inactive
4796,CUST-04796,23-05-2024,Male,35-44,Los Angeles,CA,Email,Active
4797,CUST-04797,06-01-2024,Female,35-44,Houston,TX,Referral,Active
4798,CUST-04798,10-08-2023,Male,55-64,Atlanta,GA,Paid Search,Active
4799,CUST-04799,12-06-2023,Male,25-34,San Diego,CA,Direct,Active
4800,CUST-04800,12-07-2023,Male,65+,Chicago,IL,Referral,Active
4801,CUST-04801,23-07-2025,Female,25-34,San Antonio,TX,Organic Search,Active
4802,CUST-04802,30-05-2025,Female,65+,Austin,TX,Referral,Active
4803,CUST-04803,15-08-2023,Female,25-34,Phoenix,AZ,Direct,Active
4804,CUST-04804,13-08-2024,Female,25-34,Austin,TX,Social Media,Active
4805,CUST-04805,29-01-2024,Female,55-64,Atlanta,GA,Social Media,Active
4806,CUST-04806,02-08-2023,Non-binary,25-34,Atlanta,GA,Referral,Inactive
4807,CUST-04807,01-10-2024,Female,25-34,Fort Worth,TX,Email,Active
4808,CUST-04808,30-04-2025,Male,65+,Houston,TX,Organic Search,Active
4809,CUST-04809,21-01-2025,Female,35-44,Chicago,IL,Social Media,Active
4810,CUST-04810,01-04-2024,Female,45-54,Jacksonville,FL,Referral,Inactive
4811,CUST-04811,24-03-2024,Male,45-54,Washington,DC,Social Media,Active
4812,CUST-04812,05-09-2024,Male,35-44,Phoenix,AZ,Paid Search,Active
4813,CUST-04813,09-09-2025,Prefer not to say,35-44,Los Angeles,CA,Email,Active
4814,CUST-04814,20-06-2023,Female,45-54,San Jose,CA,Referral,Active
4815,CUST-04815,16-10-2025,Male,25-34,Chicago,IL,Email,Inactive
4816,CUST-04816,26-05-2024,Female,25-34,Las Vegas,NV,Referral,Active
4817,CUST-04817,02-11-2025,Female,25-34,Dallas,TX,Organic Search,Active
4818,CUST-04818,12-08-2023,Male,25-34,Charlotte,NC,Paid Search,Active
4819,CUST-04819,27-11-2023,Female,45-54,Los Angeles,CA,Organic Search,Active
4820,CUST-04820,18-09-2025,Male,25-34,Los Angeles,CA,Direct,Active
4821,CUST-04821,18-11-2023,Male,55-64,Philadelphia,PA,Direct,Inactive
4822,CUST-04822,13-07-2025,Non-binary,25-34,Chicago,IL,Paid Search,Active
4823,CUST-04823,26-05-2024,Male,25-34,Seattle,WA,Paid Search,Active
4824,CUST-04824,01-09-2023,Male,25-34,Boston,MA,Organic Search,Active
4825,CUST-04825,02-10-2023,Non-binary,45-54,Fort Worth,TX,Paid Search,Active
4826,CUST-04826,20-07-2025,Male,25-34,Washington,DC,Paid Search,Active
4827,CUST-04827,26-02-2025,Female,35-44,Seattle,WA,Organic Search,Active
4828,CUST-04828,17-05-2024,Female,35-44,Atlanta,GA,Direct,Inactive
4829,CUST-04829,07-03-2025,Male,35-44,Chicago,IL,Direct,Active
4830,CUST-04830,25-11-2024,Female,35-44,Columbus,OH,Social Media,Active
4831,CUST-04831,01-06-2023,Male,25-34,Seattle,WA,Organic Search,Active
4832,CUST-04832,23-04-2024,Female,25-34,Nashville,TN,Email,Active
4833,CUST-04833,18-10-2024,Male,18-24,San Jose,CA,Social Media,Active
4834,CUST-04834,05-10-2025,Male,45-54,Philadelphia,PA,Referral,Active
4835,CUST-04835,07-07-2024,Female,45-54,Atlanta,GA,Paid Search,Active
4836,CUST-04836,16-12-2023,Female,35-44,New York,NY,Organic Search,Inactive
4837,CUST-04837,28-01-2024,Female,45-54,Columbus,OH,Referral,Active
4838,CUST-04838,21-05-2025,Female,18-24,Washington,DC,Email,Active
4839,CUST-04839,06-02-2024,Male,45-54,San Diego,CA,Social Media,Active
4840,CUST-04840,14-11-2025,Female,55-64,Jacksonville,FL,Direct,Active
4841,CUST-04841,04-05-2024,Male,55-64,Houston,TX,Paid Search,Active
4842,CUST-04842,14-08-2024,Male,25-34,Atlanta,GA,Social Media,Active
4843,CUST-04843,05-05-2024,Female,35-44,Portland,OR,Referral,Active
4844,CUST-04844,01-06-2024,Male,25-34,Columbus,OH,Organic Search,Active
4845,CUST-04845,29-08-2023,Male,55-64,Chicago,IL,Paid Search,Active
4846,CUST-04846,29-10-2023,Male,25-34,Atlanta,GA,Direct,Active
4847,CUST-04847,28-07-2023,Female,25-34,San Diego,CA,Direct,Active
4848,CUST-04848,01-02-2024,Male,65+,Houston,TX,Paid Search,Active
4849,CUST-04849,16-10-2024,Female,35-44,Portland,OR,Organic Search,Inactive
4850,CUST-04850,01-08-2023,Male,18-24,Los Angeles,CA,Social Media,Active
4851,CUST-04851,13-04-2024,Prefer not to say,35-44,Seattle,WA,Social Media,Inactive
4852,CUST-04852,11-12-2024,Female,45-54,New York,NY,Social Media,Active
4853,CUST-04853,26-06-2023,Female,45-54,Chicago,IL,Social Media,Active
4854,CUST-04854,25-03-2025,Female,45-54,New York,NY,Referral,Active
4855,CUST-04855,08-10-2023,Male,25-34,Chicago,IL,Organic Search,Active
4856,CUST-04856,27-07-2023,Female,55-64,New York,NY,Organic Search,Active
4857,CUST-04857,13-04-2024,Male,35-44,Fort Worth,TX,Social Media,Active
4858,CUST-04858,28-07-2023,Female,25-34,Nashville,TN,Email,Active
4859,CUST-04859,30-11-2023,Male,18-24,Miami,FL,Direct,Active
4860,CUST-04860,24-03-2025,Male,45-54,Houston,TX,Direct,Active
4861,CUST-04861,15-04-2025,Female,35-44,Charlotte,NC,Paid Search,Active
4862,CUST-04862,27-04-2024,Male,45-54,Charlotte,NC,Email,Active
4863,CUST-04863,20-11-2023,Female,25-34,San Antonio,TX,Organic Search,Active
4864,CUST-04864,11-03-2024,Female,45-54,San Antonio,TX,Organic Search,Active
4865,CUST-04865,16-06-2023,Male,35-44,Charlotte,NC,Direct,Active
4866,CUST-04866,25-11-2023,Female,45-54,Philadelphia,PA,Direct,Active
4867,CUST-04867,23-06-2023,Female,18-24,Phoenix,AZ,Paid Search,Active
4868,CUST-04868,07-11-2023,Female,35-44,Columbus,OH,Organic Search,Active
4869,CUST-04869,13-12-2023,Female,25-34,Phoenix,AZ,Referral,Active
4870,CUST-04870,07-06-2025,Male,65+,Jacksonville,FL,Social Media,Active
4871,CUST-04871,13-06-2025,Male,45-54,Seattle,WA,Social Media,Active
4872,CUST-04872,17-09-2025,Male,35-44,Phoenix,AZ,Organic Search,Active
4873,CUST-04873,28-11-2023,Female,25-34,Fort Worth,TX,Social Media,Active
4874,CUST-04874,23-09-2023,Female,18-24,Columbus,OH,Organic Search,Active
4875,CUST-04875,26-09-2023,Female,25-34,Phoenix,AZ,Organic Search,Active
4876,CUST-04876,14-01-2024,Female,55-64,New York,NY,Social Media,Active
4877,CUST-04877,20-11-2025,Male,25-34,San Diego,CA,Paid Search,Active
4878,CUST-04878,07-11-2023,Female,35-44,New York,NY,Email,Active
4879,CUST-04879,29-01-2024,Male,25-34,Houston,TX,Email,Active
4880,CUST-04880,26-08-2024,Male,25-34,Atlanta,GA,Social Media,Active
4881,CUST-04881,03-06-2023,Male,65+,Boston,MA,Email,Active
4882,CUST-04882,17-01-2024,Male,35-44,Nashville,TN,Organic Search,Active
4883,CUST-04883,21-05-2024,Male,25-34,Chicago,IL,Email,Active
4884,CUST-04884,22-01-2024,Female,25-34,Houston,TX,Email,Active
4885,CUST-04885,01-11-2025,Female,45-54,Houston,TX,Email,Active
4886,CUST-04886,01-09-2023,Female,45-54,Nashville,TN,Organic Search,Active
4887,CUST-04887,31-08-2023,Male,45-54,San Jose,CA,Social Media,Active
4888,CUST-04888,10-03-2025,Prefer not to say,35-44,Miami,FL,Social Media,Active
4889,CUST-04889,12-07-2025,Male,65+,New York,NY,Email,Active
4890,CUST-04890,23-09-2025,Male,25-34,Dallas,TX,Referral,Active
4891,CUST-04891,09-10-2023,Female,45-54,San Jose,CA,Email,Active
4892,CUST-04892,06-11-2023,Female,18-24,New York,NY,Email,Active
4893,CUST-04893,06-09-2025,Female,25-34,Seattle,WA,Social Media,Active
4894,CUST-04894,26-10-2023,Female,18-24,Houston,TX,Paid Search,Active
4895,CUST-04895,23-08-2024,Male,35-44,Austin,TX,Social Media,Active
4896,CUST-04896,23-11-2025,Female,55-64,San Diego,CA,Direct,Active
4897,CUST-04897,05-08-2023,Male,45-54,Miami,FL,Paid Search,Active
4898,CUST-04898,11-08-2025,Male,25-34,Chicago,IL,Organic Search,Active
4899,CUST-04899,04-06-2023,Male,35-44,Dallas,TX,Social Media,Active
4900,CUST-04900,19-09-2025,Female,45-54,Los Angeles,CA,Referral,Active
4901,CUST-04901,11-02-2024,Male,35-44,Los Angeles,CA,Social Media,Active
4902,CUST-04902,17-05-2024,Female,25-34,San Jose,CA,Email,Active
4903,CUST-04903,17-06-2023,Male,35-44,Las Vegas,NV,Social Media,Active
4904,CUST-04904,09-01-2024,Female,35-44,Nashville,TN,Organic Search,Active
4905,CUST-04905,14-02-2025,Female,45-54,Los Angeles,CA,Organic Search,Active
4906,CUST-04906,10-06-2025,Male,35-44,Charlotte,NC,Organic Search,Active
4907,CUST-04907,03-05-2024,Male,18-24,Boston,MA,Paid Search,Active
4908,CUST-04908,12-09-2023,Male,25-34,Houston,TX,Direct,Active
4909,CUST-04909,03-12-2023,Female,25-34,Denver,CO,Social Media,Active
4910,CUST-04910,29-12-2024,Female,25-34,Seattle,WA,Organic Search,Active
4911,CUST-04911,23-01-2024,Female,55-64,Los Angeles,CA,Organic Search,Active
4912,CUST-04912,24-05-2025,Female,35-44,Charlotte,NC,Paid Search,Active
4913,CUST-04913,09-02-2024,Female,45-54,Fort Worth,TX,Referral,Active
4914,CUST-04914,23-10-2024,Female,45-54,Phoenix,AZ,Email,Active
4915,CUST-04915,08-08-2024,Female,45-54,San Diego,CA,Direct,Active
4916,CUST-04916,02-10-2023,Female,25-34,San Diego,CA,Paid Search,Inactive
4917,CUST-04917,12-10-2024,Male,25-34,Washington,DC,Organic Search,Active
4918,CUST-04918,08-01-2025,Female,35-44,Houston,TX,Paid Search,Active
4919,CUST-04919,06-12-2023,Male,65+,Los Angeles,CA,Paid Search,Active
4920,CUST-04920,22-03-2024,Male,45-54,New York,NY,Social Media,Active
4921,CUST-04921,09-12-2024,Female,45-54,Denver,CO,Referral,Active
4922,CUST-04922,13-03-2025,Male,35-44,Austin,TX,Organic Search,Active
4923,CUST-04923,16-12-2023,Male,35-44,San Jose,CA,Referral,Active
4924,CUST-04924,31-03-2025,Male,55-64,Los Angeles,CA,Referral,Active
4925,CUST-04925,14-04-2024,Male,35-44,Chicago,IL,Organic Search,Active
4926,CUST-04926,08-11-2025,Female,45-54,Jacksonville,FL,Paid Search,Active
4927,CUST-04927,16-08-2025,Male,45-54,Los Angeles,CA,Paid Search,Active
4928,CUST-04928,23-12-2023,Male,35-44,Los Angeles,CA,Organic Search,Active
4929,CUST-04929,18-08-2025,Male,45-54,New York,NY,Direct,Active
4930,CUST-04930,03-07-2024,Female,18-24,New York,NY,Paid Search,Active
4931,CUST-04931,03-03-2024,Female,25-34,Columbus,OH,Social Media,Active
4932,CUST-04932,06-02-2024,Non-binary,25-34,Los Angeles,CA,Organic Search,Active
4933,CUST-04933,05-09-2023,Male,45-54,Jacksonville,FL,Organic Search,Active
4934,CUST-04934,20-02-2024,Male,25-34,Jacksonville,FL,Email,Active
4935,CUST-04935,16-04-2024,Female,25-34,Dallas,TX,Social Media,Active
4936,CUST-04936,26-02-2024,Prefer not to say,45-54,Miami,FL,Direct,Active
4937,CUST-04937,13-04-2024,Female,25-34,Phoenix,AZ,Email,Active
4938,CUST-04938,29-03-2024,Female,25-34,Phoenix,AZ,Email,Active
4939,CUST-04939,15-03-2024,Male,18-24,Seattle,WA,Direct,Active
4940,CUST-04940,20-11-2025,Female,25-34,Los Angeles,CA,Email,Active
4941,CUST-04941,11-08-2025,Male,18-24,Washington,DC,Organic Search,Active
4942,CUST-04942,24-01-2025,Female,55-64,San Jose,CA,Social Media,Active
4943,CUST-04943,21-05-2024,Female,45-54,Nashville,TN,Paid Search,Active
4944,CUST-04944,07-07-2023,Non-binary,35-44,Columbus,OH,Paid Search,Active
4945,CUST-04945,11-12-2023,Male,55-64,Chicago,IL,Direct,Active
4946,CUST-04946,08-12-2023,Female,25-34,Dallas,TX,Paid Search,Inactive
4947,CUST-04947,13-07-2025,Female,35-44,Chicago,IL,Referral,Active
4948,CUST-04948,04-07-2024,Prefer not to say,25-34,Nashville,TN,Social Media,Active
4949,CUST-04949,13-06-2024,Male,45-54,New York,NY,Email,Active
4950,CUST-04950,04-10-2025,Female,55-64,Seattle,WA,Paid Search,Active
4951,CUST-04951,30-07-2023,Male,35-44,Jacksonville,FL,Social Media,Active
4952,CUST-04952,10-12-2023,Male,35-44,Dallas,TX,Organic Search,Active
4953,CUST-04953,31-01-2024,Male,45-54,Dallas,TX,Paid Search,Active
4954,CUST-04954,20-07-2025,Prefer not to say,45-54,Jacksonville,FL,Organic Search,Active
4955,CUST-04955,10-01-2024,Male,45-54,Chicago,IL,Email,Active
4956,CUST-04956,13-09-2025,Female,45-54,Dallas,TX,Email,Active
4957,CUST-04957,13-09-2025,Female,65+,Jacksonville,FL,Paid Search,Active
4958,CUST-04958,18-12-2023,Male,45-54,San Antonio,TX,Direct,Active
4959,CUST-04959,08-11-2025,Non-binary,25-34,San Jose,CA,Organic Search,Active
4960,CUST-04960,13-04-2024,Male,25-34,Portland,OR,Organic Search,Active
4961,CUST-04961,13-10-2023,Female,25-34,Phoenix,AZ,Organic Search,Active
4962,CUST-04962,01-06-2023,Prefer not to say,45-54,New York,NY,Paid Search,Active
4963,CUST-04963,04-08-2023,Male,25-34,Las Vegas,NV,Direct,Active
4964,CUST-04964,17-07-2025,Female,25-34,Austin,TX,Referral,Active
4965,CUST-04965,18-07-2023,Male,65+,San Antonio,TX,Social Media,Active
4966,CUST-04966,20-09-2024,Female,45-54,Houston,TX,Organic Search,Active
4967,CUST-04967,31-12-2024,Female,35-44,Washington,DC,Direct,Active
4968,CUST-04968,15-09-2025,Prefer not to say,25-34,Chicago,IL,Social Media,Active
4969,CUST-04969,05-09-2023,Female,45-54,New York,NY,Direct,Active
4970,CUST-04970,26-06-2025,Female,35-44,Los Angeles,CA,Social Media,Active
4971,CUST-04971,31-07-2025,Female,25-34,Chicago,IL,Paid Search,Active
4972,CUST-04972,29-07-2023,Male,18-24,Austin,TX,Paid Search,Active
4973,CUST-04973,24-05-2025,Female,25-34,Columbus,OH,Paid Search,Inactive
4974,CUST-04974,17-06-2023,Female,25-34,Phoenix,AZ,Social Media,Active
4975,CUST-04975,19-06-2023,Female,45-54,Chicago,IL,Referral,Active
4976,CUST-04976,24-07-2025,Male,45-54,Los Angeles,CA,Organic Search,Active
4977,CUST-04977,15-01-2025,Male,18-24,Dallas,TX,Paid Search,Inactive
4978,CUST-04978,15-04-2024,Male,55-64,Houston,TX,Paid Search,Active
4979,CUST-04979,25-07-2024,Female,65+,Los Angeles,CA,Social Media,Active
4980,CUST-04980,14-08-2023,Male,45-54,Seattle,WA,Organic Search,Active
4981,CUST-04981,10-09-2023,Female,35-44,Philadelphia,PA,Email,Active
4982,CUST-04982,30-06-2025,Female,65+,Dallas,TX,Social Media,Active
4983,CUST-04983,02-08-2025,Male,35-44,Austin,TX,Referral,Active
4984,CUST-04984,17-08-2023,Male,65+,New York,NY,Paid Search,Active
4985,CUST-04985,10-07-2023,Female,55-64,Chicago,IL,Social Media,Active
4986,CUST-04986,04-07-2025,Female,65+,Jacksonville,FL,Paid Search,Active
4987,CUST-04987,25-10-2025,Male,45-54,San Antonio,TX,Organic Search,Active
4988,CUST-04988,14-08-2025,Female,25-34,Charlotte,NC,Organic Search,Inactive
4989,CUST-04989,23-08-2025,Male,35-44,Columbus,OH,Social Media,Active
4990,CUST-04990,02-02-2024,Female,25-34,San Antonio,TX,Organic Search,Active
4991,CUST-04991,17-04-2025,Male,35-44,San Jose,CA,Organic Search,Active
4992,CUST-04992,29-11-2023,Female,35-44,Seattle,WA,Email,Active
4993,CUST-04993,21-03-2025,Male,35-44,Miami,FL,Email,Active
4994,CUST-04994,14-01-2025,Male,35-44,Houston,TX,Email,Active
4995,CUST-04995,05-06-2024,Female,25-34,Boston,MA,Referral,Active
4996,CUST-04996,29-11-2025,Female,25-34,Nashville,TN,Paid Search,Inactive
4997,CUST-04997,11-06-2023,Non-binary,25-34,Denver,CO,Email,Active
4998,CUST-04998,08-11-2023,Non-binary,18-24,Los Angeles,CA,Social Media,Inactive
4999,CUST-04999,14-04-2025,Male,18-24,Los Angeles,CA,Organic Search,Active
5000,CUST-05000,06-12-2024,Male,45-54,Portland,OR,Paid Search,Active
5001,CUST-05001,09-03-2024,Non-binary,25-34,San Antonio,TX,Organic Search,Active
5002,CUST-05002,08-11-2023,Male,25-34,Philadelphia,PA,Paid Search,Active
5003,CUST-05003,12-07-2025,Male,35-44,Chicago,IL,Direct,Active
5004,CUST-05004,24-12-2023,Female,25-34,Seattle,WA,Paid Search,Inactive
5005,CUST-05005,21-10-2024,Male,35-44,Boston,MA,Organic Search,Active
5006,CUST-05006,17-06-2023,Male,35-44,Austin,TX,Email,Active
5007,CUST-05007,12-11-2024,Female,65+,Philadelphia,PA,Organic Search,Active
5008,CUST-05008,09-06-2023,Male,55-64,San Jose,CA,Organic Search,Active
5009,CUST-05009,28-06-2024,Male,35-44,Columbus,OH,Social Media,Active
5010,CUST-05010,23-04-2024,Female,25-34,Charlotte,NC,Paid Search,Active
5011,CUST-05011,20-06-2025,Male,25-34,Nashville,TN,Paid Search,Active
5012,CUST-05012,24-11-2024,Female,35-44,Las Vegas,NV,Email,Active
5013,CUST-05013,08-09-2023,Male,45-54,Los Angeles,CA,Direct,Active
5014,CUST-05014,16-08-2024,Male,55-64,Chicago,IL,Email,Active
5015,CUST-05015,13-09-2023,Non-binary,55-64,Las Vegas,NV,Social Media,Active
5016,CUST-05016,08-08-2023,Male,65+,San Antonio,TX,Direct,Active
5017,CUST-05017,10-02-2025,Male,55-64,Phoenix,AZ,Social Media,Active
5018,CUST-05018,06-09-2023,Female,25-34,Nashville,TN,Organic Search,Active
5019,CUST-05019,25-03-2024,Male,18-24,Nashville,TN,Email,Active
5020,CUST-05020,09-10-2024,Female,35-44,San Jose,CA,Email,Active
5021,CUST-05021,09-10-2024,Female,18-24,San Antonio,TX,Email,Active
5022,CUST-05022,30-10-2023,Female,55-64,San Jose,CA,Direct,Active
5023,CUST-05023,05-06-2025,Female,18-24,Seattle,WA,Email,Active
5024,CUST-05024,27-10-2023,Female,25-34,Atlanta,GA,Social Media,Active
5025,CUST-05025,22-09-2025,Male,35-44,Chicago,IL,Social Media,Active
5026,CUST-05026,03-11-2025,Female,18-24,Dallas,TX,Email,Active
5027,CUST-05027,21-01-2024,Female,18-24,Denver,CO,Paid Search,Active
5028,CUST-05028,25-05-2024,Female,45-54,Philadelphia,PA,Organic Search,Active
5029,CUST-05029,02-06-2023,Female,25-34,San Diego,CA,Paid Search,Active
5030,CUST-05030,29-12-2023,Male,25-34,Miami,FL,Organic Search,Active
5031,CUST-05031,26-04-2024,Male,35-44,Miami,FL,Organic Search,Active
5032,CUST-05032,29-03-2025,Male,55-64,Boston,MA,Email,Active
5033,CUST-05033,24-07-2025,Female,45-54,Nashville,TN,Direct,Active
5034,CUST-05034,12-02-2025,Female,35-44,Los Angeles,CA,Social Media,Active
5035,CUST-05035,23-06-2025,Male,35-44,Miami,FL,Email,Active
5036,CUST-05036,05-10-2023,Female,25-34,Portland,OR,Email,Inactive
5037,CUST-05037,25-11-2023,Male,35-44,Nashville,TN,Direct,Active
5038,CUST-05038,07-11-2024,Female,35-44,Los Angeles,CA,Email,Active
5039,CUST-05039,06-02-2025,Male,45-54,Austin,TX,Email,Active
5040,CUST-05040,27-05-2025,Prefer not to say,55-64,Houston,TX,Email,Active
5041,CUST-05041,13-03-2025,Male,55-64,Philadelphia,PA,Direct,Active
5042,CUST-05042,31-07-2023,Prefer not to say,35-44,Seattle,WA,Direct,Active
5043,CUST-05043,30-05-2025,Female,45-54,San Antonio,TX,Paid Search,Inactive
5044,CUST-05044,19-02-2024,Male,45-54,Boston,MA,Email,Active
5045,CUST-05045,25-12-2023,Male,35-44,San Jose,CA,Paid Search,Active
5046,CUST-05046,24-02-2024,Male,25-34,Philadelphia,PA,Paid Search,Active
5047,CUST-05047,31-05-2024,Male,35-44,New York,NY,Email,Active
5048,CUST-05048,20-06-2025,Female,45-54,Las Vegas,NV,Referral,Active
5049,CUST-05049,14-03-2024,Female,35-44,Portland,OR,Social Media,Active
5050,CUST-05050,28-08-2023,Female,25-34,Los Angeles,CA,Organic Search,Active
5051,CUST-05051,20-12-2023,Prefer not to say,45-54,New York,NY,Paid Search,Active
5052,CUST-05052,29-11-2025,Male,18-24,Portland,OR,Social Media,Active
5053,CUST-05053,06-10-2024,Female,45-54,Columbus,OH,Referral,Active
5054,CUST-05054,29-10-2024,Female,55-64,Washington,DC,Email,Active
5055,CUST-05055,07-03-2024,Female,35-44,San Jose,CA,Referral,Active
5056,CUST-05056,07-05-2024,Female,25-34,New York,NY,Paid Search,Active
5057,CUST-05057,13-10-2023,Female,35-44,San Antonio,TX,Social Media,Active
5058,CUST-05058,16-12-2023,Male,25-34,Chicago,IL,Paid Search,Active
5059,CUST-05059,30-06-2023,Male,25-34,Charlotte,NC,Email,Active
5060,CUST-05060,20-07-2024,Female,35-44,Miami,FL,Social Media,Inactive
5061,CUST-05061,10-09-2024,Male,55-64,Philadelphia,PA,Paid Search,Active
5062,CUST-05062,28-05-2024,Male,25-34,Los Angeles,CA,Direct,Active
5063,CUST-05063,26-03-2024,Male,25-34,Houston,TX,Paid Search,Active
5064,CUST-05064,20-06-2023,Male,18-24,Houston,TX,Email,Active
5065,CUST-05065,21-05-2025,Female,25-34,Washington,DC,Organic Search,Active
5066,CUST-05066,09-11-2023,Female,55-64,Las Vegas,NV,Organic Search,Active
5067,CUST-05067,25-07-2024,Female,35-44,Atlanta,GA,Referral,Active
5068,CUST-05068,13-05-2025,Female,45-54,Jacksonville,FL,Organic Search,Active
5069,CUST-05069,06-06-2024,Male,55-64,Houston,TX,Paid Search,Active
5070,CUST-05070,13-10-2023,Female,35-44,Dallas,TX,Organic Search,Active
5071,CUST-05071,29-12-2023,Female,35-44,Columbus,OH,Social Media,Active
5072,CUST-05072,06-04-2024,Male,55-64,Portland,OR,Paid Search,Active
5073,CUST-05073,22-01-2024,Male,55-64,New York,NY,Paid Search,Active
5074,CUST-05074,10-08-2023,Male,55-64,New York,NY,Social Media,Active
5075,CUST-05075,10-06-2024,Male,45-54,Fort Worth,TX,Social Media,Inactive
5076,CUST-05076,04-07-2023,Female,55-64,Atlanta,GA,Direct,Active
5077,CUST-05077,24-12-2023,Female,45-54,Nashville,TN,Direct,Active
5078,CUST-05078,10-02-2025,Male,25-34,Phoenix,AZ,Paid Search,Active
5079,CUST-05079,01-03-2024,Male,35-44,San Antonio,TX,Organic Search,Active
5080,CUST-05080,30-11-2024,Male,35-44,Chicago,IL,Email,Active
5081,CUST-05081,12-02-2024,Male,25-34,New York,NY,Email,Active
5082,CUST-05082,02-01-2024,Male,35-44,Chicago,IL,Referral,Active
5083,CUST-05083,20-10-2023,Male,55-64,Los Angeles,CA,Organic Search,Active
5084,CUST-05084,14-12-2023,Non-binary,35-44,Portland,OR,Social Media,Active
5085,CUST-05085,09-10-2025,Female,65+,Chicago,IL,Organic Search,Active
5086,CUST-05086,14-09-2025,Male,45-54,New York,NY,Social Media,Active
5087,CUST-05087,23-08-2025,Female,25-34,Charlotte,NC,Social Media,Active
5088,CUST-05088,27-11-2023,Female,25-34,Dallas,TX,Organic Search,Active
5089,CUST-05089,25-03-2024,Female,25-34,Portland,OR,Referral,Active
5090,CUST-05090,19-03-2025,Male,25-34,Charlotte,NC,Paid Search,Active
5091,CUST-05091,22-06-2025,Prefer not to say,65+,Columbus,OH,Email,Active
5092,CUST-05092,15-07-2023,Male,35-44,Chicago,IL,Email,Active
5093,CUST-05093,19-06-2023,Female,35-44,Nashville,TN,Organic Search,Active
5094,CUST-05094,07-09-2023,Male,25-34,Philadelphia,PA,Direct,Active
5095,CUST-05095,29-12-2024,Male,35-44,Columbus,OH,Social Media,Active
5096,CUST-05096,22-02-2025,Non-binary,25-34,Phoenix,AZ,Organic Search,Active
5097,CUST-05097,11-04-2025,Female,25-34,Philadelphia,PA,Organic Search,Active
5098,CUST-05098,27-05-2025,Female,35-44,Seattle,WA,Paid Search,Active
5099,CUST-05099,23-02-2025,Male,35-44,Nashville,TN,Social Media,Inactive
5100,CUST-05100,22-06-2023,Female,35-44,Charlotte,NC,Organic Search,Active
5101,CUST-05101,15-08-2023,Female,25-34,Boston,MA,Direct,Inactive
5102,CUST-05102,20-07-2024,Male,18-24,Chicago,IL,Organic Search,Active
5103,CUST-05103,31-08-2023,Female,25-34,Portland,OR,Direct,Active
5104,CUST-05104,03-11-2023,Female,18-24,Houston,TX,Email,Active
5105,CUST-05105,26-11-2025,Female,55-64,San Jose,CA,Email,Active
5106,CUST-05106,01-04-2025,Male,25-34,Chicago,IL,Social Media,Active
5107,CUST-05107,28-10-2023,Male,65+,New York,NY,Organic Search,Active
5108,CUST-05108,26-04-2024,Male,35-44,Chicago,IL,Social Media,Active
5109,CUST-05109,10-10-2024,Female,35-44,Chicago,IL,Referral,Active
5110,CUST-05110,15-10-2023,Female,35-44,Philadelphia,PA,Social Media,Active
5111,CUST-05111,18-02-2024,Female,25-34,Boston,MA,Direct,Active
5112,CUST-05112,01-03-2024,Female,45-54,Los Angeles,CA,Social Media,Active
5113,CUST-05113,15-04-2025,Male,35-44,Charlotte,NC,Referral,Active
5114,CUST-05114,16-04-2024,Female,45-54,Atlanta,GA,Organic Search,Active
5115,CUST-05115,26-10-2025,Male,25-34,Portland,OR,Direct,Active
5116,CUST-05116,13-10-2023,Female,45-54,Charlotte,NC,Referral,Active
5117,CUST-05117,13-09-2025,Male,55-64,Denver,CO,Email,Active
5118,CUST-05118,24-02-2024,Female,45-54,Jacksonville,FL,Organic Search,Active
5119,CUST-05119,04-01-2025,Female,35-44,Houston,TX,Direct,Active
5120,CUST-05120,27-03-2024,Prefer not to say,45-54,Los Angeles,CA,Social Media,Active
5121,CUST-05121,13-02-2025,Male,35-44,Jacksonville,FL,Paid Search,Active
5122,CUST-05122,15-03-2025,Female,25-34,San Diego,CA,Organic Search,Active
5123,CUST-05123,29-08-2024,Male,45-54,San Diego,CA,Organic Search,Active
5124,CUST-05124,03-07-2025,Male,35-44,Nashville,TN,Organic Search,Active
5125,CUST-05125,30-05-2024,Female,35-44,Boston,MA,Social Media,Active
5126,CUST-05126,08-07-2025,Female,55-64,Phoenix,AZ,Referral,Active
5127,CUST-05127,23-06-2024,Female,25-34,Los Angeles,CA,Social Media,Inactive
5128,CUST-05128,14-10-2024,Male,65+,Denver,CO,Paid Search,Active
5129,CUST-05129,28-06-2024,Male,18-24,San Diego,CA,Paid Search,Active
5130,CUST-05130,04-08-2025,Male,35-44,Seattle,WA,Paid Search,Active
5131,CUST-05131,07-08-2025,Male,35-44,New York,NY,Paid Search,Active
5132,CUST-05132,25-11-2024,Male,35-44,Portland,OR,Paid Search,Active
5133,CUST-05133,17-08-2023,Male,55-64,Houston,TX,Organic Search,Active
5134,CUST-05134,22-06-2025,Male,55-64,New York,NY,Paid Search,Active
5135,CUST-05135,29-09-2023,Male,45-54,Las Vegas,NV,Email,Active
5136,CUST-05136,03-10-2023,Male,25-34,Charlotte,NC,Organic Search,Active
5137,CUST-05137,21-04-2024,Female,35-44,Denver,CO,Email,Active
5138,CUST-05138,18-12-2024,Non-binary,18-24,San Diego,CA,Direct,Active
5139,CUST-05139,10-09-2023,Female,55-64,San Antonio,TX,Social Media,Inactive
5140,CUST-05140,10-04-2025,Male,45-54,Portland,OR,Referral,Active
5141,CUST-05141,01-08-2025,Prefer not to say,25-34,Chicago,IL,Email,Active
5142,CUST-05142,15-05-2024,Male,45-54,Los Angeles,CA,Social Media,Inactive
5143,CUST-05143,28-11-2023,Male,25-34,Dallas,TX,Referral,Active
5144,CUST-05144,09-07-2024,Male,25-34,Las Vegas,NV,Referral,Active
5145,CUST-05145,29-12-2023,Non-binary,35-44,Chicago,IL,Direct,Active
5146,CUST-05146,04-06-2023,Female,45-54,Austin,TX,Paid Search,Active
5147,CUST-05147,20-11-2024,Male,45-54,Los Angeles,CA,Organic Search,Active
5148,CUST-05148,02-06-2023,Female,45-54,Portland,OR,Social Media,Active
5149,CUST-05149,25-10-2023,Female,55-64,San Antonio,TX,Direct,Active
5150,CUST-05150,13-07-2023,Male,55-64,San Jose,CA,Paid Search,Active
5151,CUST-05151,21-06-2023,Female,25-34,Miami,FL,Social Media,Active
5152,CUST-05152,18-11-2024,Male,35-44,Charlotte,NC,Paid Search,Active
5153,CUST-05153,14-03-2024,Male,35-44,Austin,TX,Paid Search,Active
5154,CUST-05154,02-07-2023,Male,45-54,Philadelphia,PA,Organic Search,Active
5155,CUST-05155,28-10-2024,Female,35-44,Phoenix,AZ,Paid Search,Active
5156,CUST-05156,25-06-2024,Male,35-44,Jacksonville,FL,Organic Search,Active
5157,CUST-05157,27-10-2023,Female,25-34,Jacksonville,FL,Referral,Active
5158,CUST-05158,30-06-2023,Male,25-34,Phoenix,AZ,Paid Search,Active
5159,CUST-05159,04-10-2024,Female,35-44,Chicago,IL,Referral,Active
5160,CUST-05160,20-01-2025,Non-binary,35-44,Houston,TX,Email,Active
5161,CUST-05161,18-08-2023,Male,35-44,Chicago,IL,Email,Active
5162,CUST-05162,02-01-2024,Female,55-64,Los Angeles,CA,Social Media,Active
5163,CUST-05163,11-04-2024,Female,45-54,Chicago,IL,Paid Search,Active
5164,CUST-05164,22-07-2024,Female,25-34,Fort Worth,TX,Direct,Active
5165,CUST-05165,20-07-2023,Male,45-54,Boston,MA,Paid Search,Inactive
5166,CUST-05166,16-11-2024,Male,45-54,Los Angeles,CA,Email,Active
5167,CUST-05167,16-06-2023,Male,18-24,Phoenix,AZ,Social Media,Active
5168,CUST-05168,30-10-2023,Male,55-64,Boston,MA,Social Media,Active
5169,CUST-05169,19-09-2023,Male,35-44,Phoenix,AZ,Social Media,Active
5170,CUST-05170,11-03-2024,Male,25-34,Dallas,TX,Paid Search,Active
5171,CUST-05171,26-06-2025,Male,55-64,Miami,FL,Direct,Active
5172,CUST-05172,16-04-2024,Male,25-34,Houston,TX,Organic Search,Active
5173,CUST-05173,25-07-2025,Female,18-24,Charlotte,NC,Referral,Active
5174,CUST-05174,23-12-2023,Female,18-24,Fort Worth,TX,Referral,Active
5175,CUST-05175,25-02-2024,Male,45-54,Denver,CO,Organic Search,Active
5176,CUST-05176,20-07-2023,Female,25-34,Seattle,WA,Social Media,Active
5177,CUST-05177,18-08-2023,Non-binary,25-34,New York,NY,Referral,Active
5178,CUST-05178,01-12-2024,Male,55-64,Seattle,WA,Organic Search,Active
5179,CUST-05179,10-08-2025,Male,35-44,San Antonio,TX,Social Media,Active
5180,CUST-05180,11-04-2024,Female,25-34,Houston,TX,Organic Search,Active
5181,CUST-05181,06-05-2024,Male,35-44,San Antonio,TX,Organic Search,Active
5182,CUST-05182,10-01-2024,Prefer not to say,25-34,Denver,CO,Organic Search,Active
5183,CUST-05183,25-02-2024,Female,55-64,Houston,TX,Email,Active
5184,CUST-05184,15-04-2024,Female,45-54,Charlotte,NC,Organic Search,Active
5185,CUST-05185,11-11-2024,Female,65+,Phoenix,AZ,Paid Search,Active
5186,CUST-05186,09-07-2025,Female,45-54,San Jose,CA,Paid Search,Active
5187,CUST-05187,01-12-2024,Female,25-34,Chicago,IL,Direct,Active
5188,CUST-05188,26-07-2023,Male,35-44,Chicago,IL,Paid Search,Active
5189,CUST-05189,14-02-2025,Male,25-34,New York,NY,Paid Search,Active
5190,CUST-05190,17-11-2024,Female,45-54,Washington,DC,Organic Search,Active
5191,CUST-05191,16-09-2023,Female,35-44,Chicago,IL,Direct,Active
5192,CUST-05192,01-09-2023,Female,35-44,Washington,DC,Paid Search,Inactive
5193,CUST-05193,11-10-2025,Female,35-44,Phoenix,AZ,Social Media,Active
5194,CUST-05194,10-10-2024,Female,45-54,Fort Worth,TX,Social Media,Inactive
5195,CUST-05195,26-01-2024,Female,25-34,Columbus,OH,Organic Search,Active
5196,CUST-05196,28-08-2024,Male,45-54,Portland,OR,Email,Active
5197,CUST-05197,14-03-2025,Male,25-34,Chicago,IL,Organic Search,Active
5198,CUST-05198,01-03-2024,Male,45-54,Nashville,TN,Organic Search,Active
5199,CUST-05199,25-08-2025,Female,55-64,Houston,TX,Organic Search,Active
5200,CUST-05200,30-11-2025,Non-binary,35-44,San Antonio,TX,Paid Search,Active
5201,CUST-05201,01-07-2024,Male,55-64,Phoenix,AZ,Social Media,Inactive
5202,CUST-05202,18-11-2024,Female,45-54,Las Vegas,NV,Direct,Active
5203,CUST-05203,14-12-2023,Male,18-24,Las Vegas,NV,Social Media,Active
5204,CUST-05204,24-09-2025,Male,65+,Portland,OR,Organic Search,Active
5205,CUST-05205,22-08-2025,Female,65+,Seattle,WA,Organic Search,Active
5206,CUST-05206,11-10-2023,Female,55-64,San Diego,CA,Paid Search,Active
5207,CUST-05207,11-12-2023,Male,55-64,San Jose,CA,Paid Search,Active
5208,CUST-05208,17-10-2023,Male,25-34,Atlanta,GA,Organic Search,Active
5209,CUST-05209,15-01-2024,Male,45-54,Phoenix,AZ,Email,Inactive
5210,CUST-05210,16-11-2025,Female,25-34,Las Vegas,NV,Referral,Active
5211,CUST-05211,02-02-2024,Male,18-24,Charlotte,NC,Organic Search,Active
5212,CUST-05212,15-10-2025,Female,35-44,San Antonio,TX,Paid Search,Active
5213,CUST-05213,21-04-2025,Female,65+,New York,NY,Paid Search,Active
5214,CUST-05214,12-09-2025,Male,65+,Philadelphia,PA,Referral,Active
5215,CUST-05215,27-04-2024,Male,25-34,Denver,CO,Paid Search,Active
5216,CUST-05216,12-11-2024,Female,35-44,Los Angeles,CA,Paid Search,Active
5217,CUST-05217,31-03-2025,Female,25-34,San Antonio,TX,Paid Search,Active
5218,CUST-05218,02-09-2023,Prefer not to say,35-44,San Jose,CA,Direct,Active
5219,CUST-05219,09-08-2025,Male,45-54,Austin,TX,Organic Search,Active
5220,CUST-05220,28-06-2023,Male,18-24,Miami,FL,Referral,Active
5221,CUST-05221,13-10-2023,Female,25-34,Las Vegas,NV,Email,Active
5222,CUST-05222,28-04-2024,Female,25-34,Houston,TX,Organic Search,Active
5223,CUST-05223,18-11-2023,Female,45-54,Phoenix,AZ,Referral,Active
5224,CUST-05224,01-12-2024,Female,25-34,New York,NY,Organic Search,Active
5225,CUST-05225,02-01-2025,Female,55-64,Seattle,WA,Email,Active
5226,CUST-05226,31-10-2023,Prefer not to say,65+,Philadelphia,PA,Social Media,Active
5227,CUST-05227,14-06-2024,Female,18-24,Dallas,TX,Referral,Active
5228,CUST-05228,08-11-2024,Male,65+,Fort Worth,TX,Social Media,Inactive
5229,CUST-05229,11-12-2023,Male,18-24,Dallas,TX,Organic Search,Active
5230,CUST-05230,01-05-2024,Non-binary,55-64,Charlotte,NC,Social Media,Active
5231,CUST-05231,11-11-2023,Male,25-34,Chicago,IL,Email,Active
5232,CUST-05232,20-03-2024,Prefer not to say,35-44,Columbus,OH,Direct,Active
5233,CUST-05233,01-08-2023,Female,25-34,Houston,TX,Organic Search,Inactive
5234,CUST-05234,17-04-2025,Male,18-24,Jacksonville,FL,Organic Search,Active
5235,CUST-05235,07-11-2023,Female,25-34,Nashville,TN,Referral,Active
5236,CUST-05236,04-12-2023,Male,65+,Houston,TX,Email,Active
5237,CUST-05237,16-04-2024,Female,25-34,Las Vegas,NV,Social Media,Active
5238,CUST-05238,01-10-2023,Female,35-44,Charlotte,NC,Referral,Active
5239,CUST-05239,24-02-2025,Female,35-44,Atlanta,GA,Social Media,Active
5240,CUST-05240,02-06-2023,Female,25-34,Las Vegas,NV,Social Media,Active
5241,CUST-05241,11-07-2023,Female,35-44,Denver,CO,Paid Search,Active
5242,CUST-05242,30-08-2023,Female,35-44,Atlanta,GA,Referral,Active
5243,CUST-05243,28-08-2025,Female,25-34,Washington,DC,Direct,Active
5244,CUST-05244,27-04-2025,Female,35-44,Phoenix,AZ,Direct,Active
5245,CUST-05245,11-03-2025,Non-binary,55-64,Philadelphia,PA,Paid Search,Active
5246,CUST-05246,29-06-2023,Male,25-34,Austin,TX,Social Media,Active
5247,CUST-05247,25-01-2025,Female,35-44,San Jose,CA,Paid Search,Active
5248,CUST-05248,30-07-2023,Prefer not to say,45-54,San Diego,CA,Email,Inactive
5249,CUST-05249,25-12-2023,Male,25-34,New York,NY,Organic Search,Active
5250,CUST-05250,21-12-2023,Male,35-44,Washington,DC,Paid Search,Active
5251,CUST-05251,17-07-2023,Male,35-44,Houston,TX,Paid Search,Active
5252,CUST-05252,06-09-2023,Female,25-34,Charlotte,NC,Direct,Active
5253,CUST-05253,26-01-2024,Female,18-24,New York,NY,Paid Search,Active
5254,CUST-05254,15-03-2025,Male,25-34,San Diego,CA,Organic Search,Active
5255,CUST-05255,07-07-2024,Male,25-34,New York,NY,Organic Search,Active
5256,CUST-05256,22-02-2025,Female,35-44,Nashville,TN,Social Media,Active
5257,CUST-05257,01-07-2023,Female,35-44,Philadelphia,PA,Social Media,Active
5258,CUST-05258,28-09-2024,Female,25-34,Dallas,TX,Social Media,Active
5259,CUST-05259,14-03-2024,Female,45-54,Los Angeles,CA,Direct,Inactive
5260,CUST-05260,12-05-2024,Male,45-54,Seattle,WA,Paid Search,Inactive
5261,CUST-05261,15-11-2023,Male,55-64,Charlotte,NC,Direct,Inactive
5262,CUST-05262,20-01-2025,Male,25-34,Los Angeles,CA,Direct,Active
5263,CUST-05263,13-07-2024,Female,55-64,Miami,FL,Paid Search,Active
5264,CUST-05264,08-09-2023,Male,45-54,San Antonio,TX,Social Media,Active
5265,CUST-05265,19-09-2023,Female,25-34,Dallas,TX,Email,Active
5266,CUST-05266,29-12-2023,Non-binary,25-34,Dallas,TX,Organic Search,Active
5267,CUST-05267,23-06-2024,Prefer not to say,55-64,Fort Worth,TX,Organic Search,Active
5268,CUST-05268,25-04-2024,Male,45-54,Austin,TX,Direct,Active
5269,CUST-05269,01-03-2025,Male,55-64,San Jose,CA,Organic Search,Active
5270,CUST-05270,26-08-2023,Male,55-64,Phoenix,AZ,Organic Search,Active
5271,CUST-05271,29-06-2023,Female,55-64,New York,NY,Direct,Active
5272,CUST-05272,21-02-2025,Female,25-34,Portland,OR,Email,Active
5273,CUST-05273,12-12-2024,Male,45-54,Fort Worth,TX,Referral,Active
5274,CUST-05274,11-09-2025,Male,55-64,Columbus,OH,Direct,Active
5275,CUST-05275,07-02-2025,Male,35-44,Houston,TX,Paid Search,Active
5276,CUST-05276,03-10-2023,Female,45-54,Seattle,WA,Organic Search,Active
5277,CUST-05277,10-03-2024,Female,35-44,Austin,TX,Referral,Active
5278,CUST-05278,01-07-2024,Male,55-64,Atlanta,GA,Paid Search,Active
5279,CUST-05279,06-12-2023,Male,25-34,San Jose,CA,Organic Search,Active
5280,CUST-05280,19-05-2025,Male,45-54,Boston,MA,Organic Search,Active
5281,CUST-05281,22-03-2024,Female,25-34,Los Angeles,CA,Organic Search,Active
5282,CUST-05282,26-02-2025,Female,45-54,Houston,TX,Paid Search,Active
5283,CUST-05283,01-08-2023,Female,18-24,Phoenix,AZ,Paid Search,Active
5284,CUST-05284,10-07-2025,Female,35-44,Columbus,OH,Direct,Active
5285,CUST-05285,19-08-2025,Male,65+,New York,NY,Paid Search,Active
5286,CUST-05286,03-07-2024,Female,25-34,Los Angeles,CA,Social Media,Active
5287,CUST-05287,26-09-2024,Prefer not to say,25-34,Portland,OR,Email,Active
5288,CUST-05288,27-06-2023,Male,55-64,Phoenix,AZ,Referral,Active
5289,CUST-05289,11-06-2024,Non-binary,55-64,San Jose,CA,Social Media,Active
5290,CUST-05290,03-09-2025,Female,45-54,Denver,CO,Paid Search,Active
5291,CUST-05291,24-05-2025,Prefer not to say,55-64,Las Vegas,NV,Email,Active
5292,CUST-05292,08-09-2023,Female,45-54,Atlanta,GA,Social Media,Active
5293,CUST-05293,14-08-2024,Male,45-54,Philadelphia,PA,Paid Search,Active
5294,CUST-05294,29-06-2023,Male,45-54,Fort Worth,TX,Social Media,Active
5295,CUST-05295,24-12-2023,Female,65+,Atlanta,GA,Organic Search,Active
5296,CUST-05296,10-02-2025,Female,45-54,Fort Worth,TX,Email,Active
5297,CUST-05297,29-06-2023,Female,35-44,Austin,TX,Paid Search,Active
5298,CUST-05298,02-02-2024,Male,45-54,Chicago,IL,Direct,Active
5299,CUST-05299,24-08-2023,Female,35-44,Phoenix,AZ,Paid Search,Active
5300,CUST-05300,22-06-2024,Female,35-44,Los Angeles,CA,Referral,Active
5301,CUST-05301,02-08-2023,Female,25-34,Philadelphia,PA,Direct,Active
5302,CUST-05302,05-05-2025,Female,45-54,Chicago,IL,Referral,Active
5303,CUST-05303,30-01-2024,Male,45-54,Fort Worth,TX,Social Media,Active
5304,CUST-05304,07-11-2023,Male,55-64,Houston,TX,Direct,Active
5305,CUST-05305,13-04-2025,Female,55-64,San Jose,CA,Organic Search,Active
5306,CUST-05306,07-04-2025,Male,55-64,Phoenix,AZ,Social Media,Active
5307,CUST-05307,07-07-2025,Male,35-44,Houston,TX,Direct,Active
5308,CUST-05308,09-07-2023,Female,25-34,Atlanta,GA,Organic Search,Active
5309,CUST-05309,02-10-2024,Female,18-24,Philadelphia,PA,Organic Search,Active
5310,CUST-05310,03-10-2025,Male,35-44,Chicago,IL,Social Media,Active
5311,CUST-05311,16-02-2025,Male,25-34,Philadelphia,PA,Organic Search,Active
5312,CUST-05312,07-02-2024,Female,45-54,San Diego,CA,Direct,Active
5313,CUST-05313,12-05-2024,Female,65+,Miami,FL,Organic Search,Active
5314,CUST-05314,20-08-2024,Female,45-54,Nashville,TN,Social Media,Active
5315,CUST-05315,02-09-2025,Male,35-44,Seattle,WA,Email,Active
5316,CUST-05316,05-12-2023,Female,35-44,Chicago,IL,Paid Search,Active
5317,CUST-05317,18-10-2024,Male,65+,Houston,TX,Email,Active
5318,CUST-05318,18-02-2025,Male,25-34,Los Angeles,CA,Organic Search,Active
5319,CUST-05319,09-08-2023,Male,45-54,Los Angeles,CA,Social Media,Active
5320,CUST-05320,28-05-2025,Female,45-54,Portland,OR,Organic Search,Active
5321,CUST-05321,11-11-2024,Male,25-34,Columbus,OH,Email,Active
5322,CUST-05322,14-10-2025,Male,45-54,Nashville,TN,Organic Search,Active
5323,CUST-05323,03-03-2025,Female,55-64,Houston,TX,Organic Search,Active
5324,CUST-05324,16-09-2025,Female,18-24,Dallas,TX,Email,Active
5325,CUST-05325,16-04-2025,Male,35-44,Houston,TX,Referral,Active
5326,CUST-05326,21-03-2025,Female,55-64,Dallas,TX,Organic Search,Active
5327,CUST-05327,08-09-2023,Female,55-64,Phoenix,AZ,Social Media,Active
5328,CUST-05328,22-11-2024,Female,55-64,Los Angeles,CA,Paid Search,Active
5329,CUST-05329,17-10-2023,Male,35-44,Boston,MA,Paid Search,Active
5330,CUST-05330,20-08-2023,Female,25-34,Phoenix,AZ,Referral,Active
5331,CUST-05331,12-12-2023,Male,35-44,Philadelphia,PA,Referral,Active
5332,CUST-05332,22-05-2025,Male,18-24,Philadelphia,PA,Social Media,Inactive
5333,CUST-05333,05-05-2024,Male,25-34,Houston,TX,Direct,Active
5334,CUST-05334,13-08-2025,Male,25-34,Austin,TX,Paid Search,Active
5335,CUST-05335,28-09-2023,Male,35-44,Philadelphia,PA,Email,Active
5336,CUST-05336,13-08-2024,Female,25-34,Austin,TX,Social Media,Active
5337,CUST-05337,18-08-2025,Female,35-44,Portland,OR,Email,Active
5338,CUST-05338,19-04-2025,Female,45-54,Chicago,IL,Social Media,Active
5339,CUST-05339,25-09-2023,Male,35-44,Los Angeles,CA,Referral,Active
5340,CUST-05340,07-08-2025,Female,35-44,New York,NY,Social Media,Active
5341,CUST-05341,27-07-2025,Male,35-44,Seattle,WA,Direct,Active
5342,CUST-05342,24-02-2025,Female,25-34,Houston,TX,Paid Search,Active
5343,CUST-05343,12-10-2025,Female,18-24,Washington,DC,Social Media,Active
5344,CUST-05344,08-07-2025,Male,55-64,Phoenix,AZ,Paid Search,Active
5345,CUST-05345,18-02-2024,Prefer not to say,35-44,Columbus,OH,Email,Active
5346,CUST-05346,02-10-2023,Male,35-44,Phoenix,AZ,Organic Search,Active
5347,CUST-05347,14-07-2023,Male,35-44,Fort Worth,TX,Direct,Active
5348,CUST-05348,02-10-2023,Female,65+,Houston,TX,Direct,Active
5349,CUST-05349,21-05-2025,Female,45-54,Houston,TX,Social Media,Active
5350,CUST-05350,07-10-2024,Male,55-64,Fort Worth,TX,Direct,Active
5351,CUST-05351,06-07-2024,Female,55-64,Houston,TX,Paid Search,Active
5352,CUST-05352,03-05-2025,Male,35-44,Houston,TX,Referral,Active
5353,CUST-05353,27-08-2023,Female,65+,New York,NY,Referral,Active
5354,CUST-05354,19-12-2023,Female,35-44,Chicago,IL,Direct,Active
5355,CUST-05355,01-01-2025,Male,45-54,Washington,DC,Paid Search,Active
5356,CUST-05356,14-06-2023,Male,25-34,Las Vegas,NV,Organic Search,Active
5357,CUST-05357,15-07-2025,Male,55-64,Columbus,OH,Referral,Active
5358,CUST-05358,25-07-2023,Female,18-24,Dallas,TX,Referral,Active
5359,CUST-05359,21-11-2024,Male,25-34,Dallas,TX,Social Media,Active
5360,CUST-05360,02-08-2023,Female,45-54,Houston,TX,Referral,Active
5361,CUST-05361,30-06-2024,Male,35-44,Columbus,OH,Direct,Inactive
5362,CUST-05362,27-10-2023,Female,35-44,Atlanta,GA,Paid Search,Active
5363,CUST-05363,08-05-2025,Non-binary,55-64,Austin,TX,Paid Search,Active
5364,CUST-05364,30-06-2024,Male,45-54,San Diego,CA,Organic Search,Active
5365,CUST-05365,03-03-2025,Female,25-34,Washington,DC,Email,Active
5366,CUST-05366,28-09-2024,Female,55-64,New York,NY,Social Media,Active
5367,CUST-05367,19-10-2023,Female,45-54,San Jose,CA,Paid Search,Active
5368,CUST-05368,19-12-2024,Female,55-64,Phoenix,AZ,Paid Search,Active
5369,CUST-05369,19-09-2025,Female,55-64,Chicago,IL,Social Media,Active
5370,CUST-05370,07-01-2025,Female,25-34,Charlotte,NC,Referral,Active
5371,CUST-05371,17-02-2024,Female,25-34,Charlotte,NC,Paid Search,Active
5372,CUST-05372,03-05-2024,Male,35-44,Austin,TX,Direct,Active
5373,CUST-05373,07-01-2025,Male,35-44,Las Vegas,NV,Organic Search,Active
5374,CUST-05374,23-12-2023,Male,35-44,Boston,MA,Direct,Active
5375,CUST-05375,10-08-2025,Female,55-64,Houston,TX,Email,Active
5376,CUST-05376,15-08-2025,Male,18-24,Miami,FL,Organic Search,Active
5377,CUST-05377,21-06-2023,Male,35-44,Portland,OR,Email,Active
5378,CUST-05378,09-08-2023,Male,35-44,New York,NY,Social Media,Active
5379,CUST-05379,20-10-2025,Male,55-64,Chicago,IL,Organic Search,Active
5380,CUST-05380,04-11-2023,Female,25-34,Houston,TX,Organic Search,Inactive
5381,CUST-05381,22-05-2025,Female,55-64,Phoenix,AZ,Social Media,Active
5382,CUST-05382,23-08-2023,Male,55-64,Columbus,OH,Organic Search,Active
5383,CUST-05383,31-10-2025,Male,25-34,Philadelphia,PA,Paid Search,Active
5384,CUST-05384,04-08-2025,Female,35-44,Denver,CO,Social Media,Active
5385,CUST-05385,21-01-2024,Male,18-24,Phoenix,AZ,Referral,Active
5386,CUST-05386,14-09-2025,Male,18-24,San Diego,CA,Organic Search,Active
5387,CUST-05387,24-08-2023,Male,65+,Philadelphia,PA,Direct,Active
5388,CUST-05388,20-12-2023,Male,45-54,Washington,DC,Organic Search,Active
5389,CUST-05389,16-10-2025,Male,25-34,Miami,FL,Paid Search,Active
5390,CUST-05390,12-03-2024,Female,35-44,Denver,CO,Organic Search,Active
5391,CUST-05391,01-07-2024,Female,35-44,San Diego,CA,Organic Search,Active
5392,CUST-05392,22-09-2024,Female,25-34,Denver,CO,Referral,Active
5393,CUST-05393,02-07-2025,Female,45-54,San Diego,CA,Organic Search,Active
5394,CUST-05394,01-05-2025,Male,25-34,Columbus,OH,Social Media,Active
5395,CUST-05395,11-07-2023,Prefer not to say,25-34,Chicago,IL,Organic Search,Active
5396,CUST-05396,16-07-2024,Female,35-44,Phoenix,AZ,Paid Search,Active
5397,CUST-05397,10-08-2023,Male,35-44,Phoenix,AZ,Organic Search,Active
5398,CUST-05398,10-07-2024,Female,18-24,Seattle,WA,Paid Search,Active
5399,CUST-05399,17-10-2024,Female,35-44,San Antonio,TX,Social Media,Active
5400,CUST-05400,28-06-2024,Male,45-54,Portland,OR,Email,Active
5401,CUST-05401,31-08-2025,Male,25-34,Houston,TX,Social Media,Active
5402,CUST-05402,13-02-2024,Female,35-44,Charlotte,NC,Direct,Active
5403,CUST-05403,19-01-2024,Male,55-64,Fort Worth,TX,Social Media,Active
5404,CUST-05404,07-12-2024,Male,65+,Atlanta,GA,Organic Search,Active
5405,CUST-05405,06-03-2025,Female,35-44,Dallas,TX,Direct,Active
5406,CUST-05406,30-10-2023,Male,35-44,Chicago,IL,Paid Search,Active
5407,CUST-05407,29-08-2023,Female,45-54,Jacksonville,FL,Paid Search,Active
5408,CUST-05408,10-06-2025,Female,25-34,Austin,TX,Organic Search,Active
5409,CUST-05409,24-02-2025,Male,55-64,Fort Worth,TX,Email,Active
5410,CUST-05410,24-05-2025,Non-binary,25-34,Jacksonville,FL,Paid Search,Inactive
5411,CUST-05411,29-09-2024,Female,18-24,San Diego,CA,Organic Search,Active
5412,CUST-05412,19-10-2023,Male,25-34,Los Angeles,CA,Direct,Active
5413,CUST-05413,28-05-2024,Prefer not to say,25-34,San Diego,CA,Email,Active
5414,CUST-05414,07-12-2024,Male,45-54,San Jose,CA,Direct,Active
5415,CUST-05415,23-09-2024,Female,45-54,Miami,FL,Organic Search,Active
5416,CUST-05416,30-03-2024,Female,25-34,Seattle,WA,Email,Active
5417,CUST-05417,07-06-2023,Female,35-44,San Diego,CA,Social Media,Active
5418,CUST-05418,09-07-2024,Female,55-64,Atlanta,GA,Email,Inactive
5419,CUST-05419,17-07-2025,Male,25-34,San Antonio,TX,Direct,Active
5420,CUST-05420,26-07-2023,Female,35-44,Miami,FL,Paid Search,Active
5421,CUST-05421,28-02-2024,Male,35-44,Atlanta,GA,Paid Search,Inactive
5422,CUST-05422,23-02-2024,Male,35-44,Boston,MA,Organic Search,Active
5423,CUST-05423,26-07-2023,Male,55-64,Dallas,TX,Paid Search,Active
5424,CUST-05424,28-11-2023,Male,55-64,Los Angeles,CA,Organic Search,Active
5425,CUST-05425,08-11-2023,Male,35-44,Las Vegas,NV,Organic Search,Active
5426,CUST-05426,03-10-2025,Male,25-34,Atlanta,GA,Paid Search,Active
5427,CUST-05427,23-11-2025,Female,25-34,Portland,OR,Organic Search,Active
5428,CUST-05428,06-01-2025,Male,45-54,Los Angeles,CA,Direct,Active
5429,CUST-05429,06-02-2025,Female,45-54,Philadelphia,PA,Referral,Active
5430,CUST-05430,29-08-2023,Female,45-54,Phoenix,AZ,Paid Search,Active
5431,CUST-05431,27-04-2024,Female,25-34,Jacksonville,FL,Paid Search,Active
5432,CUST-05432,13-10-2023,Female,55-64,Boston,MA,Organic Search,Active
5433,CUST-05433,01-11-2024,Female,55-64,Houston,TX,Paid Search,Inactive
5434,CUST-05434,05-04-2024,Female,65+,Washington,DC,Paid Search,Active
5435,CUST-05435,06-02-2025,Female,35-44,Los Angeles,CA,Social Media,Active
5436,CUST-05436,15-09-2023,Female,45-54,Boston,MA,Social Media,Active
5437,CUST-05437,05-11-2025,Male,25-34,Portland,OR,Paid Search,Active
5438,CUST-05438,13-03-2025,Male,25-34,Washington,DC,Paid Search,Active
5439,CUST-05439,25-02-2025,Male,45-54,Phoenix,AZ,Email,Active
5440,CUST-05440,24-08-2023,Female,65+,Washington,DC,Direct,Active
5441,CUST-05441,19-10-2023,Female,25-34,Portland,OR,Social Media,Active
5442,CUST-05442,16-09-2025,Male,25-34,Columbus,OH,Social Media,Active
5443,CUST-05443,27-08-2023,Male,65+,Chicago,IL,Referral,Active
5444,CUST-05444,21-08-2023,Female,65+,Phoenix,AZ,Direct,Active
5445,CUST-05445,05-11-2023,Male,55-64,Jacksonville,FL,Email,Active
5446,CUST-05446,21-02-2024,Non-binary,45-54,Seattle,WA,Social Media,Active
5447,CUST-05447,16-10-2023,Female,25-34,Seattle,WA,Direct,Inactive
5448,CUST-05448,21-11-2023,Male,65+,New York,NY,Social Media,Active
5449,CUST-05449,24-07-2023,Female,18-24,Philadelphia,PA,Paid Search,Active
5450,CUST-05450,20-07-2023,Female,25-34,Fort Worth,TX,Paid Search,Active
5451,CUST-05451,01-05-2024,Male,55-64,Austin,TX,Direct,Active
5452,CUST-05452,05-03-2024,Male,18-24,Nashville,TN,Social Media,Active
5453,CUST-05453,10-09-2023,Female,25-34,Denver,CO,Organic Search,Active
5454,CUST-05454,04-04-2024,Female,25-34,Atlanta,GA,Social Media,Active
5455,CUST-05455,24-11-2025,Female,35-44,Charlotte,NC,Organic Search,Active
5456,CUST-05456,22-03-2025,Female,65+,Las Vegas,NV,Social Media,Active
5457,CUST-05457,15-06-2025,Female,25-34,Charlotte,NC,Organic Search,Active
5458,CUST-05458,12-11-2024,Female,25-34,Denver,CO,Social Media,Active
5459,CUST-05459,01-07-2023,Male,35-44,Denver,CO,Email,Active
5460,CUST-05460,19-02-2024,Female,35-44,New York,NY,Organic Search,Active
5461,CUST-05461,21-12-2024,Female,45-54,New York,NY,Social Media,Active
5462,CUST-05462,09-09-2024,Female,25-34,Charlotte,NC,Organic Search,Active
5463,CUST-05463,20-08-2025,Female,18-24,Jacksonville,FL,Social Media,Active
5464,CUST-05464,13-07-2023,Prefer not to say,35-44,Seattle,WA,Organic Search,Active
5465,CUST-05465,21-04-2024,Female,35-44,San Diego,CA,Organic Search,Active
5466,CUST-05466,02-12-2023,Male,35-44,Nashville,TN,Organic Search,Active
5467,CUST-05467,10-07-2024,Male,18-24,San Jose,CA,Organic Search,Active
5468,CUST-05468,19-08-2025,Female,25-34,Charlotte,NC,Direct,Active
5469,CUST-05469,08-05-2025,Male,35-44,Charlotte,NC,Paid Search,Active
5470,CUST-05470,28-11-2023,Female,35-44,Nashville,TN,Email,Active
5471,CUST-05471,14-06-2025,Female,25-34,New York,NY,Organic Search,Active
5472,CUST-05472,18-12-2023,Male,35-44,Los Angeles,CA,Referral,Active
5473,CUST-05473,19-05-2025,Female,65+,New York,NY,Paid Search,Active
5474,CUST-05474,11-10-2024,Female,45-54,Portland,OR,Paid Search,Inactive
5475,CUST-05475,18-09-2023,Male,35-44,Chicago,IL,Email,Active
5476,CUST-05476,23-01-2024,Male,35-44,Boston,MA,Social Media,Active
5477,CUST-05477,27-08-2023,Male,35-44,Charlotte,NC,Referral,Active
5478,CUST-05478,12-03-2024,Prefer not to say,35-44,Fort Worth,TX,Direct,Active
5479,CUST-05479,08-06-2024,Female,25-34,Phoenix,AZ,Paid Search,Active
5480,CUST-05480,14-10-2024,Female,35-44,Denver,CO,Paid Search,Active
5481,CUST-05481,29-08-2024,Female,55-64,Chicago,IL,Direct,Active
5482,CUST-05482,09-01-2024,Female,25-34,Chicago,IL,Organic Search,Active
5483,CUST-05483,03-08-2025,Male,45-54,Miami,FL,Direct,Active
5484,CUST-05484,15-03-2025,Female,35-44,Philadelphia,PA,Direct,Active
5485,CUST-05485,29-05-2024,Female,55-64,Chicago,IL,Organic Search,Active
5486,CUST-05486,20-10-2023,Male,55-64,Dallas,TX,Organic Search,Active
5487,CUST-05487,03-12-2024,Female,45-54,New York,NY,Email,Active
5488,CUST-05488,03-03-2024,Female,25-34,Las Vegas,NV,Referral,Active
5489,CUST-05489,19-01-2024,Female,18-24,Charlotte,NC,Organic Search,Active
5490,CUST-05490,21-05-2025,Female,65+,Dallas,TX,Referral,Active
5491,CUST-05491,24-03-2025,Male,65+,Jacksonville,FL,Referral,Inactive
5492,CUST-05492,17-06-2025,Female,45-54,San Diego,CA,Email,Active
5493,CUST-05493,09-01-2025,Female,45-54,Charlotte,NC,Direct,Active
5494,CUST-05494,27-02-2024,Female,55-64,San Antonio,TX,Referral,Active
5495,CUST-05495,06-09-2025,Male,35-44,Chicago,IL,Paid Search,Active
5496,CUST-05496,26-01-2024,Female,45-54,Portland,OR,Organic Search,Inactive
5497,CUST-05497,01-07-2024,Male,55-64,San Diego,CA,Paid Search,Active
5498,CUST-05498,08-09-2023,Female,35-44,San Diego,CA,Organic Search,Active
5499,CUST-05499,21-12-2023,Male,25-34,Charlotte,NC,Organic Search,Active
5500,CUST-05500,24-01-2024,Male,65+,New York,NY,Referral,Active
5501,CUST-05501,14-06-2023,Male,45-54,Jacksonville,FL,Organic Search,Active
5502,CUST-05502,05-10-2025,Male,25-34,Houston,TX,Paid Search,Active
5503,CUST-05503,11-08-2024,Male,35-44,Houston,TX,Email,Active
5504,CUST-05504,14-05-2024,Male,45-54,Atlanta,GA,Paid Search,Active
5505,CUST-05505,14-01-2024,Female,18-24,Portland,OR,Paid Search,Active
5506,CUST-05506,15-02-2024,Female,45-54,Chicago,IL,Direct,Active
5507,CUST-05507,13-08-2024,Female,45-54,Denver,CO,Social Media,Active
5508,CUST-05508,08-11-2025,Male,35-44,Las Vegas,NV,Organic Search,Active
5509,CUST-05509,08-09-2025,Female,35-44,Denver,CO,Referral,Active
5510,CUST-05510,27-11-2025,Non-binary,45-54,Los Angeles,CA,Direct,Active
5511,CUST-05511,20-08-2023,Male,45-54,Houston,TX,Direct,Active
5512,CUST-05512,21-07-2024,Male,35-44,Miami,FL,Email,Inactive
5513,CUST-05513,06-03-2025,Female,45-54,Los Angeles,CA,Social Media,Active
5514,CUST-05514,01-02-2024,Female,65+,Austin,TX,Social Media,Active
5515,CUST-05515,15-02-2024,Male,25-34,Seattle,WA,Paid Search,Active
5516,CUST-05516,15-03-2024,Female,45-54,San Jose,CA,Organic Search,Active
5517,CUST-05517,04-02-2025,Prefer not to say,18-24,Nashville,TN,Social Media,Active
5518,CUST-05518,27-08-2023,Male,55-64,San Antonio,TX,Social Media,Active
5519,CUST-05519,23-07-2023,Male,25-34,Nashville,TN,Social Media,Active
5520,CUST-05520,27-02-2024,Male,18-24,Dallas,TX,Organic Search,Active
5521,CUST-05521,14-10-2025,Non-binary,25-34,San Diego,CA,Organic Search,Active
5522,CUST-05522,25-10-2023,Non-binary,25-34,Austin,TX,Organic Search,Active
5523,CUST-05523,23-04-2024,Female,55-64,Miami,FL,Email,Active
5524,CUST-05524,01-05-2025,Male,25-34,Atlanta,GA,Paid Search,Active
5525,CUST-05525,12-05-2025,Male,35-44,Washington,DC,Social Media,Active
5526,CUST-05526,10-08-2024,Female,18-24,Dallas,TX,Direct,Active
5527,CUST-05527,13-08-2025,Male,45-54,Washington,DC,Organic Search,Active
5528,CUST-05528,17-05-2025,Female,35-44,Las Vegas,NV,Referral,Inactive
5529,CUST-05529,08-07-2023,Female,35-44,Philadelphia,PA,Social Media,Inactive
5530,CUST-05530,30-08-2024,Male,35-44,Boston,MA,Social Media,Inactive
5531,CUST-05531,11-03-2025,Male,25-34,Houston,TX,Paid Search,Active
5532,CUST-05532,08-03-2024,Female,55-64,New York,NY,Social Media,Active
5533,CUST-05533,21-10-2024,Female,18-24,San Diego,CA,Email,Active
5534,CUST-05534,21-04-2025,Female,45-54,Nashville,TN,Email,Active
5535,CUST-05535,28-04-2024,Male,25-34,Jacksonville,FL,Email,Active
5536,CUST-05536,25-07-2025,Male,55-64,Fort Worth,TX,Email,Active
5537,CUST-05537,14-12-2023,Female,35-44,Philadelphia,PA,Organic Search,Active
5538,CUST-05538,03-09-2025,Male,45-54,Houston,TX,Social Media,Active
5539,CUST-05539,17-11-2025,Male,18-24,San Jose,CA,Referral,Active
5540,CUST-05540,14-07-2024,Male,35-44,Austin,TX,Referral,Active
5541,CUST-05541,14-05-2024,Female,65+,Atlanta,GA,Direct,Active
5542,CUST-05542,12-02-2024,Male,25-34,Charlotte,NC,Social Media,Active
5543,CUST-05543,21-11-2024,Female,18-24,New York,NY,Social Media,Active
5544,CUST-05544,14-09-2024,Male,55-64,Austin,TX,Email,Active
5545,CUST-05545,20-09-2025,Male,45-54,Philadelphia,PA,Paid Search,Active
5546,CUST-05546,14-11-2023,Female,18-24,Houston,TX,Paid Search,Active
5547,CUST-05547,22-11-2025,Female,45-54,Denver,CO,Direct,Active
5548,CUST-05548,08-12-2024,Female,55-64,Los Angeles,CA,Email,Active
5549,CUST-05549,20-09-2025,Female,45-54,Charlotte,NC,Social Media,Active
5550,CUST-05550,28-03-2024,Female,25-34,Jacksonville,FL,Direct,Active
5551,CUST-05551,16-10-2023,Male,35-44,Denver,CO,Email,Active
5552,CUST-05552,25-11-2023,Male,45-54,Charlotte,NC,Email,Active
5553,CUST-05553,07-06-2025,Male,18-24,Washington,DC,Organic Search,Active
5554,CUST-05554,11-08-2025,Female,25-34,Austin,TX,Organic Search,Active
5555,CUST-05555,02-07-2025,Male,65+,Fort Worth,TX,Social Media,Active
5556,CUST-05556,03-07-2024,Male,25-34,Chicago,IL,Paid Search,Active
5557,CUST-05557,26-11-2025,Female,45-54,Jacksonville,FL,Social Media,Active
5558,CUST-05558,20-12-2023,Male,18-24,Washington,DC,Organic Search,Active
5559,CUST-05559,19-12-2023,Non-binary,25-34,New York,NY,Direct,Inactive
5560,CUST-05560,05-12-2023,Female,55-64,Los Angeles,CA,Organic Search,Active
5561,CUST-05561,17-11-2025,Female,55-64,Seattle,WA,Organic Search,Active
5562,CUST-05562,11-01-2025,Male,35-44,Phoenix,AZ,Paid Search,Inactive
5563,CUST-05563,30-03-2025,Male,18-24,Columbus,OH,Organic Search,Active
5564,CUST-05564,03-04-2024,Female,45-54,San Jose,CA,Social Media,Active
5565,CUST-05565,07-05-2025,Female,35-44,San Diego,CA,Paid Search,Active
5566,CUST-05566,10-10-2024,Female,55-64,Jacksonville,FL,Organic Search,Active
5567,CUST-05567,24-12-2023,Female,45-54,Los Angeles,CA,Email,Active
5568,CUST-05568,14-10-2023,Male,45-54,Nashville,TN,Paid Search,Active
5569,CUST-05569,17-09-2023,Female,45-54,Charlotte,NC,Paid Search,Active
5570,CUST-05570,31-03-2024,Female,25-34,Jacksonville,FL,Social Media,Active
5571,CUST-05571,24-10-2023,Female,55-64,Los Angeles,CA,Referral,Active
5572,CUST-05572,11-06-2025,Female,35-44,San Diego,CA,Referral,Active
5573,CUST-05573,21-12-2023,Male,25-34,Jacksonville,FL,Direct,Active
5574,CUST-05574,10-06-2024,Male,35-44,New York,NY,Social Media,Active
5575,CUST-05575,24-09-2023,Female,55-64,Chicago,IL,Paid Search,Active
5576,CUST-05576,19-10-2024,Female,25-34,Dallas,TX,Direct,Active
5577,CUST-05577,23-11-2023,Female,45-54,Chicago,IL,Paid Search,Active
5578,CUST-05578,03-07-2024,Female,25-34,Austin,TX,Direct,Active
5579,CUST-05579,08-10-2024,Male,45-54,Nashville,TN,Email,Active
5580,CUST-05580,05-02-2025,Female,25-34,San Diego,CA,Social Media,Active
5581,CUST-05581,23-08-2024,Female,35-44,Portland,OR,Direct,Active
5582,CUST-05582,28-02-2024,Male,18-24,Dallas,TX,Direct,Inactive
5583,CUST-05583,22-10-2024,Female,45-54,San Antonio,TX,Email,Active
5584,CUST-05584,14-12-2023,Non-binary,25-34,Chicago,IL,Email,Active
5585,CUST-05585,01-10-2025,Male,35-44,Washington,DC,Email,Active
5586,CUST-05586,30-11-2023,Male,35-44,Phoenix,AZ,Referral,Active
5587,CUST-05587,25-09-2025,Female,45-54,Chicago,IL,Social Media,Inactive
5588,CUST-05588,04-11-2023,Male,35-44,Las Vegas,NV,Paid Search,Active
5589,CUST-05589,26-10-2023,Female,25-34,San Jose,CA,Organic Search,Active
5590,CUST-05590,03-07-2023,Male,45-54,Seattle,WA,Organic Search,Inactive
5591,CUST-05591,25-07-2024,Female,25-34,Phoenix,AZ,Organic Search,Active
5592,CUST-05592,28-08-2024,Female,35-44,San Diego,CA,Direct,Active
5593,CUST-05593,30-10-2023,Male,35-44,San Diego,CA,Organic Search,Active
5594,CUST-05594,03-09-2025,Female,35-44,Chicago,IL,Social Media,Active
5595,CUST-05595,19-11-2024,Female,18-24,Charlotte,NC,Organic Search,Active
5596,CUST-05596,15-05-2024,Male,18-24,San Antonio,TX,Referral,Active
5597,CUST-05597,15-10-2025,Male,45-54,Philadelphia,PA,Paid Search,Inactive
5598,CUST-05598,14-12-2023,Female,35-44,Los Angeles,CA,Email,Inactive
5599,CUST-05599,19-09-2023,Prefer not to say,25-34,Denver,CO,Paid Search,Active
5600,CUST-05600,01-11-2023,Male,25-34,Houston,TX,Email,Active
5601,CUST-05601,18-02-2024,Male,45-54,Phoenix,AZ,Social Media,Active
5602,CUST-05602,22-08-2025,Female,45-54,Denver,CO,Email,Active
5603,CUST-05603,28-12-2023,Male,35-44,San Diego,CA,Email,Active
5604,CUST-05604,02-12-2024,Male,35-44,Boston,MA,Social Media,Active
5605,CUST-05605,21-06-2023,Female,35-44,Jacksonville,FL,Referral,Active
5606,CUST-05606,12-11-2024,Male,25-34,Houston,TX,Direct,Active
5607,CUST-05607,20-10-2025,Non-binary,35-44,New York,NY,Referral,Active
5608,CUST-05608,05-11-2023,Female,25-34,New York,NY,Paid Search,Inactive
5609,CUST-05609,02-11-2025,Female,35-44,Phoenix,AZ,Organic Search,Active
5610,CUST-05610,01-02-2025,Female,55-64,Houston,TX,Paid Search,Active
5611,CUST-05611,31-05-2025,Male,45-54,Phoenix,AZ,Organic Search,Inactive
5612,CUST-05612,01-09-2024,Female,45-54,Chicago,IL,Email,Active
5613,CUST-05613,20-05-2025,Female,45-54,Dallas,TX,Organic Search,Active
5614,CUST-05614,10-06-2023,Female,25-34,Denver,CO,Paid Search,Inactive
5615,CUST-05615,09-08-2025,Male,45-54,Nashville,TN,Referral,Active
5616,CUST-05616,24-03-2024,Female,25-34,Columbus,OH,Direct,Active
5617,CUST-05617,24-06-2023,Female,18-24,Houston,TX,Social Media,Active
5618,CUST-05618,20-07-2023,Male,35-44,Fort Worth,TX,Direct,Active
5619,CUST-05619,22-09-2023,Female,35-44,Houston,TX,Email,Active
5620,CUST-05620,28-01-2024,Female,45-54,Phoenix,AZ,Referral,Active
5621,CUST-05621,10-10-2024,Female,35-44,Denver,CO,Organic Search,Active
5622,CUST-05622,03-01-2024,Female,25-34,New York,NY,Paid Search,Active
5623,CUST-05623,04-08-2023,Female,35-44,Boston,MA,Referral,Active
5624,CUST-05624,23-07-2024,Male,25-34,San Antonio,TX,Paid Search,Active
5625,CUST-05625,16-01-2024,Female,35-44,Portland,OR,Paid Search,Active
5626,CUST-05626,26-10-2025,Male,55-64,San Antonio,TX,Referral,Active
5627,CUST-05627,30-04-2024,Male,35-44,Phoenix,AZ,Organic Search,Active
5628,CUST-05628,28-08-2023,Male,25-34,Phoenix,AZ,Social Media,Active
5629,CUST-05629,03-07-2024,Female,45-54,Phoenix,AZ,Social Media,Active
5630,CUST-05630,17-01-2024,Female,35-44,Miami,FL,Email,Active
5631,CUST-05631,05-07-2023,Female,55-64,New York,NY,Email,Active
5632,CUST-05632,23-01-2025,Male,25-34,Jacksonville,FL,Paid Search,Active
5633,CUST-05633,23-11-2024,Male,18-24,Chicago,IL,Organic Search,Active
5634,CUST-05634,28-08-2025,Female,55-64,Phoenix,AZ,Referral,Active
5635,CUST-05635,05-03-2025,Female,35-44,Austin,TX,Email,Active
5636,CUST-05636,11-02-2025,Female,35-44,Nashville,TN,Email,Active
5637,CUST-05637,15-07-2023,Male,45-54,San Jose,CA,Social Media,Active
5638,CUST-05638,26-01-2024,Male,55-64,Houston,TX,Email,Active
5639,CUST-05639,14-05-2025,Female,45-54,Phoenix,AZ,Organic Search,Active
5640,CUST-05640,14-11-2023,Male,45-54,San Diego,CA,Paid Search,Active
5641,CUST-05641,09-10-2023,Female,65+,Atlanta,GA,Referral,Active
5642,CUST-05642,28-06-2023,Prefer not to say,25-34,Chicago,IL,Social Media,Active
5643,CUST-05643,03-09-2023,Female,25-34,San Diego,CA,Organic Search,Active
5644,CUST-05644,31-10-2023,Female,55-64,Miami,FL,Referral,Active
5645,CUST-05645,28-12-2023,Female,55-64,New York,NY,Paid Search,Active
5646,CUST-05646,08-01-2025,Male,18-24,Fort Worth,TX,Direct,Active
5647,CUST-05647,20-08-2023,Female,25-34,San Antonio,TX,Direct,Inactive
5648,CUST-05648,23-08-2023,Female,35-44,Los Angeles,CA,Organic Search,Active
5649,CUST-05649,17-08-2024,Male,55-64,Austin,TX,Referral,Active
5650,CUST-05650,09-05-2024,Female,25-34,San Diego,CA,Direct,Active
5651,CUST-05651,17-09-2023,Male,35-44,San Diego,CA,Paid Search,Active
5652,CUST-05652,08-06-2024,Female,35-44,San Jose,CA,Direct,Inactive
5653,CUST-05653,08-12-2023,Female,65+,Columbus,OH,Social Media,Active
5654,CUST-05654,17-01-2025,Male,25-34,Los Angeles,CA,Paid Search,Active
5655,CUST-05655,21-09-2024,Male,18-24,Dallas,TX,Social Media,Active
5656,CUST-05656,21-07-2025,Female,35-44,Charlotte,NC,Paid Search,Active
5657,CUST-05657,17-01-2024,Male,18-24,Los Angeles,CA,Social Media,Active
5658,CUST-05658,05-02-2024,Female,18-24,Fort Worth,TX,Social Media,Active
5659,CUST-05659,04-06-2023,Non-binary,35-44,Chicago,IL,Social Media,Active
5660,CUST-05660,18-05-2025,Prefer not to say,25-34,San Jose,CA,Direct,Inactive
5661,CUST-05661,26-03-2024,Prefer not to say,55-64,Columbus,OH,Organic Search,Active
5662,CUST-05662,27-12-2023,Male,55-64,Phoenix,AZ,Social Media,Active
5663,CUST-05663,15-04-2025,Female,25-34,Jacksonville,FL,Referral,Active
5664,CUST-05664,18-11-2024,Female,55-64,Philadelphia,PA,Referral,Active
5665,CUST-05665,25-12-2023,Male,25-34,Chicago,IL,Paid Search,Active
5666,CUST-05666,23-10-2025,Prefer not to say,45-54,San Jose,CA,Paid Search,Active
5667,CUST-05667,12-08-2024,Male,55-64,Philadelphia,PA,Social Media,Active
5668,CUST-05668,26-01-2024,Female,25-34,Los Angeles,CA,Organic Search,Active
5669,CUST-05669,18-02-2025,Female,25-34,Chicago,IL,Organic Search,Active
5670,CUST-05670,25-09-2025,Female,35-44,Philadelphia,PA,Email,Inactive
5671,CUST-05671,25-09-2023,Female,35-44,San Antonio,TX,Email,Active
5672,CUST-05672,27-06-2023,Male,25-34,Portland,OR,Organic Search,Active
5673,CUST-05673,31-12-2023,Female,55-64,Fort Worth,TX,Paid Search,Active
5674,CUST-05674,16-06-2024,Non-binary,35-44,Columbus,OH,Email,Active
5675,CUST-05675,31-03-2024,Female,45-54,Columbus,OH,Referral,Active
5676,CUST-05676,25-07-2023,Female,25-34,Charlotte,NC,Social Media,Active
5677,CUST-05677,14-09-2024,Female,18-24,New York,NY,Direct,Active
5678,CUST-05678,04-09-2023,Female,35-44,Charlotte,NC,Email,Active
5679,CUST-05679,20-07-2023,Male,18-24,San Diego,CA,Direct,Active
5680,CUST-05680,26-02-2024,Female,55-64,San Jose,CA,Direct,Active
5681,CUST-05681,27-09-2023,Male,55-64,Columbus,OH,Email,Active
5682,CUST-05682,31-07-2023,Male,25-34,San Antonio,TX,Referral,Active
5683,CUST-05683,02-07-2025,Male,25-34,Boston,MA,Organic Search,Active
5684,CUST-05684,03-12-2023,Male,65+,Jacksonville,FL,Organic Search,Active
5685,CUST-05685,14-01-2024,Male,45-54,Columbus,OH,Paid Search,Active
5686,CUST-05686,18-03-2025,Male,35-44,San Jose,CA,Organic Search,Active
5687,CUST-05687,14-03-2024,Male,55-64,Columbus,OH,Referral,Active
5688,CUST-05688,01-04-2025,Female,35-44,Nashville,TN,Direct,Active
5689,CUST-05689,12-07-2023,Male,25-34,San Antonio,TX,Organic Search,Active
5690,CUST-05690,03-01-2025,Male,45-54,Miami,FL,Direct,Active
5691,CUST-05691,11-08-2023,Male,45-54,Washington,DC,Direct,Active
5692,CUST-05692,10-08-2023,Male,45-54,Chicago,IL,Email,Inactive
5693,CUST-05693,08-08-2024,Female,18-24,Los Angeles,CA,Referral,Active
5694,CUST-05694,07-05-2025,Male,55-64,Nashville,TN,Social Media,Active
5695,CUST-05695,05-12-2024,Male,25-34,Los Angeles,CA,Social Media,Active
5696,CUST-05696,09-06-2024,Female,35-44,Dallas,TX,Direct,Active
5697,CUST-05697,13-07-2025,Female,35-44,San Antonio,TX,Organic Search,Active
5698,CUST-05698,24-07-2023,Female,55-64,Las Vegas,NV,Paid Search,Active
5699,CUST-05699,17-08-2024,Male,45-54,New York,NY,Referral,Inactive
5700,CUST-05700,08-01-2024,Male,55-64,Houston,TX,Paid Search,Active
5701,CUST-05701,01-05-2024,Female,35-44,San Antonio,TX,Social Media,Active
5702,CUST-05702,19-10-2023,Male,65+,Charlotte,NC,Referral,Active
5703,CUST-05703,02-11-2023,Male,18-24,Denver,CO,Social Media,Active
5704,CUST-05704,27-09-2025,Male,25-34,Washington,DC,Paid Search,Active
5705,CUST-05705,29-11-2024,Male,25-34,San Jose,CA,Organic Search,Active
5706,CUST-05706,22-02-2025,Female,65+,Los Angeles,CA,Social Media,Active
5707,CUST-05707,24-10-2023,Female,18-24,Houston,TX,Paid Search,Active
5708,CUST-05708,29-03-2024,Non-binary,45-54,Houston,TX,Social Media,Active
5709,CUST-05709,13-06-2024,Male,65+,Washington,DC,Organic Search,Active
5710,CUST-05710,11-11-2025,Female,35-44,Austin,TX,Email,Active
5711,CUST-05711,13-03-2024,Male,18-24,Austin,TX,Paid Search,Active
5712,CUST-05712,03-07-2023,Male,45-54,Chicago,IL,Paid Search,Active
5713,CUST-05713,06-10-2023,Female,35-44,San Jose,CA,Social Media,Inactive
5714,CUST-05714,12-03-2024,Male,25-34,Miami,FL,Referral,Active
5715,CUST-05715,13-03-2024,Female,45-54,San Antonio,TX,Direct,Active
5716,CUST-05716,03-10-2023,Female,25-34,Chicago,IL,Referral,Active
5717,CUST-05717,29-08-2023,Female,35-44,Boston,MA,Direct,Active
5718,CUST-05718,22-07-2024,Female,25-34,Seattle,WA,Direct,Active
5719,CUST-05719,03-02-2024,Female,65+,Nashville,TN,Organic Search,Active
5720,CUST-05720,03-05-2025,Female,65+,Nashville,TN,Email,Active
5721,CUST-05721,20-09-2024,Female,35-44,Austin,TX,Direct,Active
5722,CUST-05722,15-08-2025,Male,35-44,Columbus,OH,Paid Search,Active
5723,CUST-05723,19-03-2024,Female,25-34,San Antonio,TX,Email,Active
5724,CUST-05724,09-12-2024,Male,25-34,San Diego,CA,Direct,Active
5725,CUST-05725,01-11-2023,Male,35-44,New York,NY,Email,Active
5726,CUST-05726,19-03-2025,Female,25-34,Charlotte,NC,Referral,Active
5727,CUST-05727,04-08-2024,Non-binary,35-44,Houston,TX,Organic Search,Inactive
5728,CUST-05728,04-11-2025,Non-binary,55-64,Seattle,WA,Direct,Active
5729,CUST-05729,14-09-2023,Female,25-34,Houston,TX,Email,Active
5730,CUST-05730,22-11-2025,Male,35-44,Seattle,WA,Organic Search,Inactive
5731,CUST-05731,15-08-2024,Non-binary,65+,Portland,OR,Paid Search,Active
5732,CUST-05732,28-08-2023,Male,55-64,Denver,CO,Paid Search,Active
5733,CUST-05733,11-08-2023,Female,25-34,Denver,CO,Organic Search,Active
5734,CUST-05734,17-08-2025,Male,45-54,Chicago,IL,Direct,Active
5735,CUST-05735,06-08-2025,Male,25-34,Seattle,WA,Email,Active
5736,CUST-05736,02-12-2024,Male,35-44,New York,NY,Paid Search,Active
5737,CUST-05737,08-07-2024,Male,25-34,Los Angeles,CA,Paid Search,Active
5738,CUST-05738,06-10-2025,Male,25-34,Houston,TX,Direct,Inactive
5739,CUST-05739,12-04-2025,Female,25-34,Denver,CO,Referral,Active
5740,CUST-05740,10-07-2025,Non-binary,25-34,New York,NY,Paid Search,Active
5741,CUST-05741,09-01-2024,Prefer not to say,35-44,Jacksonville,FL,Email,Active
5742,CUST-05742,15-06-2023,Male,18-24,Chicago,IL,Organic Search,Active
5743,CUST-05743,14-12-2023,Female,55-64,Washington,DC,Paid Search,Active
5744,CUST-05744,04-02-2025,Female,25-34,Dallas,TX,Paid Search,Active
5745,CUST-05745,03-09-2023,Female,25-34,Dallas,TX,Organic Search,Active
5746,CUST-05746,18-10-2024,Female,18-24,Atlanta,GA,Direct,Inactive
5747,CUST-05747,16-07-2023,Male,25-34,Boston,MA,Paid Search,Inactive
5748,CUST-05748,06-11-2025,Prefer not to say,35-44,Philadelphia,PA,Direct,Active
5749,CUST-05749,13-07-2023,Female,25-34,Denver,CO,Direct,Active
5750,CUST-05750,05-03-2024,Female,25-34,San Jose,CA,Email,Active
5751,CUST-05751,16-09-2023,Female,35-44,Atlanta,GA,Direct,Inactive
5752,CUST-05752,05-07-2023,Male,55-64,New York,NY,Paid Search,Active
5753,CUST-05753,04-08-2025,Male,18-24,Jacksonville,FL,Organic Search,Active
5754,CUST-05754,18-12-2023,Female,18-24,Seattle,WA,Email,Active
5755,CUST-05755,24-05-2025,Female,55-64,Charlotte,NC,Organic Search,Active
5756,CUST-05756,23-09-2023,Male,18-24,Houston,TX,Organic Search,Active
5757,CUST-05757,01-08-2023,Non-binary,35-44,Chicago,IL,Referral,Inactive
5758,CUST-05758,01-06-2024,Female,25-34,Atlanta,GA,Organic Search,Inactive
5759,CUST-05759,31-03-2025,Female,18-24,Fort Worth,TX,Social Media,Active
5760,CUST-05760,06-06-2025,Male,35-44,Houston,TX,Paid Search,Active
5761,CUST-05761,08-10-2023,Female,35-44,Philadelphia,PA,Referral,Active
5762,CUST-05762,01-06-2024,Female,18-24,Los Angeles,CA,Social Media,Active
5763,CUST-05763,03-12-2023,Female,45-54,Columbus,OH,Email,Active
5764,CUST-05764,22-10-2023,Male,35-44,New York,NY,Referral,Active
5765,CUST-05765,25-01-2024,Female,25-34,San Diego,CA,Email,Active
5766,CUST-05766,09-05-2025,Male,18-24,Austin,TX,Email,Active
5767,CUST-05767,01-12-2024,Male,55-64,Portland,OR,Referral,Active
5768,CUST-05768,02-12-2024,Male,35-44,Las Vegas,NV,Social Media,Active
5769,CUST-05769,15-08-2023,Female,45-54,Chicago,IL,Paid Search,Active
5770,CUST-05770,23-04-2025,Female,25-34,Miami,FL,Social Media,Active
5771,CUST-05771,17-12-2023,Male,25-34,San Jose,CA,Email,Active
5772,CUST-05772,16-08-2023,Male,18-24,New York,NY,Referral,Active
5773,CUST-05773,12-12-2024,Female,25-34,Austin,TX,Email,Active
5774,CUST-05774,22-09-2023,Female,25-34,Denver,CO,Organic Search,Active
5775,CUST-05775,19-08-2023,Non-binary,25-34,Philadelphia,PA,Referral,Active
5776,CUST-05776,17-03-2024,Non-binary,35-44,Dallas,TX,Paid Search,Active
5777,CUST-05777,27-11-2023,Male,35-44,Nashville,TN,Organic Search,Active
5778,CUST-05778,09-11-2025,Male,35-44,San Diego,CA,Paid Search,Active
5779,CUST-05779,28-07-2025,Male,35-44,Los Angeles,CA,Email,Active
5780,CUST-05780,19-09-2024,Female,25-34,Columbus,OH,Referral,Active
5781,CUST-05781,24-07-2023,Male,45-54,Miami,FL,Referral,Active
5782,CUST-05782,17-07-2024,Male,18-24,Chicago,IL,Referral,Active
5783,CUST-05783,23-01-2024,Prefer not to say,25-34,Boston,MA,Social Media,Active
5784,CUST-05784,02-04-2025,Female,45-54,Los Angeles,CA,Paid Search,Inactive
5785,CUST-05785,06-07-2023,Non-binary,55-64,Houston,TX,Email,Active
5786,CUST-05786,03-12-2023,Female,65+,Washington,DC,Paid Search,Active
5787,CUST-05787,02-07-2025,Male,35-44,San Antonio,TX,Email,Active
5788,CUST-05788,11-06-2023,Prefer not to say,45-54,San Antonio,TX,Email,Active
5789,CUST-05789,05-08-2023,Female,35-44,Dallas,TX,Direct,Inactive
5790,CUST-05790,06-08-2023,Female,45-54,Phoenix,AZ,Direct,Active
5791,CUST-05791,21-02-2024,Female,45-54,New York,NY,Paid Search,Active
5792,CUST-05792,15-10-2023,Female,25-34,Philadelphia,PA,Referral,Active
5793,CUST-05793,24-01-2024,Female,35-44,Los Angeles,CA,Paid Search,Inactive
5794,CUST-05794,24-08-2025,Female,55-64,Phoenix,AZ,Referral,Active
5795,CUST-05795,11-11-2023,Male,35-44,Columbus,OH,Direct,Active
5796,CUST-05796,21-12-2023,Female,45-54,Denver,CO,Direct,Active
5797,CUST-05797,14-12-2023,Male,25-34,San Jose,CA,Social Media,Active
5798,CUST-05798,27-10-2025,Male,35-44,Dallas,TX,Social Media,Active
5799,CUST-05799,10-11-2023,Female,25-34,Chicago,IL,Organic Search,Active
5800,CUST-05800,07-07-2025,Female,55-64,Austin,TX,Organic Search,Inactive
5801,CUST-05801,07-04-2025,Female,35-44,Los Angeles,CA,Social Media,Active
5802,CUST-05802,30-07-2025,Male,45-54,Las Vegas,NV,Organic Search,Active
5803,CUST-05803,10-06-2023,Female,65+,San Diego,CA,Paid Search,Inactive
5804,CUST-05804,30-04-2025,Male,25-34,Dallas,TX,Referral,Active
5805,CUST-05805,19-06-2023,Female,45-54,Atlanta,GA,Paid Search,Active
5806,CUST-05806,24-11-2025,Male,45-54,Nashville,TN,Organic Search,Active
5807,CUST-05807,26-07-2024,Male,55-64,Phoenix,AZ,Paid Search,Active
5808,CUST-05808,18-11-2025,Female,25-34,Chicago,IL,Email,Active
5809,CUST-05809,21-10-2025,Male,55-64,Las Vegas,NV,Organic Search,Active
5810,CUST-05810,12-02-2024,Male,35-44,Seattle,WA,Paid Search,Active
5811,CUST-05811,30-01-2025,Male,25-34,Jacksonville,FL,Paid Search,Active
5812,CUST-05812,19-11-2024,Male,55-64,Seattle,WA,Direct,Active
5813,CUST-05813,04-12-2023,Male,18-24,Denver,CO,Paid Search,Inactive
5814,CUST-05814,28-05-2025,Male,18-24,Austin,TX,Organic Search,Active
5815,CUST-05815,02-05-2024,Male,35-44,Philadelphia,PA,Paid Search,Inactive
5816,CUST-05816,29-08-2023,Female,45-54,Dallas,TX,Paid Search,Active
5817,CUST-05817,15-07-2023,Female,35-44,Fort Worth,TX,Direct,Active
5818,CUST-05818,22-08-2023,Male,25-34,Houston,TX,Social Media,Active
5819,CUST-05819,11-10-2025,Female,45-54,Seattle,WA,Social Media,Active
5820,CUST-05820,08-01-2025,Male,25-34,Chicago,IL,Social Media,Active
5821,CUST-05821,13-07-2024,Female,25-34,Boston,MA,Organic Search,Active
5822,CUST-05822,31-12-2023,Female,25-34,Denver,CO,Direct,Active
5823,CUST-05823,23-09-2025,Male,55-64,Columbus,OH,Referral,Active
5824,CUST-05824,11-06-2025,Male,45-54,Miami,FL,Paid Search,Active
5825,CUST-05825,06-04-2024,Female,45-54,Phoenix,AZ,Email,Active
5826,CUST-05826,05-09-2023,Female,65+,Jacksonville,FL,Email,Active
5827,CUST-05827,12-03-2025,Male,35-44,San Antonio,TX,Organic Search,Inactive
5828,CUST-05828,24-04-2024,Female,25-34,Philadelphia,PA,Email,Active
5829,CUST-05829,21-09-2025,Male,35-44,Dallas,TX,Social Media,Active
5830,CUST-05830,16-09-2023,Female,25-34,Phoenix,AZ,Referral,Active
5831,CUST-05831,22-07-2025,Male,18-24,Denver,CO,Direct,Inactive
5832,CUST-05832,27-08-2023,Female,18-24,Portland,OR,Paid Search,Active
5833,CUST-05833,25-03-2024,Female,35-44,San Jose,CA,Referral,Active
5834,CUST-05834,01-05-2024,Male,35-44,San Diego,CA,Social Media,Inactive
5835,CUST-05835,03-08-2024,Male,25-34,Boston,MA,Paid Search,Inactive
5836,CUST-05836,03-11-2025,Female,25-34,New York,NY,Organic Search,Active
5837,CUST-05837,10-09-2025,Female,45-54,Dallas,TX,Direct,Active
5838,CUST-05838,24-09-2024,Female,18-24,Philadelphia,PA,Direct,Active
5839,CUST-05839,11-06-2024,Female,25-34,Columbus,OH,Email,Active
5840,CUST-05840,05-12-2024,Male,45-54,Charlotte,NC,Social Media,Active
5841,CUST-05841,11-08-2024,Male,35-44,Columbus,OH,Paid Search,Active
5842,CUST-05842,15-07-2024,Male,25-34,San Jose,CA,Referral,Active
5843,CUST-05843,20-07-2023,Female,18-24,San Jose,CA,Referral,Active
5844,CUST-05844,24-09-2025,Male,55-64,Columbus,OH,Email,Active
5845,CUST-05845,14-11-2023,Male,65+,Charlotte,NC,Social Media,Active
5846,CUST-05846,05-02-2025,Non-binary,35-44,Chicago,IL,Direct,Inactive
5847,CUST-05847,25-04-2025,Female,25-34,Dallas,TX,Email,Active
5848,CUST-05848,01-03-2024,Non-binary,35-44,Austin,TX,Social Media,Inactive
5849,CUST-05849,04-08-2023,Male,55-64,Philadelphia,PA,Referral,Active
5850,CUST-05850,23-11-2023,Male,25-34,Houston,TX,Organic Search,Active
5851,CUST-05851,03-11-2024,Female,45-54,Chicago,IL,Social Media,Active
5852,CUST-05852,17-07-2023,Male,25-34,New York,NY,Organic Search,Active
5853,CUST-05853,13-06-2025,Male,25-34,Philadelphia,PA,Email,Active
5854,CUST-05854,02-03-2024,Non-binary,25-34,Dallas,TX,Email,Active
5855,CUST-05855,25-01-2024,Male,18-24,Seattle,WA,Organic Search,Active
5856,CUST-05856,21-09-2023,Male,18-24,Fort Worth,TX,Direct,Active
5857,CUST-05857,15-01-2024,Prefer not to say,18-24,Fort Worth,TX,Paid Search,Active
5858,CUST-05858,04-10-2025,Male,18-24,Los Angeles,CA,Referral,Active
5859,CUST-05859,09-09-2024,Female,25-34,Los Angeles,CA,Direct,Inactive
5860,CUST-05860,06-03-2025,Female,18-24,San Jose,CA,Paid Search,Active
5861,CUST-05861,08-02-2024,Male,25-34,Atlanta,GA,Organic Search,Active
5862,CUST-05862,25-03-2025,Male,18-24,Chicago,IL,Social Media,Active
5863,CUST-05863,01-01-2025,Female,45-54,Boston,MA,Referral,Active
5864,CUST-05864,25-01-2024,Female,35-44,Houston,TX,Email,Active
5865,CUST-05865,23-08-2023,Male,25-34,Los Angeles,CA,Paid Search,Active
5866,CUST-05866,30-10-2023,Male,55-64,San Diego,CA,Direct,Active
5867,CUST-05867,12-10-2024,Female,55-64,San Antonio,TX,Organic Search,Active
5868,CUST-05868,03-12-2023,Female,35-44,Jacksonville,FL,Social Media,Active
5869,CUST-05869,22-09-2023,Male,25-34,Nashville,TN,Organic Search,Active
5870,CUST-05870,28-09-2025,Male,25-34,Miami,FL,Social Media,Active
5871,CUST-05871,30-11-2023,Female,55-64,Fort Worth,TX,Organic Search,Active
5872,CUST-05872,06-02-2024,Female,25-34,Portland,OR,Direct,Active
5873,CUST-05873,11-10-2023,Male,35-44,Seattle,WA,Paid Search,Active
5874,CUST-05874,19-05-2025,Female,18-24,Washington,DC,Organic Search,Active
5875,CUST-05875,31-08-2024,Male,45-54,Denver,CO,Social Media,Active
5876,CUST-05876,24-01-2024,Female,25-34,New York,NY,Direct,Active
5877,CUST-05877,05-10-2023,Female,18-24,Los Angeles,CA,Paid Search,Active
5878,CUST-05878,29-06-2025,Female,65+,Fort Worth,TX,Paid Search,Active
5879,CUST-05879,16-07-2024,Non-binary,25-34,Fort Worth,TX,Referral,Active
5880,CUST-05880,10-06-2024,Female,25-34,Nashville,TN,Email,Active
5881,CUST-05881,05-10-2023,Female,35-44,New York,NY,Direct,Active
5882,CUST-05882,02-06-2024,Female,55-64,Columbus,OH,Direct,Active
5883,CUST-05883,26-10-2023,Male,55-64,Las Vegas,NV,Organic Search,Active
5884,CUST-05884,16-12-2024,Female,55-64,New York,NY,Email,Active
5885,CUST-05885,30-11-2023,Female,25-34,San Antonio,TX,Referral,Active
5886,CUST-05886,13-02-2024,Male,55-64,Philadelphia,PA,Referral,Active
5887,CUST-05887,01-11-2025,Female,35-44,Nashville,TN,Paid Search,Active
5888,CUST-05888,15-10-2025,Male,35-44,Las Vegas,NV,Direct,Active
5889,CUST-05889,25-03-2025,Female,25-34,Columbus,OH,Direct,Active
5890,CUST-05890,20-04-2024,Male,35-44,San Diego,CA,Email,Inactive
5891,CUST-05891,11-02-2025,Female,25-34,San Antonio,TX,Direct,Active
5892,CUST-05892,10-08-2025,Female,45-54,Houston,TX,Social Media,Active
5893,CUST-05893,18-06-2023,Female,35-44,Philadelphia,PA,Organic Search,Active
5894,CUST-05894,02-05-2025,Male,55-64,San Antonio,TX,Organic Search,Active
5895,CUST-05895,11-03-2024,Female,18-24,Houston,TX,Organic Search,Inactive
5896,CUST-05896,08-05-2025,Female,55-64,Phoenix,AZ,Email,Active
5897,CUST-05897,03-07-2024,Male,25-34,Miami,FL,Social Media,Active
5898,CUST-05898,07-11-2025,Male,18-24,Jacksonville,FL,Direct,Active
5899,CUST-05899,13-01-2025,Male,25-34,Houston,TX,Paid Search,Active
5900,CUST-05900,25-10-2023,Male,25-34,Washington,DC,Email,Active
5901,CUST-05901,29-12-2023,Male,65+,Fort Worth,TX,Direct,Active
5902,CUST-05902,25-06-2023,Male,45-54,Denver,CO,Social Media,Active
5903,CUST-05903,30-10-2024,Male,18-24,Phoenix,AZ,Paid Search,Active
5904,CUST-05904,09-01-2024,Male,35-44,Jacksonville,FL,Social Media,Active
5905,CUST-05905,01-09-2024,Male,35-44,Portland,OR,Social Media,Active
5906,CUST-05906,06-09-2024,Female,25-34,San Jose,CA,Social Media,Active
5907,CUST-05907,23-12-2024,Female,25-34,Phoenix,AZ,Direct,Active
5908,CUST-05908,04-06-2024,Male,25-34,Fort Worth,TX,Referral,Active
5909,CUST-05909,17-06-2023,Female,45-54,Fort Worth,TX,Direct,Active
5910,CUST-05910,09-10-2023,Male,45-54,Philadelphia,PA,Organic Search,Active
5911,CUST-05911,09-08-2024,Female,35-44,Washington,DC,Organic Search,Inactive
5912,CUST-05912,05-03-2024,Male,25-34,Charlotte,NC,Direct,Active
5913,CUST-05913,20-05-2024,Male,18-24,San Antonio,TX,Paid Search,Active
5914,CUST-05914,08-09-2025,Male,25-34,San Jose,CA,Organic Search,Active
5915,CUST-05915,11-06-2023,Male,18-24,Houston,TX,Referral,Inactive
5916,CUST-05916,28-07-2023,Female,65+,Charlotte,NC,Email,Active
5917,CUST-05917,10-10-2025,Prefer not to say,25-34,Columbus,OH,Referral,Active
5918,CUST-05918,05-11-2023,Female,35-44,Charlotte,NC,Organic Search,Active
5919,CUST-05919,20-08-2023,Male,18-24,San Antonio,TX,Email,Active
5920,CUST-05920,29-05-2024,Male,25-34,San Diego,CA,Email,Active
5921,CUST-05921,03-11-2023,Male,25-34,New York,NY,Referral,Active
5922,CUST-05922,27-07-2023,Female,45-54,Philadelphia,PA,Email,Active
5923,CUST-05923,09-12-2024,Female,65+,Phoenix,AZ,Paid Search,Active
5924,CUST-05924,12-04-2025,Non-binary,55-64,Austin,TX,Paid Search,Active
5925,CUST-05925,03-08-2023,Male,35-44,Phoenix,AZ,Email,Active
5926,CUST-05926,21-07-2024,Female,45-54,New York,NY,Social Media,Active
5927,CUST-05927,28-06-2025,Female,35-44,Los Angeles,CA,Direct,Active
5928,CUST-05928,16-04-2024,Male,55-64,Phoenix,AZ,Social Media,Active
5929,CUST-05929,20-01-2025,Prefer not to say,35-44,Seattle,WA,Direct,Active
5930,CUST-05930,03-06-2024,Female,25-34,Columbus,OH,Email,Active
5931,CUST-05931,10-06-2024,Female,35-44,New York,NY,Organic Search,Active
5932,CUST-05932,20-10-2025,Male,25-34,Fort Worth,TX,Paid Search,Active
5933,CUST-05933,28-08-2024,Female,35-44,Boston,MA,Social Media,Active
5934,CUST-05934,22-12-2023,Female,35-44,Philadelphia,PA,Email,Active
5935,CUST-05935,20-08-2025,Female,18-24,San Jose,CA,Social Media,Active
5936,CUST-05936,02-02-2025,Female,55-64,Philadelphia,PA,Social Media,Active
5937,CUST-05937,02-07-2024,Female,65+,Phoenix,AZ,Social Media,Active
5938,CUST-05938,09-06-2024,Female,25-34,Philadelphia,PA,Organic Search,Active
5939,CUST-05939,06-09-2023,Female,45-54,Denver,CO,Organic Search,Active
5940,CUST-05940,25-04-2024,Male,18-24,New York,NY,Social Media,Active
5941,CUST-05941,31-08-2024,Male,18-24,Denver,CO,Email,Inactive
5942,CUST-05942,11-11-2025,Male,25-34,Columbus,OH,Direct,Active
5943,CUST-05943,03-03-2024,Male,45-54,Fort Worth,TX,Referral,Active
5944,CUST-05944,21-12-2023,Male,35-44,San Jose,CA,Social Media,Active
5945,CUST-05945,13-02-2025,Male,25-34,Seattle,WA,Referral,Active
5946,CUST-05946,19-07-2024,Female,55-64,Charlotte,NC,Social Media,Active
5947,CUST-05947,27-01-2025,Male,18-24,Seattle,WA,Organic Search,Active
5948,CUST-05948,01-07-2024,Female,35-44,Columbus,OH,Direct,Active
5949,CUST-05949,19-08-2023,Female,35-44,Charlotte,NC,Paid Search,Active
5950,CUST-05950,30-05-2024,Female,35-44,Portland,OR,Paid Search,Active
5951,CUST-05951,03-07-2023,Female,25-34,Nashville,TN,Email,Inactive
5952,CUST-05952,26-09-2025,Female,25-34,Los Angeles,CA,Social Media,Active
5953,CUST-05953,13-09-2023,Female,45-54,Phoenix,AZ,Direct,Active
5954,CUST-05954,28-11-2023,Male,45-54,San Diego,CA,Referral,Active
5955,CUST-05955,13-05-2024,Male,25-34,New York,NY,Paid Search,Active
5956,CUST-05956,20-08-2023,Female,45-54,New York,NY,Email,Active
5957,CUST-05957,18-11-2023,Female,18-24,San Jose,CA,Organic Search,Active
5958,CUST-05958,20-05-2024,Male,55-64,Los Angeles,CA,Direct,Active
5959,CUST-05959,09-10-2023,Female,25-34,Los Angeles,CA,Email,Active
5960,CUST-05960,10-04-2024,Male,55-64,Boston,MA,Direct,Active
5961,CUST-05961,30-11-2024,Male,35-44,Los Angeles,CA,Social Media,Active
5962,CUST-05962,11-02-2025,Female,45-54,New York,NY,Email,Active
5963,CUST-05963,13-09-2025,Male,25-34,Las Vegas,NV,Direct,Active
5964,CUST-05964,18-06-2024,Male,18-24,San Jose,CA,Referral,Active
5965,CUST-05965,16-12-2023,Female,25-34,Houston,TX,Organic Search,Active
5966,CUST-05966,15-04-2025,Male,45-54,Portland,OR,Organic Search,Active
5967,CUST-05967,17-04-2024,Male,55-64,Los Angeles,CA,Paid Search,Active
5968,CUST-05968,23-09-2024,Male,45-54,Denver,CO,Organic Search,Active
5969,CUST-05969,30-10-2023,Non-binary,55-64,San Antonio,TX,Email,Active
5970,CUST-05970,04-11-2023,Male,55-64,Charlotte,NC,Organic Search,Inactive
5971,CUST-05971,31-12-2023,Female,18-24,Boston,MA,Direct,Active
5972,CUST-05972,13-07-2023,Male,35-44,Columbus,OH,Direct,Active
5973,CUST-05973,11-06-2024,Female,35-44,San Antonio,TX,Paid Search,Active
5974,CUST-05974,29-01-2025,Female,25-34,Denver,CO,Email,Inactive
5975,CUST-05975,05-05-2024,Male,45-54,Philadelphia,PA,Email,Active
5976,CUST-05976,07-03-2024,Female,18-24,Las Vegas,NV,Direct,Inactive
5977,CUST-05977,10-11-2023,Female,18-24,Columbus,OH,Social Media,Active
5978,CUST-05978,06-08-2023,Female,35-44,Washington,DC,Paid Search,Active
5979,CUST-05979,25-11-2025,Female,35-44,Los Angeles,CA,Direct,Active
5980,CUST-05980,03-11-2025,Male,35-44,New York,NY,Social Media,Active
5981,CUST-05981,11-10-2025,Male,45-54,Los Angeles,CA,Organic Search,Active
5982,CUST-05982,09-08-2023,Non-binary,25-34,Columbus,OH,Social Media,Active
5983,CUST-05983,27-09-2025,Male,55-64,Seattle,WA,Direct,Active
5984,CUST-05984,28-08-2025,Female,45-54,Jacksonville,FL,Organic Search,Active
5985,CUST-05985,24-05-2025,Female,35-44,Jacksonville,FL,Paid Search,Active
5986,CUST-05986,30-08-2023,Male,25-34,San Antonio,TX,Paid Search,Active
5987,CUST-05987,24-10-2023,Female,35-44,Philadelphia,PA,Direct,Active
5988,CUST-05988,06-12-2023,Male,25-34,Phoenix,AZ,Paid Search,Active
5989,CUST-05989,19-03-2025,Male,18-24,New York,NY,Direct,Active
5990,CUST-05990,24-01-2025,Male,25-34,Miami,FL,Paid Search,Active
5991,CUST-05991,18-06-2025,Female,25-34,Jacksonville,FL,Paid Search,Active
5992,CUST-05992,24-02-2024,Male,65+,Seattle,WA,Social Media,Inactive
5993,CUST-05993,05-02-2025,Female,25-34,Phoenix,AZ,Referral,Inactive
5994,CUST-05994,01-06-2025,Male,35-44,Houston,TX,Organic Search,Active
5995,CUST-05995,21-01-2025,Male,25-34,Dallas,TX,Direct,Active
5996,CUST-05996,02-10-2025,Female,45-54,San Antonio,TX,Social Media,Active
5997,CUST-05997,11-06-2025,Male,18-24,Boston,MA,Referral,Active
5998,CUST-05998,18-05-2025,Female,45-54,Miami,FL,Paid Search,Active
5999,CUST-05999,12-01-2025,Male,35-44,Washington,DC,Paid Search,Active
6000,CUST-06000,29-07-2023,Female,45-54,Denver,CO,Direct,Active
6001,CUST-06001,30-09-2025,Male,25-34,New York,NY,Social Media,Active
6002,CUST-06002,17-10-2024,Female,45-54,Portland,OR,Organic Search,Active
6003,CUST-06003,12-06-2023,Female,25-34,Atlanta,GA,Social Media,Active
6004,CUST-06004,26-06-2024,Female,25-34,San Diego,CA,Paid Search,Active
6005,CUST-06005,05-02-2024,Female,25-34,Austin,TX,Organic Search,Active
6006,CUST-06006,24-01-2024,Male,45-54,Los Angeles,CA,Paid Search,Active
6007,CUST-06007,06-08-2025,Female,25-34,Miami,FL,Email,Active
6008,CUST-06008,03-05-2024,Male,35-44,Washington,DC,Direct,Active
6009,CUST-06009,01-01-2025,Female,25-34,New York,NY,Referral,Active
6010,CUST-06010,06-03-2024,Male,65+,Miami,FL,Referral,Active
6011,CUST-06011,20-12-2024,Female,25-34,Seattle,WA,Paid Search,Active
6012,CUST-06012,26-07-2025,Male,25-34,New York,NY,Organic Search,Active
6013,CUST-06013,24-09-2023,Male,45-54,Los Angeles,CA,Organic Search,Active
6014,CUST-06014,28-12-2024,Female,45-54,New York,NY,Email,Active
6015,CUST-06015,03-01-2024,Male,55-64,Portland,OR,Organic Search,Active
6016,CUST-06016,14-09-2023,Female,55-64,Austin,TX,Organic Search,Active
6017,CUST-06017,28-04-2024,Non-binary,55-64,Boston,MA,Organic Search,Active
6018,CUST-06018,26-10-2024,Male,25-34,San Diego,CA,Organic Search,Active
6019,CUST-06019,09-07-2025,Male,25-34,Houston,TX,Direct,Active
6020,CUST-06020,23-08-2023,Male,45-54,Houston,TX,Direct,Active
6021,CUST-06021,26-08-2024,Male,45-54,San Jose,CA,Direct,Active
6022,CUST-06022,18-03-2024,Male,45-54,Houston,TX,Paid Search,Active
6023,CUST-06023,25-10-2025,Male,25-34,Atlanta,GA,Paid Search,Active
6024,CUST-06024,26-08-2024,Prefer not to say,45-54,Fort Worth,TX,Email,Active
6025,CUST-06025,11-08-2025,Non-binary,35-44,San Antonio,TX,Referral,Active
6026,CUST-06026,28-01-2024,Female,25-34,Houston,TX,Social Media,Active
6027,CUST-06027,27-05-2024,Female,25-34,Phoenix,AZ,Paid Search,Active
6028,CUST-06028,12-05-2024,Non-binary,35-44,New York,NY,Social Media,Active
6029,CUST-06029,30-12-2023,Male,25-34,San Antonio,TX,Social Media,Active
6030,CUST-06030,15-10-2024,Female,65+,Seattle,WA,Direct,Active
6031,CUST-06031,09-04-2025,Female,35-44,Charlotte,NC,Referral,Active
6032,CUST-06032,01-02-2024,Female,45-54,Portland,OR,Social Media,Active
6033,CUST-06033,07-07-2024,Male,35-44,Columbus,OH,Organic Search,Active
6034,CUST-06034,26-01-2024,Female,35-44,Miami,FL,Organic Search,Active
6035,CUST-06035,26-07-2023,Male,35-44,Austin,TX,Organic Search,Inactive
6036,CUST-06036,27-06-2023,Male,45-54,Chicago,IL,Email,Active
6037,CUST-06037,26-07-2024,Non-binary,25-34,Fort Worth,TX,Social Media,Active
6038,CUST-06038,04-10-2023,Female,45-54,Portland,OR,Social Media,Inactive
6039,CUST-06039,30-04-2024,Female,35-44,Charlotte,NC,Direct,Active
6040,CUST-06040,29-08-2025,Female,65+,Philadelphia,PA,Email,Inactive
6041,CUST-06041,17-07-2025,Male,35-44,Dallas,TX,Organic Search,Active
6042,CUST-06042,05-07-2023,Female,45-54,New York,NY,Email,Active
6043,CUST-06043,05-05-2024,Male,18-24,San Diego,CA,Organic Search,Active
6044,CUST-06044,02-06-2025,Male,25-34,Boston,MA,Organic Search,Active
6045,CUST-06045,09-01-2025,Male,35-44,San Jose,CA,Email,Active
6046,CUST-06046,09-09-2025,Female,35-44,San Antonio,TX,Email,Active
6047,CUST-06047,22-04-2024,Male,25-34,Charlotte,NC,Social Media,Active
6048,CUST-06048,14-03-2025,Female,25-34,Los Angeles,CA,Email,Active
6049,CUST-06049,19-10-2024,Female,25-34,Los Angeles,CA,Referral,Active
6050,CUST-06050,26-09-2023,Male,45-54,Los Angeles,CA,Email,Active
6051,CUST-06051,09-10-2023,Female,35-44,Chicago,IL,Paid Search,Active
6052,CUST-06052,27-04-2024,Female,25-34,Houston,TX,Paid Search,Active
6053,CUST-06053,24-10-2023,Non-binary,45-54,Fort Worth,TX,Email,Active
6054,CUST-06054,20-11-2025,Female,25-34,Las Vegas,NV,Paid Search,Active
6055,CUST-06055,28-01-2024,Female,25-34,San Diego,CA,Email,Active
6056,CUST-06056,05-04-2025,Female,55-64,Nashville,TN,Organic Search,Active
6057,CUST-06057,26-10-2023,Female,25-34,Columbus,OH,Organic Search,Inactive
6058,CUST-06058,17-09-2024,Female,25-34,New York,NY,Referral,Active
6059,CUST-06059,16-07-2023,Male,55-64,San Jose,CA,Paid Search,Active
6060,CUST-06060,23-06-2023,Male,25-34,Fort Worth,TX,Paid Search,Active
6061,CUST-06061,19-08-2025,Female,45-54,Houston,TX,Paid Search,Active
6062,CUST-06062,06-04-2024,Male,55-64,Los Angeles,CA,Email,Active
6063,CUST-06063,25-01-2025,Non-binary,35-44,Dallas,TX,Paid Search,Active
6064,CUST-06064,23-07-2024,Female,45-54,New York,NY,Direct,Active
6065,CUST-06065,19-10-2023,Male,25-34,Columbus,OH,Email,Active
6066,CUST-06066,12-06-2024,Female,45-54,Chicago,IL,Direct,Active
6067,CUST-06067,26-01-2025,Male,25-34,Jacksonville,FL,Email,Active
6068,CUST-06068,04-04-2025,Male,25-34,Seattle,WA,Paid Search,Active
6069,CUST-06069,16-10-2024,Prefer not to say,25-34,Dallas,TX,Email,Active
6070,CUST-06070,13-07-2024,Male,25-34,Dallas,TX,Organic Search,Active
6071,CUST-06071,27-08-2025,Female,65+,Atlanta,GA,Direct,Active
6072,CUST-06072,24-04-2024,Female,55-64,Chicago,IL,Organic Search,Inactive
6073,CUST-06073,17-09-2025,Male,65+,Washington,DC,Social Media,Active
6074,CUST-06074,24-09-2025,Female,35-44,Denver,CO,Email,Inactive
6075,CUST-06075,07-02-2025,Female,18-24,Houston,TX,Social Media,Active
6076,CUST-06076,13-09-2024,Female,18-24,Philadelphia,PA,Social Media,Active
6077,CUST-06077,27-07-2025,Male,55-64,New York,NY,Referral,Active
6078,CUST-06078,12-10-2024,Male,25-34,Los Angeles,CA,Organic Search,Inactive
6079,CUST-06079,30-11-2023,Male,25-34,Los Angeles,CA,Social Media,Active
6080,CUST-06080,19-01-2024,Female,25-34,Columbus,OH,Organic Search,Active
6081,CUST-06081,22-06-2024,Female,18-24,New York,NY,Paid Search,Active
6082,CUST-06082,10-09-2023,Male,45-54,Houston,TX,Paid Search,Active
6083,CUST-06083,05-06-2024,Male,25-34,Columbus,OH,Referral,Active
6084,CUST-06084,25-08-2025,Male,45-54,Philadelphia,PA,Direct,Active
6085,CUST-06085,08-12-2023,Non-binary,35-44,New York,NY,Organic Search,Active
6086,CUST-06086,25-10-2025,Female,55-64,Seattle,WA,Direct,Active
6087,CUST-06087,19-11-2023,Female,25-34,New York,NY,Organic Search,Active
6088,CUST-06088,31-05-2024,Male,45-54,Miami,FL,Referral,Active
6089,CUST-06089,04-02-2025,Male,25-34,Boston,MA,Paid Search,Active
6090,CUST-06090,08-04-2024,Female,25-34,New York,NY,Paid Search,Active
6091,CUST-06091,06-10-2023,Female,55-64,New York,NY,Email,Inactive
6092,CUST-06092,14-02-2025,Female,25-34,Houston,TX,Social Media,Active
6093,CUST-06093,01-11-2025,Female,45-54,Phoenix,AZ,Social Media,Inactive
6094,CUST-06094,30-05-2024,Male,45-54,Boston,MA,Social Media,Active
6095,CUST-06095,11-08-2023,Male,55-64,New York,NY,Organic Search,Active
6096,CUST-06096,10-05-2024,Female,35-44,Columbus,OH,Social Media,Inactive
6097,CUST-06097,12-06-2023,Male,45-54,Boston,MA,Organic Search,Active
6098,CUST-06098,04-07-2025,Male,35-44,Denver,CO,Organic Search,Active
6099,CUST-06099,17-03-2025,Female,25-34,New York,NY,Direct,Active
6100,CUST-06100,24-01-2025,Female,35-44,Atlanta,GA,Social Media,Inactive
6101,CUST-06101,22-01-2024,Female,35-44,Chicago,IL,Social Media,Active
6102,CUST-06102,06-07-2025,Female,35-44,Phoenix,AZ,Organic Search,Inactive
6103,CUST-06103,18-10-2024,Female,45-54,Houston,TX,Direct,Active
6104,CUST-06104,27-01-2024,Female,55-64,San Antonio,TX,Organic Search,Active
6105,CUST-06105,31-07-2024,Male,55-64,San Antonio,TX,Social Media,Active
6106,CUST-06106,05-06-2025,Female,35-44,Charlotte,NC,Direct,Active
6107,CUST-06107,09-01-2025,Female,35-44,Chicago,IL,Social Media,Inactive
6108,CUST-06108,20-03-2025,Male,18-24,Los Angeles,CA,Referral,Active
6109,CUST-06109,30-01-2024,Male,25-34,San Jose,CA,Referral,Active
6110,CUST-06110,23-08-2023,Female,35-44,New York,NY,Organic Search,Inactive
6111,CUST-06111,29-05-2025,Male,25-34,Chicago,IL,Social Media,Active
6112,CUST-06112,11-08-2025,Female,18-24,Chicago,IL,Email,Active
6113,CUST-06113,16-08-2023,Female,18-24,San Diego,CA,Email,Active
6114,CUST-06114,22-04-2025,Male,45-54,Washington,DC,Referral,Active
6115,CUST-06115,13-07-2024,Male,25-34,Chicago,IL,Referral,Active
6116,CUST-06116,23-11-2024,Female,45-54,Los Angeles,CA,Email,Active
6117,CUST-06117,15-12-2023,Male,55-64,New York,NY,Email,Active
6118,CUST-06118,18-11-2025,Female,35-44,Los Angeles,CA,Referral,Active
6119,CUST-06119,20-09-2025,Female,35-44,Charlotte,NC,Organic Search,Active
6120,CUST-06120,13-08-2023,Male,35-44,Austin,TX,Social Media,Active
6121,CUST-06121,27-02-2024,Male,35-44,Phoenix,AZ,Referral,Active
6122,CUST-06122,15-06-2024,Male,18-24,Los Angeles,CA,Direct,Active
6123,CUST-06123,17-11-2023,Female,25-34,Atlanta,GA,Email,Active
6124,CUST-06124,11-02-2024,Male,25-34,Austin,TX,Email,Inactive
6125,CUST-06125,02-08-2025,Male,25-34,Portland,OR,Direct,Active
6126,CUST-06126,02-02-2024,Female,25-34,Chicago,IL,Organic Search,Active
6127,CUST-06127,19-07-2025,Female,45-54,Atlanta,GA,Referral,Active
6128,CUST-06128,02-01-2024,Male,25-34,Chicago,IL,Email,Active
6129,CUST-06129,28-05-2025,Female,45-54,Fort Worth,TX,Social Media,Active
6130,CUST-06130,21-09-2025,Female,25-34,Columbus,OH,Social Media,Active
6131,CUST-06131,26-11-2025,Female,25-34,Austin,TX,Referral,Active
6132,CUST-06132,11-01-2024,Female,18-24,Austin,TX,Direct,Active
6133,CUST-06133,02-07-2024,Female,45-54,Los Angeles,CA,Organic Search,Active
6134,CUST-06134,11-05-2024,Male,25-34,San Jose,CA,Direct,Active
6135,CUST-06135,02-05-2025,Male,18-24,Phoenix,AZ,Organic Search,Active
6136,CUST-06136,17-06-2024,Female,35-44,Philadelphia,PA,Organic Search,Active
6137,CUST-06137,26-05-2024,Male,35-44,Los Angeles,CA,Organic Search,Active
6138,CUST-06138,05-03-2024,Female,55-64,Seattle,WA,Referral,Active
6139,CUST-06139,23-02-2024,Male,35-44,Phoenix,AZ,Direct,Active
6140,CUST-06140,08-07-2024,Female,45-54,New York,NY,Email,Inactive
6141,CUST-06141,07-09-2024,Male,35-44,Miami,FL,Email,Active
6142,CUST-06142,26-02-2025,Female,35-44,Austin,TX,Referral,Active
6143,CUST-06143,01-12-2023,Male,35-44,Miami,FL,Direct,Active
6144,CUST-06144,03-06-2024,Male,35-44,Columbus,OH,Direct,Active
6145,CUST-06145,09-09-2023,Male,35-44,Phoenix,AZ,Organic Search,Active
6146,CUST-06146,03-02-2024,Female,35-44,Dallas,TX,Social Media,Active
6147,CUST-06147,20-10-2025,Female,45-54,San Antonio,TX,Social Media,Active
6148,CUST-06148,01-07-2025,Female,25-34,Phoenix,AZ,Referral,Active
6149,CUST-06149,16-09-2023,Female,55-64,Boston,MA,Direct,Active
6150,CUST-06150,24-08-2025,Female,35-44,Jacksonville,FL,Organic Search,Active
6151,CUST-06151,21-08-2023,Female,25-34,Los Angeles,CA,Referral,Active
6152,CUST-06152,25-04-2024,Male,18-24,San Diego,CA,Organic Search,Active
6153,CUST-06153,23-04-2024,Female,45-54,San Jose,CA,Email,Active
6154,CUST-06154,18-10-2023,Male,25-34,Washington,DC,Organic Search,Active
6155,CUST-06155,20-07-2023,Non-binary,35-44,Dallas,TX,Direct,Active
6156,CUST-06156,25-03-2024,Male,35-44,Seattle,WA,Organic Search,Active
6157,CUST-06157,15-01-2024,Female,45-54,Charlotte,NC,Email,Inactive
6158,CUST-06158,17-07-2025,Female,55-64,Jacksonville,FL,Organic Search,Active
6159,CUST-06159,25-09-2025,Male,35-44,Atlanta,GA,Direct,Active
6160,CUST-06160,11-08-2023,Female,35-44,New York,NY,Organic Search,Active
6161,CUST-06161,17-07-2024,Female,35-44,San Antonio,TX,Social Media,Active
6162,CUST-06162,20-10-2025,Male,18-24,Phoenix,AZ,Social Media,Active
6163,CUST-06163,06-07-2023,Male,55-64,Charlotte,NC,Email,Active
6164,CUST-06164,28-09-2023,Male,35-44,Miami,FL,Referral,Active
6165,CUST-06165,24-06-2025,Male,25-34,Seattle,WA,Paid Search,Active
6166,CUST-06166,23-11-2025,Female,55-64,San Diego,CA,Paid Search,Active
6167,CUST-06167,13-11-2025,Female,45-54,Miami,FL,Organic Search,Active
6168,CUST-06168,15-11-2023,Male,55-64,Houston,TX,Paid Search,Active
6169,CUST-06169,04-06-2025,Male,25-34,Miami,FL,Organic Search,Inactive
6170,CUST-06170,23-01-2024,Female,35-44,Los Angeles,CA,Organic Search,Active
6171,CUST-06171,04-12-2023,Non-binary,55-64,Fort Worth,TX,Organic Search,Active
6172,CUST-06172,19-12-2024,Female,25-34,Atlanta,GA,Organic Search,Active
6173,CUST-06173,10-10-2025,Female,35-44,Chicago,IL,Email,Active
6174,CUST-06174,09-02-2024,Male,55-64,Seattle,WA,Organic Search,Active
6175,CUST-06175,24-07-2024,Female,45-54,Philadelphia,PA,Direct,Active
6176,CUST-06176,02-10-2025,Female,25-34,Los Angeles,CA,Referral,Active
6177,CUST-06177,01-12-2023,Female,35-44,New York,NY,Email,Active
6178,CUST-06178,11-07-2024,Female,65+,Miami,FL,Organic Search,Active
6179,CUST-06179,08-09-2023,Male,45-54,Fort Worth,TX,Social Media,Active
6180,CUST-06180,10-07-2023,Non-binary,35-44,Charlotte,NC,Referral,Active
6181,CUST-06181,19-05-2024,Female,35-44,San Jose,CA,Organic Search,Active
6182,CUST-06182,07-07-2024,Female,25-34,Philadelphia,PA,Direct,Active
6183,CUST-06183,13-11-2024,Male,35-44,Las Vegas,NV,Referral,Active
6184,CUST-06184,01-10-2023,Male,18-24,Austin,TX,Referral,Active
6185,CUST-06185,27-07-2023,Female,25-34,Phoenix,AZ,Referral,Active
6186,CUST-06186,23-08-2023,Male,18-24,Chicago,IL,Paid Search,Active
6187,CUST-06187,03-11-2023,Male,35-44,Houston,TX,Paid Search,Active
6188,CUST-06188,09-10-2024,Male,35-44,Boston,MA,Organic Search,Active
6189,CUST-06189,01-08-2024,Female,25-34,Jacksonville,FL,Organic Search,Active
6190,CUST-06190,06-04-2024,Male,25-34,Fort Worth,TX,Organic Search,Active
6191,CUST-06191,23-02-2025,Male,55-64,Dallas,TX,Direct,Active
6192,CUST-06192,17-11-2025,Female,18-24,San Diego,CA,Referral,Active
6193,CUST-06193,04-01-2025,Female,45-54,Houston,TX,Paid Search,Active
6194,CUST-06194,08-08-2023,Female,35-44,New York,NY,Email,Active
6195,CUST-06195,13-03-2025,Female,45-54,Dallas,TX,Social Media,Inactive
6196,CUST-06196,05-01-2025,Male,35-44,San Jose,CA,Paid Search,Active
6197,CUST-06197,17-05-2025,Male,25-34,Los Angeles,CA,Organic Search,Active
6198,CUST-06198,07-04-2024,Female,25-34,San Jose,CA,Email,Active
6199,CUST-06199,16-06-2025,Female,35-44,San Jose,CA,Organic Search,Active
6200,CUST-06200,11-01-2024,Male,45-54,Miami,FL,Email,Active
6201,CUST-06201,16-02-2024,Female,25-34,Philadelphia,PA,Email,Active
6202,CUST-06202,06-07-2025,Female,65+,San Jose,CA,Organic Search,Active
6203,CUST-06203,02-11-2025,Male,25-34,New York,NY,Email,Active
6204,CUST-06204,21-12-2023,Female,35-44,New York,NY,Referral,Active
6205,CUST-06205,03-10-2023,Prefer not to say,45-54,Jacksonville,FL,Direct,Active
6206,CUST-06206,11-10-2025,Female,25-34,Columbus,OH,Direct,Active
6207,CUST-06207,26-08-2023,Female,25-34,Los Angeles,CA,Paid Search,Active
6208,CUST-06208,26-03-2025,Female,25-34,Seattle,WA,Direct,Active
6209,CUST-06209,11-01-2024,Female,25-34,Seattle,WA,Paid Search,Active
6210,CUST-06210,03-11-2025,Female,25-34,Atlanta,GA,Email,Active
6211,CUST-06211,23-10-2024,Female,25-34,Los Angeles,CA,Email,Inactive
6212,CUST-06212,19-12-2024,Non-binary,35-44,San Antonio,TX,Social Media,Active
6213,CUST-06213,18-11-2024,Female,45-54,Los Angeles,CA,Organic Search,Active
6214,CUST-06214,13-08-2023,Female,35-44,Los Angeles,CA,Social Media,Active
6215,CUST-06215,20-06-2024,Female,35-44,Phoenix,AZ,Paid Search,Active
6216,CUST-06216,29-12-2023,Prefer not to say,35-44,San Antonio,TX,Direct,Active
6217,CUST-06217,24-02-2024,Female,25-34,Las Vegas,NV,Referral,Active
6218,CUST-06218,01-07-2025,Male,25-34,Phoenix,AZ,Paid Search,Inactive
6219,CUST-06219,28-06-2024,Female,25-34,Washington,DC,Email,Active
6220,CUST-06220,29-10-2023,Male,25-34,Los Angeles,CA,Paid Search,Active
6221,CUST-06221,17-10-2024,Female,45-54,Nashville,TN,Email,Active
6222,CUST-06222,30-07-2023,Male,18-24,Austin,TX,Email,Active
6223,CUST-06223,20-07-2023,Male,35-44,New York,NY,Direct,Active
6224,CUST-06224,01-12-2023,Female,35-44,Denver,CO,Direct,Active
6225,CUST-06225,12-07-2023,Female,45-54,Philadelphia,PA,Social Media,Active
6226,CUST-06226,25-01-2024,Female,25-34,Washington,DC,Referral,Active
6227,CUST-06227,10-11-2023,Female,45-54,Dallas,TX,Referral,Active
6228,CUST-06228,24-01-2025,Male,35-44,Boston,MA,Paid Search,Active
6229,CUST-06229,17-06-2023,Female,18-24,Chicago,IL,Paid Search,Inactive
6230,CUST-06230,24-06-2023,Female,25-34,New York,NY,Social Media,Active
6231,CUST-06231,27-07-2024,Female,55-64,Houston,TX,Direct,Active
6232,CUST-06232,27-02-2025,Male,25-34,Boston,MA,Referral,Active
6233,CUST-06233,17-12-2024,Male,35-44,Washington,DC,Email,Active
6234,CUST-06234,20-06-2023,Male,18-24,Dallas,TX,Direct,Active
6235,CUST-06235,31-08-2023,Female,45-54,New York,NY,Social Media,Active
6236,CUST-06236,20-04-2024,Female,45-54,Denver,CO,Social Media,Active
6237,CUST-06237,07-05-2025,Female,55-64,Houston,TX,Social Media,Active
6238,CUST-06238,25-05-2025,Male,55-64,San Antonio,TX,Paid Search,Active
6239,CUST-06239,15-10-2023,Female,45-54,Los Angeles,CA,Organic Search,Active
6240,CUST-06240,19-12-2024,Male,25-34,Atlanta,GA,Paid Search,Active
6241,CUST-06241,23-07-2024,Prefer not to say,25-34,New York,NY,Organic Search,Active
6242,CUST-06242,23-05-2024,Female,55-64,Dallas,TX,Paid Search,Inactive
6243,CUST-06243,22-07-2025,Female,35-44,Houston,TX,Organic Search,Active
6244,CUST-06244,10-07-2024,Male,45-54,New York,NY,Social Media,Active
6245,CUST-06245,18-11-2025,Male,45-54,Nashville,TN,Social Media,Active
6246,CUST-06246,14-05-2024,Male,35-44,Phoenix,AZ,Paid Search,Active
6247,CUST-06247,09-03-2024,Male,18-24,Jacksonville,FL,Referral,Active
6248,CUST-06248,28-10-2023,Male,45-54,Jacksonville,FL,Email,Active
6249,CUST-06249,29-11-2024,Male,55-64,Philadelphia,PA,Organic Search,Inactive
6250,CUST-06250,28-07-2025,Female,45-54,Dallas,TX,Email,Active
6251,CUST-06251,07-09-2024,Female,35-44,Las Vegas,NV,Organic Search,Active
6252,CUST-06252,13-04-2024,Male,35-44,Los Angeles,CA,Organic Search,Active
6253,CUST-06253,25-12-2024,Female,25-34,Washington,DC,Direct,Inactive
6254,CUST-06254,30-03-2024,Female,18-24,San Diego,CA,Organic Search,Inactive
6255,CUST-06255,09-09-2024,Male,35-44,Fort Worth,TX,Organic Search,Active
6256,CUST-06256,05-08-2024,Male,35-44,Jacksonville,FL,Email,Active
6257,CUST-06257,15-06-2024,Female,35-44,San Diego,CA,Organic Search,Active
6258,CUST-06258,01-03-2025,Male,45-54,Los Angeles,CA,Organic Search,Active
6259,CUST-06259,17-05-2024,Non-binary,55-64,Chicago,IL,Social Media,Active
6260,CUST-06260,06-08-2025,Male,25-34,Houston,TX,Email,Active
6261,CUST-06261,02-04-2025,Male,18-24,Austin,TX,Referral,Active
6262,CUST-06262,13-06-2025,Female,18-24,Los Angeles,CA,Direct,Active
6263,CUST-06263,27-06-2025,Male,25-34,Miami,FL,Organic Search,Active
6264,CUST-06264,02-08-2024,Male,25-34,San Antonio,TX,Paid Search,Active
6265,CUST-06265,13-08-2024,Female,35-44,Phoenix,AZ,Social Media,Active
6266,CUST-06266,16-10-2024,Male,25-34,Washington,DC,Organic Search,Active
6267,CUST-06267,25-08-2025,Female,25-34,Denver,CO,Social Media,Active
6268,CUST-06268,21-11-2023,Female,35-44,Philadelphia,PA,Social Media,Active
6269,CUST-06269,21-01-2024,Female,25-34,Austin,TX,Referral,Active
6270,CUST-06270,09-09-2024,Male,18-24,Fort Worth,TX,Organic Search,Active
6271,CUST-06271,25-10-2025,Female,65+,Phoenix,AZ,Organic Search,Active
6272,CUST-06272,07-11-2023,Female,35-44,Charlotte,NC,Direct,Active
6273,CUST-06273,27-10-2023,Non-binary,25-34,Miami,FL,Referral,Active
6274,CUST-06274,22-02-2024,Female,18-24,New York,NY,Social Media,Active
6275,CUST-06275,19-09-2023,Prefer not to say,25-34,Boston,MA,Paid Search,Active
6276,CUST-06276,04-04-2024,Female,25-34,Dallas,TX,Organic Search,Active
6277,CUST-06277,11-01-2024,Male,55-64,Miami,FL,Organic Search,Active
6278,CUST-06278,02-12-2024,Female,35-44,Los Angeles,CA,Organic Search,Active
6279,CUST-06279,14-07-2023,Male,25-34,Los Angeles,CA,Paid Search,Active
6280,CUST-06280,06-12-2023,Male,25-34,Chicago,IL,Paid Search,Active
6281,CUST-06281,07-06-2025,Male,35-44,Phoenix,AZ,Organic Search,Active
6282,CUST-06282,05-09-2023,Female,65+,San Jose,CA,Paid Search,Active
6283,CUST-06283,21-06-2024,Female,25-34,Houston,TX,Social Media,Inactive
6284,CUST-06284,31-07-2023,Female,35-44,Philadelphia,PA,Direct,Active
6285,CUST-06285,18-02-2025,Female,35-44,Los Angeles,CA,Paid Search,Active
6286,CUST-06286,23-09-2023,Male,18-24,New York,NY,Email,Active
6287,CUST-06287,12-11-2024,Female,35-44,Los Angeles,CA,Referral,Active
6288,CUST-06288,14-12-2023,Female,25-34,Houston,TX,Email,Active
6289,CUST-06289,21-02-2024,Female,35-44,Los Angeles,CA,Organic Search,Active
6290,CUST-06290,14-06-2024,Female,35-44,New York,NY,Direct,Active
6291,CUST-06291,29-01-2024,Female,45-54,Jacksonville,FL,Paid Search,Active
6292,CUST-06292,25-04-2024,Non-binary,35-44,Dallas,TX,Direct,Active
6293,CUST-06293,20-01-2025,Male,45-54,Fort Worth,TX,Organic Search,Active
6294,CUST-06294,07-06-2025,Female,35-44,San Antonio,TX,Organic Search,Active
6295,CUST-06295,20-02-2024,Female,35-44,Houston,TX,Social Media,Active
6296,CUST-06296,31-08-2023,Male,35-44,Las Vegas,NV,Paid Search,Active
6297,CUST-06297,10-03-2024,Female,25-34,Atlanta,GA,Direct,Active
6298,CUST-06298,27-07-2024,Female,45-54,Atlanta,GA,Organic Search,Active
6299,CUST-06299,05-09-2023,Female,25-34,Charlotte,NC,Organic Search,Active
6300,CUST-06300,18-04-2025,Female,45-54,Charlotte,NC,Email,Active
6301,CUST-06301,12-11-2024,Male,25-34,New York,NY,Paid Search,Active
6302,CUST-06302,01-04-2024,Male,25-34,Houston,TX,Organic Search,Active
6303,CUST-06303,26-10-2023,Male,25-34,Phoenix,AZ,Social Media,Active
6304,CUST-06304,29-03-2024,Male,65+,Columbus,OH,Direct,Active
6305,CUST-06305,02-11-2023,Female,35-44,Fort Worth,TX,Social Media,Active
6306,CUST-06306,15-03-2025,Female,45-54,Chicago,IL,Paid Search,Active
6307,CUST-06307,07-05-2025,Female,55-64,Atlanta,GA,Direct,Active
6308,CUST-06308,15-10-2023,Male,45-54,Chicago,IL,Direct,Active
6309,CUST-06309,01-11-2024,Male,25-34,Los Angeles,CA,Direct,Active
6310,CUST-06310,02-07-2025,Male,35-44,San Antonio,TX,Organic Search,Active
6311,CUST-06311,16-03-2024,Female,45-54,Philadelphia,PA,Email,Active
6312,CUST-06312,28-11-2025,Female,65+,Portland,OR,Paid Search,Active
6313,CUST-06313,25-03-2024,Prefer not to say,25-34,Las Vegas,NV,Paid Search,Active
6314,CUST-06314,19-01-2024,Female,35-44,Chicago,IL,Social Media,Active
6315,CUST-06315,27-05-2025,Female,25-34,Houston,TX,Email,Inactive
6316,CUST-06316,13-08-2025,Male,55-64,Houston,TX,Paid Search,Active
6317,CUST-06317,22-03-2024,Prefer not to say,25-34,Seattle,WA,Referral,Active
6318,CUST-06318,25-03-2025,Male,25-34,Dallas,TX,Paid Search,Active
6319,CUST-06319,22-10-2024,Female,55-64,Jacksonville,FL,Paid Search,Active
6320,CUST-06320,10-01-2025,Female,18-24,Dallas,TX,Social Media,Active
6321,CUST-06321,12-11-2023,Male,45-54,San Antonio,TX,Paid Search,Active
6322,CUST-06322,26-12-2023,Female,35-44,Los Angeles,CA,Social Media,Active
6323,CUST-06323,24-02-2024,Female,25-34,New York,NY,Social Media,Active
6324,CUST-06324,12-01-2024,Female,45-54,San Jose,CA,Social Media,Active
6325,CUST-06325,24-09-2025,Female,55-64,San Diego,CA,Direct,Active
6326,CUST-06326,26-11-2024,Male,45-54,Las Vegas,NV,Paid Search,Active
6327,CUST-06327,06-03-2024,Male,45-54,Fort Worth,TX,Social Media,Active
6328,CUST-06328,20-03-2024,Female,35-44,Dallas,TX,Direct,Active
6329,CUST-06329,24-11-2024,Female,18-24,Philadelphia,PA,Email,Active
6330,CUST-06330,13-04-2025,Male,55-64,Seattle,WA,Organic Search,Active
6331,CUST-06331,10-11-2023,Female,25-34,Nashville,TN,Paid Search,Active
6332,CUST-06332,14-06-2023,Female,25-34,Chicago,IL,Paid Search,Active
6333,CUST-06333,30-10-2023,Male,35-44,Nashville,TN,Direct,Active
6334,CUST-06334,22-11-2024,Male,45-54,Jacksonville,FL,Email,Active
6335,CUST-06335,30-09-2025,Female,25-34,Philadelphia,PA,Organic Search,Active
6336,CUST-06336,06-08-2025,Female,45-54,Portland,OR,Social Media,Active
6337,CUST-06337,20-09-2023,Male,35-44,Houston,TX,Organic Search,Active
6338,CUST-06338,26-08-2023,Male,35-44,Las Vegas,NV,Paid Search,Active
6339,CUST-06339,11-07-2024,Male,35-44,Los Angeles,CA,Social Media,Active
6340,CUST-06340,06-09-2024,Male,55-64,Columbus,OH,Organic Search,Active
6341,CUST-06341,18-11-2023,Female,55-64,Boston,MA,Social Media,Inactive
6342,CUST-06342,06-01-2025,Female,18-24,Los Angeles,CA,Paid Search,Active
6343,CUST-06343,17-10-2025,Female,18-24,New York,NY,Email,Inactive
6344,CUST-06344,19-07-2023,Male,55-64,Philadelphia,PA,Email,Active
6345,CUST-06345,12-09-2024,Female,35-44,Philadelphia,PA,Direct,Active
6346,CUST-06346,15-06-2024,Male,45-54,Houston,TX,Organic Search,Active
6347,CUST-06347,30-01-2024,Male,25-34,Miami,FL,Social Media,Active
6348,CUST-06348,24-09-2024,Male,45-54,Philadelphia,PA,Paid Search,Active
6349,CUST-06349,22-10-2024,Male,25-34,Chicago,IL,Referral,Active
6350,CUST-06350,11-04-2024,Female,35-44,Las Vegas,NV,Referral,Active
6351,CUST-06351,17-11-2023,Female,35-44,Philadelphia,PA,Paid Search,Active
6352,CUST-06352,22-02-2024,Male,35-44,Fort Worth,TX,Direct,Inactive
6353,CUST-06353,18-03-2024,Female,35-44,Los Angeles,CA,Organic Search,Active
6354,CUST-06354,23-08-2024,Female,45-54,Charlotte,NC,Paid Search,Active
6355,CUST-06355,18-07-2023,Female,35-44,Philadelphia,PA,Social Media,Active
6356,CUST-06356,30-08-2023,Male,35-44,Dallas,TX,Organic Search,Active
6357,CUST-06357,27-05-2025,Male,35-44,Dallas,TX,Social Media,Active
6358,CUST-06358,11-12-2024,Male,55-64,Nashville,TN,Organic Search,Active
6359,CUST-06359,28-03-2024,Male,25-34,Las Vegas,NV,Email,Active
6360,CUST-06360,04-10-2023,Non-binary,25-34,San Jose,CA,Organic Search,Active
6361,CUST-06361,29-01-2024,Male,25-34,Nashville,TN,Referral,Active
6362,CUST-06362,28-02-2024,Female,25-34,Jacksonville,FL,Social Media,Active
6363,CUST-06363,20-01-2025,Female,25-34,Chicago,IL,Direct,Active
6364,CUST-06364,29-05-2024,Female,25-34,Miami,FL,Email,Active
6365,CUST-06365,16-05-2025,Female,18-24,Nashville,TN,Organic Search,Active
6366,CUST-06366,18-07-2023,Male,25-34,Seattle,WA,Organic Search,Active
6367,CUST-06367,10-09-2024,Female,18-24,Atlanta,GA,Social Media,Active
6368,CUST-06368,26-09-2023,Female,18-24,Phoenix,AZ,Organic Search,Inactive
6369,CUST-06369,16-08-2023,Male,18-24,Fort Worth,TX,Direct,Active
6370,CUST-06370,06-03-2024,Female,45-54,Phoenix,AZ,Organic Search,Active
6371,CUST-06371,29-10-2025,Female,35-44,Chicago,IL,Organic Search,Active
6372,CUST-06372,19-11-2023,Male,35-44,Phoenix,AZ,Direct,Active
6373,CUST-06373,25-06-2023,Female,25-34,Houston,TX,Direct,Active
6374,CUST-06374,14-12-2023,Non-binary,25-34,San Jose,CA,Referral,Active
6375,CUST-06375,09-01-2024,Male,18-24,San Antonio,TX,Paid Search,Active
6376,CUST-06376,26-08-2025,Female,35-44,Nashville,TN,Referral,Active
6377,CUST-06377,09-11-2025,Female,25-34,San Jose,CA,Email,Active
6378,CUST-06378,03-02-2024,Male,25-34,Denver,CO,Organic Search,Active
6379,CUST-06379,02-02-2024,Female,65+,Chicago,IL,Referral,Active
6380,CUST-06380,21-01-2024,Female,35-44,Chicago,IL,Direct,Active
6381,CUST-06381,03-08-2025,Female,55-64,San Jose,CA,Email,Active
6382,CUST-06382,04-07-2023,Female,25-34,Houston,TX,Social Media,Active
6383,CUST-06383,26-05-2025,Female,25-34,San Diego,CA,Paid Search,Active
6384,CUST-06384,08-07-2024,Male,55-64,San Antonio,TX,Social Media,Active
6385,CUST-06385,29-04-2024,Female,35-44,Philadelphia,PA,Referral,Active
6386,CUST-06386,07-07-2025,Female,45-54,Boston,MA,Email,Active
6387,CUST-06387,11-11-2025,Female,65+,Seattle,WA,Email,Active
6388,CUST-06388,03-09-2025,Female,55-64,Seattle,WA,Direct,Active
6389,CUST-06389,09-09-2023,Male,35-44,Atlanta,GA,Paid Search,Active
6390,CUST-06390,25-05-2025,Female,35-44,San Jose,CA,Social Media,Inactive
6391,CUST-06391,26-08-2025,Male,65+,Los Angeles,CA,Social Media,Active
6392,CUST-06392,13-09-2025,Female,18-24,Seattle,WA,Referral,Active
6393,CUST-06393,19-08-2023,Male,45-54,New York,NY,Paid Search,Active
6394,CUST-06394,08-05-2025,Female,25-34,San Antonio,TX,Social Media,Inactive
6395,CUST-06395,05-05-2025,Female,25-34,New York,NY,Email,Active
6396,CUST-06396,09-01-2024,Female,25-34,Nashville,TN,Organic Search,Active
6397,CUST-06397,10-08-2024,Female,65+,Dallas,TX,Social Media,Inactive
6398,CUST-06398,25-12-2023,Male,25-34,Phoenix,AZ,Social Media,Active
6399,CUST-06399,21-08-2023,Female,35-44,Phoenix,AZ,Paid Search,Active
6400,CUST-06400,01-12-2023,Male,35-44,Nashville,TN,Organic Search,Active
6401,CUST-06401,16-03-2025,Female,65+,Charlotte,NC,Paid Search,Inactive
6402,CUST-06402,09-12-2023,Female,35-44,San Jose,CA,Direct,Active
6403,CUST-06403,02-09-2023,Male,35-44,Charlotte,NC,Organic Search,Active
6404,CUST-06404,08-06-2023,Female,25-34,San Antonio,TX,Paid Search,Active
6405,CUST-06405,03-01-2025,Female,25-34,Los Angeles,CA,Direct,Active
6406,CUST-06406,07-06-2025,Female,18-24,Miami,FL,Referral,Active
6407,CUST-06407,04-10-2025,Male,18-24,Dallas,TX,Referral,Active
6408,CUST-06408,09-05-2025,Non-binary,25-34,San Diego,CA,Referral,Inactive
6409,CUST-06409,02-09-2023,Male,45-54,Dallas,TX,Social Media,Active
6410,CUST-06410,21-10-2025,Female,55-64,Atlanta,GA,Social Media,Active
6411,CUST-06411,02-07-2025,Male,65+,Boston,MA,Paid Search,Active
6412,CUST-06412,12-02-2024,Female,25-34,Denver,CO,Social Media,Active
6413,CUST-06413,14-03-2025,Female,35-44,New York,NY,Paid Search,Active
6414,CUST-06414,03-08-2023,Female,35-44,San Diego,CA,Organic Search,Inactive
6415,CUST-06415,07-11-2024,Female,35-44,Austin,TX,Social Media,Active
6416,CUST-06416,02-11-2024,Female,25-34,New York,NY,Direct,Active
6417,CUST-06417,21-05-2024,Female,45-54,Austin,TX,Paid Search,Active
6418,CUST-06418,24-11-2023,Male,25-34,Austin,TX,Paid Search,Active
6419,CUST-06419,02-07-2024,Male,25-34,Nashville,TN,Social Media,Inactive
6420,CUST-06420,03-12-2023,Non-binary,25-34,Los Angeles,CA,Organic Search,Active
6421,CUST-06421,15-06-2023,Male,45-54,Philadelphia,PA,Referral,Active
6422,CUST-06422,08-08-2024,Female,35-44,Atlanta,GA,Direct,Active
6423,CUST-06423,29-10-2024,Male,35-44,Washington,DC,Email,Inactive
6424,CUST-06424,10-06-2025,Male,45-54,New York,NY,Social Media,Active
6425,CUST-06425,25-08-2025,Prefer not to say,18-24,New York,NY,Paid Search,Active
6426,CUST-06426,04-02-2024,Female,55-64,Charlotte,NC,Email,Active
6427,CUST-06427,04-03-2024,Female,25-34,Chicago,IL,Direct,Active
6428,CUST-06428,20-11-2024,Female,25-34,San Diego,CA,Email,Active
6429,CUST-06429,19-04-2025,Male,65+,Miami,FL,Direct,Active
6430,CUST-06430,31-10-2025,Female,25-34,Denver,CO,Paid Search,Active
6431,CUST-06431,18-09-2024,Female,35-44,Chicago,IL,Email,Active
6432,CUST-06432,21-08-2024,Female,35-44,Dallas,TX,Referral,Active
6433,CUST-06433,07-07-2023,Male,55-64,Charlotte,NC,Email,Active
6434,CUST-06434,06-02-2024,Male,55-64,Columbus,OH,Organic Search,Active
6435,CUST-06435,21-07-2025,Male,35-44,Philadelphia,PA,Paid Search,Active
6436,CUST-06436,10-01-2024,Male,45-54,New York,NY,Referral,Active
6437,CUST-06437,04-03-2024,Non-binary,25-34,Columbus,OH,Direct,Active
6438,CUST-06438,28-09-2024,Female,18-24,Chicago,IL,Organic Search,Active
6439,CUST-06439,28-12-2023,Male,55-64,Seattle,WA,Organic Search,Active
6440,CUST-06440,01-11-2024,Female,35-44,Seattle,WA,Direct,Active
6441,CUST-06441,19-06-2024,Female,25-34,Dallas,TX,Social Media,Active
6442,CUST-06442,10-09-2023,Non-binary,35-44,San Jose,CA,Paid Search,Active
6443,CUST-06443,04-07-2025,Female,18-24,Los Angeles,CA,Social Media,Active
6444,CUST-06444,07-07-2024,Non-binary,25-34,Houston,TX,Social Media,Active
6445,CUST-06445,10-02-2025,Male,65+,Chicago,IL,Direct,Inactive
6446,CUST-06446,26-10-2023,Male,35-44,San Antonio,TX,Social Media,Active
6447,CUST-06447,07-09-2025,Male,35-44,San Jose,CA,Social Media,Active
6448,CUST-06448,02-03-2025,Female,65+,San Diego,CA,Email,Active
6449,CUST-06449,29-04-2025,Male,25-34,San Jose,CA,Paid Search,Active
6450,CUST-06450,17-02-2024,Female,65+,Miami,FL,Social Media,Active
6451,CUST-06451,26-08-2023,Female,35-44,Chicago,IL,Organic Search,Active
6452,CUST-06452,08-12-2023,Female,65+,Chicago,IL,Referral,Active
6453,CUST-06453,08-02-2024,Male,25-34,Philadelphia,PA,Organic Search,Active
6454,CUST-06454,16-04-2025,Male,45-54,Philadelphia,PA,Paid Search,Active
6455,CUST-06455,30-11-2025,Male,35-44,Chicago,IL,Direct,Active
6456,CUST-06456,02-11-2025,Male,45-54,Houston,TX,Organic Search,Inactive
6457,CUST-06457,10-10-2023,Female,18-24,San Diego,CA,Social Media,Active
6458,CUST-06458,29-12-2023,Non-binary,25-34,Los Angeles,CA,Organic Search,Active
6459,CUST-06459,11-01-2024,Male,55-64,Houston,TX,Organic Search,Active
6460,CUST-06460,12-04-2025,Male,25-34,San Diego,CA,Direct,Active
6461,CUST-06461,04-03-2025,Male,55-64,Atlanta,GA,Referral,Active
6462,CUST-06462,04-04-2025,Prefer not to say,35-44,Denver,CO,Referral,Active
6463,CUST-06463,21-10-2023,Female,45-54,Philadelphia,PA,Direct,Active
6464,CUST-06464,22-05-2025,Male,25-34,Seattle,WA,Email,Inactive
6465,CUST-06465,27-03-2024,Prefer not to say,35-44,Dallas,TX,Referral,Active
6466,CUST-06466,04-09-2024,Female,55-64,San Diego,CA,Referral,Active
6467,CUST-06467,13-05-2025,Female,45-54,New York,NY,Direct,Active
6468,CUST-06468,20-12-2023,Female,35-44,Las Vegas,NV,Referral,Active
6469,CUST-06469,17-07-2024,Male,25-34,Atlanta,GA,Paid Search,Active
6470,CUST-06470,10-09-2025,Female,55-64,San Jose,CA,Social Media,Active
6471,CUST-06471,11-06-2024,Female,35-44,Charlotte,NC,Organic Search,Active
6472,CUST-06472,24-08-2025,Male,25-34,Nashville,TN,Referral,Inactive
6473,CUST-06473,15-02-2025,Female,45-54,Seattle,WA,Referral,Inactive
6474,CUST-06474,10-12-2023,Non-binary,35-44,Houston,TX,Social Media,Inactive
6475,CUST-06475,08-09-2023,Female,25-34,Columbus,OH,Paid Search,Active
6476,CUST-06476,17-12-2024,Female,35-44,Dallas,TX,Direct,Active
6477,CUST-06477,23-04-2025,Female,25-34,Chicago,IL,Paid Search,Active
6478,CUST-06478,08-09-2023,Male,25-34,Los Angeles,CA,Referral,Active
6479,CUST-06479,16-09-2023,Male,25-34,San Diego,CA,Referral,Active
6480,CUST-06480,27-06-2024,Female,35-44,Philadelphia,PA,Email,Active
6481,CUST-06481,04-07-2023,Male,45-54,Los Angeles,CA,Referral,Active
6482,CUST-06482,20-10-2024,Male,45-54,San Antonio,TX,Paid Search,Active
6483,CUST-06483,21-07-2024,Male,25-34,Denver,CO,Social Media,Active
6484,CUST-06484,03-05-2024,Female,25-34,Miami,FL,Paid Search,Active
6485,CUST-06485,26-08-2025,Male,45-54,New York,NY,Social Media,Active
6486,CUST-06486,08-10-2024,Male,35-44,San Diego,CA,Direct,Active
6487,CUST-06487,19-04-2024,Male,25-34,New York,NY,Organic Search,Active
6488,CUST-06488,09-09-2025,Male,25-34,New York,NY,Social Media,Active
6489,CUST-06489,17-12-2024,Female,25-34,Chicago,IL,Social Media,Active
6490,CUST-06490,16-09-2025,Male,55-64,San Antonio,TX,Direct,Inactive
6491,CUST-06491,15-10-2025,Male,35-44,Denver,CO,Paid Search,Inactive
6492,CUST-06492,22-07-2025,Female,25-34,New York,NY,Email,Active
6493,CUST-06493,15-12-2023,Female,25-34,Dallas,TX,Organic Search,Active
6494,CUST-06494,14-07-2023,Male,55-64,Seattle,WA,Social Media,Active
6495,CUST-06495,03-10-2024,Prefer not to say,18-24,San Antonio,TX,Organic Search,Active
6496,CUST-06496,29-07-2023,Male,55-64,Seattle,WA,Direct,Active
6497,CUST-06497,09-08-2024,Male,18-24,Phoenix,AZ,Direct,Active
6498,CUST-06498,13-12-2024,Male,18-24,San Jose,CA,Paid Search,Active
6499,CUST-06499,19-11-2023,Male,35-44,Seattle,WA,Organic Search,Active
6500,CUST-06500,06-09-2024,Male,18-24,Los Angeles,CA,Email,Active
6501,CUST-06501,26-03-2024,Male,35-44,Jacksonville,FL,Organic Search,Active
6502,CUST-06502,28-10-2024,Female,55-64,Austin,TX,Referral,Active
6503,CUST-06503,02-05-2024,Male,35-44,Denver,CO,Email,Active
6504,CUST-06504,31-03-2024,Non-binary,25-34,New York,NY,Organic Search,Active
6505,CUST-06505,22-11-2023,Male,35-44,Denver,CO,Organic Search,Active
6506,CUST-06506,14-08-2025,Female,18-24,Denver,CO,Organic Search,Active
6507,CUST-06507,07-09-2023,Male,55-64,San Diego,CA,Paid Search,Active
6508,CUST-06508,06-04-2025,Male,65+,San Antonio,TX,Social Media,Active
6509,CUST-06509,03-06-2023,Male,25-34,Columbus,OH,Social Media,Inactive
6510,CUST-06510,25-08-2023,Male,25-34,Houston,TX,Referral,Active
6511,CUST-06511,15-08-2023,Prefer not to say,55-64,Charlotte,NC,Social Media,Active
6512,CUST-06512,14-09-2023,Male,35-44,Jacksonville,FL,Paid Search,Active
6513,CUST-06513,05-12-2023,Male,25-34,Charlotte,NC,Organic Search,Active
6514,CUST-06514,29-04-2024,Male,55-64,New York,NY,Email,Active
6515,CUST-06515,10-03-2025,Female,25-34,Chicago,IL,Social Media,Active
6516,CUST-06516,17-02-2024,Female,35-44,San Antonio,TX,Referral,Inactive
6517,CUST-06517,13-12-2023,Female,25-34,Miami,FL,Referral,Active
6518,CUST-06518,23-10-2023,Female,35-44,San Diego,CA,Organic Search,Active
6519,CUST-06519,06-07-2023,Male,35-44,New York,NY,Direct,Active
6520,CUST-06520,20-07-2023,Male,25-34,Atlanta,GA,Organic Search,Active
6521,CUST-06521,16-01-2024,Male,35-44,San Diego,CA,Organic Search,Active
6522,CUST-06522,22-12-2024,Female,18-24,San Jose,CA,Social Media,Active
6523,CUST-06523,03-09-2024,Female,35-44,Nashville,TN,Paid Search,Active
6524,CUST-06524,02-06-2023,Male,25-34,Columbus,OH,Social Media,Active
6525,CUST-06525,28-12-2023,Male,25-34,Miami,FL,Paid Search,Active
6526,CUST-06526,03-11-2024,Male,45-54,San Diego,CA,Paid Search,Active
6527,CUST-06527,04-09-2024,Male,55-64,Miami,FL,Organic Search,Active
6528,CUST-06528,19-10-2023,Female,18-24,Chicago,IL,Paid Search,Active
6529,CUST-06529,04-12-2024,Prefer not to say,35-44,Chicago,IL,Organic Search,Active
6530,CUST-06530,24-04-2024,Male,55-64,Atlanta,GA,Referral,Active
6531,CUST-06531,24-01-2024,Female,35-44,Charlotte,NC,Direct,Active
6532,CUST-06532,22-11-2023,Male,65+,Nashville,TN,Organic Search,Active
6533,CUST-06533,25-01-2024,Female,25-34,San Jose,CA,Direct,Active
6534,CUST-06534,05-03-2024,Female,45-54,Austin,TX,Direct,Active
6535,CUST-06535,23-09-2025,Male,35-44,Charlotte,NC,Direct,Active
6536,CUST-06536,01-08-2023,Male,25-34,Phoenix,AZ,Organic Search,Inactive
6537,CUST-06537,02-09-2024,Female,25-34,Las Vegas,NV,Social Media,Active
6538,CUST-06538,17-04-2024,Female,25-34,Las Vegas,NV,Email,Active
6539,CUST-06539,17-12-2023,Female,45-54,San Jose,CA,Direct,Active
6540,CUST-06540,30-10-2025,Female,45-54,Phoenix,AZ,Paid Search,Active
6541,CUST-06541,02-10-2024,Female,55-64,Los Angeles,CA,Social Media,Active
6542,CUST-06542,14-10-2023,Female,35-44,San Antonio,TX,Organic Search,Active
6543,CUST-06543,29-11-2025,Female,35-44,Dallas,TX,Direct,Active
6544,CUST-06544,30-11-2024,Male,25-34,Fort Worth,TX,Social Media,Active
6545,CUST-06545,25-10-2024,Female,65+,Atlanta,GA,Paid Search,Active
6546,CUST-06546,27-08-2025,Male,45-54,Chicago,IL,Referral,Active
6547,CUST-06547,11-07-2023,Male,35-44,Columbus,OH,Paid Search,Active
6548,CUST-06548,13-08-2025,Female,35-44,Atlanta,GA,Social Media,Active
6549,CUST-06549,06-12-2024,Female,35-44,Philadelphia,PA,Paid Search,Active
6550,CUST-06550,26-08-2023,Male,35-44,Los Angeles,CA,Social Media,Active
6551,CUST-06551,15-10-2025,Female,45-54,Fort Worth,TX,Paid Search,Active
6552,CUST-06552,12-03-2025,Male,35-44,San Antonio,TX,Email,Active
6553,CUST-06553,02-06-2025,Male,25-34,Houston,TX,Organic Search,Active
6554,CUST-06554,04-06-2023,Female,55-64,San Jose,CA,Paid Search,Active
6555,CUST-06555,19-04-2025,Female,65+,San Jose,CA,Referral,Active
6556,CUST-06556,13-11-2025,Female,45-54,New York,NY,Organic Search,Active
6557,CUST-06557,11-06-2023,Female,25-34,Washington,DC,Paid Search,Active
6558,CUST-06558,14-02-2024,Female,55-64,Dallas,TX,Direct,Active
6559,CUST-06559,27-11-2025,Female,55-64,Philadelphia,PA,Paid Search,Active
6560,CUST-06560,02-07-2024,Male,35-44,Nashville,TN,Paid Search,Active
6561,CUST-06561,29-07-2023,Male,35-44,San Diego,CA,Email,Active
6562,CUST-06562,26-01-2025,Male,25-34,San Antonio,TX,Social Media,Inactive
6563,CUST-06563,02-07-2024,Male,35-44,Miami,FL,Paid Search,Active
6564,CUST-06564,19-08-2023,Male,45-54,Atlanta,GA,Referral,Inactive
6565,CUST-06565,30-09-2023,Prefer not to say,35-44,Miami,FL,Paid Search,Active
6566,CUST-06566,08-07-2024,Male,55-64,San Diego,CA,Organic Search,Active
6567,CUST-06567,21-04-2025,Female,35-44,Las Vegas,NV,Paid Search,Active
6568,CUST-06568,11-06-2023,Female,18-24,Los Angeles,CA,Email,Active
6569,CUST-06569,04-05-2025,Female,35-44,Nashville,TN,Paid Search,Active
6570,CUST-06570,16-11-2024,Female,45-54,Las Vegas,NV,Paid Search,Active
6571,CUST-06571,11-01-2024,Female,35-44,New York,NY,Social Media,Active
6572,CUST-06572,30-05-2025,Male,25-34,New York,NY,Organic Search,Active
6573,CUST-06573,23-09-2023,Prefer not to say,45-54,Dallas,TX,Organic Search,Active
6574,CUST-06574,21-10-2025,Female,45-54,Los Angeles,CA,Social Media,Active
6575,CUST-06575,09-12-2023,Female,25-34,San Jose,CA,Referral,Active
6576,CUST-06576,23-09-2025,Female,18-24,Atlanta,GA,Social Media,Active
6577,CUST-06577,17-04-2025,Female,35-44,Nashville,TN,Direct,Active
6578,CUST-06578,09-11-2023,Female,18-24,Las Vegas,NV,Direct,Active
6579,CUST-06579,14-08-2024,Female,55-64,Denver,CO,Organic Search,Active
6580,CUST-06580,24-01-2025,Female,35-44,Houston,TX,Paid Search,Inactive
6581,CUST-06581,31-10-2024,Male,45-54,Portland,OR,Direct,Active
6582,CUST-06582,25-11-2024,Male,55-64,Austin,TX,Organic Search,Active
6583,CUST-06583,12-03-2025,Female,25-34,Columbus,OH,Referral,Active
6584,CUST-06584,25-02-2025,Female,55-64,Chicago,IL,Paid Search,Active
6585,CUST-06585,27-10-2024,Male,25-34,New York,NY,Direct,Inactive
6586,CUST-06586,13-12-2023,Female,25-34,Atlanta,GA,Paid Search,Active
6587,CUST-06587,10-03-2025,Male,45-54,Austin,TX,Social Media,Active
6588,CUST-06588,22-01-2024,Male,25-34,Phoenix,AZ,Paid Search,Active
6589,CUST-06589,21-12-2024,Male,45-54,Seattle,WA,Direct,Active
6590,CUST-06590,25-08-2023,Male,25-34,Chicago,IL,Social Media,Active
6591,CUST-06591,14-08-2025,Male,25-34,Chicago,IL,Organic Search,Active
6592,CUST-06592,29-03-2025,Female,55-64,Chicago,IL,Paid Search,Active
6593,CUST-06593,16-02-2025,Male,45-54,Houston,TX,Email,Active
6594,CUST-06594,08-05-2025,Male,45-54,Seattle,WA,Paid Search,Active
6595,CUST-06595,31-07-2024,Female,25-34,San Antonio,TX,Referral,Active
6596,CUST-06596,11-09-2023,Male,25-34,Las Vegas,NV,Paid Search,Active
6597,CUST-06597,07-01-2025,Female,55-64,Los Angeles,CA,Email,Active
6598,CUST-06598,03-10-2023,Prefer not to say,35-44,Seattle,WA,Organic Search,Active
6599,CUST-06599,13-03-2025,Female,55-64,San Diego,CA,Direct,Active
6600,CUST-06600,08-09-2023,Male,45-54,Columbus,OH,Referral,Active
6601,CUST-06601,03-08-2023,Male,25-34,New York,NY,Paid Search,Inactive
6602,CUST-06602,15-06-2024,Female,25-34,Chicago,IL,Organic Search,Active
6603,CUST-06603,17-08-2024,Female,18-24,Dallas,TX,Paid Search,Active
6604,CUST-06604,27-11-2023,Male,45-54,Austin,TX,Social Media,Active
6605,CUST-06605,04-12-2023,Male,35-44,Jacksonville,FL,Paid Search,Active
6606,CUST-06606,24-01-2024,Male,25-34,Seattle,WA,Email,Active
6607,CUST-06607,16-02-2024,Male,35-44,Los Angeles,CA,Organic Search,Active
6608,CUST-06608,08-08-2025,Non-binary,25-34,Houston,TX,Email,Active
6609,CUST-06609,09-12-2024,Female,45-54,Seattle,WA,Paid Search,Active
6610,CUST-06610,24-07-2025,Female,35-44,Los Angeles,CA,Email,Active
6611,CUST-06611,10-08-2024,Female,45-54,Los Angeles,CA,Referral,Active
6612,CUST-06612,15-02-2024,Male,25-34,Seattle,WA,Organic Search,Inactive
6613,CUST-06613,28-06-2025,Female,35-44,Denver,CO,Email,Active
6614,CUST-06614,19-05-2025,Male,25-34,San Jose,CA,Organic Search,Active
6615,CUST-06615,03-12-2023,Female,35-44,Las Vegas,NV,Social Media,Active
6616,CUST-06616,10-09-2023,Male,25-34,Philadelphia,PA,Direct,Active
6617,CUST-06617,09-01-2025,Female,45-54,Las Vegas,NV,Social Media,Active
6618,CUST-06618,25-05-2024,Male,35-44,Las Vegas,NV,Organic Search,Active
6619,CUST-06619,26-02-2024,Female,25-34,Houston,TX,Paid Search,Active
6620,CUST-06620,30-09-2024,Female,45-54,Philadelphia,PA,Referral,Active
6621,CUST-06621,04-06-2023,Female,55-64,New York,NY,Email,Active
6622,CUST-06622,24-06-2024,Male,35-44,Los Angeles,CA,Organic Search,Active
6623,CUST-06623,01-08-2023,Male,25-34,San Jose,CA,Direct,Active
6624,CUST-06624,26-11-2023,Male,45-54,Columbus,OH,Referral,Active
6625,CUST-06625,12-06-2024,Female,25-34,Fort Worth,TX,Email,Active
6626,CUST-06626,25-05-2025,Female,35-44,Charlotte,NC,Social Media,Inactive
6627,CUST-06627,07-08-2025,Female,25-34,Seattle,WA,Organic Search,Active
6628,CUST-06628,17-09-2024,Female,55-64,San Diego,CA,Organic Search,Active
6629,CUST-06629,07-02-2025,Female,25-34,New York,NY,Referral,Active
6630,CUST-06630,14-10-2025,Female,35-44,Dallas,TX,Organic Search,Active
6631,CUST-06631,15-07-2023,Female,45-54,Chicago,IL,Referral,Active
6632,CUST-06632,13-05-2025,Male,45-54,Houston,TX,Direct,Active
6633,CUST-06633,18-02-2024,Male,35-44,Denver,CO,Paid Search,Active
6634,CUST-06634,16-10-2023,Male,25-34,Washington,DC,Paid Search,Active
6635,CUST-06635,12-04-2024,Female,18-24,Seattle,WA,Social Media,Active
6636,CUST-06636,25-10-2023,Female,35-44,Los Angeles,CA,Referral,Active
6637,CUST-06637,14-07-2025,Female,65+,San Diego,CA,Paid Search,Active
6638,CUST-06638,29-10-2025,Male,35-44,Nashville,TN,Social Media,Active
6639,CUST-06639,12-10-2024,Male,35-44,Charlotte,NC,Social Media,Active
6640,CUST-06640,28-08-2025,Female,45-54,New York,NY,Paid Search,Active
6641,CUST-06641,12-01-2024,Non-binary,55-64,San Diego,CA,Email,Active
6642,CUST-06642,05-11-2025,Female,25-34,New York,NY,Organic Search,Active
6643,CUST-06643,20-02-2024,Female,35-44,Boston,MA,Social Media,Active
6644,CUST-06644,26-02-2024,Female,35-44,San Diego,CA,Direct,Active
6645,CUST-06645,29-03-2024,Female,55-64,Dallas,TX,Social Media,Active
6646,CUST-06646,21-10-2025,Male,45-54,Houston,TX,Organic Search,Active
6647,CUST-06647,08-07-2023,Female,35-44,New York,NY,Referral,Active
6648,CUST-06648,26-05-2025,Female,45-54,New York,NY,Organic Search,Active
6649,CUST-06649,02-06-2025,Male,35-44,Denver,CO,Direct,Active
6650,CUST-06650,09-12-2023,Male,25-34,Dallas,TX,Referral,Active
6651,CUST-06651,19-11-2024,Female,65+,Seattle,WA,Referral,Active
6652,CUST-06652,11-08-2024,Male,25-34,Charlotte,NC,Social Media,Inactive
6653,CUST-06653,26-12-2024,Female,25-34,Fort Worth,TX,Direct,Active
6654,CUST-06654,14-03-2024,Male,55-64,Las Vegas,NV,Direct,Active
6655,CUST-06655,29-07-2024,Female,25-34,Houston,TX,Social Media,Active
6656,CUST-06656,08-12-2024,Female,25-34,San Antonio,TX,Paid Search,Active
6657,CUST-06657,05-11-2024,Female,65+,Miami,FL,Organic Search,Active
6658,CUST-06658,23-09-2023,Male,45-54,Washington,DC,Organic Search,Inactive
6659,CUST-06659,12-09-2023,Male,35-44,Jacksonville,FL,Direct,Active
6660,CUST-06660,25-04-2025,Female,45-54,Washington,DC,Email,Active
6661,CUST-06661,24-11-2023,Female,35-44,Charlotte,NC,Social Media,Active
6662,CUST-06662,22-07-2023,Female,55-64,Houston,TX,Social Media,Active
6663,CUST-06663,04-12-2024,Female,55-64,Seattle,WA,Social Media,Active
6664,CUST-06664,29-03-2025,Male,25-34,San Jose,CA,Paid Search,Active
6665,CUST-06665,19-02-2024,Male,65+,Los Angeles,CA,Direct,Inactive
6666,CUST-06666,10-06-2024,Male,25-34,Chicago,IL,Organic Search,Active
6667,CUST-06667,24-10-2023,Female,45-54,San Antonio,TX,Referral,Active
6668,CUST-06668,14-03-2024,Male,45-54,San Antonio,TX,Paid Search,Inactive
6669,CUST-06669,29-07-2023,Male,55-64,Los Angeles,CA,Social Media,Active
6670,CUST-06670,04-08-2024,Female,35-44,Seattle,WA,Organic Search,Active
6671,CUST-06671,29-02-2024,Female,65+,Houston,TX,Direct,Active
6672,CUST-06672,13-02-2025,Female,65+,Denver,CO,Organic Search,Active
6673,CUST-06673,06-06-2023,Male,35-44,Houston,TX,Social Media,Active
6674,CUST-06674,05-01-2024,Male,45-54,San Diego,CA,Direct,Active
6675,CUST-06675,12-01-2024,Male,25-34,Jacksonville,FL,Email,Active
6676,CUST-06676,29-08-2025,Female,55-64,Houston,TX,Organic Search,Active
6677,CUST-06677,26-12-2023,Female,25-34,Nashville,TN,Referral,Active
6678,CUST-06678,04-07-2023,Female,25-34,Chicago,IL,Referral,Active
6679,CUST-06679,17-12-2023,Female,25-34,Chicago,IL,Referral,Active
6680,CUST-06680,02-11-2025,Female,65+,Austin,TX,Paid Search,Active
6681,CUST-06681,05-06-2023,Male,45-54,Los Angeles,CA,Referral,Active
6682,CUST-06682,08-06-2024,Female,18-24,Phoenix,AZ,Social Media,Active
6683,CUST-06683,16-08-2025,Female,18-24,Dallas,TX,Social Media,Active
6684,CUST-06684,03-10-2025,Male,55-64,Boston,MA,Email,Active
6685,CUST-06685,28-10-2025,Female,35-44,Los Angeles,CA,Paid Search,Active
6686,CUST-06686,15-07-2024,Male,45-54,Washington,DC,Paid Search,Active
6687,CUST-06687,28-10-2023,Male,18-24,New York,NY,Social Media,Active
6688,CUST-06688,24-03-2025,Male,25-34,Fort Worth,TX,Organic Search,Active
6689,CUST-06689,13-11-2024,Female,25-34,Denver,CO,Email,Active
6690,CUST-06690,08-01-2024,Male,25-34,Austin,TX,Organic Search,Active
6691,CUST-06691,24-02-2024,Prefer not to say,18-24,Houston,TX,Email,Active
6692,CUST-06692,10-11-2024,Female,25-34,Jacksonville,FL,Paid Search,Active
6693,CUST-06693,23-03-2024,Female,45-54,Boston,MA,Direct,Inactive
6694,CUST-06694,01-11-2023,Male,45-54,Los Angeles,CA,Email,Active
6695,CUST-06695,05-03-2025,Female,35-44,Houston,TX,Paid Search,Active
6696,CUST-06696,01-10-2024,Male,25-34,San Jose,CA,Organic Search,Active
6697,CUST-06697,22-01-2024,Male,35-44,Miami,FL,Direct,Active
6698,CUST-06698,29-12-2023,Male,55-64,Fort Worth,TX,Direct,Inactive
6699,CUST-06699,17-06-2024,Male,25-34,Nashville,TN,Email,Active
6700,CUST-06700,28-11-2023,Female,65+,Seattle,WA,Organic Search,Active
6701,CUST-06701,31-03-2025,Female,55-64,Portland,OR,Email,Active
6702,CUST-06702,19-02-2024,Female,25-34,Charlotte,NC,Paid Search,Active
6703,CUST-06703,18-11-2023,Female,55-64,Boston,MA,Paid Search,Active
6704,CUST-06704,02-09-2025,Male,35-44,Washington,DC,Organic Search,Active
6705,CUST-06705,20-01-2024,Male,35-44,Jacksonville,FL,Email,Active
6706,CUST-06706,05-07-2024,Male,45-54,Chicago,IL,Referral,Active
6707,CUST-06707,14-03-2025,Female,45-54,Portland,OR,Email,Active
6708,CUST-06708,05-08-2023,Female,18-24,New York,NY,Direct,Inactive
6709,CUST-06709,01-02-2024,Female,25-34,Columbus,OH,Paid Search,Active
6710,CUST-06710,12-05-2024,Prefer not to say,45-54,Chicago,IL,Direct,Active
6711,CUST-06711,17-10-2025,Female,25-34,Chicago,IL,Social Media,Active
6712,CUST-06712,03-03-2025,Female,55-64,San Diego,CA,Direct,Active
6713,CUST-06713,13-01-2024,Female,25-34,Charlotte,NC,Social Media,Active
6714,CUST-06714,31-07-2025,Female,18-24,Dallas,TX,Paid Search,Active
6715,CUST-06715,27-06-2023,Female,55-64,Denver,CO,Organic Search,Active
6716,CUST-06716,11-02-2025,Male,25-34,Denver,CO,Organic Search,Active
6717,CUST-06717,10-01-2024,Male,45-54,Fort Worth,TX,Organic Search,Active
6718,CUST-06718,26-07-2024,Female,25-34,Atlanta,GA,Paid Search,Active
6719,CUST-06719,26-07-2025,Male,18-24,Jacksonville,FL,Email,Active
6720,CUST-06720,13-09-2024,Female,18-24,Dallas,TX,Referral,Active
6721,CUST-06721,27-08-2023,Female,25-34,Phoenix,AZ,Referral,Active
6722,CUST-06722,04-01-2025,Female,35-44,San Jose,CA,Social Media,Inactive
6723,CUST-06723,14-01-2025,Male,55-64,Los Angeles,CA,Email,Active
6724,CUST-06724,25-01-2024,Male,45-54,San Jose,CA,Social Media,Active
6725,CUST-06725,24-05-2025,Male,35-44,San Jose,CA,Paid Search,Active
6726,CUST-06726,10-01-2025,Male,55-64,Las Vegas,NV,Paid Search,Active
6727,CUST-06727,30-08-2023,Female,35-44,Columbus,OH,Social Media,Active
6728,CUST-06728,25-07-2023,Male,25-34,Philadelphia,PA,Referral,Active
6729,CUST-06729,23-12-2023,Male,45-54,Boston,MA,Organic Search,Active
6730,CUST-06730,25-09-2024,Male,65+,New York,NY,Organic Search,Active
6731,CUST-06731,25-09-2023,Female,35-44,Dallas,TX,Direct,Active
6732,CUST-06732,15-06-2023,Female,45-54,Chicago,IL,Direct,Active
6733,CUST-06733,11-09-2025,Female,18-24,Charlotte,NC,Social Media,Active
6734,CUST-06734,02-01-2025,Female,55-64,Fort Worth,TX,Referral,Active
6735,CUST-06735,24-03-2024,Male,18-24,Denver,CO,Social Media,Active
6736,CUST-06736,23-12-2023,Female,18-24,Philadelphia,PA,Paid Search,Active
6737,CUST-06737,05-10-2024,Male,25-34,Jacksonville,FL,Direct,Active
6738,CUST-06738,17-10-2023,Female,65+,Los Angeles,CA,Social Media,Active
6739,CUST-06739,09-10-2023,Male,35-44,Jacksonville,FL,Organic Search,Active
6740,CUST-06740,31-07-2024,Female,35-44,New York,NY,Organic Search,Active
6741,CUST-06741,19-10-2025,Non-binary,25-34,Jacksonville,FL,Organic Search,Active
6742,CUST-06742,12-04-2025,Female,45-54,Philadelphia,PA,Referral,Active
6743,CUST-06743,18-07-2024,Female,35-44,Austin,TX,Paid Search,Active
6744,CUST-06744,20-06-2024,Female,25-34,Philadelphia,PA,Organic Search,Active
6745,CUST-06745,08-08-2025,Female,25-34,Miami,FL,Social Media,Active
6746,CUST-06746,16-07-2025,Female,55-64,Portland,OR,Direct,Active
6747,CUST-06747,12-08-2025,Female,25-34,Denver,CO,Paid Search,Active
6748,CUST-06748,07-05-2025,Non-binary,65+,Dallas,TX,Referral,Active
6749,CUST-06749,05-10-2023,Male,55-64,Miami,FL,Organic Search,Active
6750,CUST-06750,30-04-2024,Female,18-24,Denver,CO,Email,Active
6751,CUST-06751,17-10-2023,Female,25-34,New York,NY,Organic Search,Active
6752,CUST-06752,27-01-2024,Female,35-44,Fort Worth,TX,Social Media,Active
6753,CUST-06753,11-04-2025,Female,25-34,Jacksonville,FL,Organic Search,Active
6754,CUST-06754,12-11-2024,Female,18-24,New York,NY,Paid Search,Active
6755,CUST-06755,14-01-2024,Male,18-24,Atlanta,GA,Social Media,Active
6756,CUST-06756,03-04-2024,Male,45-54,San Diego,CA,Organic Search,Active
6757,CUST-06757,08-06-2023,Female,25-34,Los Angeles,CA,Paid Search,Active
6758,CUST-06758,21-06-2023,Female,35-44,Los Angeles,CA,Paid Search,Active
6759,CUST-06759,01-11-2023,Prefer not to say,35-44,Las Vegas,NV,Paid Search,Active
6760,CUST-06760,27-10-2024,Male,18-24,Atlanta,GA,Paid Search,Active
6761,CUST-06761,10-06-2024,Prefer not to say,25-34,Jacksonville,FL,Organic Search,Active
6762,CUST-06762,03-07-2023,Female,25-34,San Jose,CA,Organic Search,Active
6763,CUST-06763,26-11-2025,Female,55-64,Portland,OR,Organic Search,Active
6764,CUST-06764,07-06-2024,Prefer not to say,35-44,Phoenix,AZ,Organic Search,Active
6765,CUST-06765,10-08-2023,Female,25-34,Houston,TX,Referral,Active
6766,CUST-06766,19-11-2023,Female,55-64,Los Angeles,CA,Social Media,Inactive
6767,CUST-06767,06-07-2024,Female,35-44,Washington,DC,Direct,Active
6768,CUST-06768,16-12-2024,Male,25-34,New York,NY,Direct,Active
6769,CUST-06769,05-01-2024,Female,18-24,Portland,OR,Direct,Active
6770,CUST-06770,05-04-2025,Female,35-44,Boston,MA,Referral,Active
6771,CUST-06771,13-08-2023,Female,25-34,Las Vegas,NV,Paid Search,Active
6772,CUST-06772,03-02-2025,Male,35-44,Philadelphia,PA,Referral,Active
6773,CUST-06773,23-10-2023,Male,65+,Boston,MA,Social Media,Active
6774,CUST-06774,10-10-2024,Female,65+,Charlotte,NC,Social Media,Active
6775,CUST-06775,10-04-2024,Male,25-34,Seattle,WA,Organic Search,Active
6776,CUST-06776,11-10-2023,Female,35-44,Atlanta,GA,Direct,Active
6777,CUST-06777,05-10-2025,Female,25-34,Los Angeles,CA,Referral,Active
6778,CUST-06778,22-08-2023,Male,35-44,Portland,OR,Email,Active
6779,CUST-06779,23-11-2023,Male,35-44,Dallas,TX,Organic Search,Active
6780,CUST-06780,29-03-2024,Female,25-34,Dallas,TX,Organic Search,Active
6781,CUST-06781,03-06-2023,Female,35-44,Nashville,TN,Paid Search,Active
6782,CUST-06782,25-12-2023,Male,45-54,San Antonio,TX,Paid Search,Inactive
6783,CUST-06783,21-07-2023,Male,35-44,Denver,CO,Direct,Active
6784,CUST-06784,12-12-2023,Male,35-44,Los Angeles,CA,Email,Active
6785,CUST-06785,12-01-2025,Female,18-24,Atlanta,GA,Organic Search,Active
6786,CUST-06786,05-01-2024,Male,45-54,Philadelphia,PA,Organic Search,Active
6787,CUST-06787,04-08-2024,Female,45-54,Los Angeles,CA,Social Media,Active
6788,CUST-06788,16-11-2025,Female,25-34,Phoenix,AZ,Paid Search,Active
6789,CUST-06789,10-01-2025,Male,25-34,Miami,FL,Direct,Active
6790,CUST-06790,25-06-2024,Male,18-24,San Diego,CA,Organic Search,Active
6791,CUST-06791,27-03-2024,Female,45-54,Boston,MA,Organic Search,Active
6792,CUST-06792,27-11-2025,Male,55-64,Atlanta,GA,Email,Active
6793,CUST-06793,07-06-2024,Male,35-44,Portland,OR,Paid Search,Active
6794,CUST-06794,19-01-2024,Male,35-44,Atlanta,GA,Referral,Active
6795,CUST-06795,16-07-2024,Male,18-24,San Diego,CA,Paid Search,Active
6796,CUST-06796,06-09-2023,Non-binary,35-44,Portland,OR,Paid Search,Active
6797,CUST-06797,13-12-2023,Female,25-34,Nashville,TN,Direct,Inactive
6798,CUST-06798,21-07-2025,Female,45-54,Seattle,WA,Organic Search,Active
6799,CUST-06799,24-12-2023,Female,45-54,Portland,OR,Email,Active
6800,CUST-06800,01-10-2025,Female,45-54,Columbus,OH,Organic Search,Active
6801,CUST-06801,03-02-2024,Male,55-64,New York,NY,Direct,Active
6802,CUST-06802,21-10-2025,Male,35-44,San Jose,CA,Organic Search,Active
6803,CUST-06803,31-08-2023,Non-binary,25-34,Houston,TX,Referral,Active
6804,CUST-06804,10-07-2025,Non-binary,45-54,Las Vegas,NV,Paid Search,Active
6805,CUST-06805,01-03-2024,Female,25-34,Las Vegas,NV,Paid Search,Active
6806,CUST-06806,22-09-2024,Non-binary,55-64,New York,NY,Organic Search,Active
6807,CUST-06807,27-05-2024,Male,25-34,New York,NY,Organic Search,Inactive
6808,CUST-06808,21-09-2025,Female,25-34,San Diego,CA,Organic Search,Active
6809,CUST-06809,18-12-2024,Female,25-34,Philadelphia,PA,Paid Search,Active
6810,CUST-06810,03-06-2025,Female,18-24,New York,NY,Organic Search,Active
6811,CUST-06811,21-02-2025,Female,18-24,Boston,MA,Organic Search,Active
6812,CUST-06812,13-10-2023,Female,55-64,Dallas,TX,Paid Search,Active
6813,CUST-06813,29-08-2024,Female,18-24,Los Angeles,CA,Organic Search,Active
6814,CUST-06814,08-07-2023,Male,35-44,Boston,MA,Direct,Inactive
6815,CUST-06815,11-11-2025,Female,35-44,San Diego,CA,Email,Active
6816,CUST-06816,08-01-2024,Male,25-34,Fort Worth,TX,Social Media,Active
6817,CUST-06817,27-12-2023,Female,25-34,San Jose,CA,Direct,Active
6818,CUST-06818,24-12-2023,Male,35-44,New York,NY,Email,Active
6819,CUST-06819,02-01-2024,Female,45-54,Atlanta,GA,Social Media,Active
6820,CUST-06820,05-10-2023,Male,55-64,Las Vegas,NV,Social Media,Active
6821,CUST-06821,26-01-2024,Male,25-34,Denver,CO,Email,Active
6822,CUST-06822,10-10-2023,Male,25-34,Las Vegas,NV,Organic Search,Active
6823,CUST-06823,01-08-2023,Female,55-64,New York,NY,Paid Search,Active
6824,CUST-06824,20-04-2025,Male,55-64,New York,NY,Organic Search,Active
6825,CUST-06825,10-11-2025,Female,45-54,San Antonio,TX,Social Media,Active
6826,CUST-06826,14-05-2024,Female,35-44,Washington,DC,Social Media,Active
6827,CUST-06827,16-04-2025,Female,55-64,Miami,FL,Direct,Active
6828,CUST-06828,26-08-2023,Female,25-34,Denver,CO,Email,Active
6829,CUST-06829,10-08-2024,Male,45-54,Houston,TX,Social Media,Active
6830,CUST-06830,06-07-2023,Male,25-34,New York,NY,Organic Search,Active
6831,CUST-06831,14-05-2024,Non-binary,45-54,San Diego,CA,Direct,Active
6832,CUST-06832,05-09-2024,Male,45-54,Charlotte,NC,Direct,Inactive
6833,CUST-06833,07-06-2023,Female,18-24,New York,NY,Paid Search,Active
6834,CUST-06834,31-07-2023,Male,45-54,Fort Worth,TX,Email,Active
6835,CUST-06835,19-10-2025,Male,45-54,Phoenix,AZ,Paid Search,Inactive
6836,CUST-06836,06-02-2024,Male,25-34,Las Vegas,NV,Direct,Active
6837,CUST-06837,02-12-2024,Male,45-54,Austin,TX,Paid Search,Active
6838,CUST-06838,15-10-2025,Female,35-44,San Jose,CA,Direct,Active
6839,CUST-06839,19-11-2025,Female,35-44,San Antonio,TX,Paid Search,Inactive
6840,CUST-06840,24-12-2024,Male,25-34,New York,NY,Paid Search,Active
6841,CUST-06841,18-06-2025,Male,45-54,Chicago,IL,Social Media,Active
6842,CUST-06842,06-10-2024,Male,45-54,Jacksonville,FL,Social Media,Active
6843,CUST-06843,02-11-2023,Female,65+,Portland,OR,Social Media,Active
6844,CUST-06844,25-09-2023,Male,45-54,Miami,FL,Direct,Active
6845,CUST-06845,03-01-2024,Female,18-24,Atlanta,GA,Email,Active
6846,CUST-06846,17-05-2025,Male,65+,San Diego,CA,Direct,Active
6847,CUST-06847,05-06-2024,Female,55-64,Charlotte,NC,Organic Search,Active
6848,CUST-06848,23-08-2025,Male,35-44,Charlotte,NC,Organic Search,Active
6849,CUST-06849,14-09-2025,Male,55-64,San Diego,CA,Social Media,Active
6850,CUST-06850,13-10-2025,Non-binary,55-64,Los Angeles,CA,Social Media,Active
6851,CUST-06851,12-07-2025,Male,35-44,Atlanta,GA,Paid Search,Active
6852,CUST-06852,10-07-2023,Male,35-44,Chicago,IL,Email,Active
6853,CUST-06853,13-07-2024,Male,45-54,Chicago,IL,Email,Active
6854,CUST-06854,16-11-2023,Prefer not to say,35-44,Fort Worth,TX,Referral,Active
6855,CUST-06855,05-12-2023,Female,35-44,Nashville,TN,Social Media,Active
6856,CUST-06856,02-11-2023,Male,18-24,Miami,FL,Social Media,Active
6857,CUST-06857,16-01-2025,Female,25-34,Phoenix,AZ,Social Media,Active
6858,CUST-06858,09-10-2023,Male,55-64,Dallas,TX,Paid Search,Active
6859,CUST-06859,25-09-2023,Female,35-44,Phoenix,AZ,Email,Active
6860,CUST-06860,23-05-2024,Male,25-34,Dallas,TX,Referral,Active
6861,CUST-06861,08-08-2024,Male,45-54,Columbus,OH,Email,Active
6862,CUST-06862,09-05-2025,Male,65+,Atlanta,GA,Referral,Active
6863,CUST-06863,25-08-2024,Male,45-54,Los Angeles,CA,Direct,Active
6864,CUST-06864,10-11-2024,Male,18-24,Phoenix,AZ,Social Media,Active
6865,CUST-06865,06-07-2024,Male,25-34,Washington,DC,Organic Search,Active
6866,CUST-06866,21-12-2023,Female,55-64,Austin,TX,Referral,Active
6867,CUST-06867,29-12-2024,Male,35-44,Washington,DC,Paid Search,Active
6868,CUST-06868,26-08-2023,Male,35-44,San Diego,CA,Paid Search,Active
6869,CUST-06869,01-09-2024,Female,35-44,Houston,TX,Email,Active
6870,CUST-06870,14-02-2024,Female,25-34,San Jose,CA,Social Media,Active
6871,CUST-06871,01-09-2024,Female,35-44,Philadelphia,PA,Paid Search,Active
6872,CUST-06872,31-07-2023,Male,55-64,Los Angeles,CA,Paid Search,Active
6873,CUST-06873,11-10-2023,Female,55-64,Seattle,WA,Paid Search,Active
6874,CUST-06874,16-03-2025,Male,35-44,Denver,CO,Referral,Active
6875,CUST-06875,18-07-2023,Male,18-24,Chicago,IL,Social Media,Active
6876,CUST-06876,23-12-2024,Male,65+,Chicago,IL,Paid Search,Active
6877,CUST-06877,13-09-2025,Female,18-24,Atlanta,GA,Social Media,Active
6878,CUST-06878,22-10-2025,Female,45-54,Los Angeles,CA,Organic Search,Active
6879,CUST-06879,30-07-2025,Male,25-34,Fort Worth,TX,Social Media,Active
6880,CUST-06880,09-08-2025,Female,25-34,Jacksonville,FL,Organic Search,Active
6881,CUST-06881,07-12-2023,Female,55-64,Denver,CO,Direct,Active
6882,CUST-06882,17-10-2024,Male,18-24,San Antonio,TX,Paid Search,Active
6883,CUST-06883,23-02-2024,Female,45-54,Miami,FL,Organic Search,Active
6884,CUST-06884,13-03-2025,Female,25-34,Austin,TX,Organic Search,Active
6885,CUST-06885,01-03-2025,Male,65+,Phoenix,AZ,Organic Search,Active
6886,CUST-06886,12-09-2023,Female,55-64,Philadelphia,PA,Paid Search,Active
6887,CUST-06887,22-08-2025,Male,45-54,Austin,TX,Organic Search,Active
6888,CUST-06888,07-06-2023,Male,35-44,San Antonio,TX,Referral,Active
6889,CUST-06889,17-08-2024,Male,25-34,Chicago,IL,Email,Active
6890,CUST-06890,11-11-2024,Female,35-44,Houston,TX,Paid Search,Inactive
6891,CUST-06891,07-02-2024,Female,45-54,Fort Worth,TX,Social Media,Active
6892,CUST-06892,16-08-2024,Male,55-64,Columbus,OH,Social Media,Active
6893,CUST-06893,27-03-2025,Female,45-54,Chicago,IL,Paid Search,Active
6894,CUST-06894,19-12-2023,Male,25-34,Charlotte,NC,Organic Search,Active
6895,CUST-06895,21-05-2024,Male,65+,Miami,FL,Organic Search,Active
6896,CUST-06896,30-01-2024,Female,35-44,New York,NY,Paid Search,Inactive
6897,CUST-06897,28-11-2024,Male,35-44,Chicago,IL,Email,Active
6898,CUST-06898,04-06-2025,Male,55-64,Las Vegas,NV,Social Media,Active
6899,CUST-06899,21-10-2024,Female,35-44,Jacksonville,FL,Direct,Active
6900,CUST-06900,21-02-2025,Female,45-54,Seattle,WA,Organic Search,Active
6901,CUST-06901,06-01-2024,Male,25-34,Chicago,IL,Email,Inactive
6902,CUST-06902,01-06-2024,Female,18-24,Philadelphia,PA,Referral,Active
6903,CUST-06903,17-09-2023,Female,45-54,New York,NY,Paid Search,Active
6904,CUST-06904,06-06-2023,Female,25-34,Phoenix,AZ,Paid Search,Active
6905,CUST-06905,23-06-2024,Female,45-54,Philadelphia,PA,Organic Search,Active
6906,CUST-06906,11-12-2023,Female,35-44,Miami,FL,Organic Search,Active
6907,CUST-06907,08-12-2024,Male,35-44,Fort Worth,TX,Organic Search,Active
6908,CUST-06908,19-01-2024,Female,18-24,Phoenix,AZ,Email,Active
6909,CUST-06909,20-06-2025,Female,35-44,Seattle,WA,Organic Search,Active
6910,CUST-06910,27-07-2025,Female,35-44,Dallas,TX,Organic Search,Active
6911,CUST-06911,07-11-2025,Female,35-44,Dallas,TX,Email,Inactive
6912,CUST-06912,03-11-2023,Male,65+,Phoenix,AZ,Organic Search,Active
6913,CUST-06913,09-03-2024,Male,18-24,Philadelphia,PA,Social Media,Active
6914,CUST-06914,30-11-2023,Male,25-34,Denver,CO,Referral,Active
6915,CUST-06915,14-06-2024,Female,35-44,Seattle,WA,Social Media,Active
6916,CUST-06916,09-12-2023,Female,55-64,Denver,CO,Organic Search,Inactive
6917,CUST-06917,30-09-2025,Male,25-34,Nashville,TN,Social Media,Active
6918,CUST-06918,25-02-2025,Female,65+,Portland,OR,Paid Search,Active
6919,CUST-06919,11-08-2023,Female,35-44,San Antonio,TX,Paid Search,Active
6920,CUST-06920,18-09-2025,Male,55-64,Los Angeles,CA,Organic Search,Active
6921,CUST-06921,05-08-2023,Female,55-64,Boston,MA,Social Media,Active
6922,CUST-06922,22-06-2025,Male,55-64,Charlotte,NC,Social Media,Inactive
6923,CUST-06923,13-12-2024,Male,45-54,Charlotte,NC,Social Media,Active
6924,CUST-06924,07-05-2025,Male,18-24,New York,NY,Social Media,Active
6925,CUST-06925,27-01-2024,Female,35-44,Philadelphia,PA,Organic Search,Active
6926,CUST-06926,18-12-2024,Female,35-44,Seattle,WA,Email,Inactive
6927,CUST-06927,12-02-2025,Female,25-34,Columbus,OH,Email,Active
6928,CUST-06928,13-11-2024,Male,18-24,Boston,MA,Organic Search,Active
6929,CUST-06929,16-06-2025,Female,35-44,Houston,TX,Social Media,Active
6930,CUST-06930,20-11-2023,Female,35-44,Seattle,WA,Direct,Active
6931,CUST-06931,07-01-2025,Female,45-54,Las Vegas,NV,Email,Inactive
6932,CUST-06932,06-03-2024,Female,45-54,Washington,DC,Social Media,Active
6933,CUST-06933,12-08-2023,Male,25-34,Las Vegas,NV,Email,Active
6934,CUST-06934,11-09-2024,Female,35-44,Austin,TX,Direct,Active
6935,CUST-06935,07-11-2024,Male,18-24,Austin,TX,Organic Search,Active
6936,CUST-06936,20-07-2024,Male,65+,New York,NY,Social Media,Active
6937,CUST-06937,11-05-2024,Male,55-64,Fort Worth,TX,Paid Search,Active
6938,CUST-06938,19-08-2024,Male,25-34,Houston,TX,Organic Search,Active
6939,CUST-06939,30-03-2024,Female,55-64,Los Angeles,CA,Social Media,Active
6940,CUST-06940,24-01-2024,Female,55-64,San Diego,CA,Referral,Active
6941,CUST-06941,26-04-2024,Female,35-44,Portland,OR,Social Media,Active
6942,CUST-06942,03-06-2025,Female,25-34,Chicago,IL,Organic Search,Active
6943,CUST-06943,16-10-2023,Male,18-24,New York,NY,Social Media,Active
6944,CUST-06944,11-08-2023,Female,25-34,Miami,FL,Direct,Active
6945,CUST-06945,28-08-2025,Male,45-54,San Antonio,TX,Direct,Active
6946,CUST-06946,29-10-2023,Female,25-34,New York,NY,Direct,Active
6947,CUST-06947,19-02-2024,Female,25-34,Las Vegas,NV,Email,Active
6948,CUST-06948,04-01-2025,Female,25-34,Philadelphia,PA,Paid Search,Inactive
6949,CUST-06949,02-06-2023,Female,35-44,Nashville,TN,Email,Active
6950,CUST-06950,14-05-2025,Male,55-64,Chicago,IL,Direct,Active
6951,CUST-06951,08-03-2025,Non-binary,35-44,Atlanta,GA,Email,Active
6952,CUST-06952,23-12-2023,Female,45-54,Miami,FL,Direct,Active
6953,CUST-06953,25-09-2023,Male,45-54,Atlanta,GA,Organic Search,Active
6954,CUST-06954,13-09-2023,Female,25-34,San Antonio,TX,Email,Active
6955,CUST-06955,01-03-2024,Male,45-54,Los Angeles,CA,Paid Search,Active
6956,CUST-06956,11-06-2024,Female,25-34,Phoenix,AZ,Social Media,Active
6957,CUST-06957,24-11-2023,Male,55-64,Los Angeles,CA,Email,Active
6958,CUST-06958,26-02-2025,Male,25-34,Los Angeles,CA,Organic Search,Active
6959,CUST-06959,02-02-2024,Female,35-44,Washington,DC,Referral,Active
6960,CUST-06960,07-02-2024,Male,65+,Columbus,OH,Organic Search,Active
6961,CUST-06961,16-01-2024,Female,45-54,San Diego,CA,Email,Active
6962,CUST-06962,11-06-2023,Male,45-54,San Antonio,TX,Email,Active
6963,CUST-06963,20-05-2025,Male,45-54,Los Angeles,CA,Paid Search,Active
6964,CUST-06964,13-04-2025,Female,25-34,Denver,CO,Direct,Active
6965,CUST-06965,16-07-2023,Female,35-44,San Jose,CA,Organic Search,Active
6966,CUST-06966,20-08-2023,Female,45-54,Jacksonville,FL,Social Media,Active
6967,CUST-06967,14-10-2024,Male,35-44,Denver,CO,Email,Active
6968,CUST-06968,22-05-2025,Female,45-54,Dallas,TX,Social Media,Active
6969,CUST-06969,19-03-2024,Female,45-54,Chicago,IL,Direct,Active
6970,CUST-06970,08-01-2025,Male,18-24,Seattle,WA,Social Media,Inactive
6971,CUST-06971,29-12-2023,Male,45-54,Los Angeles,CA,Email,Active
6972,CUST-06972,26-01-2025,Non-binary,45-54,Los Angeles,CA,Organic Search,Active
6973,CUST-06973,21-11-2024,Male,25-34,Philadelphia,PA,Email,Inactive
6974,CUST-06974,16-11-2023,Female,45-54,Miami,FL,Social Media,Active
6975,CUST-06975,11-02-2024,Female,55-64,Dallas,TX,Paid Search,Inactive
6976,CUST-06976,15-09-2023,Male,25-34,Nashville,TN,Direct,Active
6977,CUST-06977,21-05-2025,Male,25-34,New York,NY,Paid Search,Active
6978,CUST-06978,31-12-2024,Male,35-44,Charlotte,NC,Direct,Active
6979,CUST-06979,30-04-2025,Female,35-44,Phoenix,AZ,Referral,Active
6980,CUST-06980,02-01-2025,Male,35-44,Atlanta,GA,Organic Search,Active
6981,CUST-06981,03-02-2025,Male,55-64,Washington,DC,Paid Search,Active
6982,CUST-06982,15-08-2025,Male,25-34,Nashville,TN,Organic Search,Active
6983,CUST-06983,10-11-2025,Female,55-64,Philadelphia,PA,Social Media,Active
6984,CUST-06984,16-02-2025,Female,55-64,Miami,FL,Organic Search,Active
6985,CUST-06985,19-06-2023,Male,35-44,Philadelphia,PA,Social Media,Active
6986,CUST-06986,25-12-2024,Male,25-34,Los Angeles,CA,Social Media,Active
6987,CUST-06987,20-06-2025,Prefer not to say,55-64,Houston,TX,Direct,Active
6988,CUST-06988,23-08-2023,Female,35-44,Seattle,WA,Social Media,Active
6989,CUST-06989,13-08-2023,Female,55-64,New York,NY,Direct,Active
6990,CUST-06990,05-07-2023,Male,55-64,Phoenix,AZ,Organic Search,Active
6991,CUST-06991,30-08-2025,Male,25-34,San Diego,CA,Social Media,Active
6992,CUST-06992,17-11-2024,Female,35-44,Phoenix,AZ,Social Media,Active
6993,CUST-06993,27-03-2025,Female,25-34,Austin,TX,Organic Search,Active
6994,CUST-06994,28-08-2025,Female,25-34,Columbus,OH,Direct,Active
6995,CUST-06995,07-03-2025,Non-binary,65+,Dallas,TX,Referral,Active
6996,CUST-06996,12-08-2025,Female,35-44,San Jose,CA,Paid Search,Active
6997,CUST-06997,20-06-2023,Male,45-54,San Diego,CA,Paid Search,Active
6998,CUST-06998,08-01-2024,Female,25-34,Charlotte,NC,Social Media,Active
6999,CUST-06999,17-12-2024,Male,35-44,Denver,CO,Email,Active
7000,CUST-07000,03-02-2025,Female,25-34,Jacksonville,FL,Social Media,Active
7001,CUST-07001,05-07-2023,Female,35-44,Jacksonville,FL,Paid Search,Active
7002,CUST-07002,16-03-2024,Male,35-44,Atlanta,GA,Referral,Active
7003,CUST-07003,08-01-2024,Female,18-24,Charlotte,NC,Paid Search,Active
7004,CUST-07004,04-03-2024,Female,18-24,Washington,DC,Social Media,Active
7005,CUST-07005,20-02-2025,Male,18-24,San Jose,CA,Social Media,Active
7006,CUST-07006,07-01-2025,Male,18-24,Denver,CO,Social Media,Active
7007,CUST-07007,20-10-2025,Female,18-24,Phoenix,AZ,Direct,Active
7008,CUST-07008,02-10-2023,Female,35-44,Philadelphia,PA,Social Media,Active
7009,CUST-07009,14-09-2023,Female,25-34,San Diego,CA,Email,Active
7010,CUST-07010,19-06-2023,Prefer not to say,45-54,Fort Worth,TX,Direct,Active
7011,CUST-07011,03-10-2023,Female,55-64,New York,NY,Paid Search,Active
7012,CUST-07012,13-08-2023,Male,35-44,Austin,TX,Paid Search,Active
7013,CUST-07013,22-06-2023,Male,18-24,Seattle,WA,Paid Search,Active
7014,CUST-07014,24-04-2025,Female,25-34,Austin,TX,Social Media,Active
7015,CUST-07015,17-07-2023,Female,45-54,San Jose,CA,Referral,Active
7016,CUST-07016,21-02-2024,Male,35-44,Denver,CO,Paid Search,Active
7017,CUST-07017,16-06-2025,Female,35-44,Los Angeles,CA,Direct,Active
7018,CUST-07018,14-03-2025,Female,65+,Portland,OR,Organic Search,Active
7019,CUST-07019,28-06-2024,Female,35-44,Denver,CO,Organic Search,Active
7020,CUST-07020,30-10-2025,Female,18-24,Charlotte,NC,Paid Search,Active
7021,CUST-07021,25-11-2023,Female,45-54,Chicago,IL,Paid Search,Active
7022,CUST-07022,16-12-2023,Female,25-34,New York,NY,Paid Search,Active
7023,CUST-07023,20-11-2023,Male,18-24,Seattle,WA,Organic Search,Active
7024,CUST-07024,23-11-2024,Male,45-54,Jacksonville,FL,Social Media,Active
7025,CUST-07025,11-07-2024,Female,45-54,Dallas,TX,Email,Active
7026,CUST-07026,24-06-2023,Female,35-44,Seattle,WA,Paid Search,Active
7027,CUST-07027,26-10-2025,Male,45-54,Jacksonville,FL,Referral,Active
7028,CUST-07028,05-05-2025,Female,25-34,Houston,TX,Email,Active
7029,CUST-07029,17-07-2024,Male,45-54,Washington,DC,Email,Active
7030,CUST-07030,24-05-2024,Female,65+,Seattle,WA,Paid Search,Active
7031,CUST-07031,03-04-2024,Female,65+,Los Angeles,CA,Referral,Active
7032,CUST-07032,22-06-2023,Male,55-64,San Diego,CA,Social Media,Active
7033,CUST-07033,22-12-2023,Male,65+,Los Angeles,CA,Organic Search,Active
7034,CUST-07034,25-12-2024,Female,25-34,Columbus,OH,Referral,Active
7035,CUST-07035,27-12-2024,Non-binary,35-44,Fort Worth,TX,Organic Search,Active
7036,CUST-07036,08-04-2024,Female,35-44,Washington,DC,Social Media,Active
7037,CUST-07037,25-08-2025,Male,35-44,Los Angeles,CA,Referral,Active
7038,CUST-07038,23-09-2025,Male,45-54,San Diego,CA,Social Media,Active
7039,CUST-07039,20-11-2024,Female,35-44,San Jose,CA,Paid Search,Active
7040,CUST-07040,08-06-2023,Female,45-54,Boston,MA,Email,Active
7041,CUST-07041,14-09-2023,Female,55-64,Houston,TX,Organic Search,Active
7042,CUST-07042,09-08-2023,Female,18-24,Las Vegas,NV,Referral,Active
7043,CUST-07043,01-07-2023,Female,35-44,Chicago,IL,Email,Active
7044,CUST-07044,05-08-2025,Female,35-44,Charlotte,NC,Organic Search,Active
7045,CUST-07045,22-04-2025,Female,25-34,Houston,TX,Social Media,Active
7046,CUST-07046,31-08-2025,Female,65+,Los Angeles,CA,Direct,Active
7047,CUST-07047,15-11-2025,Female,25-34,New York,NY,Organic Search,Active
7048,CUST-07048,19-07-2025,Female,45-54,San Diego,CA,Direct,Inactive
7049,CUST-07049,30-11-2023,Male,25-34,Charlotte,NC,Organic Search,Active
7050,CUST-07050,28-05-2024,Female,25-34,Portland,OR,Email,Active
7051,CUST-07051,03-10-2024,Male,25-34,Philadelphia,PA,Organic Search,Active
7052,CUST-07052,08-03-2024,Male,25-34,Austin,TX,Direct,Active
7053,CUST-07053,25-10-2024,Male,55-64,Washington,DC,Direct,Active
7054,CUST-07054,14-02-2024,Female,45-54,Phoenix,AZ,Email,Inactive
7055,CUST-07055,02-08-2023,Female,35-44,Atlanta,GA,Social Media,Active
7056,CUST-07056,23-06-2024,Prefer not to say,25-34,Denver,CO,Organic Search,Active
7057,CUST-07057,30-11-2025,Female,35-44,San Diego,CA,Social Media,Active
7058,CUST-07058,19-06-2025,Female,25-34,Columbus,OH,Email,Active
7059,CUST-07059,18-12-2023,Non-binary,35-44,San Diego,CA,Paid Search,Active
7060,CUST-07060,13-03-2024,Female,35-44,San Jose,CA,Organic Search,Active
7061,CUST-07061,08-02-2024,Prefer not to say,45-54,Dallas,TX,Direct,Active
7062,CUST-07062,25-11-2025,Female,25-34,Jacksonville,FL,Email,Active
7063,CUST-07063,10-11-2024,Female,45-54,Houston,TX,Email,Active
7064,CUST-07064,03-06-2023,Female,65+,Los Angeles,CA,Social Media,Active
7065,CUST-07065,20-09-2024,Prefer not to say,55-64,Chicago,IL,Organic Search,Active
7066,CUST-07066,26-12-2023,Female,35-44,Denver,CO,Email,Active
7067,CUST-07067,22-01-2024,Female,55-64,Houston,TX,Social Media,Active
7068,CUST-07068,15-01-2024,Female,25-34,New York,NY,Referral,Active
7069,CUST-07069,09-07-2024,Male,55-64,New York,NY,Organic Search,Active
7070,CUST-07070,09-10-2024,Male,55-64,New York,NY,Paid Search,Active
7071,CUST-07071,19-11-2023,Male,35-44,Seattle,WA,Email,Active
7072,CUST-07072,24-05-2024,Female,25-34,Phoenix,AZ,Organic Search,Active
7073,CUST-07073,10-03-2025,Male,35-44,Houston,TX,Social Media,Active
7074,CUST-07074,30-09-2024,Male,25-34,Jacksonville,FL,Paid Search,Active
7075,CUST-07075,31-05-2025,Female,35-44,Phoenix,AZ,Email,Active
7076,CUST-07076,04-10-2023,Male,45-54,Los Angeles,CA,Referral,Inactive
7077,CUST-07077,23-08-2024,Male,25-34,New York,NY,Referral,Active
7078,CUST-07078,07-02-2024,Female,35-44,San Antonio,TX,Organic Search,Inactive
7079,CUST-07079,30-08-2024,Female,25-34,New York,NY,Email,Active
7080,CUST-07080,26-08-2024,Female,35-44,Chicago,IL,Organic Search,Active
7081,CUST-07081,17-08-2023,Female,25-34,Atlanta,GA,Organic Search,Active
7082,CUST-07082,04-12-2023,Female,25-34,Chicago,IL,Email,Active
7083,CUST-07083,22-02-2025,Male,35-44,Atlanta,GA,Organic Search,Active
7084,CUST-07084,08-10-2024,Female,25-34,Portland,OR,Paid Search,Active
7085,CUST-07085,05-02-2025,Prefer not to say,45-54,Phoenix,AZ,Paid Search,Active
7086,CUST-07086,09-12-2023,Prefer not to say,18-24,Chicago,IL,Social Media,Active
7087,CUST-07087,28-06-2025,Male,45-54,Atlanta,GA,Social Media,Active
7088,CUST-07088,21-01-2024,Male,35-44,New York,NY,Paid Search,Active
7089,CUST-07089,14-02-2024,Male,35-44,San Antonio,TX,Email,Active
7090,CUST-07090,06-07-2024,Male,25-34,Jacksonville,FL,Organic Search,Active
7091,CUST-07091,22-03-2024,Female,18-24,Denver,CO,Direct,Active
7092,CUST-07092,11-11-2025,Female,55-64,San Diego,CA,Organic Search,Active
7093,CUST-07093,18-12-2023,Male,45-54,San Antonio,TX,Organic Search,Active
7094,CUST-07094,04-11-2023,Female,25-34,Charlotte,NC,Social Media,Active
7095,CUST-07095,08-09-2025,Female,35-44,Los Angeles,CA,Paid Search,Active
7096,CUST-07096,07-03-2025,Female,25-34,Los Angeles,CA,Paid Search,Active
7097,CUST-07097,16-07-2023,Male,35-44,Austin,TX,Paid Search,Active
7098,CUST-07098,20-05-2024,Female,45-54,San Antonio,TX,Email,Active
7099,CUST-07099,30-07-2024,Female,65+,Phoenix,AZ,Organic Search,Active
7100,CUST-07100,06-04-2024,Female,55-64,Nashville,TN,Referral,Active
7101,CUST-07101,25-05-2025,Female,55-64,Dallas,TX,Social Media,Active
7102,CUST-07102,23-04-2024,Male,25-34,Seattle,WA,Social Media,Active
7103,CUST-07103,27-05-2024,Male,25-34,Dallas,TX,Social Media,Active
7104,CUST-07104,20-03-2025,Male,25-34,San Jose,CA,Direct,Inactive
7105,CUST-07105,17-04-2024,Male,55-64,Washington,DC,Email,Active
7106,CUST-07106,25-10-2023,Female,18-24,San Jose,CA,Paid Search,Active
7107,CUST-07107,02-06-2023,Prefer not to say,55-64,San Antonio,TX,Paid Search,Active
7108,CUST-07108,01-01-2025,Male,55-64,Los Angeles,CA,Referral,Active
7109,CUST-07109,08-06-2025,Male,55-64,Phoenix,AZ,Referral,Active
7110,CUST-07110,13-07-2023,Male,35-44,Dallas,TX,Organic Search,Active
7111,CUST-07111,16-03-2025,Female,25-34,Atlanta,GA,Email,Active
7112,CUST-07112,25-01-2025,Female,55-64,Houston,TX,Organic Search,Active
7113,CUST-07113,22-10-2025,Non-binary,35-44,Dallas,TX,Paid Search,Active
7114,CUST-07114,24-10-2023,Male,55-64,Atlanta,GA,Organic Search,Active
7115,CUST-07115,19-09-2024,Male,65+,Portland,OR,Email,Active
7116,CUST-07116,22-11-2025,Female,55-64,Phoenix,AZ,Organic Search,Active
7117,CUST-07117,18-01-2025,Female,35-44,New York,NY,Organic Search,Active
7118,CUST-07118,04-07-2024,Female,35-44,Houston,TX,Organic Search,Active
7119,CUST-07119,03-06-2025,Prefer not to say,45-54,Columbus,OH,Direct,Active
7120,CUST-07120,25-05-2025,Male,45-54,Philadelphia,PA,Direct,Active
7121,CUST-07121,29-08-2023,Male,55-64,Los Angeles,CA,Paid Search,Active
7122,CUST-07122,11-11-2023,Male,45-54,Los Angeles,CA,Paid Search,Active
7123,CUST-07123,16-05-2024,Female,25-34,New York,NY,Organic Search,Active
7124,CUST-07124,02-04-2024,Non-binary,35-44,New York,NY,Paid Search,Active
7125,CUST-07125,17-09-2024,Female,35-44,Seattle,WA,Social Media,Active
7126,CUST-07126,18-03-2024,Female,45-54,Los Angeles,CA,Social Media,Active
7127,CUST-07127,22-11-2024,Male,35-44,Philadelphia,PA,Social Media,Active
7128,CUST-07128,02-03-2025,Female,35-44,Jacksonville,FL,Organic Search,Active
7129,CUST-07129,17-06-2024,Male,45-54,Washington,DC,Social Media,Active
7130,CUST-07130,10-10-2025,Female,18-24,Los Angeles,CA,Organic Search,Active
7131,CUST-07131,14-06-2023,Female,55-64,Dallas,TX,Direct,Active
7132,CUST-07132,22-08-2025,Male,25-34,Charlotte,NC,Social Media,Active
7133,CUST-07133,30-07-2023,Male,35-44,Boston,MA,Paid Search,Active
7134,CUST-07134,19-07-2025,Male,35-44,Los Angeles,CA,Email,Active
7135,CUST-07135,27-02-2024,Male,35-44,Las Vegas,NV,Social Media,Active
7136,CUST-07136,10-09-2024,Male,55-64,Jacksonville,FL,Paid Search,Active
7137,CUST-07137,27-11-2024,Female,18-24,Charlotte,NC,Organic Search,Active
7138,CUST-07138,31-08-2023,Female,35-44,Los Angeles,CA,Social Media,Active
7139,CUST-07139,01-01-2025,Female,55-64,Boston,MA,Paid Search,Inactive
7140,CUST-07140,27-07-2024,Male,55-64,Seattle,WA,Organic Search,Inactive
7141,CUST-07141,30-11-2024,Female,45-54,San Diego,CA,Organic Search,Active
7142,CUST-07142,01-09-2023,Male,45-54,Philadelphia,PA,Social Media,Inactive
7143,CUST-07143,11-07-2024,Male,45-54,Austin,TX,Social Media,Active
7144,CUST-07144,02-02-2025,Male,35-44,Fort Worth,TX,Social Media,Active
7145,CUST-07145,25-12-2024,Female,45-54,New York,NY,Email,Active
7146,CUST-07146,08-09-2024,Male,35-44,Chicago,IL,Referral,Active
7147,CUST-07147,19-01-2024,Female,55-64,Denver,CO,Social Media,Inactive
7148,CUST-07148,19-06-2025,Male,25-34,Chicago,IL,Social Media,Active
7149,CUST-07149,16-06-2025,Male,45-54,Philadelphia,PA,Direct,Active
7150,CUST-07150,14-09-2024,Female,55-64,Houston,TX,Direct,Active
7151,CUST-07151,03-04-2024,Male,65+,Fort Worth,TX,Paid Search,Active
7152,CUST-07152,15-12-2024,Female,25-34,Jacksonville,FL,Organic Search,Active
7153,CUST-07153,25-06-2025,Female,18-24,Columbus,OH,Direct,Active
7154,CUST-07154,24-03-2024,Female,25-34,Las Vegas,NV,Organic Search,Inactive
7155,CUST-07155,06-08-2024,Male,45-54,Austin,TX,Direct,Active
7156,CUST-07156,25-05-2024,Female,25-34,New York,NY,Paid Search,Active
7157,CUST-07157,04-05-2024,Female,65+,Washington,DC,Referral,Active
7158,CUST-07158,15-07-2024,Female,25-34,Dallas,TX,Email,Active
7159,CUST-07159,25-11-2025,Male,35-44,New York,NY,Referral,Active
7160,CUST-07160,22-06-2023,Male,18-24,San Diego,CA,Referral,Active
7161,CUST-07161,19-09-2024,Female,25-34,Seattle,WA,Organic Search,Active
7162,CUST-07162,12-01-2024,Male,55-64,Portland,OR,Social Media,Active
7163,CUST-07163,24-02-2025,Female,25-34,San Antonio,TX,Direct,Active
7164,CUST-07164,16-05-2024,Male,25-34,Philadelphia,PA,Organic Search,Active
7165,CUST-07165,15-11-2025,Female,35-44,Philadelphia,PA,Social Media,Active
7166,CUST-07166,16-06-2023,Female,18-24,Houston,TX,Social Media,Active
7167,CUST-07167,27-02-2025,Male,55-64,Philadelphia,PA,Social Media,Active
7168,CUST-07168,16-06-2025,Female,18-24,Atlanta,GA,Direct,Active
7169,CUST-07169,21-06-2023,Male,35-44,Fort Worth,TX,Organic Search,Active
7170,CUST-07170,02-06-2025,Female,35-44,San Antonio,TX,Direct,Active
7171,CUST-07171,18-11-2025,Female,45-54,Columbus,OH,Paid Search,Active
7172,CUST-07172,27-10-2023,Female,65+,Seattle,WA,Social Media,Active
7173,CUST-07173,07-01-2025,Female,35-44,Houston,TX,Social Media,Active
7174,CUST-07174,20-08-2023,Female,35-44,Chicago,IL,Paid Search,Active
7175,CUST-07175,17-11-2025,Male,25-34,Columbus,OH,Paid Search,Active
7176,CUST-07176,14-04-2025,Female,25-34,Los Angeles,CA,Organic Search,Inactive
7177,CUST-07177,29-11-2025,Male,45-54,San Jose,CA,Referral,Active
7178,CUST-07178,28-05-2024,Male,25-34,San Jose,CA,Social Media,Active
7179,CUST-07179,09-09-2023,Male,45-54,Phoenix,AZ,Organic Search,Active
7180,CUST-07180,24-09-2023,Female,35-44,Dallas,TX,Social Media,Active
7181,CUST-07181,18-07-2025,Male,25-34,Dallas,TX,Social Media,Active
7182,CUST-07182,13-02-2024,Female,25-34,New York,NY,Direct,Active
7183,CUST-07183,12-06-2023,Non-binary,35-44,Seattle,WA,Organic Search,Active
7184,CUST-07184,02-10-2023,Female,55-64,Miami,FL,Organic Search,Active
7185,CUST-07185,20-07-2023,Female,35-44,Fort Worth,TX,Paid Search,Active
7186,CUST-07186,01-06-2024,Male,45-54,Dallas,TX,Organic Search,Active
7187,CUST-07187,25-03-2024,Female,45-54,Nashville,TN,Paid Search,Active
7188,CUST-07188,15-08-2023,Male,35-44,Philadelphia,PA,Direct,Active
7189,CUST-07189,08-11-2024,Male,65+,Chicago,IL,Organic Search,Inactive
7190,CUST-07190,26-10-2025,Male,25-34,Jacksonville,FL,Social Media,Active
7191,CUST-07191,22-10-2025,Male,65+,Fort Worth,TX,Paid Search,Active
7192,CUST-07192,06-03-2024,Non-binary,55-64,Portland,OR,Organic Search,Active
7193,CUST-07193,13-01-2024,Female,65+,San Antonio,TX,Direct,Active
7194,CUST-07194,13-11-2023,Male,35-44,Boston,MA,Referral,Active
7195,CUST-07195,25-07-2024,Female,55-64,Nashville,TN,Social Media,Active
7196,CUST-07196,21-06-2024,Male,55-64,Philadelphia,PA,Organic Search,Active
7197,CUST-07197,26-08-2024,Male,35-44,Jacksonville,FL,Direct,Active
7198,CUST-07198,21-02-2024,Female,35-44,Portland,OR,Paid Search,Active
7199,CUST-07199,29-07-2025,Male,35-44,Denver,CO,Email,Active
7200,CUST-07200,04-02-2024,Female,35-44,New York,NY,Direct,Active
7201,CUST-07201,25-03-2024,Female,25-34,Seattle,WA,Social Media,Active
7202,CUST-07202,19-11-2025,Non-binary,65+,Austin,TX,Organic Search,Active
7203,CUST-07203,12-06-2023,Female,55-64,Charlotte,NC,Paid Search,Active
7204,CUST-07204,24-11-2025,Female,35-44,Miami,FL,Email,Inactive
7205,CUST-07205,09-10-2023,Female,18-24,Los Angeles,CA,Social Media,Active
7206,CUST-07206,29-06-2024,Male,55-64,Houston,TX,Organic Search,Active
7207,CUST-07207,14-07-2023,Female,55-64,Austin,TX,Organic Search,Inactive
7208,CUST-07208,01-07-2024,Non-binary,18-24,New York,NY,Paid Search,Active
7209,CUST-07209,07-02-2024,Male,55-64,Philadelphia,PA,Referral,Active
7210,CUST-07210,14-04-2025,Male,35-44,Houston,TX,Referral,Inactive
7211,CUST-07211,15-12-2023,Female,55-64,Houston,TX,Paid Search,Inactive
7212,CUST-07212,09-03-2025,Male,25-34,Washington,DC,Paid Search,Active
7213,CUST-07213,24-06-2024,Female,65+,Phoenix,AZ,Organic Search,Active
7214,CUST-07214,08-12-2023,Male,35-44,Seattle,WA,Social Media,Active
7215,CUST-07215,08-12-2023,Male,25-34,New York,NY,Organic Search,Inactive
7216,CUST-07216,01-09-2025,Male,35-44,Dallas,TX,Paid Search,Active
7217,CUST-07217,09-11-2025,Female,45-54,Houston,TX,Paid Search,Active
7218,CUST-07218,07-03-2024,Male,55-64,San Jose,CA,Direct,Active
7219,CUST-07219,09-07-2024,Non-binary,25-34,Los Angeles,CA,Organic Search,Active
7220,CUST-07220,08-03-2024,Female,35-44,Dallas,TX,Paid Search,Active
7221,CUST-07221,12-09-2023,Male,55-64,Chicago,IL,Social Media,Active
7222,CUST-07222,13-09-2024,Male,35-44,Jacksonville,FL,Organic Search,Active
7223,CUST-07223,24-06-2024,Female,25-34,New York,NY,Paid Search,Inactive
7224,CUST-07224,28-12-2024,Male,25-34,New York,NY,Social Media,Inactive
7225,CUST-07225,06-12-2023,Female,35-44,Nashville,TN,Paid Search,Inactive
7226,CUST-07226,11-09-2023,Male,45-54,Chicago,IL,Email,Active
7227,CUST-07227,05-06-2023,Male,18-24,Houston,TX,Paid Search,Active
7228,CUST-07228,16-07-2023,Male,18-24,New York,NY,Organic Search,Active
7229,CUST-07229,24-04-2024,Male,65+,Charlotte,NC,Organic Search,Active
7230,CUST-07230,11-02-2024,Female,25-34,Nashville,TN,Organic Search,Inactive
7231,CUST-07231,04-08-2023,Female,35-44,Houston,TX,Email,Active
7232,CUST-07232,22-07-2023,Male,35-44,Washington,DC,Referral,Active
7233,CUST-07233,06-11-2025,Female,45-54,New York,NY,Email,Active
7234,CUST-07234,27-07-2023,Male,35-44,Miami,FL,Direct,Active
7235,CUST-07235,16-12-2024,Male,35-44,Washington,DC,Referral,Active
7236,CUST-07236,11-04-2024,Female,25-34,Houston,TX,Direct,Inactive
7237,CUST-07237,08-12-2024,Male,45-54,Chicago,IL,Email,Active
7238,CUST-07238,20-07-2025,Female,25-34,San Diego,CA,Paid Search,Active
7239,CUST-07239,06-12-2023,Female,35-44,Columbus,OH,Direct,Active
7240,CUST-07240,02-02-2025,Female,45-54,Austin,TX,Organic Search,Active
7241,CUST-07241,03-05-2025,Male,35-44,New York,NY,Email,Active
7242,CUST-07242,25-12-2024,Female,35-44,New York,NY,Paid Search,Active
7243,CUST-07243,13-08-2025,Male,25-34,Houston,TX,Paid Search,Active
7244,CUST-07244,14-10-2023,Male,25-34,Dallas,TX,Paid Search,Active
7245,CUST-07245,09-01-2024,Female,25-34,Houston,TX,Organic Search,Inactive
7246,CUST-07246,09-12-2023,Female,35-44,Austin,TX,Paid Search,Active
7247,CUST-07247,10-03-2024,Male,45-54,Houston,TX,Social Media,Active
7248,CUST-07248,07-01-2024,Male,55-64,Fort Worth,TX,Direct,Active
7249,CUST-07249,05-08-2025,Female,25-34,Fort Worth,TX,Referral,Inactive
7250,CUST-07250,21-01-2025,Female,18-24,Los Angeles,CA,Referral,Active
7251,CUST-07251,13-04-2025,Male,35-44,San Jose,CA,Direct,Active
7252,CUST-07252,08-08-2023,Male,18-24,Fort Worth,TX,Email,Inactive
7253,CUST-07253,23-11-2023,Female,35-44,Las Vegas,NV,Organic Search,Active
7254,CUST-07254,10-06-2024,Female,35-44,Phoenix,AZ,Direct,Active
7255,CUST-07255,24-09-2023,Female,35-44,Fort Worth,TX,Direct,Active
7256,CUST-07256,03-06-2025,Female,65+,Miami,FL,Email,Active
7257,CUST-07257,25-11-2024,Male,35-44,New York,NY,Organic Search,Active
7258,CUST-07258,20-04-2025,Female,55-64,San Diego,CA,Paid Search,Active
7259,CUST-07259,21-12-2024,Female,45-54,Philadelphia,PA,Direct,Active
7260,CUST-07260,24-11-2024,Male,35-44,San Jose,CA,Organic Search,Inactive
7261,CUST-07261,23-10-2024,Female,45-54,Charlotte,NC,Paid Search,Active
7262,CUST-07262,09-01-2024,Male,35-44,Portland,OR,Paid Search,Active
7263,CUST-07263,28-01-2025,Female,45-54,Los Angeles,CA,Direct,Active
7264,CUST-07264,02-01-2024,Female,35-44,Chicago,IL,Organic Search,Active
7265,CUST-07265,31-10-2023,Male,25-34,San Diego,CA,Organic Search,Active
7266,CUST-07266,31-10-2025,Female,55-64,Philadelphia,PA,Organic Search,Active
7267,CUST-07267,09-07-2024,Female,25-34,Las Vegas,NV,Email,Active
7268,CUST-07268,10-11-2025,Female,35-44,Los Angeles,CA,Direct,Active
7269,CUST-07269,07-10-2023,Female,35-44,Houston,TX,Email,Active
7270,CUST-07270,30-12-2023,Male,25-34,Portland,OR,Paid Search,Active
7271,CUST-07271,09-01-2025,Male,18-24,Atlanta,GA,Referral,Active
7272,CUST-07272,07-08-2024,Female,45-54,Atlanta,GA,Organic Search,Active
7273,CUST-07273,18-08-2024,Female,35-44,Boston,MA,Social Media,Active
7274,CUST-07274,08-03-2025,Female,45-54,Houston,TX,Email,Inactive
7275,CUST-07275,12-11-2023,Female,18-24,Los Angeles,CA,Social Media,Active
7276,CUST-07276,25-07-2023,Female,55-64,Los Angeles,CA,Organic Search,Active
7277,CUST-07277,16-08-2023,Female,35-44,New York,NY,Social Media,Active
7278,CUST-07278,02-10-2025,Female,65+,Las Vegas,NV,Email,Active
7279,CUST-07279,04-09-2025,Female,25-34,Chicago,IL,Direct,Active
7280,CUST-07280,07-02-2024,Male,35-44,Phoenix,AZ,Social Media,Active
7281,CUST-07281,22-10-2024,Non-binary,25-34,Chicago,IL,Referral,Active
7282,CUST-07282,03-10-2023,Female,35-44,Los Angeles,CA,Referral,Active
7283,CUST-07283,28-10-2023,Male,35-44,Chicago,IL,Paid Search,Active
7284,CUST-07284,01-07-2024,Female,35-44,Washington,DC,Organic Search,Active
7285,CUST-07285,08-01-2024,Male,55-64,San Jose,CA,Direct,Active
7286,CUST-07286,20-03-2024,Male,45-54,Chicago,IL,Organic Search,Active
7287,CUST-07287,18-08-2025,Female,45-54,San Jose,CA,Email,Active
7288,CUST-07288,22-01-2025,Male,65+,Washington,DC,Social Media,Active
7289,CUST-07289,10-03-2024,Male,18-24,Columbus,OH,Referral,Active
7290,CUST-07290,11-10-2025,Female,35-44,San Jose,CA,Direct,Active
7291,CUST-07291,03-06-2024,Male,45-54,Phoenix,AZ,Referral,Inactive
7292,CUST-07292,17-08-2023,Female,25-34,San Diego,CA,Social Media,Inactive
7293,CUST-07293,16-06-2025,Non-binary,25-34,Los Angeles,CA,Organic Search,Active
7294,CUST-07294,19-07-2023,Female,25-34,Jacksonville,FL,Referral,Active
7295,CUST-07295,16-07-2024,Female,25-34,Chicago,IL,Referral,Active
7296,CUST-07296,17-01-2025,Female,45-54,Fort Worth,TX,Social Media,Active
7297,CUST-07297,20-01-2024,Female,35-44,Dallas,TX,Paid Search,Inactive
7298,CUST-07298,17-02-2024,Female,25-34,Dallas,TX,Social Media,Active
7299,CUST-07299,01-11-2023,Prefer not to say,25-34,San Antonio,TX,Paid Search,Active
7300,CUST-07300,19-12-2023,Male,45-54,Los Angeles,CA,Paid Search,Inactive
7301,CUST-07301,19-07-2025,Male,45-54,Chicago,IL,Paid Search,Active
7302,CUST-07302,13-05-2024,Female,65+,Las Vegas,NV,Email,Active
7303,CUST-07303,01-10-2023,Non-binary,45-54,Seattle,WA,Organic Search,Active
7304,CUST-07304,27-01-2024,Female,25-34,Houston,TX,Social Media,Active
7305,CUST-07305,16-06-2024,Male,18-24,Dallas,TX,Organic Search,Active
7306,CUST-07306,19-10-2025,Female,55-64,New York,NY,Direct,Active
7307,CUST-07307,12-05-2025,Male,35-44,Miami,FL,Paid Search,Active
7308,CUST-07308,05-09-2025,Female,25-34,Las Vegas,NV,Social Media,Active
7309,CUST-07309,13-05-2025,Female,35-44,New York,NY,Referral,Active
7310,CUST-07310,03-06-2024,Female,25-34,Washington,DC,Organic Search,Active
7311,CUST-07311,18-02-2024,Female,25-34,San Antonio,TX,Referral,Active
7312,CUST-07312,26-01-2024,Female,45-54,Las Vegas,NV,Email,Active
7313,CUST-07313,17-05-2024,Male,45-54,Fort Worth,TX,Paid Search,Active
7314,CUST-07314,04-09-2024,Male,65+,San Antonio,TX,Email,Active
7315,CUST-07315,09-11-2025,Female,45-54,Seattle,WA,Social Media,Active
7316,CUST-07316,19-06-2023,Male,25-34,New York,NY,Organic Search,Inactive
7317,CUST-07317,19-09-2025,Male,35-44,San Jose,CA,Organic Search,Active
7318,CUST-07318,02-07-2024,Prefer not to say,25-34,Los Angeles,CA,Social Media,Active
7319,CUST-07319,23-04-2024,Female,25-34,Los Angeles,CA,Organic Search,Active
7320,CUST-07320,18-11-2024,Female,45-54,Phoenix,AZ,Organic Search,Active
7321,CUST-07321,22-06-2025,Female,18-24,Los Angeles,CA,Social Media,Active
7322,CUST-07322,25-08-2024,Female,55-64,Philadelphia,PA,Social Media,Active
7323,CUST-07323,17-12-2023,Female,25-34,San Diego,CA,Direct,Inactive
7324,CUST-07324,25-07-2023,Female,35-44,Miami,FL,Organic Search,Active
7325,CUST-07325,07-11-2023,Female,25-34,Philadelphia,PA,Organic Search,Active
7326,CUST-07326,24-08-2024,Male,45-54,Fort Worth,TX,Paid Search,Active
7327,CUST-07327,05-06-2023,Female,55-64,Austin,TX,Email,Active
7328,CUST-07328,29-11-2023,Male,55-64,San Jose,CA,Paid Search,Active
7329,CUST-07329,20-05-2024,Female,25-34,Atlanta,GA,Social Media,Active
7330,CUST-07330,10-04-2025,Female,25-34,Columbus,OH,Email,Active
7331,CUST-07331,19-01-2024,Male,25-34,Houston,TX,Organic Search,Inactive
7332,CUST-07332,05-01-2024,Non-binary,18-24,Chicago,IL,Referral,Active
7333,CUST-07333,23-06-2024,Female,35-44,Philadelphia,PA,Direct,Active
7334,CUST-07334,19-03-2024,Male,25-34,Los Angeles,CA,Paid Search,Active
7335,CUST-07335,04-06-2025,Female,35-44,Las Vegas,NV,Direct,Active
7336,CUST-07336,05-07-2023,Non-binary,18-24,Phoenix,AZ,Social Media,Active
7337,CUST-07337,29-10-2024,Female,35-44,Philadelphia,PA,Organic Search,Active
7338,CUST-07338,18-10-2025,Male,25-34,San Jose,CA,Organic Search,Inactive
7339,CUST-07339,22-01-2025,Male,65+,Jacksonville,FL,Direct,Active
7340,CUST-07340,04-10-2023,Female,55-64,Washington,DC,Social Media,Active
7341,CUST-07341,04-07-2024,Female,45-54,Phoenix,AZ,Social Media,Active
7342,CUST-07342,24-09-2025,Male,45-54,Miami,FL,Paid Search,Active
7343,CUST-07343,24-03-2025,Male,65+,Los Angeles,CA,Social Media,Active
7344,CUST-07344,27-12-2024,Male,25-34,Charlotte,NC,Referral,Active
7345,CUST-07345,10-11-2023,Male,35-44,Philadelphia,PA,Referral,Active
7346,CUST-07346,04-11-2023,Female,25-34,Jacksonville,FL,Paid Search,Active
7347,CUST-07347,02-09-2024,Prefer not to say,35-44,Miami,FL,Organic Search,Active
7348,CUST-07348,14-12-2024,Non-binary,18-24,Washington,DC,Direct,Active
7349,CUST-07349,20-08-2025,Prefer not to say,55-64,Washington,DC,Referral,Active
7350,CUST-07350,27-01-2024,Male,55-64,Boston,MA,Organic Search,Inactive
7351,CUST-07351,08-11-2023,Female,18-24,Chicago,IL,Direct,Active
7352,CUST-07352,30-04-2025,Female,25-34,Los Angeles,CA,Social Media,Inactive
7353,CUST-07353,08-12-2023,Male,45-54,Los Angeles,CA,Organic Search,Active
7354,CUST-07354,25-01-2025,Female,35-44,San Jose,CA,Social Media,Active
7355,CUST-07355,01-06-2023,Female,18-24,Portland,OR,Direct,Active
7356,CUST-07356,23-07-2023,Male,45-54,Portland,OR,Organic Search,Active
7357,CUST-07357,11-07-2023,Female,65+,Portland,OR,Organic Search,Active
7358,CUST-07358,19-04-2024,Female,25-34,Philadelphia,PA,Referral,Active
7359,CUST-07359,08-03-2025,Male,65+,Houston,TX,Organic Search,Active
7360,CUST-07360,14-03-2024,Non-binary,18-24,Jacksonville,FL,Email,Active
7361,CUST-07361,14-11-2024,Female,25-34,Houston,TX,Organic Search,Active
7362,CUST-07362,05-04-2024,Female,25-34,Chicago,IL,Paid Search,Active
7363,CUST-07363,01-08-2024,Male,55-64,Houston,TX,Social Media,Active
7364,CUST-07364,17-03-2024,Male,35-44,New York,NY,Direct,Active
7365,CUST-07365,01-12-2024,Female,65+,Miami,FL,Direct,Active
7366,CUST-07366,16-01-2025,Non-binary,25-34,Fort Worth,TX,Paid Search,Active
7367,CUST-07367,30-12-2024,Female,45-54,Columbus,OH,Referral,Active
7368,CUST-07368,29-06-2024,Male,45-54,San Diego,CA,Organic Search,Active
7369,CUST-07369,08-07-2023,Female,35-44,Philadelphia,PA,Referral,Active
7370,CUST-07370,01-09-2024,Female,18-24,Houston,TX,Organic Search,Active
7371,CUST-07371,11-11-2023,Male,18-24,Chicago,IL,Organic Search,Active
7372,CUST-07372,19-07-2024,Male,45-54,San Antonio,TX,Paid Search,Active
7373,CUST-07373,08-01-2024,Male,25-34,Charlotte,NC,Organic Search,Active
7374,CUST-07374,05-12-2023,Male,35-44,Jacksonville,FL,Organic Search,Active
7375,CUST-07375,15-11-2024,Male,25-34,Dallas,TX,Paid Search,Active
7376,CUST-07376,09-11-2025,Male,18-24,Austin,TX,Direct,Active
7377,CUST-07377,20-07-2024,Male,55-64,Dallas,TX,Paid Search,Active
7378,CUST-07378,21-07-2023,Male,65+,Austin,TX,Organic Search,Active
7379,CUST-07379,06-07-2023,Male,45-54,Los Angeles,CA,Organic Search,Active
7380,CUST-07380,25-01-2024,Male,25-34,Jacksonville,FL,Paid Search,Active
7381,CUST-07381,15-10-2023,Male,45-54,New York,NY,Social Media,Active
7382,CUST-07382,20-01-2024,Female,25-34,Fort Worth,TX,Direct,Active
7383,CUST-07383,06-05-2024,Female,35-44,Los Angeles,CA,Paid Search,Active
7384,CUST-07384,26-06-2025,Female,25-34,Seattle,WA,Social Media,Active
7385,CUST-07385,17-08-2025,Male,25-34,San Diego,CA,Social Media,Active
7386,CUST-07386,03-06-2025,Female,25-34,Philadelphia,PA,Paid Search,Active
7387,CUST-07387,28-10-2023,Female,55-64,Austin,TX,Organic Search,Inactive
7388,CUST-07388,24-06-2025,Female,35-44,Houston,TX,Paid Search,Active
7389,CUST-07389,01-05-2024,Female,18-24,Nashville,TN,Referral,Active
7390,CUST-07390,22-03-2024,Female,25-34,Philadelphia,PA,Direct,Active
7391,CUST-07391,12-01-2025,Female,35-44,San Antonio,TX,Organic Search,Active
7392,CUST-07392,06-09-2023,Female,35-44,Portland,OR,Paid Search,Active
7393,CUST-07393,15-10-2023,Female,35-44,San Diego,CA,Direct,Active
7394,CUST-07394,21-04-2025,Female,35-44,San Diego,CA,Direct,Active
7395,CUST-07395,29-09-2023,Female,65+,Los Angeles,CA,Social Media,Active
7396,CUST-07396,22-07-2023,Female,35-44,Los Angeles,CA,Organic Search,Active
7397,CUST-07397,30-01-2024,Prefer not to say,18-24,San Antonio,TX,Email,Active
7398,CUST-07398,14-12-2023,Female,25-34,Columbus,OH,Organic Search,Active
7399,CUST-07399,29-02-2024,Male,35-44,New York,NY,Email,Active
7400,CUST-07400,04-12-2023,Female,35-44,Houston,TX,Direct,Active
7401,CUST-07401,09-01-2024,Male,25-34,Fort Worth,TX,Organic Search,Active
7402,CUST-07402,30-04-2024,Female,55-64,Columbus,OH,Referral,Active
7403,CUST-07403,10-02-2025,Male,55-64,New York,NY,Referral,Active
7404,CUST-07404,02-07-2024,Female,25-34,Miami,FL,Direct,Active
7405,CUST-07405,27-10-2025,Female,45-54,Los Angeles,CA,Organic Search,Active
7406,CUST-07406,14-06-2025,Male,25-34,Miami,FL,Organic Search,Active
7407,CUST-07407,07-02-2024,Female,45-54,Portland,OR,Social Media,Active
7408,CUST-07408,29-01-2024,Male,35-44,Miami,FL,Organic Search,Active
7409,CUST-07409,17-10-2024,Male,35-44,Philadelphia,PA,Organic Search,Inactive
7410,CUST-07410,02-10-2023,Female,65+,Houston,TX,Organic Search,Active
7411,CUST-07411,12-07-2025,Male,18-24,New York,NY,Paid Search,Active
7412,CUST-07412,19-05-2025,Male,18-24,Columbus,OH,Social Media,Active
7413,CUST-07413,20-06-2023,Female,35-44,Nashville,TN,Direct,Active
7414,CUST-07414,24-08-2025,Male,45-54,Chicago,IL,Email,Active
7415,CUST-07415,21-05-2024,Female,55-64,Houston,TX,Email,Inactive
7416,CUST-07416,15-01-2025,Female,35-44,Chicago,IL,Direct,Active
7417,CUST-07417,30-07-2024,Male,35-44,Houston,TX,Organic Search,Inactive
7418,CUST-07418,18-12-2024,Male,55-64,Boston,MA,Paid Search,Inactive
7419,CUST-07419,18-08-2023,Male,55-64,San Jose,CA,Organic Search,Active
7420,CUST-07420,02-07-2023,Female,35-44,Houston,TX,Organic Search,Active
7421,CUST-07421,05-09-2024,Female,35-44,Washington,DC,Direct,Active
7422,CUST-07422,13-02-2024,Female,18-24,Portland,OR,Paid Search,Active
7423,CUST-07423,30-12-2024,Female,35-44,Austin,TX,Social Media,Active
7424,CUST-07424,11-09-2023,Female,35-44,Dallas,TX,Paid Search,Active
7425,CUST-07425,21-12-2023,Male,18-24,Fort Worth,TX,Paid Search,Active
7426,CUST-07426,13-01-2025,Male,55-64,Jacksonville,FL,Direct,Active
7427,CUST-07427,27-07-2023,Male,55-64,Phoenix,AZ,Referral,Inactive
7428,CUST-07428,11-12-2023,Male,18-24,Dallas,TX,Paid Search,Active
7429,CUST-07429,19-03-2025,Male,35-44,San Diego,CA,Organic Search,Active
7430,CUST-07430,26-06-2024,Female,45-54,San Antonio,TX,Email,Active
7431,CUST-07431,09-04-2024,Prefer not to say,45-54,New York,NY,Email,Active
7432,CUST-07432,05-09-2024,Male,25-34,Dallas,TX,Social Media,Active
7433,CUST-07433,29-11-2025,Female,18-24,Nashville,TN,Paid Search,Inactive
7434,CUST-07434,11-07-2025,Female,55-64,Dallas,TX,Direct,Active
7435,CUST-07435,27-08-2025,Female,45-54,Houston,TX,Email,Active
7436,CUST-07436,25-05-2025,Male,25-34,Los Angeles,CA,Social Media,Active
7437,CUST-07437,01-09-2023,Female,55-64,New York,NY,Direct,Active
7438,CUST-07438,19-06-2024,Female,35-44,Houston,TX,Referral,Inactive
7439,CUST-07439,21-09-2025,Male,25-34,Boston,MA,Social Media,Active
7440,CUST-07440,29-11-2023,Female,25-34,Los Angeles,CA,Organic Search,Active
7441,CUST-07441,25-10-2023,Female,18-24,Houston,TX,Referral,Inactive
7442,CUST-07442,14-01-2024,Female,25-34,Charlotte,NC,Organic Search,Active
7443,CUST-07443,08-01-2024,Male,35-44,San Diego,CA,Referral,Active
7444,CUST-07444,13-04-2025,Prefer not to say,45-54,Charlotte,NC,Organic Search,Active
7445,CUST-07445,17-01-2025,Male,35-44,Seattle,WA,Email,Active
7446,CUST-07446,31-07-2024,Female,45-54,San Jose,CA,Email,Active
7447,CUST-07447,09-02-2024,Prefer not to say,35-44,Columbus,OH,Email,Active
7448,CUST-07448,19-10-2023,Female,55-64,Chicago,IL,Email,Active
7449,CUST-07449,20-02-2024,Male,45-54,Portland,OR,Email,Active
7450,CUST-07450,06-07-2023,Female,25-34,Columbus,OH,Organic Search,Active
7451,CUST-07451,24-11-2023,Non-binary,55-64,Jacksonville,FL,Organic Search,Active
7452,CUST-07452,01-03-2024,Female,55-64,New York,NY,Organic Search,Active
7453,CUST-07453,08-06-2024,Female,18-24,Austin,TX,Social Media,Active
7454,CUST-07454,13-11-2023,Male,35-44,Chicago,IL,Social Media,Active
7455,CUST-07455,14-09-2025,Female,25-34,Washington,DC,Organic Search,Active
7456,CUST-07456,21-11-2024,Male,55-64,Boston,MA,Referral,Active
7457,CUST-07457,02-12-2023,Male,25-34,Dallas,TX,Organic Search,Active
7458,CUST-07458,03-06-2023,Male,45-54,Columbus,OH,Organic Search,Active
7459,CUST-07459,08-02-2025,Male,25-34,Houston,TX,Direct,Active
7460,CUST-07460,18-08-2025,Male,45-54,Seattle,WA,Social Media,Active
7461,CUST-07461,04-06-2023,Female,25-34,Portland,OR,Paid Search,Active
7462,CUST-07462,25-08-2023,Male,45-54,Portland,OR,Email,Active
7463,CUST-07463,30-10-2024,Male,55-64,Charlotte,NC,Email,Active
7464,CUST-07464,18-10-2025,Male,18-24,Phoenix,AZ,Organic Search,Active
7465,CUST-07465,03-12-2023,Female,45-54,Las Vegas,NV,Social Media,Active
7466,CUST-07466,26-07-2024,Male,65+,Phoenix,AZ,Paid Search,Active
7467,CUST-07467,28-05-2025,Female,35-44,San Diego,CA,Organic Search,Active
7468,CUST-07468,25-11-2024,Female,35-44,New York,NY,Email,Inactive
7469,CUST-07469,23-07-2024,Female,35-44,Philadelphia,PA,Social Media,Active
7470,CUST-07470,19-05-2025,Female,18-24,San Jose,CA,Paid Search,Inactive
7471,CUST-07471,05-08-2023,Male,35-44,Fort Worth,TX,Paid Search,Active
7472,CUST-07472,11-09-2023,Prefer not to say,18-24,Jacksonville,FL,Email,Active
7473,CUST-07473,17-04-2024,Female,25-34,San Antonio,TX,Paid Search,Active
7474,CUST-07474,02-07-2023,Female,35-44,San Diego,CA,Organic Search,Active
7475,CUST-07475,17-03-2024,Male,45-54,Atlanta,GA,Organic Search,Active
7476,CUST-07476,21-03-2024,Female,45-54,Austin,TX,Email,Active
7477,CUST-07477,23-08-2023,Female,45-54,Chicago,IL,Organic Search,Active
7478,CUST-07478,26-09-2023,Male,35-44,Boston,MA,Organic Search,Active
7479,CUST-07479,29-04-2024,Male,25-34,San Diego,CA,Social Media,Active
7480,CUST-07480,17-04-2025,Female,25-34,Houston,TX,Referral,Active
7481,CUST-07481,17-07-2023,Male,25-34,Fort Worth,TX,Organic Search,Active
7482,CUST-07482,03-02-2024,Male,25-34,Washington,DC,Social Media,Active
7483,CUST-07483,29-02-2024,Female,65+,New York,NY,Social Media,Active
7484,CUST-07484,18-12-2024,Prefer not to say,25-34,Chicago,IL,Organic Search,Active
7485,CUST-07485,04-03-2025,Male,45-54,San Jose,CA,Referral,Active
7486,CUST-07486,16-12-2024,Male,65+,San Antonio,TX,Organic Search,Inactive
7487,CUST-07487,18-06-2023,Male,35-44,Los Angeles,CA,Organic Search,Active
7488,CUST-07488,09-06-2024,Female,45-54,Charlotte,NC,Direct,Active
7489,CUST-07489,02-11-2024,Female,25-34,San Jose,CA,Paid Search,Active
7490,CUST-07490,09-11-2023,Female,35-44,San Jose,CA,Social Media,Active
7491,CUST-07491,11-04-2025,Male,35-44,Charlotte,NC,Paid Search,Active
7492,CUST-07492,24-07-2023,Female,25-34,San Jose,CA,Paid Search,Inactive
7493,CUST-07493,27-12-2024,Male,25-34,Chicago,IL,Organic Search,Active
7494,CUST-07494,15-08-2023,Female,35-44,Atlanta,GA,Paid Search,Active
7495,CUST-07495,21-12-2023,Non-binary,25-34,San Antonio,TX,Email,Active
7496,CUST-07496,06-08-2023,Female,55-64,Charlotte,NC,Paid Search,Active
7497,CUST-07497,18-07-2023,Female,45-54,Denver,CO,Referral,Active
7498,CUST-07498,10-11-2025,Female,35-44,San Jose,CA,Referral,Active
7499,CUST-07499,13-05-2024,Female,25-34,New York,NY,Social Media,Active
7500,CUST-07500,05-12-2023,Female,25-34,San Antonio,TX,Organic Search,Active
7501,CUST-07501,24-06-2025,Female,55-64,Washington,DC,Paid Search,Active
7502,CUST-07502,05-02-2024,Female,35-44,Phoenix,AZ,Paid Search,Active
7503,CUST-07503,25-01-2024,Male,45-54,San Jose,CA,Organic Search,Active
7504,CUST-07504,13-02-2024,Female,25-34,San Diego,CA,Referral,Active
7505,CUST-07505,18-07-2024,Female,55-64,Fort Worth,TX,Organic Search,Active
7506,CUST-07506,09-08-2023,Female,35-44,Chicago,IL,Paid Search,Active
7507,CUST-07507,16-10-2024,Female,45-54,Los Angeles,CA,Email,Active
7508,CUST-07508,30-03-2025,Male,25-34,San Antonio,TX,Email,Active
7509,CUST-07509,25-01-2025,Female,45-54,Miami,FL,Referral,Inactive
7510,CUST-07510,20-11-2024,Female,18-24,Houston,TX,Referral,Inactive
7511,CUST-07511,27-04-2025,Female,55-64,Jacksonville,FL,Organic Search,Active
7512,CUST-07512,15-08-2023,Female,25-34,Philadelphia,PA,Organic Search,Inactive
7513,CUST-07513,10-05-2025,Male,45-54,Austin,TX,Direct,Active
7514,CUST-07514,02-02-2024,Male,25-34,San Diego,CA,Organic Search,Active
7515,CUST-07515,24-02-2024,Male,25-34,Miami,FL,Email,Active
7516,CUST-07516,10-09-2024,Female,25-34,Seattle,WA,Direct,Active
7517,CUST-07517,09-01-2024,Prefer not to say,18-24,Austin,TX,Paid Search,Inactive
7518,CUST-07518,29-11-2024,Non-binary,35-44,Nashville,TN,Social Media,Active
7519,CUST-07519,02-08-2023,Female,35-44,Austin,TX,Paid Search,Active
7520,CUST-07520,24-12-2023,Male,65+,Jacksonville,FL,Social Media,Active
7521,CUST-07521,21-06-2024,Female,25-34,Los Angeles,CA,Direct,Inactive
7522,CUST-07522,01-01-2025,Female,45-54,Houston,TX,Paid Search,Active
7523,CUST-07523,28-06-2024,Female,18-24,Columbus,OH,Direct,Active
7524,CUST-07524,03-07-2023,Male,25-34,Philadelphia,PA,Direct,Active
7525,CUST-07525,15-10-2024,Male,25-34,San Jose,CA,Direct,Active
7526,CUST-07526,21-04-2025,Male,25-34,New York,NY,Referral,Active
7527,CUST-07527,13-04-2025,Female,35-44,Dallas,TX,Organic Search,Active
7528,CUST-07528,11-01-2024,Female,25-34,Boston,MA,Social Media,Active
7529,CUST-07529,10-08-2024,Female,45-54,Jacksonville,FL,Organic Search,Active
7530,CUST-07530,09-04-2025,Female,25-34,Philadelphia,PA,Organic Search,Active
7531,CUST-07531,03-11-2023,Male,45-54,Los Angeles,CA,Referral,Active
7532,CUST-07532,03-12-2023,Female,18-24,Nashville,TN,Email,Active
7533,CUST-07533,28-01-2024,Male,35-44,Dallas,TX,Organic Search,Active
7534,CUST-07534,19-11-2025,Male,25-34,Charlotte,NC,Referral,Active
7535,CUST-07535,17-06-2023,Female,25-34,Denver,CO,Social Media,Active
7536,CUST-07536,17-01-2024,Female,55-64,Columbus,OH,Social Media,Active
7537,CUST-07537,17-06-2025,Non-binary,25-34,San Diego,CA,Email,Active
7538,CUST-07538,20-03-2025,Female,65+,Nashville,TN,Email,Active
7539,CUST-07539,01-09-2023,Female,25-34,Charlotte,NC,Social Media,Active
7540,CUST-07540,16-04-2024,Female,25-34,Philadelphia,PA,Social Media,Active
7541,CUST-07541,23-10-2025,Prefer not to say,25-34,Austin,TX,Organic Search,Active
7542,CUST-07542,08-03-2025,Male,65+,San Diego,CA,Organic Search,Active
7543,CUST-07543,18-10-2024,Female,35-44,Atlanta,GA,Email,Active
7544,CUST-07544,27-03-2024,Male,18-24,Charlotte,NC,Organic Search,Active
7545,CUST-07545,26-02-2024,Female,25-34,Chicago,IL,Organic Search,Active
7546,CUST-07546,14-10-2024,Male,35-44,Philadelphia,PA,Email,Active
7547,CUST-07547,04-09-2023,Male,65+,San Antonio,TX,Paid Search,Active
7548,CUST-07548,19-12-2024,Male,25-34,New York,NY,Social Media,Active
7549,CUST-07549,15-11-2023,Male,45-54,Boston,MA,Organic Search,Active
7550,CUST-07550,26-07-2023,Male,25-34,Columbus,OH,Organic Search,Active
7551,CUST-07551,09-11-2023,Non-binary,25-34,Chicago,IL,Email,Active
7552,CUST-07552,09-12-2024,Female,35-44,Dallas,TX,Paid Search,Active
7553,CUST-07553,22-09-2025,Male,18-24,Los Angeles,CA,Organic Search,Inactive
7554,CUST-07554,07-09-2024,Male,18-24,Fort Worth,TX,Email,Active
7555,CUST-07555,28-10-2023,Female,25-34,Boston,MA,Email,Active
7556,CUST-07556,28-12-2023,Male,35-44,Charlotte,NC,Email,Active
7557,CUST-07557,20-02-2024,Female,35-44,Houston,TX,Organic Search,Active
7558,CUST-07558,02-02-2025,Female,35-44,San Jose,CA,Direct,Active
7559,CUST-07559,01-02-2024,Female,25-34,Phoenix,AZ,Direct,Active
7560,CUST-07560,14-04-2025,Female,45-54,Chicago,IL,Email,Active
7561,CUST-07561,04-03-2025,Male,55-64,Houston,TX,Paid Search,Active
7562,CUST-07562,09-10-2024,Female,25-34,San Jose,CA,Email,Active
7563,CUST-07563,06-07-2025,Male,25-34,Austin,TX,Social Media,Active
7564,CUST-07564,08-01-2024,Female,45-54,Chicago,IL,Social Media,Active
7565,CUST-07565,23-07-2023,Female,45-54,Philadelphia,PA,Direct,Active
7566,CUST-07566,18-05-2024,Male,25-34,San Antonio,TX,Organic Search,Active
7567,CUST-07567,21-10-2023,Male,45-54,Las Vegas,NV,Email,Active
7568,CUST-07568,28-08-2024,Male,25-34,San Antonio,TX,Direct,Active
7569,CUST-07569,10-01-2025,Male,55-64,Chicago,IL,Organic Search,Active
7570,CUST-07570,17-04-2025,Male,25-34,Phoenix,AZ,Organic Search,Active
7571,CUST-07571,07-01-2024,Male,55-64,San Jose,CA,Organic Search,Active
7572,CUST-07572,01-05-2024,Female,55-64,Los Angeles,CA,Email,Active
7573,CUST-07573,26-03-2024,Male,55-64,Chicago,IL,Organic Search,Active
7574,CUST-07574,18-11-2023,Male,25-34,Jacksonville,FL,Email,Active
7575,CUST-07575,28-02-2025,Female,55-64,New York,NY,Direct,Active
7576,CUST-07576,20-12-2024,Male,25-34,Dallas,TX,Referral,Active
7577,CUST-07577,29-04-2025,Female,25-34,New York,NY,Social Media,Active
7578,CUST-07578,19-09-2023,Male,45-54,Nashville,TN,Organic Search,Active
7579,CUST-07579,27-03-2024,Male,25-34,Portland,OR,Direct,Active
7580,CUST-07580,12-09-2024,Female,35-44,San Jose,CA,Social Media,Active
7581,CUST-07581,25-10-2024,Male,55-64,San Jose,CA,Paid Search,Active
7582,CUST-07582,10-09-2023,Female,25-34,San Diego,CA,Social Media,Active
7583,CUST-07583,22-04-2025,Male,35-44,Houston,TX,Email,Active
7584,CUST-07584,14-10-2024,Male,55-64,Las Vegas,NV,Social Media,Active
7585,CUST-07585,12-04-2025,Male,55-64,Denver,CO,Direct,Active
7586,CUST-07586,30-04-2024,Male,35-44,Austin,TX,Organic Search,Active
7587,CUST-07587,07-02-2025,Male,25-34,Chicago,IL,Organic Search,Active
7588,CUST-07588,02-05-2024,Male,45-54,Houston,TX,Organic Search,Inactive
7589,CUST-07589,23-10-2025,Female,18-24,Las Vegas,NV,Paid Search,Active
7590,CUST-07590,01-09-2023,Male,35-44,Chicago,IL,Direct,Active
7591,CUST-07591,20-05-2025,Female,65+,Jacksonville,FL,Social Media,Active
7592,CUST-07592,19-09-2023,Male,45-54,San Jose,CA,Organic Search,Inactive
7593,CUST-07593,25-02-2024,Female,25-34,New York,NY,Email,Active
7594,CUST-07594,16-09-2025,Female,18-24,San Diego,CA,Paid Search,Active
7595,CUST-07595,29-02-2024,Female,25-34,Fort Worth,TX,Organic Search,Active
7596,CUST-07596,05-03-2024,Male,35-44,Seattle,WA,Social Media,Active
7597,CUST-07597,26-11-2023,Female,45-54,New York,NY,Organic Search,Active
7598,CUST-07598,14-07-2024,Male,25-34,Charlotte,NC,Paid Search,Active
7599,CUST-07599,11-09-2023,Male,45-54,Phoenix,AZ,Organic Search,Active
7600,CUST-07600,05-02-2024,Female,65+,Denver,CO,Direct,Active
7601,CUST-07601,23-07-2025,Male,35-44,Los Angeles,CA,Email,Active
7602,CUST-07602,27-06-2023,Male,18-24,Atlanta,GA,Organic Search,Active
7603,CUST-07603,19-02-2024,Female,25-34,Boston,MA,Direct,Active
7604,CUST-07604,30-01-2024,Male,55-64,Denver,CO,Email,Inactive
7605,CUST-07605,20-07-2025,Female,35-44,Fort Worth,TX,Email,Active
7606,CUST-07606,24-05-2025,Female,25-34,Los Angeles,CA,Paid Search,Active
7607,CUST-07607,26-07-2023,Male,45-54,San Antonio,TX,Social Media,Active
7608,CUST-07608,09-01-2025,Female,35-44,Dallas,TX,Organic Search,Active
7609,CUST-07609,01-06-2024,Male,45-54,Denver,CO,Social Media,Active
7610,CUST-07610,22-01-2024,Female,35-44,Austin,TX,Organic Search,Active
7611,CUST-07611,12-04-2024,Female,35-44,Los Angeles,CA,Organic Search,Active
7612,CUST-07612,30-03-2024,Female,35-44,Columbus,OH,Direct,Active
7613,CUST-07613,02-12-2023,Male,35-44,Boston,MA,Referral,Active
7614,CUST-07614,31-08-2024,Female,25-34,Nashville,TN,Social Media,Active
7615,CUST-07615,23-04-2024,Male,55-64,Chicago,IL,Email,Active
7616,CUST-07616,13-02-2025,Male,45-54,Chicago,IL,Direct,Active
7617,CUST-07617,15-02-2024,Female,55-64,Charlotte,NC,Direct,Active
7618,CUST-07618,01-12-2023,Female,55-64,Nashville,TN,Organic Search,Active
7619,CUST-07619,07-07-2025,Female,25-34,Fort Worth,TX,Direct,Active
7620,CUST-07620,29-12-2024,Female,35-44,Miami,FL,Organic Search,Active
7621,CUST-07621,13-07-2023,Male,65+,Las Vegas,NV,Email,Inactive
7622,CUST-07622,20-11-2023,Male,55-64,Dallas,TX,Email,Inactive
7623,CUST-07623,15-01-2024,Male,35-44,Los Angeles,CA,Organic Search,Active
7624,CUST-07624,01-08-2023,Male,35-44,Houston,TX,Email,Active
7625,CUST-07625,23-07-2025,Male,25-34,Phoenix,AZ,Social Media,Active
7626,CUST-07626,13-12-2023,Male,45-54,Atlanta,GA,Social Media,Active
7627,CUST-07627,25-08-2023,Female,45-54,New York,NY,Direct,Active
7628,CUST-07628,28-07-2024,Female,35-44,Philadelphia,PA,Referral,Active
7629,CUST-07629,24-08-2025,Male,35-44,Phoenix,AZ,Paid Search,Active
7630,CUST-07630,18-03-2024,Female,65+,Philadelphia,PA,Email,Active
7631,CUST-07631,03-07-2025,Female,25-34,Portland,OR,Paid Search,Active
7632,CUST-07632,14-06-2024,Prefer not to say,25-34,Las Vegas,NV,Direct,Active
7633,CUST-07633,10-05-2025,Male,18-24,New York,NY,Email,Active
7634,CUST-07634,22-06-2025,Male,35-44,Columbus,OH,Social Media,Active
7635,CUST-07635,25-01-2025,Male,25-34,Los Angeles,CA,Paid Search,Inactive
7636,CUST-07636,26-12-2024,Female,45-54,Boston,MA,Email,Active
7637,CUST-07637,07-01-2024,Male,45-54,Charlotte,NC,Paid Search,Active
7638,CUST-07638,15-04-2024,Female,35-44,Denver,CO,Referral,Active
7639,CUST-07639,02-10-2023,Male,18-24,Portland,OR,Paid Search,Active
7640,CUST-07640,02-07-2025,Female,35-44,San Antonio,TX,Organic Search,Active
7641,CUST-07641,27-09-2025,Male,35-44,Philadelphia,PA,Organic Search,Inactive
7642,CUST-07642,05-08-2024,Male,25-34,San Antonio,TX,Organic Search,Active
7643,CUST-07643,26-08-2023,Female,35-44,Fort Worth,TX,Social Media,Inactive
7644,CUST-07644,26-11-2025,Male,55-64,San Jose,CA,Email,Active
7645,CUST-07645,24-10-2023,Male,25-34,Charlotte,NC,Organic Search,Active
7646,CUST-07646,10-11-2025,Female,35-44,Austin,TX,Paid Search,Active
7647,CUST-07647,15-06-2024,Male,45-54,Los Angeles,CA,Organic Search,Active
7648,CUST-07648,29-08-2024,Male,35-44,New York,NY,Direct,Active
7649,CUST-07649,13-01-2024,Female,25-34,Dallas,TX,Social Media,Active
7650,CUST-07650,28-08-2024,Female,45-54,Phoenix,AZ,Social Media,Active
7651,CUST-07651,12-08-2025,Male,25-34,Philadelphia,PA,Direct,Active
7652,CUST-07652,06-08-2023,Female,25-34,Boston,MA,Direct,Active
7653,CUST-07653,07-09-2023,Male,45-54,Columbus,OH,Paid Search,Active
7654,CUST-07654,06-04-2024,Male,45-54,Chicago,IL,Organic Search,Active
7655,CUST-07655,16-03-2024,Female,25-34,Portland,OR,Paid Search,Active
7656,CUST-07656,18-02-2025,Male,25-34,Philadelphia,PA,Email,Inactive
7657,CUST-07657,11-03-2024,Male,35-44,Houston,TX,Organic Search,Active
7658,CUST-07658,10-08-2023,Male,45-54,New York,NY,Paid Search,Active
7659,CUST-07659,24-08-2023,Male,35-44,Los Angeles,CA,Social Media,Inactive
7660,CUST-07660,18-08-2023,Female,35-44,Miami,FL,Direct,Active
7661,CUST-07661,19-01-2024,Male,55-64,Chicago,IL,Organic Search,Active
7662,CUST-07662,09-03-2024,Female,35-44,San Diego,CA,Paid Search,Inactive
7663,CUST-07663,27-04-2025,Male,25-34,Houston,TX,Email,Active
7664,CUST-07664,16-04-2024,Female,45-54,Columbus,OH,Organic Search,Active
7665,CUST-07665,26-03-2024,Male,35-44,Las Vegas,NV,Organic Search,Active
7666,CUST-07666,15-03-2025,Non-binary,18-24,Miami,FL,Social Media,Active
7667,CUST-07667,02-02-2025,Female,45-54,Denver,CO,Paid Search,Active
7668,CUST-07668,04-07-2023,Male,65+,Los Angeles,CA,Organic Search,Active
7669,CUST-07669,29-07-2024,Male,65+,Dallas,TX,Social Media,Active
7670,CUST-07670,15-01-2025,Male,25-34,Chicago,IL,Organic Search,Active
7671,CUST-07671,28-06-2023,Male,55-64,Boston,MA,Organic Search,Active
7672,CUST-07672,12-06-2023,Female,25-34,Los Angeles,CA,Organic Search,Active
7673,CUST-07673,09-07-2025,Non-binary,45-54,Philadelphia,PA,Email,Active
7674,CUST-07674,24-02-2024,Female,18-24,New York,NY,Social Media,Active
7675,CUST-07675,31-01-2024,Non-binary,25-34,New York,NY,Social Media,Active
7676,CUST-07676,19-03-2024,Female,25-34,Seattle,WA,Organic Search,Active
7677,CUST-07677,15-11-2024,Male,35-44,Los Angeles,CA,Paid Search,Active
7678,CUST-07678,01-12-2023,Male,35-44,Charlotte,NC,Direct,Active
7679,CUST-07679,25-10-2025,Male,35-44,Dallas,TX,Social Media,Active
7680,CUST-07680,22-08-2024,Female,55-64,Denver,CO,Social Media,Active
7681,CUST-07681,25-10-2024,Female,35-44,Philadelphia,PA,Email,Active
7682,CUST-07682,30-10-2023,Female,55-64,Los Angeles,CA,Organic Search,Active
7683,CUST-07683,01-11-2024,Female,45-54,Austin,TX,Social Media,Active
7684,CUST-07684,09-04-2024,Female,25-34,Phoenix,AZ,Paid Search,Active
7685,CUST-07685,30-12-2023,Female,18-24,San Diego,CA,Organic Search,Active
7686,CUST-07686,07-07-2024,Male,45-54,Houston,TX,Direct,Active
7687,CUST-07687,07-04-2024,Prefer not to say,55-64,San Jose,CA,Organic Search,Active
7688,CUST-07688,05-04-2024,Male,45-54,Los Angeles,CA,Social Media,Active
7689,CUST-07689,13-12-2023,Female,45-54,New York,NY,Paid Search,Active
7690,CUST-07690,19-11-2024,Female,35-44,Chicago,IL,Paid Search,Active
7691,CUST-07691,03-05-2024,Female,25-34,San Antonio,TX,Social Media,Active
7692,CUST-07692,11-11-2023,Male,35-44,Phoenix,AZ,Referral,Active
7693,CUST-07693,15-04-2025,Female,25-34,Denver,CO,Direct,Active
7694,CUST-07694,08-06-2024,Male,65+,Houston,TX,Organic Search,Active
7695,CUST-07695,23-02-2024,Prefer not to say,18-24,Chicago,IL,Social Media,Inactive
7696,CUST-07696,20-06-2025,Male,25-34,Seattle,WA,Paid Search,Active
7697,CUST-07697,15-02-2024,Female,55-64,Jacksonville,FL,Organic Search,Active
7698,CUST-07698,16-08-2023,Male,25-34,Las Vegas,NV,Social Media,Active
7699,CUST-07699,04-11-2023,Male,45-54,Phoenix,AZ,Organic Search,Active
7700,CUST-07700,20-10-2023,Male,18-24,Austin,TX,Social Media,Active
7701,CUST-07701,02-08-2024,Female,35-44,San Diego,CA,Paid Search,Active
7702,CUST-07702,04-02-2024,Female,25-34,Los Angeles,CA,Organic Search,Active
7703,CUST-07703,09-08-2024,Male,55-64,Portland,OR,Direct,Active
7704,CUST-07704,09-11-2025,Female,18-24,Denver,CO,Organic Search,Inactive
7705,CUST-07705,19-08-2024,Female,55-64,Los Angeles,CA,Social Media,Active
7706,CUST-07706,12-09-2023,Male,25-34,Las Vegas,NV,Direct,Active
7707,CUST-07707,18-12-2024,Male,55-64,Columbus,OH,Referral,Active
7708,CUST-07708,16-08-2023,Male,35-44,Fort Worth,TX,Organic Search,Active
7709,CUST-07709,24-07-2023,Male,25-34,Columbus,OH,Organic Search,Active
7710,CUST-07710,10-11-2024,Prefer not to say,25-34,Miami,FL,Organic Search,Active
7711,CUST-07711,05-10-2023,Male,25-34,Chicago,IL,Organic Search,Active
7712,CUST-07712,26-04-2025,Non-binary,18-24,Atlanta,GA,Social Media,Active
7713,CUST-07713,20-06-2025,Male,45-54,Columbus,OH,Referral,Active
7714,CUST-07714,20-07-2025,Female,35-44,Houston,TX,Direct,Active
7715,CUST-07715,24-10-2023,Female,45-54,Chicago,IL,Social Media,Active
7716,CUST-07716,26-06-2023,Female,18-24,Nashville,TN,Paid Search,Active
7717,CUST-07717,24-06-2024,Male,35-44,Denver,CO,Organic Search,Active
7718,CUST-07718,09-02-2025,Female,45-54,Houston,TX,Email,Active
7719,CUST-07719,12-11-2024,Female,55-64,Dallas,TX,Organic Search,Active
7720,CUST-07720,19-12-2024,Female,18-24,Chicago,IL,Social Media,Active
7721,CUST-07721,01-03-2024,Male,45-54,Los Angeles,CA,Email,Active
7722,CUST-07722,13-03-2025,Male,35-44,Dallas,TX,Direct,Active
7723,CUST-07723,17-10-2024,Female,65+,Philadelphia,PA,Email,Active
7724,CUST-07724,07-10-2024,Male,18-24,Chicago,IL,Social Media,Active
7725,CUST-07725,19-11-2023,Male,35-44,Houston,TX,Social Media,Active
7726,CUST-07726,15-11-2025,Male,45-54,Jacksonville,FL,Organic Search,Active
7727,CUST-07727,03-08-2024,Male,45-54,New York,NY,Paid Search,Active
7728,CUST-07728,08-09-2024,Male,45-54,Phoenix,AZ,Social Media,Active
7729,CUST-07729,08-11-2023,Male,35-44,Seattle,WA,Organic Search,Active
7730,CUST-07730,29-11-2023,Male,25-34,San Diego,CA,Organic Search,Active
7731,CUST-07731,02-07-2023,Female,35-44,Jacksonville,FL,Paid Search,Active
7732,CUST-07732,14-07-2023,Female,45-54,Boston,MA,Direct,Inactive
7733,CUST-07733,19-09-2023,Male,18-24,Fort Worth,TX,Organic Search,Active
7734,CUST-07734,29-11-2025,Female,35-44,Chicago,IL,Organic Search,Active
7735,CUST-07735,24-08-2023,Male,35-44,Columbus,OH,Paid Search,Active
7736,CUST-07736,07-09-2023,Female,18-24,Philadelphia,PA,Direct,Active
7737,CUST-07737,10-01-2024,Female,55-64,San Antonio,TX,Organic Search,Inactive
7738,CUST-07738,15-08-2024,Male,55-64,Philadelphia,PA,Direct,Inactive
7739,CUST-07739,15-07-2025,Male,35-44,Washington,DC,Organic Search,Active
7740,CUST-07740,02-11-2023,Female,45-54,Dallas,TX,Referral,Inactive
7741,CUST-07741,14-08-2025,Male,55-64,New York,NY,Email,Active
7742,CUST-07742,27-11-2025,Male,45-54,San Diego,CA,Social Media,Active
7743,CUST-07743,04-06-2023,Female,25-34,Charlotte,NC,Email,Active
7744,CUST-07744,17-01-2024,Male,18-24,Denver,CO,Organic Search,Inactive
7745,CUST-07745,20-11-2023,Male,18-24,Washington,DC,Email,Active
7746,CUST-07746,14-02-2025,Female,45-54,Houston,TX,Referral,Active
7747,CUST-07747,02-03-2024,Female,55-64,Houston,TX,Social Media,Active
7748,CUST-07748,30-03-2024,Female,35-44,Denver,CO,Organic Search,Active
7749,CUST-07749,11-07-2023,Male,18-24,Los Angeles,CA,Referral,Active
7750,CUST-07750,29-03-2024,Male,35-44,New York,NY,Social Media,Active
7751,CUST-07751,19-06-2023,Female,25-34,Las Vegas,NV,Referral,Active
7752,CUST-07752,07-07-2023,Male,45-54,Jacksonville,FL,Social Media,Active
7753,CUST-07753,09-04-2024,Male,25-34,Chicago,IL,Paid Search,Active
7754,CUST-07754,25-08-2025,Female,35-44,Denver,CO,Referral,Active
7755,CUST-07755,26-02-2025,Female,25-34,Miami,FL,Paid Search,Active
7756,CUST-07756,30-05-2025,Female,45-54,Fort Worth,TX,Organic Search,Active
7757,CUST-07757,06-06-2023,Female,25-34,Philadelphia,PA,Paid Search,Active
7758,CUST-07758,08-08-2025,Male,35-44,Nashville,TN,Email,Inactive
7759,CUST-07759,03-06-2023,Prefer not to say,18-24,Dallas,TX,Paid Search,Active
7760,CUST-07760,29-11-2024,Male,25-34,Los Angeles,CA,Paid Search,Active
7761,CUST-07761,20-11-2023,Male,55-64,San Antonio,TX,Organic Search,Active
7762,CUST-07762,24-10-2023,Female,25-34,Austin,TX,Social Media,Active
7763,CUST-07763,30-12-2024,Male,45-54,Miami,FL,Social Media,Active
7764,CUST-07764,06-08-2023,Non-binary,45-54,Atlanta,GA,Email,Active
7765,CUST-07765,08-08-2024,Male,25-34,Denver,CO,Organic Search,Active
7766,CUST-07766,04-08-2023,Male,65+,Nashville,TN,Organic Search,Active
7767,CUST-07767,20-06-2024,Male,25-34,Boston,MA,Social Media,Active
7768,CUST-07768,29-03-2025,Male,18-24,Seattle,WA,Paid Search,Active
7769,CUST-07769,18-04-2025,Male,18-24,Nashville,TN,Paid Search,Active
7770,CUST-07770,18-06-2023,Non-binary,18-24,Nashville,TN,Organic Search,Active
7771,CUST-07771,16-09-2024,Male,55-64,Houston,TX,Email,Inactive
7772,CUST-07772,11-11-2025,Female,45-54,Fort Worth,TX,Organic Search,Active
7773,CUST-07773,02-09-2024,Female,45-54,Denver,CO,Direct,Active
7774,CUST-07774,16-06-2025,Female,18-24,Charlotte,NC,Direct,Active
7775,CUST-07775,01-12-2023,Female,25-34,San Diego,CA,Direct,Active
7776,CUST-07776,12-03-2025,Male,65+,San Antonio,TX,Referral,Active
7777,CUST-07777,08-05-2025,Female,35-44,Houston,TX,Social Media,Active
7778,CUST-07778,27-03-2024,Female,25-34,Jacksonville,FL,Organic Search,Active
7779,CUST-07779,23-05-2024,Prefer not to say,45-54,New York,NY,Referral,Active
7780,CUST-07780,25-10-2023,Female,55-64,Los Angeles,CA,Email,Active
7781,CUST-07781,29-09-2024,Male,45-54,Phoenix,AZ,Paid Search,Active
7782,CUST-07782,29-03-2024,Female,25-34,New York,NY,Paid Search,Active
7783,CUST-07783,10-06-2025,Non-binary,25-34,New York,NY,Referral,Active
7784,CUST-07784,07-07-2023,Female,25-34,Jacksonville,FL,Paid Search,Active
7785,CUST-07785,02-07-2025,Male,45-54,Portland,OR,Paid Search,Active
7786,CUST-07786,05-09-2024,Female,25-34,Fort Worth,TX,Paid Search,Active
7787,CUST-07787,31-05-2025,Female,25-34,Los Angeles,CA,Referral,Active
7788,CUST-07788,09-08-2025,Male,25-34,Dallas,TX,Paid Search,Active
7789,CUST-07789,27-02-2024,Female,35-44,Fort Worth,TX,Organic Search,Active
7790,CUST-07790,26-03-2025,Male,18-24,Houston,TX,Referral,Active
7791,CUST-07791,06-08-2023,Prefer not to say,25-34,Jacksonville,FL,Paid Search,Active
7792,CUST-07792,23-01-2024,Male,55-64,Denver,CO,Direct,Inactive
7793,CUST-07793,27-09-2025,Male,35-44,Austin,TX,Paid Search,Active
7794,CUST-07794,21-02-2024,Female,25-34,Philadelphia,PA,Referral,Active
7795,CUST-07795,17-11-2023,Male,35-44,Atlanta,GA,Social Media,Active
7796,CUST-07796,29-07-2025,Male,65+,Austin,TX,Referral,Active
7797,CUST-07797,26-07-2025,Female,35-44,Nashville,TN,Email,Active
7798,CUST-07798,11-06-2023,Male,25-34,Washington,DC,Direct,Active
7799,CUST-07799,13-09-2023,Male,35-44,New York,NY,Referral,Active
7800,CUST-07800,05-11-2023,Female,25-34,San Diego,CA,Social Media,Active
7801,CUST-07801,25-04-2025,Male,18-24,Los Angeles,CA,Social Media,Active
7802,CUST-07802,16-12-2024,Female,55-64,Nashville,TN,Paid Search,Active
7803,CUST-07803,08-05-2025,Male,25-34,Dallas,TX,Paid Search,Active
7804,CUST-07804,02-09-2023,Male,35-44,Columbus,OH,Organic Search,Active
7805,CUST-07805,15-11-2024,Male,35-44,New York,NY,Organic Search,Active
7806,CUST-07806,29-09-2024,Female,25-34,Nashville,TN,Paid Search,Inactive
7807,CUST-07807,17-11-2023,Male,45-54,Los Angeles,CA,Organic Search,Active
7808,CUST-07808,17-01-2025,Female,25-34,Houston,TX,Paid Search,Inactive
7809,CUST-07809,12-06-2025,Female,25-34,Denver,CO,Direct,Active
7810,CUST-07810,17-09-2025,Male,18-24,Fort Worth,TX,Referral,Active
7811,CUST-07811,14-12-2023,Female,18-24,Houston,TX,Social Media,Active
7812,CUST-07812,18-07-2023,Female,55-64,Boston,MA,Email,Active
7813,CUST-07813,21-12-2024,Female,25-34,Columbus,OH,Direct,Active
7814,CUST-07814,19-06-2025,Female,55-64,San Jose,CA,Organic Search,Active
7815,CUST-07815,18-02-2025,Male,25-34,Phoenix,AZ,Referral,Inactive
7816,CUST-07816,19-03-2024,Non-binary,25-34,Miami,FL,Organic Search,Active
7817,CUST-07817,20-01-2025,Female,35-44,Jacksonville,FL,Paid Search,Active
7818,CUST-07818,05-09-2023,Male,25-34,Chicago,IL,Organic Search,Active
7819,CUST-07819,10-07-2024,Male,18-24,Seattle,WA,Organic Search,Active
7820,CUST-07820,13-04-2024,Male,55-64,Jacksonville,FL,Direct,Active
7821,CUST-07821,12-11-2023,Male,35-44,Denver,CO,Referral,Active
7822,CUST-07822,22-01-2025,Male,35-44,Denver,CO,Email,Inactive
7823,CUST-07823,25-08-2025,Male,18-24,Las Vegas,NV,Email,Active
7824,CUST-07824,13-01-2025,Male,45-54,Austin,TX,Social Media,Inactive
7825,CUST-07825,17-09-2025,Female,35-44,Columbus,OH,Direct,Active
7826,CUST-07826,02-10-2023,Male,25-34,Boston,MA,Organic Search,Active
7827,CUST-07827,02-03-2025,Female,25-34,Portland,OR,Organic Search,Inactive
7828,CUST-07828,21-07-2024,Female,45-54,Phoenix,AZ,Paid Search,Active
7829,CUST-07829,17-08-2023,Male,25-34,Las Vegas,NV,Direct,Active
7830,CUST-07830,04-10-2024,Non-binary,35-44,Houston,TX,Referral,Active
7831,CUST-07831,17-05-2024,Female,25-34,Philadelphia,PA,Paid Search,Active
7832,CUST-07832,24-07-2024,Male,18-24,Jacksonville,FL,Organic Search,Active
7833,CUST-07833,20-02-2024,Male,25-34,Los Angeles,CA,Referral,Active
7834,CUST-07834,18-06-2025,Female,45-54,San Antonio,TX,Organic Search,Active
7835,CUST-07835,27-08-2023,Male,25-34,San Jose,CA,Organic Search,Active
7836,CUST-07836,21-10-2025,Male,65+,Fort Worth,TX,Organic Search,Active
7837,CUST-07837,18-05-2025,Male,25-34,Houston,TX,Email,Active
7838,CUST-07838,03-12-2023,Male,35-44,New York,NY,Social Media,Active
7839,CUST-07839,24-07-2023,Female,25-34,Portland,OR,Referral,Active
7840,CUST-07840,06-09-2025,Male,35-44,Las Vegas,NV,Organic Search,Active
7841,CUST-07841,31-08-2023,Male,25-34,Columbus,OH,Organic Search,Active
7842,CUST-07842,03-12-2023,Male,18-24,Atlanta,GA,Direct,Active
7843,CUST-07843,02-09-2025,Female,25-34,Boston,MA,Social Media,Active
7844,CUST-07844,28-08-2025,Non-binary,25-34,Las Vegas,NV,Organic Search,Active
7845,CUST-07845,15-04-2025,Male,35-44,Austin,TX,Organic Search,Inactive
7846,CUST-07846,13-12-2023,Male,45-54,Philadelphia,PA,Social Media,Active
7847,CUST-07847,26-11-2025,Female,25-34,Washington,DC,Email,Active
7848,CUST-07848,17-12-2023,Male,45-54,Phoenix,AZ,Social Media,Active
7849,CUST-07849,18-10-2024,Female,25-34,Charlotte,NC,Referral,Active
7850,CUST-07850,10-07-2023,Male,18-24,New York,NY,Email,Active
7851,CUST-07851,03-08-2025,Female,25-34,Nashville,TN,Paid Search,Active
7852,CUST-07852,22-02-2025,Female,45-54,Las Vegas,NV,Paid Search,Active
7853,CUST-07853,07-01-2025,Male,55-64,Charlotte,NC,Social Media,Inactive
7854,CUST-07854,28-10-2025,Female,25-34,Chicago,IL,Paid Search,Active
7855,CUST-07855,25-07-2024,Female,65+,Columbus,OH,Paid Search,Active
7856,CUST-07856,28-12-2023,Female,35-44,Chicago,IL,Social Media,Active
7857,CUST-07857,17-12-2023,Male,25-34,Miami,FL,Paid Search,Active
7858,CUST-07858,23-09-2023,Female,35-44,New York,NY,Social Media,Active
7859,CUST-07859,10-11-2025,Female,25-34,San Diego,CA,Organic Search,Inactive
7860,CUST-07860,10-06-2025,Male,45-54,Los Angeles,CA,Organic Search,Active
7861,CUST-07861,18-10-2023,Male,55-64,Chicago,IL,Social Media,Active
7862,CUST-07862,16-07-2023,Non-binary,35-44,Dallas,TX,Referral,Inactive
7863,CUST-07863,05-08-2023,Female,18-24,New York,NY,Social Media,Active
7864,CUST-07864,07-06-2023,Prefer not to say,35-44,New York,NY,Organic Search,Active
7865,CUST-07865,26-04-2024,Male,55-64,Columbus,OH,Organic Search,Active
7866,CUST-07866,01-12-2023,Female,25-34,Jacksonville,FL,Direct,Active
7867,CUST-07867,29-08-2023,Female,35-44,Los Angeles,CA,Organic Search,Active
7868,CUST-07868,22-08-2023,Female,25-34,Seattle,WA,Organic Search,Active
7869,CUST-07869,02-07-2025,Female,45-54,Los Angeles,CA,Organic Search,Active
7870,CUST-07870,09-06-2023,Female,45-54,New York,NY,Email,Active
7871,CUST-07871,08-09-2023,Non-binary,55-64,Seattle,WA,Paid Search,Active
7872,CUST-07872,06-01-2025,Female,35-44,Atlanta,GA,Organic Search,Active
7873,CUST-07873,28-10-2023,Male,25-34,Washington,DC,Paid Search,Active
7874,CUST-07874,16-04-2024,Female,35-44,New York,NY,Organic Search,Active
7875,CUST-07875,25-12-2023,Female,25-34,Miami,FL,Email,Active
7876,CUST-07876,27-03-2025,Female,55-64,Atlanta,GA,Email,Active
7877,CUST-07877,06-12-2023,Male,55-64,Miami,FL,Paid Search,Active
7878,CUST-07878,31-08-2024,Male,25-34,Miami,FL,Organic Search,Active
7879,CUST-07879,12-11-2023,Male,45-54,Jacksonville,FL,Social Media,Active
7880,CUST-07880,01-08-2025,Female,55-64,Houston,TX,Referral,Active
7881,CUST-07881,14-11-2024,Male,45-54,Houston,TX,Referral,Active
7882,CUST-07882,07-09-2024,Female,35-44,New York,NY,Paid Search,Active
7883,CUST-07883,16-12-2023,Male,65+,Phoenix,AZ,Organic Search,Active
7884,CUST-07884,02-02-2024,Male,65+,Columbus,OH,Organic Search,Inactive
7885,CUST-07885,02-02-2024,Female,35-44,San Diego,CA,Paid Search,Active
7886,CUST-07886,21-12-2024,Male,18-24,Jacksonville,FL,Referral,Active
7887,CUST-07887,12-02-2025,Female,25-34,Las Vegas,NV,Referral,Active
7888,CUST-07888,04-11-2023,Female,65+,Houston,TX,Referral,Active
7889,CUST-07889,03-06-2023,Male,35-44,Denver,CO,Referral,Active
7890,CUST-07890,26-10-2023,Female,35-44,Columbus,OH,Direct,Active
7891,CUST-07891,22-09-2023,Male,25-34,Boston,MA,Referral,Active
7892,CUST-07892,11-09-2023,Female,25-34,Las Vegas,NV,Paid Search,Inactive
7893,CUST-07893,18-09-2025,Male,25-34,San Antonio,TX,Social Media,Active
7894,CUST-07894,24-07-2025,Male,65+,Philadelphia,PA,Organic Search,Active
7895,CUST-07895,01-08-2023,Male,45-54,Denver,CO,Direct,Inactive
7896,CUST-07896,24-09-2023,Male,45-54,Phoenix,AZ,Organic Search,Active
7897,CUST-07897,11-06-2024,Female,18-24,Columbus,OH,Organic Search,Active
7898,CUST-07898,14-10-2025,Female,65+,Chicago,IL,Paid Search,Inactive
7899,CUST-07899,04-05-2024,Prefer not to say,35-44,Charlotte,NC,Paid Search,Active
7900,CUST-07900,20-11-2025,Female,45-54,Washington,DC,Paid Search,Active
7901,CUST-07901,15-01-2024,Male,18-24,New York,NY,Direct,Active
7902,CUST-07902,03-01-2025,Male,65+,Phoenix,AZ,Social Media,Active
7903,CUST-07903,28-12-2024,Male,45-54,New York,NY,Paid Search,Active
7904,CUST-07904,21-03-2025,Male,65+,Denver,CO,Paid Search,Active
7905,CUST-07905,17-12-2024,Female,18-24,Houston,TX,Organic Search,Active
7906,CUST-07906,10-11-2024,Female,35-44,Chicago,IL,Social Media,Active
7907,CUST-07907,29-08-2025,Male,35-44,Miami,FL,Direct,Active
7908,CUST-07908,11-10-2023,Female,25-34,Fort Worth,TX,Organic Search,Active
7909,CUST-07909,13-01-2024,Female,25-34,Houston,TX,Email,Active
7910,CUST-07910,19-09-2024,Male,18-24,San Antonio,TX,Social Media,Active
7911,CUST-07911,21-05-2024,Female,35-44,Houston,TX,Direct,Active
7912,CUST-07912,08-08-2023,Male,35-44,New York,NY,Paid Search,Active
7913,CUST-07913,18-11-2023,Female,35-44,Chicago,IL,Paid Search,Active
7914,CUST-07914,25-06-2025,Female,45-54,New York,NY,Referral,Active
7915,CUST-07915,27-05-2024,Male,25-34,Phoenix,AZ,Referral,Active
7916,CUST-07916,05-06-2024,Female,25-34,Chicago,IL,Referral,Active
7917,CUST-07917,15-03-2025,Female,45-54,Los Angeles,CA,Paid Search,Active
7918,CUST-07918,02-08-2023,Female,45-54,Washington,DC,Social Media,Active
7919,CUST-07919,05-09-2025,Female,45-54,Los Angeles,CA,Social Media,Active
7920,CUST-07920,29-01-2024,Male,55-64,Los Angeles,CA,Direct,Active
7921,CUST-07921,15-10-2023,Male,35-44,Houston,TX,Organic Search,Active
7922,CUST-07922,20-03-2025,Male,35-44,San Jose,CA,Paid Search,Active
7923,CUST-07923,01-05-2024,Male,18-24,Jacksonville,FL,Paid Search,Active
7924,CUST-07924,16-08-2024,Female,18-24,Dallas,TX,Social Media,Active
7925,CUST-07925,01-06-2025,Male,55-64,Atlanta,GA,Organic Search,Active
7926,CUST-07926,19-11-2023,Male,35-44,Phoenix,AZ,Referral,Active
7927,CUST-07927,08-01-2024,Female,35-44,Phoenix,AZ,Referral,Active
7928,CUST-07928,11-08-2023,Female,35-44,Las Vegas,NV,Direct,Active
7929,CUST-07929,06-07-2023,Female,65+,New York,NY,Paid Search,Active
7930,CUST-07930,10-11-2023,Non-binary,25-34,Los Angeles,CA,Paid Search,Active
7931,CUST-07931,18-03-2025,Male,18-24,New York,NY,Direct,Active
7932,CUST-07932,04-04-2024,Female,45-54,Chicago,IL,Direct,Active
7933,CUST-07933,19-11-2025,Male,35-44,Chicago,IL,Organic Search,Active
7934,CUST-07934,09-12-2024,Male,18-24,Philadelphia,PA,Paid Search,Active
7935,CUST-07935,20-02-2024,Male,35-44,Philadelphia,PA,Organic Search,Active
7936,CUST-07936,20-09-2024,Female,45-54,Miami,FL,Referral,Active
7937,CUST-07937,10-01-2024,Male,35-44,Atlanta,GA,Organic Search,Active
7938,CUST-07938,10-09-2023,Male,18-24,Chicago,IL,Direct,Active
7939,CUST-07939,01-09-2025,Female,45-54,New York,NY,Email,Active
7940,CUST-07940,02-08-2025,Male,18-24,Jacksonville,FL,Referral,Active
7941,CUST-07941,24-10-2024,Prefer not to say,35-44,Boston,MA,Organic Search,Active
7942,CUST-07942,01-01-2024,Male,25-34,Los Angeles,CA,Referral,Active
7943,CUST-07943,04-09-2024,Female,25-34,Philadelphia,PA,Social Media,Active
7944,CUST-07944,24-09-2023,Female,35-44,Philadelphia,PA,Social Media,Active
7945,CUST-07945,23-09-2023,Male,25-34,Las Vegas,NV,Email,Active
7946,CUST-07946,09-03-2025,Male,35-44,Nashville,TN,Direct,Active
7947,CUST-07947,06-08-2023,Male,25-34,Washington,DC,Paid Search,Active
7948,CUST-07948,26-03-2024,Female,18-24,Miami,FL,Paid Search,Inactive
7949,CUST-07949,14-08-2025,Female,65+,San Jose,CA,Referral,Active
7950,CUST-07950,25-11-2023,Female,35-44,Las Vegas,NV,Email,Active
7951,CUST-07951,13-01-2024,Female,35-44,Atlanta,GA,Paid Search,Active
7952,CUST-07952,04-01-2025,Female,25-34,Denver,CO,Paid Search,Active
7953,CUST-07953,06-08-2025,Male,55-64,Chicago,IL,Referral,Active
7954,CUST-07954,27-11-2023,Male,55-64,Los Angeles,CA,Email,Inactive
7955,CUST-07955,30-12-2023,Female,55-64,Houston,TX,Email,Active
7956,CUST-07956,20-06-2023,Male,18-24,Los Angeles,CA,Organic Search,Active
7957,CUST-07957,16-10-2024,Male,25-34,Las Vegas,NV,Social Media,Active
7958,CUST-07958,12-07-2023,Male,18-24,Atlanta,GA,Social Media,Inactive
7959,CUST-07959,13-11-2023,Male,18-24,San Jose,CA,Paid Search,Active
7960,CUST-07960,05-06-2025,Male,45-54,Phoenix,AZ,Social Media,Active
7961,CUST-07961,19-09-2023,Male,25-34,New York,NY,Organic Search,Active
7962,CUST-07962,16-06-2024,Prefer not to say,45-54,Chicago,IL,Referral,Active
7963,CUST-07963,25-06-2023,Female,35-44,San Antonio,TX,Email,Active
7964,CUST-07964,23-06-2023,Female,45-54,Nashville,TN,Direct,Active
7965,CUST-07965,04-05-2025,Male,45-54,Seattle,WA,Email,Active
7966,CUST-07966,04-01-2025,Female,55-64,Atlanta,GA,Referral,Active
7967,CUST-07967,16-08-2023,Male,55-64,Austin,TX,Email,Active
7968,CUST-07968,25-11-2024,Male,25-34,Washington,DC,Referral,Active
7969,CUST-07969,06-11-2024,Female,25-34,Phoenix,AZ,Organic Search,Active
7970,CUST-07970,08-10-2025,Female,35-44,San Antonio,TX,Social Media,Active
7971,CUST-07971,22-09-2023,Male,55-64,New York,NY,Email,Active
7972,CUST-07972,26-03-2024,Male,55-64,San Jose,CA,Direct,Inactive
7973,CUST-07973,29-10-2023,Male,18-24,Fort Worth,TX,Organic Search,Active
7974,CUST-07974,04-01-2024,Female,55-64,New York,NY,Paid Search,Active
7975,CUST-07975,23-12-2024,Female,25-34,Philadelphia,PA,Paid Search,Active
7976,CUST-07976,28-10-2025,Female,35-44,Atlanta,GA,Referral,Active
7977,CUST-07977,11-01-2025,Male,45-54,Austin,TX,Referral,Active
7978,CUST-07978,29-03-2024,Female,55-64,San Antonio,TX,Organic Search,Active
7979,CUST-07979,07-11-2023,Female,35-44,Los Angeles,CA,Organic Search,Active
7980,CUST-07980,23-06-2023,Female,55-64,Houston,TX,Paid Search,Active
7981,CUST-07981,29-07-2023,Female,45-54,Chicago,IL,Email,Active
7982,CUST-07982,25-08-2024,Male,25-34,Portland,OR,Social Media,Active
7983,CUST-07983,25-09-2024,Male,25-34,Boston,MA,Paid Search,Active
7984,CUST-07984,15-08-2023,Non-binary,25-34,Dallas,TX,Organic Search,Active
7985,CUST-07985,08-06-2024,Female,55-64,San Antonio,TX,Paid Search,Active
7986,CUST-07986,30-07-2023,Female,45-54,New York,NY,Direct,Active
7987,CUST-07987,28-11-2023,Female,25-34,San Jose,CA,Social Media,Active
7988,CUST-07988,22-02-2024,Female,35-44,Boston,MA,Organic Search,Active
7989,CUST-07989,10-06-2023,Male,25-34,Austin,TX,Organic Search,Active
7990,CUST-07990,03-09-2025,Female,25-34,Nashville,TN,Direct,Active
7991,CUST-07991,16-06-2023,Female,45-54,Columbus,OH,Paid Search,Active
7992,CUST-07992,24-07-2025,Female,55-64,Nashville,TN,Referral,Active
7993,CUST-07993,15-04-2024,Prefer not to say,25-34,Washington,DC,Social Media,Active
7994,CUST-07994,16-08-2024,Female,25-34,Charlotte,NC,Direct,Active
7995,CUST-07995,14-04-2025,Female,35-44,New York,NY,Email,Active
7996,CUST-07996,25-06-2023,Female,45-54,Jacksonville,FL,Social Media,Active
7997,CUST-07997,19-08-2024,Male,18-24,San Jose,CA,Direct,Active
7998,CUST-07998,16-08-2025,Prefer not to say,18-24,San Diego,CA,Paid Search,Active
7999,CUST-07999,21-07-2023,Female,35-44,Austin,TX,Social Media,Active
8000,CUST-08000,16-08-2023,Male,25-34,Miami,FL,Social Media,Active
