eligible_orders	eligible_customers	eligible_revenue	zero_purchase_customers	repeat_customers	period_repeat_retention_rate	month_1_retained_customers	complete_month_1_cohort_customers	weighted_month_1_retention_rate	high_risk_customers	medium_risk_customers	low_risk_customers	churn_candidates	chronology_exception_orders	chronology_exception_customers	reference_date	lifecycle_rule	risk_score_note
35017	7069	53997988.41	931	4745	67.12	1735	6927	25.05	2647	1305	3117	2491	557	404	2025-12-31	is_eligible = 1 AND order_date >= signup_date	Risk score is deterministic SQL behavior scoring, not machine-learning prediction
order_month	eligible_orders	monthly_active_customers	new_customers	returning_customers	monthly_repeat_customer_rate	eligible_revenue	average_order_value
2024-01-01	459	436	436	0	0.00	802889.32	1749.21
2024-02-01	523	491	434	57	11.61	839214.43	1604.62
2024-03-01	589	553	448	105	18.99	929902.96	1578.78
2024-04-01	644	612	462	150	24.51	1053726.61	1636.22
2024-05-01	756	691	479	212	30.68	1142823.73	1511.67
2024-06-01	764	701	433	268	38.23	1185565.98	1551.79
2024-07-01	651	564	222	342	60.64	987934.06	1517.56
2024-08-01	716	623	236	387	62.12	1193226.56	1666.52
2024-09-01	739	643	221	422	65.63	1181735.48	1599.10
2024-10-01	873	764	242	522	68.32	1351634.44	1548.26
2024-11-01	939	796	226	570	71.61	1448201.60	1542.28
2024-12-01	1080	901	260	641	71.14	1692313.27	1566.96
2025-01-01	1223	1027	267	760	74.00	1957249.73	1600.37
2025-02-01	1205	1011	258	753	74.48	1823306.55	1513.12
2025-03-01	1433	1171	280	891	76.09	2112726.27	1474.34
2025-04-01	1596	1316	345	971	73.78	2438223.35	1527.71
2025-05-01	1923	1589	434	1155	72.69	2912681.04	1514.65
2025-06-01	1732	1348	167	1181	87.61	2622832.96	1514.34
2025-07-01	2050	1548	198	1350	87.21	3134311.97	1528.93
2025-08-01	2227	1631	202	1429	87.61	3434467.86	1542.19
2025-09-01	2535	1737	231	1506	86.70	3938207.37	1553.53
2025-10-01	2960	1943	211	1732	89.14	4498209.72	1519.67
2025-11-01	3483	2066	235	1831	88.63	5380204.65	1544.70
2025-12-01	3917	2078	142	1936	93.17	5936398.50	1515.55
rfm_segment	customers	customer_percentage	average_customer_value	average_recency_days	average_frequency
Needs Attention	2655	37.56	2375.46	418.51	1.54
Champions	1743	24.66	16981.76	21.88	10.22
Loyal Customers	943	13.34	9517.25	56.52	7.63
At Risk	760	10.75	3105.86	268.43	2.38
Potential Loyalists	641	9.07	6141.28	24.43	4.09
High Value At Risk	201	2.84	13096.07	208.33	6.88
New Customers	126	1.78	1490.79	26.92	1.00
risk_band	customers	customer_percentage	churn_candidates	inactive_90_plus	average_behavioral_risk_score
High Risk	2647	37.45	2401	2647	87.52
Medium Risk	1305	18.46	90	796	53.55
Low Risk	3117	44.09	0	25	10.38
intervention_priority	customers	customer_percentage	monetary_value	churn_candidates
High Value Intervention	497	7.03	6739084.13	108
Standard Intervention	3455	48.88	7239398.04	2383
Monitor / Engage	3117	44.09	40019506.24	0
cohort_month	cohort_size	month_1_retained_customers	month_1_retention_rate
2024-01-01	436	57	13.07
2024-02-01	434	47	10.83
2024-03-01	448	51	11.38
2024-04-01	462	46	9.96
2024-05-01	479	46	9.60
2024-06-01	433	50	11.55
2024-07-01	222	52	23.42
2024-08-01	236	59	25.00
2024-09-01	221	55	24.89
2024-10-01	242	60	24.79
2024-11-01	226	42	18.58
2024-12-01	260	77	29.62
2025-01-01	267	63	23.60
2025-02-01	258	53	20.54
2025-03-01	280	69	24.64
2025-04-01	345	99	28.70
2025-05-01	434	105	24.19
2025-06-01	167	100	59.88
2025-07-01	198	118	59.60
2025-08-01	202	109	53.96
2025-09-01	231	139	60.17
2025-10-01	211	117	55.45
2025-11-01	235	121	51.49
cohort_month	activity_month	elapsed_month	cohort_size	retained_customers	retention_rate	observation_complete
2024-01-01	2024-01-01	0	436	436	100.00	1
2024-01-01	2024-02-01	1	436	57	13.07	1
2024-01-01	2024-03-01	2	436	58	13.30	1
2024-01-01	2024-04-01	3	436	53	12.16	1
2024-01-01	2024-05-01	4	436	48	11.01	1
2024-01-01	2024-06-01	5	436	65	14.91	1
2024-01-01	2024-07-01	6	436	64	14.68	1
2024-01-01	2024-08-01	7	436	61	13.99	1
2024-01-01	2024-09-01	8	436	66	15.14	1
2024-01-01	2024-10-01	9	436	62	14.22	1
2024-01-01	2024-11-01	10	436	58	13.30	1
2024-01-01	2024-12-01	11	436	68	15.60	1
2024-01-01	2025-01-01	12	436	55	12.61	1
2024-01-01	2025-02-01	13	436	64	14.68	1
2024-01-01	2025-03-01	14	436	67	15.37	1
2024-01-01	2025-04-01	15	436	72	16.51	1
2024-01-01	2025-05-01	16	436	86	19.72	1
2024-01-01	2025-06-01	17	436	61	13.99	1
2024-01-01	2025-07-01	18	436	66	15.14	1
2024-01-01	2025-08-01	19	436	69	15.83	1
2024-01-01	2025-09-01	20	436	79	18.12	1
2024-01-01	2025-10-01	21	436	79	18.12	1
2024-01-01	2025-11-01	22	436	69	15.83	1
2024-01-01	2025-12-01	23	436	71	16.28	1
2024-02-01	2024-02-01	0	434	434	100.00	1
2024-02-01	2024-03-01	1	434	47	10.83	1
2024-02-01	2024-04-01	2	434	46	10.60	1
2024-02-01	2024-05-01	3	434	69	15.90	1
2024-02-01	2024-06-01	4	434	67	15.44	1
2024-02-01	2024-07-01	5	434	73	16.82	1
2024-02-01	2024-08-01	6	434	51	11.75	1
2024-02-01	2024-09-01	7	434	55	12.67	1
2024-02-01	2024-10-01	8	434	60	13.82	1
2024-02-01	2024-11-01	9	434	59	13.59	1
2024-02-01	2024-12-01	10	434	66	15.21	1
2024-02-01	2025-01-01	11	434	64	14.75	1
2024-02-01	2025-02-01	12	434	60	13.82	1
2024-02-01	2025-03-01	13	434	64	14.75	1
2024-02-01	2025-04-01	14	434	68	15.67	1
2024-02-01	2025-05-01	15	434	74	17.05	1
2024-02-01	2025-06-01	16	434	47	10.83	1
2024-02-01	2025-07-01	17	434	62	14.29	1
2024-02-01	2025-08-01	18	434	59	13.59	1
2024-02-01	2025-09-01	19	434	58	13.36	1
2024-02-01	2025-10-01	20	434	72	16.59	1
2024-02-01	2025-11-01	21	434	71	16.36	1
2024-02-01	2025-12-01	22	434	49	11.29	1
2024-03-01	2024-03-01	0	448	448	100.00	1
2024-03-01	2024-04-01	1	448	51	11.38	1
2024-03-01	2024-05-01	2	448	49	10.94	1
2024-03-01	2024-06-01	3	448	47	10.49	1
2024-03-01	2024-07-01	4	448	52	11.61	1
2024-03-01	2024-08-01	5	448	50	11.16	1
2024-03-01	2024-09-01	6	448	54	12.05	1
2024-03-01	2024-10-01	7	448	59	13.17	1
2024-03-01	2024-11-01	8	448	48	10.71	1
2024-03-01	2024-12-01	9	448	51	11.38	1
2024-03-01	2025-01-01	10	448	53	11.83	1
2024-03-01	2025-02-01	11	448	37	8.26	1
2024-03-01	2025-03-01	12	448	55	12.28	1
2024-03-01	2025-04-01	13	448	49	10.94	1
2024-03-01	2025-05-01	14	448	61	13.62	1
2024-03-01	2025-06-01	15	448	47	10.49	1
2024-03-01	2025-07-01	16	448	67	14.96	1
2024-03-01	2025-08-01	17	448	58	12.95	1
2024-03-01	2025-09-01	18	448	49	10.94	1
2024-03-01	2025-10-01	19	448	65	14.51	1
2024-03-01	2025-11-01	20	448	62	13.84	1
2024-03-01	2025-12-01	21	448	53	11.83	1
2024-04-01	2024-04-01	0	462	462	100.00	1
2024-04-01	2024-05-01	1	462	46	9.96	1
2024-04-01	2024-06-01	2	462	43	9.31	1
2024-04-01	2024-07-01	3	462	48	10.39	1
2024-04-01	2024-08-01	4	462	62	13.42	1
2024-04-01	2024-09-01	5	462	33	7.14	1
2024-04-01	2024-10-01	6	462	50	10.82	1
2024-04-01	2024-11-01	7	462	48	10.39	1
2024-04-01	2024-12-01	8	462	43	9.31	1
2024-04-01	2025-01-01	9	462	52	11.26	1
2024-04-01	2025-02-01	10	462	42	9.09	1
2024-04-01	2025-03-01	11	462	55	11.90	1
2024-04-01	2025-04-01	12	462	51	11.04	1
2024-04-01	2025-05-01	13	462	55	11.90	1
2024-04-01	2025-06-01	14	462	61	13.20	1
2024-04-01	2025-07-01	15	462	48	10.39	1
2024-04-01	2025-08-01	16	462	56	12.12	1
2024-04-01	2025-09-01	17	462	51	11.04	1
2024-04-01	2025-10-01	18	462	50	10.82	1
2024-04-01	2025-11-01	19	462	45	9.74	1
2024-04-01	2025-12-01	20	462	47	10.17	1
2024-05-01	2024-05-01	0	479	479	100.00	1
2024-05-01	2024-06-01	1	479	46	9.60	1
2024-05-01	2024-07-01	2	479	55	11.48	1
2024-05-01	2024-08-01	3	479	57	11.90	1
2024-05-01	2024-09-01	4	479	52	10.86	1
2024-05-01	2024-10-01	5	479	59	12.32	1
2024-05-01	2024-11-01	6	479	53	11.06	1
2024-05-01	2024-12-01	7	479	64	13.36	1
2024-05-01	2025-01-01	8	479	47	9.81	1
2024-05-01	2025-02-01	9	479	55	11.48	1
2024-05-01	2025-03-01	10	479	69	14.41	1
2024-05-01	2025-04-01	11	479	64	13.36	1
2024-05-01	2025-05-01	12	479	53	11.06	1
2024-05-01	2025-06-01	13	479	62	12.94	1
2024-05-01	2025-07-01	14	479	59	12.32	1
2024-05-01	2025-08-01	15	479	58	12.11	1
2024-05-01	2025-09-01	16	479	56	11.69	1
2024-05-01	2025-10-01	17	479	60	12.53	1
2024-05-01	2025-11-01	18	479	59	12.32	1
2024-05-01	2025-12-01	19	479	65	13.57	1
2024-06-01	2024-06-01	0	433	433	100.00	1
2024-06-01	2024-07-01	1	433	50	11.55	1
2024-06-01	2024-08-01	2	433	54	12.47	1
2024-06-01	2024-09-01	3	433	51	11.78	1
2024-06-01	2024-10-01	4	433	54	12.47	1
2024-06-01	2024-11-01	5	433	60	13.86	1
2024-06-01	2024-12-01	6	433	58	13.39	1
2024-06-01	2025-01-01	7	433	63	14.55	1
2024-06-01	2025-02-01	8	433	57	13.16	1
2024-06-01	2025-03-01	9	433	69	15.94	1
2024-06-01	2025-04-01	10	433	51	11.78	1
2024-06-01	2025-05-01	11	433	67	15.47	1
2024-06-01	2025-06-01	12	433	68	15.70	1
2024-06-01	2025-07-01	13	433	66	15.24	1
2024-06-01	2025-08-01	14	433	58	13.39	1
2024-06-01	2025-09-01	15	433	52	12.01	1
2024-06-01	2025-10-01	16	433	67	15.47	1
2024-06-01	2025-11-01	17	433	68	15.70	1
2024-06-01	2025-12-01	18	433	63	14.55	1
2024-07-01	2024-07-01	0	222	222	100.00	1
2024-07-01	2024-08-01	1	222	52	23.42	1
2024-07-01	2024-09-01	2	222	52	23.42	1
2024-07-01	2024-10-01	3	222	52	23.42	1
2024-07-01	2024-11-01	4	222	66	29.73	1
2024-07-01	2024-12-01	5	222	61	27.48	1
2024-07-01	2025-01-01	6	222	69	31.08	1
2024-07-01	2025-02-01	7	222	60	27.03	1
2024-07-01	2025-03-01	8	222	52	23.42	1
2024-07-01	2025-04-01	9	222	48	21.62	1
2024-07-01	2025-05-01	10	222	69	31.08	1
2024-07-01	2025-06-01	11	222	50	22.52	1
2024-07-01	2025-07-01	12	222	71	31.98	1
2024-07-01	2025-08-01	13	222	57	25.68	1
2024-07-01	2025-09-01	14	222	60	27.03	1
2024-07-01	2025-10-01	15	222	65	29.28	1
2024-07-01	2025-11-01	16	222	67	30.18	1
2024-07-01	2025-12-01	17	222	60	27.03	1
2024-08-01	2024-08-01	0	236	236	100.00	1
2024-08-01	2024-09-01	1	236	59	25.00	1
2024-08-01	2024-10-01	2	236	71	30.08	1
2024-08-01	2024-11-01	3	236	74	31.36	1
2024-08-01	2024-12-01	4	236	68	28.81	1
2024-08-01	2025-01-01	5	236	79	33.47	1
2024-08-01	2025-02-01	6	236	64	27.12	1
2024-08-01	2025-03-01	7	236	68	28.81	1
2024-08-01	2025-04-01	8	236	60	25.42	1
2024-08-01	2025-05-01	9	236	81	34.32	1
2024-08-01	2025-06-01	10	236	70	29.66	1
2024-08-01	2025-07-01	11	236	67	28.39	1
2024-08-01	2025-08-01	12	236	60	25.42	1
2024-08-01	2025-09-01	13	236	63	26.69	1
2024-08-01	2025-10-01	14	236	70	29.66	1
2024-08-01	2025-11-01	15	236	61	25.85	1
2024-08-01	2025-12-01	16	236	61	25.85	1
2024-09-01	2024-09-01	0	221	221	100.00	1
2024-09-01	2024-10-01	1	221	55	24.89	1
2024-09-01	2024-11-01	2	221	44	19.91	1
2024-09-01	2024-12-01	3	221	57	25.79	1
2024-09-01	2025-01-01	4	221	58	26.24	1
2024-09-01	2025-02-01	5	221	58	26.24	1
2024-09-01	2025-03-01	6	221	61	27.60	1
2024-09-01	2025-04-01	7	221	53	23.98	1
2024-09-01	2025-05-01	8	221	68	30.77	1
2024-09-01	2025-06-01	9	221	53	23.98	1
2024-09-01	2025-07-01	10	221	55	24.89	1
2024-09-01	2025-08-01	11	221	56	25.34	1
2024-09-01	2025-09-01	12	221	50	22.62	1
2024-09-01	2025-10-01	13	221	66	29.86	1
2024-09-01	2025-11-01	14	221	77	34.84	1
2024-09-01	2025-12-01	15	221	71	32.13	1
2024-10-01	2024-10-01	0	242	242	100.00	1
2024-10-01	2024-11-01	1	242	60	24.79	1
2024-10-01	2024-12-01	2	242	63	26.03	1
2024-10-01	2025-01-01	3	242	78	32.23	1
2024-10-01	2025-02-01	4	242	58	23.97	1
2024-10-01	2025-03-01	5	242	63	26.03	1
2024-10-01	2025-04-01	6	242	68	28.10	1
2024-10-01	2025-05-01	7	242	63	26.03	1
2024-10-01	2025-06-01	8	242	76	31.40	1
2024-10-01	2025-07-01	9	242	70	28.93	1
2024-10-01	2025-08-01	10	242	68	28.10	1
2024-10-01	2025-09-01	11	242	60	24.79	1
2024-10-01	2025-10-01	12	242	73	30.17	1
2024-10-01	2025-11-01	13	242	64	26.45	1
2024-10-01	2025-12-01	14	242	73	30.17	1
2024-11-01	2024-11-01	0	226	226	100.00	1
2024-11-01	2024-12-01	1	226	42	18.58	1
2024-11-01	2025-01-01	2	226	65	28.76	1
2024-11-01	2025-02-01	3	226	55	24.34	1
2024-11-01	2025-03-01	4	226	67	29.65	1
2024-11-01	2025-04-01	5	226	68	30.09	1
2024-11-01	2025-05-01	6	226	68	30.09	1
2024-11-01	2025-06-01	7	226	71	31.42	1
2024-11-01	2025-07-01	8	226	55	24.34	1
2024-11-01	2025-08-01	9	226	71	31.42	1
2024-11-01	2025-09-01	10	226	59	26.11	1
2024-11-01	2025-10-01	11	226	67	29.65	1
2024-11-01	2025-11-01	12	226	54	23.89	1
2024-11-01	2025-12-01	13	226	59	26.11	1
2024-12-01	2024-12-01	0	260	260	100.00	1
2024-12-01	2025-01-01	1	260	77	29.62	1
2024-12-01	2025-02-01	2	260	80	30.77	1
2024-12-01	2025-03-01	3	260	71	27.31	1
2024-12-01	2025-04-01	4	260	94	36.15	1
2024-12-01	2025-05-01	5	260	79	30.38	1
2024-12-01	2025-06-01	6	260	74	28.46	1
2024-12-01	2025-07-01	7	260	86	33.08	1
2024-12-01	2025-08-01	8	260	79	30.38	1
2024-12-01	2025-09-01	9	260	89	34.23	1
2024-12-01	2025-10-01	10	260	77	29.62	1
2024-12-01	2025-11-01	11	260	82	31.54	1
2024-12-01	2025-12-01	12	260	84	32.31	1
2025-01-01	2025-01-01	0	267	267	100.00	1
2025-01-01	2025-02-01	1	267	63	23.60	1
2025-01-01	2025-03-01	2	267	77	28.84	1
2025-01-01	2025-04-01	3	267	78	29.21	1
2025-01-01	2025-05-01	4	267	78	29.21	1
2025-01-01	2025-06-01	5	267	79	29.59	1
2025-01-01	2025-07-01	6	267	74	27.72	1
2025-01-01	2025-08-01	7	267	86	32.21	1
2025-01-01	2025-09-01	8	267	67	25.09	1
2025-01-01	2025-10-01	9	267	80	29.96	1
2025-01-01	2025-11-01	10	267	75	28.09	1
2025-01-01	2025-12-01	11	267	75	28.09	1
2025-02-01	2025-02-01	0	258	258	100.00	1
2025-02-01	2025-03-01	1	258	53	20.54	1
2025-02-01	2025-04-01	2	258	78	30.23	1
2025-02-01	2025-05-01	3	258	67	25.97	1
2025-02-01	2025-06-01	4	258	65	25.19	1
2025-02-01	2025-07-01	5	258	74	28.68	1
2025-02-01	2025-08-01	6	258	77	29.84	1
2025-02-01	2025-09-01	7	258	78	30.23	1
2025-02-01	2025-10-01	8	258	71	27.52	1
2025-02-01	2025-11-01	9	258	63	24.42	1
2025-02-01	2025-12-01	10	258	69	26.74	1
2025-03-01	2025-03-01	0	280	280	100.00	1
2025-03-01	2025-04-01	1	280	69	24.64	1
2025-03-01	2025-05-01	2	280	87	31.07	1
2025-03-01	2025-06-01	3	280	89	31.79	1
2025-03-01	2025-07-01	4	280	82	29.29	1
2025-03-01	2025-08-01	5	280	73	26.07	1
2025-03-01	2025-09-01	6	280	81	28.93	1
2025-03-01	2025-10-01	7	280	85	30.36	1
2025-03-01	2025-11-01	8	280	84	30.00	1
2025-03-01	2025-12-01	9	280	72	25.71	1
2025-04-01	2025-04-01	0	345	345	100.00	1
2025-04-01	2025-05-01	1	345	99	28.70	1
2025-04-01	2025-06-01	2	345	103	29.86	1
2025-04-01	2025-07-01	3	345	111	32.17	1
2025-04-01	2025-08-01	4	345	118	34.20	1
2025-04-01	2025-09-01	5	345	117	33.91	1
2025-04-01	2025-10-01	6	345	106	30.72	1
2025-04-01	2025-11-01	7	345	116	33.62	1
2025-04-01	2025-12-01	8	345	132	38.26	1
2025-05-01	2025-05-01	0	434	434	100.00	1
2025-05-01	2025-06-01	1	434	105	24.19	1
2025-05-01	2025-07-01	2	434	137	31.57	1
2025-05-01	2025-08-01	3	434	120	27.65	1
2025-05-01	2025-09-01	4	434	121	27.88	1
2025-05-01	2025-10-01	5	434	128	29.49	1
2025-05-01	2025-11-01	6	434	130	29.95	1
2025-05-01	2025-12-01	7	434	131	30.18	1
2025-06-01	2025-06-01	0	167	167	100.00	1
2025-06-01	2025-07-01	1	167	100	59.88	1
2025-06-01	2025-08-01	2	167	88	52.69	1
2025-06-01	2025-09-01	3	167	97	58.08	1
2025-06-01	2025-10-01	4	167	92	55.09	1
2025-06-01	2025-11-01	5	167	96	57.49	1
2025-06-01	2025-12-01	6	167	99	59.28	1
2025-07-01	2025-07-01	0	198	198	100.00	1
2025-07-01	2025-08-01	1	198	118	59.60	1
2025-07-01	2025-09-01	2	198	110	55.56	1
2025-07-01	2025-10-01	3	198	114	57.58	1
2025-07-01	2025-11-01	4	198	123	62.12	1
2025-07-01	2025-12-01	5	198	115	58.08	1
2025-08-01	2025-08-01	0	202	202	100.00	1
2025-08-01	2025-09-01	1	202	109	53.96	1
2025-08-01	2025-10-01	2	202	106	52.48	1
2025-08-01	2025-11-01	3	202	113	55.94	1
2025-08-01	2025-12-01	4	202	103	50.99	1
2025-09-01	2025-09-01	0	231	231	100.00	1
2025-09-01	2025-10-01	1	231	139	60.17	1
2025-09-01	2025-11-01	2	231	135	58.44	1
2025-09-01	2025-12-01	3	231	142	61.47	1
2025-10-01	2025-10-01	0	211	211	100.00	1
2025-10-01	2025-11-01	1	211	117	55.45	1
2025-10-01	2025-12-01	2	211	121	57.35	1
2025-11-01	2025-11-01	0	235	235	100.00	1
2025-11-01	2025-12-01	1	235	121	51.49	1
2025-12-01	2025-12-01	0	142	142	100.00	1
sales_channel_name	eligible_orders	customers	units	line_revenue	net_order_value	average_order_value
Web	16023	5595	140863	24758016.26	23644213.52	1545.15
Mobile App	9202	3980	80912	14156254.62	13519063.67	1538.39
Marketplace	6335	3759	55853	9847925.27	9413958.49	1554.53
Retail Store	3457	2498	30136	5235792.26	4966306.27	1514.55
payment_method_name	eligible_orders	customers	line_revenue	net_order_value	average_order_value
Credit Card	16661	5445	25670024.41	24509003.62	1540.73
Debit Card	8989	4287	13933634.81	13301724.78	1550.08
Digital Wallet	7644	3997	11754038.66	11214365.73	1537.68
Bank Transfer	1723	1456	2640290.53	2518447.82	1532.38
category_id	category_name	eligible_orders	customers	units	line_revenue	line_cost	gross_margin	gross_margin_percentage
4	Electronics	8388	3234	32992	16667061.51	11264317.29	5402744.22	32.42
7	Home & Kitchen	9228	3385	37127	8165270.85	5100226.66	3065044.19	37.54
10	Sports & Outdoors	6830	2843	26166	6348761.12	4181241.76	2167519.36	34.14
5	Garden & Tools	6023	2871	22830	5373229.02	3410221.85	1963007.17	36.53
1	Apparel	7430	2951	28990	4390276.25	2968996.70	1421279.55	32.37
11	Toys & Games	6830	2965	26391	3174292.23	2043043.16	1131249.07	35.64
12	Travel & Accessories	4974	2596	18534	3018734.82	2024071.57	994663.25	32.95
2	Beauty & Personal Care	6904	2881	26946	1998074.72	1302545.10	695529.62	34.81
3	Books & Media	6469	2746	24822	1441391.78	993279.89	448111.89	31.09
8	Office & Stationery	5264	2514	19426	1183936.62	771725.60	412211.02	34.82
6	Grocery & Gourmet	6261	2704	23486	1163458.25	784748.17	378710.08	32.55
9	Pet Supplies	5393	2487	20054	1073501.24	686079.49	387421.75	36.09
product_id	sku	product_name	category_id	category_name	eligible_orders	customers	units	line_revenue	line_cost	gross_margin	gross_margin_percentage
10	SKU-00010	Electronics 10	4	Electronics	1353	1051	4030	2602022.87	2089917.70	512105.17	19.68
1	SKU-00001	Electronics 01	4	Electronics	1121	893	3351	2501343.82	1881184.38	620159.44	24.79
15	SKU-00015	Electronics 15	4	Electronics	740	625	2325	1883645.28	1254779.25	628866.03	33.39
6	SKU-00006	Electronics 06	4	Electronics	903	756	2698	1500420.48	937177.28	563243.20	37.54
5	SKU-00005	Electronics 05	4	Electronics	789	671	2375	1428020.65	813010.00	615010.65	43.07
11	SKU-00011	Electronics 11	4	Electronics	647	569	2026	1408738.17	982670.78	426067.39	30.24
2	SKU-00002	Electronics 02	4	Electronics	730	628	2176	1336607.55	911243.52	425364.03	31.82
25	SKU-00025	Home & Kitchen 10	7	Home & Kitchen	966	790	2955	1109694.20	825154.20	284540.00	25.64
18	SKU-00018	Home & Kitchen 03	7	Home & Kitchen	1197	936	3559	1102729.85	710625.53	392104.32	35.56
3	SKU-00003	Electronics 03	4	Electronics	558	502	1704	1055986.62	546813.60	509173.02	48.22
23	SKU-00023	Home & Kitchen 08	7	Home & Kitchen	1040	828	3061	928146.77	488443.77	439703.00	47.37
17	SKU-00017	Home & Kitchen 02	7	Home & Kitchen	816	692	2425	906441.66	568662.50	337779.16	37.26
13	SKU-00013	Electronics 13	4	Electronics	1085	866	3265	871143.54	516653.60	354489.94	40.69
21	SKU-00021	Home & Kitchen 06	7	Home & Kitchen	791	657	2374	864995.80	560596.36	304399.44	35.19
65	SKU-00065	Sports & Outdoors 05	10	Sports & Outdoors	611	517	1802	850322.70	473799.86	376522.84	44.28
27	SKU-00027	Home & Kitchen 12	7	Home & Kitchen	1011	822	3016	828882.89	447845.84	381037.05	45.97
158	SKU-00158	Garden & Tools 08	5	Garden & Tools	779	634	2392	756966.03	494115.44	262850.59	34.72
26	SKU-00026	Home & Kitchen 11	7	Home & Kitchen	1103	883	3311	748737.81	471784.39	276953.42	36.99
74	SKU-00074	Sports & Outdoors 14	10	Sports & Outdoors	531	456	1564	737797.06	417619.28	320177.78	43.40
157	SKU-00157	Garden & Tools 07	5	Garden & Tools	735	618	2210	736950.77	474774.30	262176.47	35.58
customer_id	customer_code	city	state	acquisition_channel	risk_band	behavioral_risk_score	churn_candidate_flag	intervention_priority	recency_days	eligible_order_count	monetary_value	risk_reason
6434	CUST-06434	Columbus	OH	Organic Search	High Risk	91	1	High Value Intervention	218	2	13900.87	No eligible purchase in more than 180 days; Overdue versus historical purchase cadence; No eligible purchase in the last 180 days; Fewer than three active months in the last twelve months
883	CUST-00883	Jacksonville	FL	Paid Search	High Risk	91	1	High Value Intervention	289	2	10514.54	No eligible purchase in more than 180 days; Overdue versus historical purchase cadence; No eligible purchase in the last 180 days; Fewer than three active months in the last twelve months
4732	CUST-04732	Chicago	IL	Organic Search	High Risk	91	1	High Value Intervention	193	2	10390.60	No eligible purchase in more than 180 days; Overdue versus historical purchase cadence; No eligible purchase in the last 180 days; Fewer than three active months in the last twelve months
1572	CUST-01572	Philadelphia	PA	Organic Search	High Risk	91	1	High Value Intervention	248	2	9928.45	No eligible purchase in more than 180 days; Overdue versus historical purchase cadence; No eligible purchase in the last 180 days; Fewer than three active months in the last twelve months
1293	CUST-01293	Columbus	OH	Email	High Risk	91	1	High Value Intervention	364	2	9290.34	No eligible purchase in more than 180 days; Overdue versus historical purchase cadence; No eligible purchase in the last 180 days; Fewer than three active months in the last twelve months
6144	CUST-06144	Columbus	OH	Direct	High Risk	91	1	High Value Intervention	458	2	8658.23	No eligible purchase in more than 180 days; Overdue versus historical purchase cadence; No eligible purchase in the last 180 days; Fewer than three active months in the last twelve months
5583	CUST-05583	San Antonio	TX	Email	High Risk	91	1	High Value Intervention	201	2	8409.49	No eligible purchase in more than 180 days; Overdue versus historical purchase cadence; No eligible purchase in the last 180 days; Fewer than three active months in the last twelve months
5275	CUST-05275	Houston	TX	Paid Search	High Risk	91	1	High Value Intervention	206	2	8400.91	No eligible purchase in more than 180 days; Overdue versus historical purchase cadence; No eligible purchase in the last 180 days; Fewer than three active months in the last twelve months
2921	CUST-02921	Phoenix	AZ	Organic Search	High Risk	91	1	High Value Intervention	459	2	8376.74	No eligible purchase in more than 180 days; Overdue versus historical purchase cadence; No eligible purchase in the last 180 days; Fewer than three active months in the last twelve months
7542	CUST-07542	San Diego	CA	Organic Search	High Risk	91	1	High Value Intervention	198	2	8047.49	No eligible purchase in more than 180 days; Overdue versus historical purchase cadence; No eligible purchase in the last 180 days; Fewer than three active months in the last twelve months
3253	CUST-03253	San Diego	CA	Email	High Risk	91	1	Standard Intervention	493	2	7867.44	No eligible purchase in more than 180 days; Overdue versus historical purchase cadence; No eligible purchase in the last 180 days; Fewer than three active months in the last twelve months
6560	CUST-06560	Nashville	TN	Paid Search	High Risk	91	1	Standard Intervention	470	2	7797.57	No eligible purchase in more than 180 days; Overdue versus historical purchase cadence; No eligible purchase in the last 180 days; Fewer than three active months in the last twelve months
4417	CUST-04417	Nashville	TN	Direct	High Risk	91	1	Standard Intervention	210	2	7773.65	No eligible purchase in more than 180 days; Overdue versus historical purchase cadence; No eligible purchase in the last 180 days; Fewer than three active months in the last twelve months
1382	CUST-01382	Seattle	WA	Social Media	High Risk	91	1	Standard Intervention	500	2	7720.79	No eligible purchase in more than 180 days; Overdue versus historical purchase cadence; No eligible purchase in the last 180 days; Fewer than three active months in the last twelve months
7832	CUST-07832	Jacksonville	FL	Organic Search	High Risk	91	1	Standard Intervention	402	2	7691.58	No eligible purchase in more than 180 days; Overdue versus historical purchase cadence; No eligible purchase in the last 180 days; Fewer than three active months in the last twelve months
1785	CUST-01785	Denver	CO	Paid Search	High Risk	91	1	Standard Intervention	201	2	7555.88	No eligible purchase in more than 180 days; Overdue versus historical purchase cadence; No eligible purchase in the last 180 days; Fewer than three active months in the last twelve months
4432	CUST-04432	San Diego	CA	Referral	High Risk	91	1	Standard Intervention	289	2	7495.11	No eligible purchase in more than 180 days; Overdue versus historical purchase cadence; No eligible purchase in the last 180 days; Fewer than three active months in the last twelve months
5336	CUST-05336	Austin	TX	Social Media	High Risk	91	1	Standard Intervention	185	2	7351.95	No eligible purchase in more than 180 days; Overdue versus historical purchase cadence; No eligible purchase in the last 180 days; Fewer than three active months in the last twelve months
5500	CUST-05500	New York	NY	Referral	High Risk	91	1	Standard Intervention	395	2	6917.04	No eligible purchase in more than 180 days; Overdue versus historical purchase cadence; No eligible purchase in the last 180 days; Fewer than three active months in the last twelve months
2529	CUST-02529	Chicago	IL	Paid Search	High Risk	91	1	Standard Intervention	539	2	6681.30	No eligible purchase in more than 180 days; Overdue versus historical purchase cadence; No eligible purchase in the last 180 days; Fewer than three active months in the last twelve months
7656	CUST-07656	Philadelphia	PA	Email	High Risk	91	1	Standard Intervention	255	2	6600.79	No eligible purchase in more than 180 days; Overdue versus historical purchase cadence; No eligible purchase in the last 180 days; Fewer than three active months in the last twelve months
2989	CUST-02989	Atlanta	GA	Paid Search	High Risk	91	1	Standard Intervention	199	2	6600.44	No eligible purchase in more than 180 days; Overdue versus historical purchase cadence; No eligible purchase in the last 180 days; Fewer than three active months in the last twelve months
3916	CUST-03916	San Diego	CA	Direct	High Risk	91	1	Standard Intervention	192	2	6586.34	No eligible purchase in more than 180 days; Overdue versus historical purchase cadence; No eligible purchase in the last 180 days; Fewer than three active months in the last twelve months
7283	CUST-07283	Chicago	IL	Paid Search	High Risk	91	1	Standard Intervention	441	2	6452.90	No eligible purchase in more than 180 days; Overdue versus historical purchase cadence; No eligible purchase in the last 180 days; Fewer than three active months in the last twelve months
6229	CUST-06229	Chicago	IL	Paid Search	High Risk	91	1	Standard Intervention	596	2	6285.85	No eligible purchase in more than 180 days; Overdue versus historical purchase cadence; No eligible purchase in the last 180 days; Fewer than three active months in the last twelve months
268	CUST-00268	Los Angeles	CA	Email	High Risk	91	1	Standard Intervention	382	2	6270.54	No eligible purchase in more than 180 days; Overdue versus historical purchase cadence; No eligible purchase in the last 180 days; Fewer than three active months in the last twelve months
2662	CUST-02662	Atlanta	GA	Email	High Risk	91	1	Standard Intervention	393	2	6244.47	No eligible purchase in more than 180 days; Overdue versus historical purchase cadence; No eligible purchase in the last 180 days; Fewer than three active months in the last twelve months
6141	CUST-06141	Miami	FL	Email	High Risk	91	1	Standard Intervention	302	2	6166.26	No eligible purchase in more than 180 days; Overdue versus historical purchase cadence; No eligible purchase in the last 180 days; Fewer than three active months in the last twelve months
1143	CUST-01143	San Diego	CA	Direct	High Risk	91	1	Standard Intervention	525	2	6114.04	No eligible purchase in more than 180 days; Overdue versus historical purchase cadence; No eligible purchase in the last 180 days; Fewer than three active months in the last twelve months
3715	CUST-03715	Chicago	IL	Social Media	High Risk	91	1	Standard Intervention	258	2	5963.82	No eligible purchase in more than 180 days; Overdue versus historical purchase cadence; No eligible purchase in the last 180 days; Fewer than three active months in the last twelve months
6440	CUST-06440	Seattle	WA	Direct	High Risk	91	1	Standard Intervention	205	2	5747.23	No eligible purchase in more than 180 days; Overdue versus historical purchase cadence; No eligible purchase in the last 180 days; Fewer than three active months in the last twelve months
1529	CUST-01529	Seattle	WA	Paid Search	High Risk	91	1	Standard Intervention	453	2	5687.06	No eligible purchase in more than 180 days; Overdue versus historical purchase cadence; No eligible purchase in the last 180 days; Fewer than three active months in the last twelve months
2581	CUST-02581	Houston	TX	Organic Search	High Risk	91	1	Standard Intervention	457	2	5672.23	No eligible purchase in more than 180 days; Overdue versus historical purchase cadence; No eligible purchase in the last 180 days; Fewer than three active months in the last twelve months
3562	CUST-03562	Los Angeles	CA	Paid Search	High Risk	91	1	Standard Intervention	547	2	5604.39	No eligible purchase in more than 180 days; Overdue versus historical purchase cadence; No eligible purchase in the last 180 days; Fewer than three active months in the last twelve months
6163	CUST-06163	Charlotte	NC	Email	High Risk	91	1	Standard Intervention	624	2	5566.52	No eligible purchase in more than 180 days; Overdue versus historical purchase cadence; No eligible purchase in the last 180 days; Fewer than three active months in the last twelve months
7922	CUST-07922	San Jose	CA	Paid Search	High Risk	91	1	Standard Intervention	218	2	5529.11	No eligible purchase in more than 180 days; Overdue versus historical purchase cadence; No eligible purchase in the last 180 days; Fewer than three active months in the last twelve months
4558	CUST-04558	Dallas	TX	Organic Search	High Risk	91	1	Standard Intervention	499	2	5522.54	No eligible purchase in more than 180 days; Overdue versus historical purchase cadence; No eligible purchase in the last 180 days; Fewer than three active months in the last twelve months
6339	CUST-06339	Los Angeles	CA	Social Media	High Risk	91	1	Standard Intervention	251	2	5508.00	No eligible purchase in more than 180 days; Overdue versus historical purchase cadence; No eligible purchase in the last 180 days; Fewer than three active months in the last twelve months
245	CUST-00245	Washington	DC	Social Media	High Risk	91	1	Standard Intervention	375	2	5352.79	No eligible purchase in more than 180 days; Overdue versus historical purchase cadence; No eligible purchase in the last 180 days; Fewer than three active months in the last twelve months
3574	CUST-03574	Philadelphia	PA	Social Media	High Risk	91	1	Standard Intervention	246	2	5322.00	No eligible purchase in more than 180 days; Overdue versus historical purchase cadence; No eligible purchase in the last 180 days; Fewer than three active months in the last twelve months
4481	CUST-04481	Portland	OR	Referral	High Risk	91	1	Standard Intervention	618	2	5316.56	No eligible purchase in more than 180 days; Overdue versus historical purchase cadence; No eligible purchase in the last 180 days; Fewer than three active months in the last twelve months
14	CUST-00014	Austin	TX	Direct	High Risk	91	1	Standard Intervention	288	2	5296.81	No eligible purchase in more than 180 days; Overdue versus historical purchase cadence; No eligible purchase in the last 180 days; Fewer than three active months in the last twelve months
5776	CUST-05776	Dallas	TX	Paid Search	High Risk	91	1	Standard Intervention	454	2	5275.79	No eligible purchase in more than 180 days; Overdue versus historical purchase cadence; No eligible purchase in the last 180 days; Fewer than three active months in the last twelve months
7829	CUST-07829	Las Vegas	NV	Direct	High Risk	91	1	Standard Intervention	573	2	5252.69	No eligible purchase in more than 180 days; Overdue versus historical purchase cadence; No eligible purchase in the last 180 days; Fewer than three active months in the last twelve months
5181	CUST-05181	San Antonio	TX	Organic Search	High Risk	91	1	Standard Intervention	443	2	5251.63	No eligible purchase in more than 180 days; Overdue versus historical purchase cadence; No eligible purchase in the last 180 days; Fewer than three active months in the last twelve months
296	CUST-00296	Miami	FL	Direct	High Risk	91	1	Standard Intervention	263	2	5234.43	No eligible purchase in more than 180 days; Overdue versus historical purchase cadence; No eligible purchase in the last 180 days; Fewer than three active months in the last twelve months
3757	CUST-03757	Washington	DC	Social Media	High Risk	91	1	Standard Intervention	341	2	5172.43	No eligible purchase in more than 180 days; Overdue versus historical purchase cadence; No eligible purchase in the last 180 days; Fewer than three active months in the last twelve months
7076	CUST-07076	Los Angeles	CA	Referral	High Risk	91	1	Standard Intervention	345	2	5080.16	No eligible purchase in more than 180 days; Overdue versus historical purchase cadence; No eligible purchase in the last 180 days; Fewer than three active months in the last twelve months
567	CUST-00567	Houston	TX	Email	High Risk	91	1	Standard Intervention	187	2	5063.39	No eligible purchase in more than 180 days; Overdue versus historical purchase cadence; No eligible purchase in the last 180 days; Fewer than three active months in the last twelve months
4540	CUST-04540	Seattle	WA	Referral	High Risk	91	1	Standard Intervention	216	2	5036.93	No eligible purchase in more than 180 days; Overdue versus historical purchase cadence; No eligible purchase in the last 180 days; Fewer than three active months in the last twelve months
541	CUST-00541	Jacksonville	FL	Referral	High Risk	91	1	Standard Intervention	281	2	5026.38	No eligible purchase in more than 180 days; Overdue versus historical purchase cadence; No eligible purchase in the last 180 days; Fewer than three active months in the last twelve months
6375	CUST-06375	San Antonio	TX	Paid Search	High Risk	91	1	Standard Intervention	282	2	4951.12	No eligible purchase in more than 180 days; Overdue versus historical purchase cadence; No eligible purchase in the last 180 days; Fewer than three active months in the last twelve months
2749	CUST-02749	Chicago	IL	Direct	High Risk	91	1	Standard Intervention	330	2	4948.46	No eligible purchase in more than 180 days; Overdue versus historical purchase cadence; No eligible purchase in the last 180 days; Fewer than three active months in the last twelve months
3547	CUST-03547	Denver	CO	Organic Search	High Risk	91	1	Standard Intervention	387	2	4946.00	No eligible purchase in more than 180 days; Overdue versus historical purchase cadence; No eligible purchase in the last 180 days; Fewer than three active months in the last twelve months
2322	CUST-02322	Atlanta	GA	Paid Search	High Risk	91	1	Standard Intervention	315	2	4914.33	No eligible purchase in more than 180 days; Overdue versus historical purchase cadence; No eligible purchase in the last 180 days; Fewer than three active months in the last twelve months
2058	CUST-02058	Houston	TX	Direct	High Risk	91	1	Standard Intervention	383	2	4874.85	No eligible purchase in more than 180 days; Overdue versus historical purchase cadence; No eligible purchase in the last 180 days; Fewer than three active months in the last twelve months
1842	CUST-01842	Washington	DC	Email	High Risk	91	1	Standard Intervention	325	2	4798.45	No eligible purchase in more than 180 days; Overdue versus historical purchase cadence; No eligible purchase in the last 180 days; Fewer than three active months in the last twelve months
2549	CUST-02549	Los Angeles	CA	Organic Search	High Risk	91	1	Standard Intervention	256	2	4731.30	No eligible purchase in more than 180 days; Overdue versus historical purchase cadence; No eligible purchase in the last 180 days; Fewer than three active months in the last twelve months
1874	CUST-01874	Chicago	IL	Referral	High Risk	91	1	Standard Intervention	290	2	4715.33	No eligible purchase in more than 180 days; Overdue versus historical purchase cadence; No eligible purchase in the last 180 days; Fewer than three active months in the last twelve months
7630	CUST-07630	Philadelphia	PA	Email	High Risk	91	1	Standard Intervention	353	2	4689.72	No eligible purchase in more than 180 days; Overdue versus historical purchase cadence; No eligible purchase in the last 180 days; Fewer than three active months in the last twelve months
7195	CUST-07195	Nashville	TN	Social Media	High Risk	91	1	Standard Intervention	203	2	4640.88	No eligible purchase in more than 180 days; Overdue versus historical purchase cadence; No eligible purchase in the last 180 days; Fewer than three active months in the last twelve months
1677	CUST-01677	Boston	MA	Email	High Risk	91	1	Standard Intervention	362	2	4605.84	No eligible purchase in more than 180 days; Overdue versus historical purchase cadence; No eligible purchase in the last 180 days; Fewer than three active months in the last twelve months
7508	CUST-07508	San Antonio	TX	Email	High Risk	91	1	Standard Intervention	202	2	4555.39	No eligible purchase in more than 180 days; Overdue versus historical purchase cadence; No eligible purchase in the last 180 days; Fewer than three active months in the last twelve months
3159	CUST-03159	Jacksonville	FL	Organic Search	High Risk	91	1	Standard Intervention	512	2	4538.74	No eligible purchase in more than 180 days; Overdue versus historical purchase cadence; No eligible purchase in the last 180 days; Fewer than three active months in the last twelve months
4221	CUST-04221	Columbus	OH	Organic Search	High Risk	91	1	Standard Intervention	337	2	4488.35	No eligible purchase in more than 180 days; Overdue versus historical purchase cadence; No eligible purchase in the last 180 days; Fewer than three active months in the last twelve months
42	CUST-00042	Seattle	WA	Referral	High Risk	91	1	Standard Intervention	265	2	4470.28	No eligible purchase in more than 180 days; Overdue versus historical purchase cadence; No eligible purchase in the last 180 days; Fewer than three active months in the last twelve months
3754	CUST-03754	New York	NY	Organic Search	High Risk	91	1	Standard Intervention	414	2	4461.10	No eligible purchase in more than 180 days; Overdue versus historical purchase cadence; No eligible purchase in the last 180 days; Fewer than three active months in the last twelve months
405	CUST-00405	Dallas	TX	Referral	High Risk	91	1	Standard Intervention	511	2	4430.02	No eligible purchase in more than 180 days; Overdue versus historical purchase cadence; No eligible purchase in the last 180 days; Fewer than three active months in the last twelve months
5247	CUST-05247	San Jose	CA	Paid Search	High Risk	91	1	Standard Intervention	200	2	4402.40	No eligible purchase in more than 180 days; Overdue versus historical purchase cadence; No eligible purchase in the last 180 days; Fewer than three active months in the last twelve months
5895	CUST-05895	Houston	TX	Organic Search	High Risk	91	1	Standard Intervention	343	2	4352.65	No eligible purchase in more than 180 days; Overdue versus historical purchase cadence; No eligible purchase in the last 180 days; Fewer than three active months in the last twelve months
1998	CUST-01998	Portland	OR	Paid Search	High Risk	91	1	Standard Intervention	243	2	4331.53	No eligible purchase in more than 180 days; Overdue versus historical purchase cadence; No eligible purchase in the last 180 days; Fewer than three active months in the last twelve months
3129	CUST-03129	Fort Worth	TX	Email	High Risk	91	1	Standard Intervention	451	2	4327.73	No eligible purchase in more than 180 days; Overdue versus historical purchase cadence; No eligible purchase in the last 180 days; Fewer than three active months in the last twelve months
5390	CUST-05390	Denver	CO	Organic Search	High Risk	91	1	Standard Intervention	275	2	4318.13	No eligible purchase in more than 180 days; Overdue versus historical purchase cadence; No eligible purchase in the last 180 days; Fewer than three active months in the last twelve months
5402	CUST-05402	Charlotte	NC	Direct	High Risk	91	1	Standard Intervention	432	2	4309.29	No eligible purchase in more than 180 days; Overdue versus historical purchase cadence; No eligible purchase in the last 180 days; Fewer than three active months in the last twelve months
1756	CUST-01756	Portland	OR	Social Media	High Risk	91	1	Standard Intervention	555	2	4275.74	No eligible purchase in more than 180 days; Overdue versus historical purchase cadence; No eligible purchase in the last 180 days; Fewer than three active months in the last twelve months
7288	CUST-07288	Washington	DC	Social Media	High Risk	91	1	Standard Intervention	231	2	4230.75	No eligible purchase in more than 180 days; Overdue versus historical purchase cadence; No eligible purchase in the last 180 days; Fewer than three active months in the last twelve months
6373	CUST-06373	Houston	TX	Direct	High Risk	91	1	Standard Intervention	526	2	4227.60	No eligible purchase in more than 180 days; Overdue versus historical purchase cadence; No eligible purchase in the last 180 days; Fewer than three active months in the last twelve months
331	CUST-00331	Atlanta	GA	Social Media	High Risk	91	1	Standard Intervention	259	2	4221.93	No eligible purchase in more than 180 days; Overdue versus historical purchase cadence; No eligible purchase in the last 180 days; Fewer than three active months in the last twelve months
1913	CUST-01913	Columbus	OH	Organic Search	High Risk	91	1	Standard Intervention	386	2	4168.79	No eligible purchase in more than 180 days; Overdue versus historical purchase cadence; No eligible purchase in the last 180 days; Fewer than three active months in the last twelve months
1466	CUST-01466	San Jose	CA	Social Media	High Risk	91	1	Standard Intervention	197	2	4163.24	No eligible purchase in more than 180 days; Overdue versus historical purchase cadence; No eligible purchase in the last 180 days; Fewer than three active months in the last twelve months
807	CUST-00807	Chicago	IL	Organic Search	High Risk	91	1	Standard Intervention	235	2	4138.29	No eligible purchase in more than 180 days; Overdue versus historical purchase cadence; No eligible purchase in the last 180 days; Fewer than three active months in the last twelve months
584	CUST-00584	Charlotte	NC	Paid Search	High Risk	91	1	Standard Intervention	413	2	4129.97	No eligible purchase in more than 180 days; Overdue versus historical purchase cadence; No eligible purchase in the last 180 days; Fewer than three active months in the last twelve months
170	CUST-00170	Chicago	IL	Direct	High Risk	91	1	Standard Intervention	591	2	4129.44	No eligible purchase in more than 180 days; Overdue versus historical purchase cadence; No eligible purchase in the last 180 days; Fewer than three active months in the last twelve months
5648	CUST-05648	Los Angeles	CA	Organic Search	High Risk	91	1	Standard Intervention	488	2	4110.73	No eligible purchase in more than 180 days; Overdue versus historical purchase cadence; No eligible purchase in the last 180 days; Fewer than three active months in the last twelve months
4235	CUST-04235	Portland	OR	Paid Search	High Risk	91	1	Standard Intervention	385	2	4083.22	No eligible purchase in more than 180 days; Overdue versus historical purchase cadence; No eligible purchase in the last 180 days; Fewer than three active months in the last twelve months
6066	CUST-06066	Chicago	IL	Direct	High Risk	91	1	Standard Intervention	461	2	4071.32	No eligible purchase in more than 180 days; Overdue versus historical purchase cadence; No eligible purchase in the last 180 days; Fewer than three active months in the last twelve months
3226	CUST-03226	Washington	DC	Organic Search	High Risk	91	1	Standard Intervention	367	2	4034.91	No eligible purchase in more than 180 days; Overdue versus historical purchase cadence; No eligible purchase in the last 180 days; Fewer than three active months in the last twelve months
5680	CUST-05680	San Jose	CA	Direct	High Risk	91	1	Standard Intervention	320	2	4033.06	No eligible purchase in more than 180 days; Overdue versus historical purchase cadence; No eligible purchase in the last 180 days; Fewer than three active months in the last twelve months
4194	CUST-04194	New York	NY	Organic Search	High Risk	91	1	Standard Intervention	193	2	4019.65	No eligible purchase in more than 180 days; Overdue versus historical purchase cadence; No eligible purchase in the last 180 days; Fewer than three active months in the last twelve months
2663	CUST-02663	Houston	TX	Organic Search	High Risk	91	1	Standard Intervention	474	2	4009.59	No eligible purchase in more than 180 days; Overdue versus historical purchase cadence; No eligible purchase in the last 180 days; Fewer than three active months in the last twelve months
3948	CUST-03948	Denver	CO	Social Media	High Risk	91	1	Standard Intervention	338	2	3993.27	No eligible purchase in more than 180 days; Overdue versus historical purchase cadence; No eligible purchase in the last 180 days; Fewer than three active months in the last twelve months
6768	CUST-06768	New York	NY	Direct	High Risk	91	1	Standard Intervention	219	2	3989.07	No eligible purchase in more than 180 days; Overdue versus historical purchase cadence; No eligible purchase in the last 180 days; Fewer than three active months in the last twelve months
7936	CUST-07936	Miami	FL	Referral	High Risk	91	1	Standard Intervention	311	2	3949.32	No eligible purchase in more than 180 days; Overdue versus historical purchase cadence; No eligible purchase in the last 180 days; Fewer than three active months in the last twelve months
7724	CUST-07724	Chicago	IL	Social Media	High Risk	91	1	Standard Intervention	243	2	3942.72	No eligible purchase in more than 180 days; Overdue versus historical purchase cadence; No eligible purchase in the last 180 days; Fewer than three active months in the last twelve months
850	CUST-00850	Las Vegas	NV	Organic Search	High Risk	91	1	Standard Intervention	617	2	3920.01	No eligible purchase in more than 180 days; Overdue versus historical purchase cadence; No eligible purchase in the last 180 days; Fewer than three active months in the last twelve months
728	CUST-00728	Los Angeles	CA	Social Media	High Risk	91	1	Standard Intervention	244	2	3902.37	No eligible purchase in more than 180 days; Overdue versus historical purchase cadence; No eligible purchase in the last 180 days; Fewer than three active months in the last twelve months
5968	CUST-05968	Denver	CO	Organic Search	High Risk	91	1	Standard Intervention	214	2	3885.24	No eligible purchase in more than 180 days; Overdue versus historical purchase cadence; No eligible purchase in the last 180 days; Fewer than three active months in the last twelve months
3781	CUST-03781	Las Vegas	NV	Social Media	High Risk	91	1	Standard Intervention	517	2	3848.06	No eligible purchase in more than 180 days; Overdue versus historical purchase cadence; No eligible purchase in the last 180 days; Fewer than three active months in the last twelve months
834	CUST-00834	Jacksonville	FL	Direct	High Risk	91	1	Standard Intervention	299	2	3798.03	No eligible purchase in more than 180 days; Overdue versus historical purchase cadence; No eligible purchase in the last 180 days; Fewer than three active months in the last twelve months
5209	CUST-05209	Phoenix	AZ	Email	High Risk	91	1	Standard Intervention	356	2	3783.03	No eligible purchase in more than 180 days; Overdue versus historical purchase cadence; No eligible purchase in the last 180 days; Fewer than three active months in the last twelve months
3921	CUST-03921	Columbus	OH	Paid Search	High Risk	91	1	Standard Intervention	575	2	3767.80	No eligible purchase in more than 180 days; Overdue versus historical purchase cadence; No eligible purchase in the last 180 days; Fewer than three active months in the last twelve months
2155	CUST-02155	Charlotte	NC	Direct	High Risk	91	1	Standard Intervention	197	2	3762.00	No eligible purchase in more than 180 days; Overdue versus historical purchase cadence; No eligible purchase in the last 180 days; Fewer than three active months in the last twelve months
5556	CUST-05556	Chicago	IL	Paid Search	High Risk	91	1	Standard Intervention	336	2	3662.73	No eligible purchase in more than 180 days; Overdue versus historical purchase cadence; No eligible purchase in the last 180 days; Fewer than three active months in the last twelve months
4680	CUST-04680	Philadelphia	PA	Social Media	High Risk	91	1	Standard Intervention	275	2	3643.82	No eligible purchase in more than 180 days; Overdue versus historical purchase cadence; No eligible purchase in the last 180 days; Fewer than three active months in the last twelve months
1932	CUST-01932	Portland	OR	Email	High Risk	91	1	Standard Intervention	303	2	3636.85	No eligible purchase in more than 180 days; Overdue versus historical purchase cadence; No eligible purchase in the last 180 days; Fewer than three active months in the last twelve months
5552	CUST-05552	Charlotte	NC	Email	High Risk	91	1	Standard Intervention	381	2	3609.55	No eligible purchase in more than 180 days; Overdue versus historical purchase cadence; No eligible purchase in the last 180 days; Fewer than three active months in the last twelve months
6013	CUST-06013	Los Angeles	CA	Organic Search	High Risk	91	1	Standard Intervention	578	2	3606.27	No eligible purchase in more than 180 days; Overdue versus historical purchase cadence; No eligible purchase in the last 180 days; Fewer than three active months in the last twelve months
6412	CUST-06412	Denver	CO	Social Media	High Risk	91	1	Standard Intervention	480	2	3574.42	No eligible purchase in more than 180 days; Overdue versus historical purchase cadence; No eligible purchase in the last 180 days; Fewer than three active months in the last twelve months
6198	CUST-06198	San Jose	CA	Email	High Risk	91	1	Standard Intervention	302	2	3541.00	No eligible purchase in more than 180 days; Overdue versus historical purchase cadence; No eligible purchase in the last 180 days; Fewer than three active months in the last twelve months
416	CUST-00416	Las Vegas	NV	Email	High Risk	91	1	Standard Intervention	200	2	3503.36	No eligible purchase in more than 180 days; Overdue versus historical purchase cadence; No eligible purchase in the last 180 days; Fewer than three active months in the last twelve months
6057	CUST-06057	Columbus	OH	Organic Search	High Risk	91	1	Standard Intervention	537	2	3496.76	No eligible purchase in more than 180 days; Overdue versus historical purchase cadence; No eligible purchase in the last 180 days; Fewer than three active months in the last twelve months
1709	CUST-01709	Austin	TX	Organic Search	High Risk	91	1	Standard Intervention	224	2	3485.49	No eligible purchase in more than 180 days; Overdue versus historical purchase cadence; No eligible purchase in the last 180 days; Fewer than three active months in the last twelve months
5929	CUST-05929	Seattle	WA	Direct	High Risk	91	1	Standard Intervention	182	2	3465.52	No eligible purchase in more than 180 days; Overdue versus historical purchase cadence; No eligible purchase in the last 180 days; Fewer than three active months in the last twelve months
6003	CUST-06003	Atlanta	GA	Social Media	High Risk	91	1	Standard Intervention	296	2	3422.06	No eligible purchase in more than 180 days; Overdue versus historical purchase cadence; No eligible purchase in the last 180 days; Fewer than three active months in the last twelve months
2203	CUST-02203	Atlanta	GA	Direct	High Risk	91	1	Standard Intervention	404	2	3399.49	No eligible purchase in more than 180 days; Overdue versus historical purchase cadence; No eligible purchase in the last 180 days; Fewer than three active months in the last twelve months
1070	CUST-01070	San Diego	CA	Email	High Risk	91	1	Standard Intervention	182	2	3370.03	No eligible purchase in more than 180 days; Overdue versus historical purchase cadence; No eligible purchase in the last 180 days; Fewer than three active months in the last twelve months
111	CUST-00111	Phoenix	AZ	Social Media	High Risk	91	1	Standard Intervention	204	2	3347.28	No eligible purchase in more than 180 days; Overdue versus historical purchase cadence; No eligible purchase in the last 180 days; Fewer than three active months in the last twelve months
5664	CUST-05664	Philadelphia	PA	Referral	High Risk	91	1	Standard Intervention	269	2	3341.98	No eligible purchase in more than 180 days; Overdue versus historical purchase cadence; No eligible purchase in the last 180 days; Fewer than three active months in the last twelve months
4234	CUST-04234	Denver	CO	Organic Search	High Risk	91	1	Standard Intervention	374	2	3315.37	No eligible purchase in more than 180 days; Overdue versus historical purchase cadence; No eligible purchase in the last 180 days; Fewer than three active months in the last twelve months
2587	CUST-02587	Chicago	IL	Email	High Risk	91	1	Standard Intervention	298	2	3270.95	No eligible purchase in more than 180 days; Overdue versus historical purchase cadence; No eligible purchase in the last 180 days; Fewer than three active months in the last twelve months
5195	CUST-05195	Columbus	OH	Organic Search	High Risk	91	1	Standard Intervention	507	2	3264.13	No eligible purchase in more than 180 days; Overdue versus historical purchase cadence; No eligible purchase in the last 180 days; Fewer than three active months in the last twelve months
1549	CUST-01549	Denver	CO	Social Media	High Risk	91	1	Standard Intervention	460	2	3210.79	No eligible purchase in more than 180 days; Overdue versus historical purchase cadence; No eligible purchase in the last 180 days; Fewer than three active months in the last twelve months
3207	CUST-03207	Philadelphia	PA	Social Media	High Risk	91	1	Standard Intervention	189	2	3210.34	No eligible purchase in more than 180 days; Overdue versus historical purchase cadence; No eligible purchase in the last 180 days; Fewer than three active months in the last twelve months
2946	CUST-02946	Phoenix	AZ	Social Media	High Risk	91	1	Standard Intervention	296	2	3199.77	No eligible purchase in more than 180 days; Overdue versus historical purchase cadence; No eligible purchase in the last 180 days; Fewer than three active months in the last twelve months
5541	CUST-05541	Atlanta	GA	Direct	High Risk	91	1	Standard Intervention	194	2	3184.31	No eligible purchase in more than 180 days; Overdue versus historical purchase cadence; No eligible purchase in the last 180 days; Fewer than three active months in the last twelve months
1899	CUST-01899	Los Angeles	CA	Organic Search	High Risk	91	1	Standard Intervention	278	2	3135.17	No eligible purchase in more than 180 days; Overdue versus historical purchase cadence; No eligible purchase in the last 180 days; Fewer than three active months in the last twelve months
5176	CUST-05176	Seattle	WA	Social Media	High Risk	91	1	Standard Intervention	373	2	3118.99	No eligible purchase in more than 180 days; Overdue versus historical purchase cadence; No eligible purchase in the last 180 days; Fewer than three active months in the last twelve months
2569	CUST-02569	Los Angeles	CA	Social Media	High Risk	91	1	Standard Intervention	304	2	3098.33	No eligible purchase in more than 180 days; Overdue versus historical purchase cadence; No eligible purchase in the last 180 days; Fewer than three active months in the last twelve months
63	CUST-00063	Houston	TX	Organic Search	High Risk	91	1	Standard Intervention	524	2	3075.01	No eligible purchase in more than 180 days; Overdue versus historical purchase cadence; No eligible purchase in the last 180 days; Fewer than three active months in the last twelve months
4741	CUST-04741	Nashville	TN	Organic Search	High Risk	91	1	Standard Intervention	319	2	3068.07	No eligible purchase in more than 180 days; Overdue versus historical purchase cadence; No eligible purchase in the last 180 days; Fewer than three active months in the last twelve months
230	CUST-00230	Miami	FL	Paid Search	High Risk	91	1	Standard Intervention	405	2	3004.08	No eligible purchase in more than 180 days; Overdue versus historical purchase cadence; No eligible purchase in the last 180 days; Fewer than three active months in the last twelve months
3776	CUST-03776	Seattle	WA	Paid Search	High Risk	91	1	Standard Intervention	341	2	3002.74	No eligible purchase in more than 180 days; Overdue versus historical purchase cadence; No eligible purchase in the last 180 days; Fewer than three active months in the last twelve months
3528	CUST-03528	Los Angeles	CA	Direct	High Risk	91	1	Standard Intervention	505	2	2919.87	No eligible purchase in more than 180 days; Overdue versus historical purchase cadence; No eligible purchase in the last 180 days; Fewer than three active months in the last twelve months
3968	CUST-03968	Washington	DC	Direct	High Risk	91	1	Standard Intervention	415	2	2876.37	No eligible purchase in more than 180 days; Overdue versus historical purchase cadence; No eligible purchase in the last 180 days; Fewer than three active months in the last twelve months
745	CUST-00745	Chicago	IL	Referral	High Risk	91	1	Standard Intervention	445	2	2822.03	No eligible purchase in more than 180 days; Overdue versus historical purchase cadence; No eligible purchase in the last 180 days; Fewer than three active months in the last twelve months
1138	CUST-01138	San Antonio	TX	Email	High Risk	91	1	Standard Intervention	524	2	2816.55	No eligible purchase in more than 180 days; Overdue versus historical purchase cadence; No eligible purchase in the last 180 days; Fewer than three active months in the last twelve months
1140	CUST-01140	Portland	OR	Organic Search	High Risk	91	1	Standard Intervention	203	2	2797.80	No eligible purchase in more than 180 days; Overdue versus historical purchase cadence; No eligible purchase in the last 180 days; Fewer than three active months in the last twelve months
7566	CUST-07566	San Antonio	TX	Organic Search	High Risk	91	1	Standard Intervention	381	2	2784.50	No eligible purchase in more than 180 days; Overdue versus historical purchase cadence; No eligible purchase in the last 180 days; Fewer than three active months in the last twelve months
5458	CUST-05458	Denver	CO	Social Media	High Risk	91	1	Standard Intervention	271	2	2771.73	No eligible purchase in more than 180 days; Overdue versus historical purchase cadence; No eligible purchase in the last 180 days; Fewer than three active months in the last twelve months
6503	CUST-06503	Denver	CO	Email	High Risk	91	1	Standard Intervention	344	2	2757.51	No eligible purchase in more than 180 days; Overdue versus historical purchase cadence; No eligible purchase in the last 180 days; Fewer than three active months in the last twelve months
3982	CUST-03982	Las Vegas	NV	Paid Search	High Risk	91	1	Standard Intervention	397	2	2746.91	No eligible purchase in more than 180 days; Overdue versus historical purchase cadence; No eligible purchase in the last 180 days; Fewer than three active months in the last twelve months
7298	CUST-07298	Dallas	TX	Social Media	High Risk	91	1	Standard Intervention	335	2	2730.40	No eligible purchase in more than 180 days; Overdue versus historical purchase cadence; No eligible purchase in the last 180 days; Fewer than three active months in the last twelve months
6103	CUST-06103	Houston	TX	Direct	High Risk	91	1	Standard Intervention	343	2	2725.48	No eligible purchase in more than 180 days; Overdue versus historical purchase cadence; No eligible purchase in the last 180 days; Fewer than three active months in the last twelve months
1757	CUST-01757	Los Angeles	CA	Email	High Risk	91	1	Standard Intervention	436	2	2714.97	No eligible purchase in more than 180 days; Overdue versus historical purchase cadence; No eligible purchase in the last 180 days; Fewer than three active months in the last twelve months
4377	CUST-04377	New York	NY	Referral	High Risk	91	1	Standard Intervention	563	2	2690.74	No eligible purchase in more than 180 days; Overdue versus historical purchase cadence; No eligible purchase in the last 180 days; Fewer than three active months in the last twelve months
27	CUST-00027	San Jose	CA	Direct	High Risk	91	1	Standard Intervention	256	2	2678.91	No eligible purchase in more than 180 days; Overdue versus historical purchase cadence; No eligible purchase in the last 180 days; Fewer than three active months in the last twelve months
6923	CUST-06923	Charlotte	NC	Social Media	High Risk	91	1	Standard Intervention	254	2	2678.71	No eligible purchase in more than 180 days; Overdue versus historical purchase cadence; No eligible purchase in the last 180 days; Fewer than three active months in the last twelve months
859	CUST-00859	San Jose	CA	Email	High Risk	91	1	Standard Intervention	339	2	2664.12	No eligible purchase in more than 180 days; Overdue versus historical purchase cadence; No eligible purchase in the last 180 days; Fewer than three active months in the last twelve months
4541	CUST-04541	Miami	FL	Direct	High Risk	91	1	Standard Intervention	636	2	2641.00	No eligible purchase in more than 180 days; Overdue versus historical purchase cadence; No eligible purchase in the last 180 days; Fewer than three active months in the last twelve months
1661	CUST-01661	San Jose	CA	Organic Search	High Risk	91	1	Standard Intervention	559	2	2638.53	No eligible purchase in more than 180 days; Overdue versus historical purchase cadence; No eligible purchase in the last 180 days; Fewer than three active months in the last twelve months
7520	CUST-07520	Jacksonville	FL	Social Media	High Risk	91	1	Standard Intervention	513	2	2620.17	No eligible purchase in more than 180 days; Overdue versus historical purchase cadence; No eligible purchase in the last 180 days; Fewer than three active months in the last twelve months
4626	CUST-04626	Nashville	TN	Direct	High Risk	91	1	Standard Intervention	331	2	2609.72	No eligible purchase in more than 180 days; Overdue versus historical purchase cadence; No eligible purchase in the last 180 days; Fewer than three active months in the last twelve months
6988	CUST-06988	Seattle	WA	Social Media	High Risk	91	1	Standard Intervention	258	2	2602.64	No eligible purchase in more than 180 days; Overdue versus historical purchase cadence; No eligible purchase in the last 180 days; Fewer than three active months in the last twelve months
2417	CUST-02417	Phoenix	AZ	Email	High Risk	91	1	Standard Intervention	353	2	2596.28	No eligible purchase in more than 180 days; Overdue versus historical purchase cadence; No eligible purchase in the last 180 days; Fewer than three active months in the last twelve months
5705	CUST-05705	San Jose	CA	Organic Search	High Risk	91	1	Standard Intervention	220	2	2588.54	No eligible purchase in more than 180 days; Overdue versus historical purchase cadence; No eligible purchase in the last 180 days; Fewer than three active months in the last twelve months
2139	CUST-02139	Portland	OR	Paid Search	High Risk	91	1	Standard Intervention	308	2	2577.84	No eligible purchase in more than 180 days; Overdue versus historical purchase cadence; No eligible purchase in the last 180 days; Fewer than three active months in the last twelve months
43	CUST-00043	Atlanta	GA	Paid Search	High Risk	91	1	Standard Intervention	454	2	2551.85	No eligible purchase in more than 180 days; Overdue versus historical purchase cadence; No eligible purchase in the last 180 days; Fewer than three active months in the last twelve months
1292	CUST-01292	Miami	FL	Organic Search	High Risk	91	1	Standard Intervention	353	2	2517.64	No eligible purchase in more than 180 days; Overdue versus historical purchase cadence; No eligible purchase in the last 180 days; Fewer than three active months in the last twelve months
2732	CUST-02732	Philadelphia	PA	Direct	High Risk	91	1	Standard Intervention	243	2	2514.94	No eligible purchase in more than 180 days; Overdue versus historical purchase cadence; No eligible purchase in the last 180 days; Fewer than three active months in the last twelve months
4918	CUST-04918	Houston	TX	Paid Search	High Risk	91	1	Standard Intervention	197	2	2513.30	No eligible purchase in more than 180 days; Overdue versus historical purchase cadence; No eligible purchase in the last 180 days; Fewer than three active months in the last twelve months
6673	CUST-06673	Houston	TX	Social Media	High Risk	91	1	Standard Intervention	560	2	2509.67	No eligible purchase in more than 180 days; Overdue versus historical purchase cadence; No eligible purchase in the last 180 days; Fewer than three active months in the last twelve months
3150	CUST-03150	Philadelphia	PA	Organic Search	High Risk	91	1	Standard Intervention	256	2	2498.46	No eligible purchase in more than 180 days; Overdue versus historical purchase cadence; No eligible purchase in the last 180 days; Fewer than three active months in the last twelve months
2502	CUST-02502	New York	NY	Referral	High Risk	91	1	Standard Intervention	438	2	2485.19	No eligible purchase in more than 180 days; Overdue versus historical purchase cadence; No eligible purchase in the last 180 days; Fewer than three active months in the last twelve months
7500	CUST-07500	San Antonio	TX	Organic Search	High Risk	91	1	Standard Intervention	576	2	2471.97	No eligible purchase in more than 180 days; Overdue versus historical purchase cadence; No eligible purchase in the last 180 days; Fewer than three active months in the last twelve months
601	CUST-00601	Miami	FL	Paid Search	High Risk	91	1	Standard Intervention	221	2	2459.18	No eligible purchase in more than 180 days; Overdue versus historical purchase cadence; No eligible purchase in the last 180 days; Fewer than three active months in the last twelve months
2755	CUST-02755	Boston	MA	Email	High Risk	91	1	Standard Intervention	350	2	2455.43	No eligible purchase in more than 180 days; Overdue versus historical purchase cadence; No eligible purchase in the last 180 days; Fewer than three active months in the last twelve months
6623	CUST-06623	San Jose	CA	Direct	High Risk	91	1	Standard Intervention	508	2	2431.02	No eligible purchase in more than 180 days; Overdue versus historical purchase cadence; No eligible purchase in the last 180 days; Fewer than three active months in the last twelve months
2102	CUST-02102	San Jose	CA	Email	High Risk	91	1	Standard Intervention	197	2	2430.62	No eligible purchase in more than 180 days; Overdue versus historical purchase cadence; No eligible purchase in the last 180 days; Fewer than three active months in the last twelve months
5775	CUST-05775	Philadelphia	PA	Referral	High Risk	91	1	Standard Intervention	443	2	2420.32	No eligible purchase in more than 180 days; Overdue versus historical purchase cadence; No eligible purchase in the last 180 days; Fewer than three active months in the last twelve months
2586	CUST-02586	Denver	CO	Social Media	High Risk	91	1	Standard Intervention	401	2	2416.57	No eligible purchase in more than 180 days; Overdue versus historical purchase cadence; No eligible purchase in the last 180 days; Fewer than three active months in the last twelve months
5638	CUST-05638	Houston	TX	Email	High Risk	91	1	Standard Intervention	516	2	2390.44	No eligible purchase in more than 180 days; Overdue versus historical purchase cadence; No eligible purchase in the last 180 days; Fewer than three active months in the last twelve months
7347	CUST-07347	Miami	FL	Organic Search	High Risk	91	1	Standard Intervention	399	2	2387.60	No eligible purchase in more than 180 days; Overdue versus historical purchase cadence; No eligible purchase in the last 180 days; Fewer than three active months in the last twelve months
7387	CUST-07387	Austin	TX	Organic Search	High Risk	91	1	Standard Intervention	371	2	2365.50	No eligible purchase in more than 180 days; Overdue versus historical purchase cadence; No eligible purchase in the last 180 days; Fewer than three active months in the last twelve months
4681	CUST-04681	San Diego	CA	Social Media	High Risk	91	1	Standard Intervention	507	2	2364.59	No eligible purchase in more than 180 days; Overdue versus historical purchase cadence; No eligible purchase in the last 180 days; Fewer than three active months in the last twelve months
6583	CUST-06583	Columbus	OH	Referral	High Risk	91	1	Standard Intervention	229	2	2363.66	No eligible purchase in more than 180 days; Overdue versus historical purchase cadence; No eligible purchase in the last 180 days; Fewer than three active months in the last twelve months
3703	CUST-03703	Atlanta	GA	Paid Search	High Risk	91	1	Standard Intervention	232	2	2350.02	No eligible purchase in more than 180 days; Overdue versus historical purchase cadence; No eligible purchase in the last 180 days; Fewer than three active months in the last twelve months
7118	CUST-07118	Houston	TX	Organic Search	High Risk	91	1	Standard Intervention	444	2	2343.43	No eligible purchase in more than 180 days; Overdue versus historical purchase cadence; No eligible purchase in the last 180 days; Fewer than three active months in the last twelve months
5254	CUST-05254	San Diego	CA	Organic Search	High Risk	91	1	Standard Intervention	208	2	2337.63	No eligible purchase in more than 180 days; Overdue versus historical purchase cadence; No eligible purchase in the last 180 days; Fewer than three active months in the last twelve months
4021	CUST-04021	San Antonio	TX	Social Media	High Risk	91	1	Standard Intervention	462	2	2333.00	No eligible purchase in more than 180 days; Overdue versus historical purchase cadence; No eligible purchase in the last 180 days; Fewer than three active months in the last twelve months
4477	CUST-04477	Houston	TX	Organic Search	High Risk	91	1	Standard Intervention	200	2	2327.58	No eligible purchase in more than 180 days; Overdue versus historical purchase cadence; No eligible purchase in the last 180 days; Fewer than three active months in the last twelve months
6959	CUST-06959	Washington	DC	Referral	High Risk	91	1	Standard Intervention	329	2	2300.17	No eligible purchase in more than 180 days; Overdue versus historical purchase cadence; No eligible purchase in the last 180 days; Fewer than three active months in the last twelve months
7319	CUST-07319	Los Angeles	CA	Organic Search	High Risk	91	1	Standard Intervention	222	2	2270.00	No eligible purchase in more than 180 days; Overdue versus historical purchase cadence; No eligible purchase in the last 180 days; Fewer than three active months in the last twelve months
7398	CUST-07398	Columbus	OH	Organic Search	High Risk	91	1	Standard Intervention	353	2	2269.69	No eligible purchase in more than 180 days; Overdue versus historical purchase cadence; No eligible purchase in the last 180 days; Fewer than three active months in the last twelve months
512	CUST-00512	Phoenix	AZ	Direct	High Risk	91	1	Standard Intervention	443	2	2256.02	No eligible purchase in more than 180 days; Overdue versus historical purchase cadence; No eligible purchase in the last 180 days; Fewer than three active months in the last twelve months
5260	CUST-05260	Seattle	WA	Paid Search	High Risk	91	1	Standard Intervention	241	2	2243.93	No eligible purchase in more than 180 days; Overdue versus historical purchase cadence; No eligible purchase in the last 180 days; Fewer than three active months in the last twelve months
1678	CUST-01678	Washington	DC	Referral	High Risk	91	1	Standard Intervention	406	2	2217.33	No eligible purchase in more than 180 days; Overdue versus historical purchase cadence; No eligible purchase in the last 180 days; Fewer than three active months in the last twelve months
2331	CUST-02331	Charlotte	NC	Social Media	High Risk	91	1	Standard Intervention	240	2	2208.28	No eligible purchase in more than 180 days; Overdue versus historical purchase cadence; No eligible purchase in the last 180 days; Fewer than three active months in the last twelve months
5129	CUST-05129	San Diego	CA	Paid Search	High Risk	91	1	Standard Intervention	305	2	2207.09	No eligible purchase in more than 180 days; Overdue versus historical purchase cadence; No eligible purchase in the last 180 days; Fewer than three active months in the last twelve months
6123	CUST-06123	Atlanta	GA	Email	High Risk	91	1	Standard Intervention	535	2	2206.97	No eligible purchase in more than 180 days; Overdue versus historical purchase cadence; No eligible purchase in the last 180 days; Fewer than three active months in the last twelve months
7104	CUST-07104	San Jose	CA	Direct	High Risk	91	1	Standard Intervention	204	2	2203.01	No eligible purchase in more than 180 days; Overdue versus historical purchase cadence; No eligible purchase in the last 180 days; Fewer than three active months in the last twelve months
3956	CUST-03956	Dallas	TX	Social Media	High Risk	91	1	Standard Intervention	606	2	2193.71	No eligible purchase in more than 180 days; Overdue versus historical purchase cadence; No eligible purchase in the last 180 days; Fewer than three active months in the last twelve months
1130	CUST-01130	Portland	OR	Direct	High Risk	91	1	Standard Intervention	354	2	2171.62	No eligible purchase in more than 180 days; Overdue versus historical purchase cadence; No eligible purchase in the last 180 days; Fewer than three active months in the last twelve months
5138	CUST-05138	San Diego	CA	Direct	High Risk	91	1	Standard Intervention	201	2	2165.56	No eligible purchase in more than 180 days; Overdue versus historical purchase cadence; No eligible purchase in the last 180 days; Fewer than three active months in the last twelve months
4521	CUST-04521	Phoenix	AZ	Social Media	High Risk	91	1	Standard Intervention	273	2	2150.86	No eligible purchase in more than 180 days; Overdue versus historical purchase cadence; No eligible purchase in the last 180 days; Fewer than three active months in the last twelve months
6362	CUST-06362	Jacksonville	FL	Social Media	High Risk	91	1	Standard Intervention	506	2	2141.31	No eligible purchase in more than 180 days; Overdue versus historical purchase cadence; No eligible purchase in the last 180 days; Fewer than three active months in the last twelve months
7242	CUST-07242	New York	NY	Paid Search	High Risk	91	1	Standard Intervention	266	2	2115.26	No eligible purchase in more than 180 days; Overdue versus historical purchase cadence; No eligible purchase in the last 180 days; Fewer than three active months in the last twelve months
600	CUST-00600	Phoenix	AZ	Email	High Risk	91	1	Standard Intervention	214	2	2112.13	No eligible purchase in more than 180 days; Overdue versus historical purchase cadence; No eligible purchase in the last 180 days; Fewer than three active months in the last twelve months
7531	CUST-07531	Los Angeles	CA	Referral	High Risk	91	1	Standard Intervention	466	2	2104.54	No eligible purchase in more than 180 days; Overdue versus historical purchase cadence; No eligible purchase in the last 180 days; Fewer than three active months in the last twelve months
6724	CUST-06724	San Jose	CA	Social Media	High Risk	91	1	Standard Intervention	547	2	2089.68	No eligible purchase in more than 180 days; Overdue versus historical purchase cadence; No eligible purchase in the last 180 days; Fewer than three active months in the last twelve months
6696	CUST-06696	San Jose	CA	Organic Search	High Risk	91	1	Standard Intervention	229	2	2071.13	No eligible purchase in more than 180 days; Overdue versus historical purchase cadence; No eligible purchase in the last 180 days; Fewer than three active months in the last twelve months
2990	CUST-02990	Atlanta	GA	Paid Search	High Risk	91	1	Standard Intervention	368	2	2063.47	No eligible purchase in more than 180 days; Overdue versus historical purchase cadence; No eligible purchase in the last 180 days; Fewer than three active months in the last twelve months
4196	CUST-04196	New York	NY	Referral	High Risk	91	1	Standard Intervention	202	2	2045.95	No eligible purchase in more than 180 days; Overdue versus historical purchase cadence; No eligible purchase in the last 180 days; Fewer than three active months in the last twelve months
4145	CUST-04145	Dallas	TX	Organic Search	High Risk	91	1	Standard Intervention	352	2	2044.44	No eligible purchase in more than 180 days; Overdue versus historical purchase cadence; No eligible purchase in the last 180 days; Fewer than three active months in the last twelve months
3270	CUST-03270	Seattle	WA	Paid Search	High Risk	91	1	Standard Intervention	250	2	2033.42	No eligible purchase in more than 180 days; Overdue versus historical purchase cadence; No eligible purchase in the last 180 days; Fewer than three active months in the last twelve months
2969	CUST-02969	Las Vegas	NV	Social Media	High Risk	91	1	Standard Intervention	226	2	2031.93	No eligible purchase in more than 180 days; Overdue versus historical purchase cadence; No eligible purchase in the last 180 days; Fewer than three active months in the last twelve months
4053	CUST-04053	Dallas	TX	Organic Search	High Risk	91	1	Standard Intervention	363	2	1991.59	No eligible purchase in more than 180 days; Overdue versus historical purchase cadence; No eligible purchase in the last 180 days; Fewer than three active months in the last twelve months
264	CUST-00264	Nashville	TN	Organic Search	High Risk	91	1	Standard Intervention	398	2	1981.65	No eligible purchase in more than 180 days; Overdue versus historical purchase cadence; No eligible purchase in the last 180 days; Fewer than three active months in the last twelve months
4314	CUST-04314	Charlotte	NC	Organic Search	High Risk	91	1	Standard Intervention	261	2	1975.60	No eligible purchase in more than 180 days; Overdue versus historical purchase cadence; No eligible purchase in the last 180 days; Fewer than three active months in the last twelve months
7775	CUST-07775	San Diego	CA	Direct	High Risk	91	1	Standard Intervention	431	2	1964.99	No eligible purchase in more than 180 days; Overdue versus historical purchase cadence; No eligible purchase in the last 180 days; Fewer than three active months in the last twelve months
1088	CUST-01088	New York	NY	Email	High Risk	91	1	Standard Intervention	269	2	1962.80	No eligible purchase in more than 180 days; Overdue versus historical purchase cadence; No eligible purchase in the last 180 days; Fewer than three active months in the last twelve months
7487	CUST-07487	Los Angeles	CA	Organic Search	High Risk	91	1	Standard Intervention	417	2	1961.19	No eligible purchase in more than 180 days; Overdue versus historical purchase cadence; No eligible purchase in the last 180 days; Fewer than three active months in the last twelve months
7516	CUST-07516	Seattle	WA	Direct	High Risk	91	1	Standard Intervention	228	2	1960.61	No eligible purchase in more than 180 days; Overdue versus historical purchase cadence; No eligible purchase in the last 180 days; Fewer than three active months in the last twelve months
2833	CUST-02833	Jacksonville	FL	Organic Search	High Risk	91	1	Standard Intervention	249	2	1940.12	No eligible purchase in more than 180 days; Overdue versus historical purchase cadence; No eligible purchase in the last 180 days; Fewer than three active months in the last twelve months
3658	CUST-03658	San Diego	CA	Social Media	High Risk	91	1	Standard Intervention	265	2	1939.79	No eligible purchase in more than 180 days; Overdue versus historical purchase cadence; No eligible purchase in the last 180 days; Fewer than three active months in the last twelve months
1230	CUST-01230	Nashville	TN	Direct	High Risk	91	1	Standard Intervention	467	2	1892.92	No eligible purchase in more than 180 days; Overdue versus historical purchase cadence; No eligible purchase in the last 180 days; Fewer than three active months in the last twelve months
3898	CUST-03898	Columbus	OH	Paid Search	High Risk	91	1	Standard Intervention	516	2	1883.05	No eligible purchase in more than 180 days; Overdue versus historical purchase cadence; No eligible purchase in the last 180 days; Fewer than three active months in the last twelve months
587	CUST-00587	San Diego	CA	Organic Search	High Risk	91	1	Standard Intervention	341	2	1874.91	No eligible purchase in more than 180 days; Overdue versus historical purchase cadence; No eligible purchase in the last 180 days; Fewer than three active months in the last twelve months
4945	CUST-04945	Chicago	IL	Direct	High Risk	91	1	Standard Intervention	652	2	1869.28	No eligible purchase in more than 180 days; Overdue versus historical purchase cadence; No eligible purchase in the last 180 days; Fewer than three active months in the last twelve months
7223	CUST-07223	New York	NY	Paid Search	High Risk	91	1	Standard Intervention	332	2	1863.30	No eligible purchase in more than 180 days; Overdue versus historical purchase cadence; No eligible purchase in the last 180 days; Fewer than three active months in the last twelve months
1581	CUST-01581	Fort Worth	TX	Organic Search	High Risk	91	1	Standard Intervention	245	2	1861.06	No eligible purchase in more than 180 days; Overdue versus historical purchase cadence; No eligible purchase in the last 180 days; Fewer than three active months in the last twelve months
5462	CUST-05462	Charlotte	NC	Organic Search	High Risk	91	1	Standard Intervention	213	2	1860.34	No eligible purchase in more than 180 days; Overdue versus historical purchase cadence; No eligible purchase in the last 180 days; Fewer than three active months in the last twelve months
3545	CUST-03545	Las Vegas	NV	Referral	High Risk	91	1	Standard Intervention	339	2	1851.44	No eligible purchase in more than 180 days; Overdue versus historical purchase cadence; No eligible purchase in the last 180 days; Fewer than three active months in the last twelve months
6258	CUST-06258	Los Angeles	CA	Organic Search	High Risk	91	1	Standard Intervention	228	2	1838.14	No eligible purchase in more than 180 days; Overdue versus historical purchase cadence; No eligible purchase in the last 180 days; Fewer than three active months in the last twelve months
5470	CUST-05470	Nashville	TN	Email	High Risk	91	1	Standard Intervention	236	2	1832.43	No eligible purchase in more than 180 days; Overdue versus historical purchase cadence; No eligible purchase in the last 180 days; Fewer than three active months in the last twelve months
1450	CUST-01450	San Diego	CA	Email	High Risk	91	1	Standard Intervention	290	2	1827.06	No eligible purchase in more than 180 days; Overdue versus historical purchase cadence; No eligible purchase in the last 180 days; Fewer than three active months in the last twelve months
2031	CUST-02031	Seattle	WA	Organic Search	High Risk	91	1	Standard Intervention	320	2	1820.86	No eligible purchase in more than 180 days; Overdue versus historical purchase cadence; No eligible purchase in the last 180 days; Fewer than three active months in the last twelve months
3871	CUST-03871	Nashville	TN	Direct	High Risk	91	1	Standard Intervention	446	2	1819.21	No eligible purchase in more than 180 days; Overdue versus historical purchase cadence; No eligible purchase in the last 180 days; Fewer than three active months in the last twelve months
7548	CUST-07548	New York	NY	Social Media	High Risk	91	1	Standard Intervention	320	2	1816.22	No eligible purchase in more than 180 days; Overdue versus historical purchase cadence; No eligible purchase in the last 180 days; Fewer than three active months in the last twelve months
6022	CUST-06022	Houston	TX	Paid Search	High Risk	91	1	Standard Intervention	289	2	1814.84	No eligible purchase in more than 180 days; Overdue versus historical purchase cadence; No eligible purchase in the last 180 days; Fewer than three active months in the last twelve months
6675	CUST-06675	Jacksonville	FL	Email	High Risk	91	1	Standard Intervention	452	2	1806.01	No eligible purchase in more than 180 days; Overdue versus historical purchase cadence; No eligible purchase in the last 180 days; Fewer than three active months in the last twelve months
7155	CUST-07155	Austin	TX	Direct	High Risk	91	1	Standard Intervention	351	2	1772.04	No eligible purchase in more than 180 days; Overdue versus historical purchase cadence; No eligible purchase in the last 180 days; Fewer than three active months in the last twelve months
2769	CUST-02769	Los Angeles	CA	Organic Search	High Risk	91	1	Standard Intervention	322	2	1730.37	No eligible purchase in more than 180 days; Overdue versus historical purchase cadence; No eligible purchase in the last 180 days; Fewer than three active months in the last twelve months
4205	CUST-04205	San Diego	CA	Organic Search	High Risk	91	1	Standard Intervention	237	2	1726.22	No eligible purchase in more than 180 days; Overdue versus historical purchase cadence; No eligible purchase in the last 180 days; Fewer than three active months in the last twelve months
6059	CUST-06059	San Jose	CA	Paid Search	High Risk	91	1	Standard Intervention	488	2	1711.40	No eligible purchase in more than 180 days; Overdue versus historical purchase cadence; No eligible purchase in the last 180 days; Fewer than three active months in the last twelve months
2613	CUST-02613	Dallas	TX	Paid Search	High Risk	91	1	Standard Intervention	255	2	1693.33	No eligible purchase in more than 180 days; Overdue versus historical purchase cadence; No eligible purchase in the last 180 days; Fewer than three active months in the last twelve months
4366	CUST-04366	Phoenix	AZ	Referral	High Risk	91	1	Standard Intervention	535	2	1673.61	No eligible purchase in more than 180 days; Overdue versus historical purchase cadence; No eligible purchase in the last 180 days; Fewer than three active months in the last twelve months
4578	CUST-04578	Phoenix	AZ	Organic Search	High Risk	91	1	Standard Intervention	233	2	1658.19	No eligible purchase in more than 180 days; Overdue versus historical purchase cadence; No eligible purchase in the last 180 days; Fewer than three active months in the last twelve months
7484	CUST-07484	Chicago	IL	Organic Search	High Risk	91	1	Standard Intervention	263	2	1654.64	No eligible purchase in more than 180 days; Overdue versus historical purchase cadence; No eligible purchase in the last 180 days; Fewer than three active months in the last twelve months
6409	CUST-06409	Dallas	TX	Social Media	High Risk	91	1	Standard Intervention	199	2	1653.30	No eligible purchase in more than 180 days; Overdue versus historical purchase cadence; No eligible purchase in the last 180 days; Fewer than three active months in the last twelve months
2085	CUST-02085	New York	NY	Organic Search	High Risk	91	1	Standard Intervention	427	2	1652.67	No eligible purchase in more than 180 days; Overdue versus historical purchase cadence; No eligible purchase in the last 180 days; Fewer than three active months in the last twelve months
4309	CUST-04309	Charlotte	NC	Organic Search	High Risk	91	1	Standard Intervention	241	2	1649.97	No eligible purchase in more than 180 days; Overdue versus historical purchase cadence; No eligible purchase in the last 180 days; Fewer than three active months in the last twelve months
397	CUST-00397	San Antonio	TX	Organic Search	High Risk	91	1	Standard Intervention	534	2	1643.40	No eligible purchase in more than 180 days; Overdue versus historical purchase cadence; No eligible purchase in the last 180 days; Fewer than three active months in the last twelve months
2071	CUST-02071	Boston	MA	Email	High Risk	91	1	Standard Intervention	205	2	1626.47	No eligible purchase in more than 180 days; Overdue versus historical purchase cadence; No eligible purchase in the last 180 days; Fewer than three active months in the last twelve months
3603	CUST-03603	Chicago	IL	Email	High Risk	91	1	Standard Intervention	234	2	1623.61	No eligible purchase in more than 180 days; Overdue versus historical purchase cadence; No eligible purchase in the last 180 days; Fewer than three active months in the last twelve months
5240	CUST-05240	Las Vegas	NV	Social Media	High Risk	91	1	Standard Intervention	274	2	1615.49	No eligible purchase in more than 180 days; Overdue versus historical purchase cadence; No eligible purchase in the last 180 days; Fewer than three active months in the last twelve months
7975	CUST-07975	Philadelphia	PA	Paid Search	High Risk	91	1	Standard Intervention	271	2	1614.00	No eligible purchase in more than 180 days; Overdue versus historical purchase cadence; No eligible purchase in the last 180 days; Fewer than three active months in the last twelve months
477	CUST-00477	Boston	MA	Direct	High Risk	91	1	Standard Intervention	326	2	1612.39	No eligible purchase in more than 180 days; Overdue versus historical purchase cadence; No eligible purchase in the last 180 days; Fewer than three active months in the last twelve months
270	CUST-00270	Las Vegas	NV	Email	High Risk	91	1	Standard Intervention	261	2	1607.13	No eligible purchase in more than 180 days; Overdue versus historical purchase cadence; No eligible purchase in the last 180 days; Fewer than three active months in the last twelve months
780	CUST-00780	Chicago	IL	Paid Search	High Risk	91	1	Standard Intervention	240	2	1597.19	No eligible purchase in more than 180 days; Overdue versus historical purchase cadence; No eligible purchase in the last 180 days; Fewer than three active months in the last twelve months
6967	CUST-06967	Denver	CO	Email	High Risk	91	1	Standard Intervention	324	2	1593.24	No eligible purchase in more than 180 days; Overdue versus historical purchase cadence; No eligible purchase in the last 180 days; Fewer than three active months in the last twelve months
4346	CUST-04346	Miami	FL	Paid Search	High Risk	91	1	Standard Intervention	204	2	1581.34	No eligible purchase in more than 180 days; Overdue versus historical purchase cadence; No eligible purchase in the last 180 days; Fewer than three active months in the last twelve months
4627	CUST-04627	Austin	TX	Referral	High Risk	91	1	Standard Intervention	487	2	1558.49	No eligible purchase in more than 180 days; Overdue versus historical purchase cadence; No eligible purchase in the last 180 days; Fewer than three active months in the last twelve months
6353	CUST-06353	Los Angeles	CA	Organic Search	High Risk	91	1	Standard Intervention	238	2	1557.06	No eligible purchase in more than 180 days; Overdue versus historical purchase cadence; No eligible purchase in the last 180 days; Fewer than three active months in the last twelve months
2482	CUST-02482	Atlanta	GA	Organic Search	High Risk	91	1	Standard Intervention	422	2	1554.56	No eligible purchase in more than 180 days; Overdue versus historical purchase cadence; No eligible purchase in the last 180 days; Fewer than three active months in the last twelve months
6555	CUST-06555	San Jose	CA	Referral	High Risk	91	1	Standard Intervention	194	2	1540.86	No eligible purchase in more than 180 days; Overdue versus historical purchase cadence; No eligible purchase in the last 180 days; Fewer than three active months in the last twelve months
705	CUST-00705	Columbus	OH	Paid Search	High Risk	91	1	Standard Intervention	311	2	1520.40	No eligible purchase in more than 180 days; Overdue versus historical purchase cadence; No eligible purchase in the last 180 days; Fewer than three active months in the last twelve months
2743	CUST-02743	Seattle	WA	Paid Search	High Risk	91	1	Standard Intervention	248	2	1447.77	No eligible purchase in more than 180 days; Overdue versus historical purchase cadence; No eligible purchase in the last 180 days; Fewer than three active months in the last twelve months
6750	CUST-06750	Denver	CO	Email	High Risk	91	1	Standard Intervention	319	2	1440.56	No eligible purchase in more than 180 days; Overdue versus historical purchase cadence; No eligible purchase in the last 180 days; Fewer than three active months in the last twelve months
4985	CUST-04985	Chicago	IL	Social Media	High Risk	91	1	Standard Intervention	322	2	1426.33	No eligible purchase in more than 180 days; Overdue versus historical purchase cadence; No eligible purchase in the last 180 days; Fewer than three active months in the last twelve months
1290	CUST-01290	Dallas	TX	Organic Search	High Risk	91	1	Standard Intervention	541	2	1425.39	No eligible purchase in more than 180 days; Overdue versus historical purchase cadence; No eligible purchase in the last 180 days; Fewer than three active months in the last twelve months
6078	CUST-06078	Los Angeles	CA	Organic Search	High Risk	91	1	Standard Intervention	281	2	1419.41	No eligible purchase in more than 180 days; Overdue versus historical purchase cadence; No eligible purchase in the last 180 days; Fewer than three active months in the last twelve months
7094	CUST-07094	Charlotte	NC	Social Media	High Risk	91	1	Standard Intervention	429	2	1416.43	No eligible purchase in more than 180 days; Overdue versus historical purchase cadence; No eligible purchase in the last 180 days; Fewer than three active months in the last twelve months
3478	CUST-03478	San Antonio	TX	Paid Search	High Risk	91	1	Standard Intervention	269	2	1414.84	No eligible purchase in more than 180 days; Overdue versus historical purchase cadence; No eligible purchase in the last 180 days; Fewer than three active months in the last twelve months
3043	CUST-03043	Boston	MA	Direct	High Risk	91	1	Standard Intervention	449	2	1407.95	No eligible purchase in more than 180 days; Overdue versus historical purchase cadence; No eligible purchase in the last 180 days; Fewer than three active months in the last twelve months
6014	CUST-06014	New York	NY	Email	High Risk	91	1	Standard Intervention	240	2	1402.82	No eligible purchase in more than 180 days; Overdue versus historical purchase cadence; No eligible purchase in the last 180 days; Fewer than three active months in the last twelve months
1921	CUST-01921	Washington	DC	Email	High Risk	91	1	Standard Intervention	311	2	1402.54	No eligible purchase in more than 180 days; Overdue versus historical purchase cadence; No eligible purchase in the last 180 days; Fewer than three active months in the last twelve months
7638	CUST-07638	Denver	CO	Referral	High Risk	91	1	Standard Intervention	283	2	1396.93	No eligible purchase in more than 180 days; Overdue versus historical purchase cadence; No eligible purchase in the last 180 days; Fewer than three active months in the last twelve months
6899	CUST-06899	Jacksonville	FL	Direct	High Risk	91	1	Standard Intervention	280	2	1384.67	No eligible purchase in more than 180 days; Overdue versus historical purchase cadence; No eligible purchase in the last 180 days; Fewer than three active months in the last twelve months
5370	CUST-05370	Charlotte	NC	Referral	High Risk	91	1	Standard Intervention	288	2	1377.71	No eligible purchase in more than 180 days; Overdue versus historical purchase cadence; No eligible purchase in the last 180 days; Fewer than three active months in the last twelve months
4771	CUST-04771	Philadelphia	PA	Organic Search	High Risk	91	1	Standard Intervention	278	2	1365.94	No eligible purchase in more than 180 days; Overdue versus historical purchase cadence; No eligible purchase in the last 180 days; Fewer than three active months in the last twelve months
240	CUST-00240	Columbus	OH	Organic Search	High Risk	91	1	Standard Intervention	209	2	1317.85	No eligible purchase in more than 180 days; Overdue versus historical purchase cadence; No eligible purchase in the last 180 days; Fewer than three active months in the last twelve months
6183	CUST-06183	Las Vegas	NV	Referral	High Risk	91	1	Standard Intervention	203	2	1300.45	No eligible purchase in more than 180 days; Overdue versus historical purchase cadence; No eligible purchase in the last 180 days; Fewer than three active months in the last twelve months
4135	CUST-04135	San Antonio	TX	Email	High Risk	91	1	Standard Intervention	186	2	1298.58	No eligible purchase in more than 180 days; Overdue versus historical purchase cadence; No eligible purchase in the last 180 days; Fewer than three active months in the last twelve months
6765	CUST-06765	Houston	TX	Referral	High Risk	91	1	Standard Intervention	317	2	1288.57	No eligible purchase in more than 180 days; Overdue versus historical purchase cadence; No eligible purchase in the last 180 days; Fewer than three active months in the last twelve months
1370	CUST-01370	San Diego	CA	Email	High Risk	91	1	Standard Intervention	401	2	1287.80	No eligible purchase in more than 180 days; Overdue versus historical purchase cadence; No eligible purchase in the last 180 days; Fewer than three active months in the last twelve months
2935	CUST-02935	Miami	FL	Organic Search	High Risk	91	1	Standard Intervention	239	2	1279.66	No eligible purchase in more than 180 days; Overdue versus historical purchase cadence; No eligible purchase in the last 180 days; Fewer than three active months in the last twelve months
615	CUST-00615	Seattle	WA	Email	High Risk	91	1	Standard Intervention	272	2	1266.07	No eligible purchase in more than 180 days; Overdue versus historical purchase cadence; No eligible purchase in the last 180 days; Fewer than three active months in the last twelve months
7137	CUST-07137	Charlotte	NC	Organic Search	High Risk	91	1	Standard Intervention	223	2	1261.43	No eligible purchase in more than 180 days; Overdue versus historical purchase cadence; No eligible purchase in the last 180 days; Fewer than three active months in the last twelve months
2720	CUST-02720	Seattle	WA	Email	High Risk	91	1	Standard Intervention	198	2	1257.33	No eligible purchase in more than 180 days; Overdue versus historical purchase cadence; No eligible purchase in the last 180 days; Fewer than three active months in the last twelve months
5142	CUST-05142	Los Angeles	CA	Social Media	High Risk	91	1	Standard Intervention	263	2	1254.35	No eligible purchase in more than 180 days; Overdue versus historical purchase cadence; No eligible purchase in the last 180 days; Fewer than three active months in the last twelve months
1053	CUST-01053	Denver	CO	Social Media	High Risk	91	1	Standard Intervention	255	2	1235.36	No eligible purchase in more than 180 days; Overdue versus historical purchase cadence; No eligible purchase in the last 180 days; Fewer than three active months in the last twelve months
2905	CUST-02905	Dallas	TX	Paid Search	High Risk	91	1	Standard Intervention	390	2	1223.69	No eligible purchase in more than 180 days; Overdue versus historical purchase cadence; No eligible purchase in the last 180 days; Fewer than three active months in the last twelve months
889	CUST-00889	New York	NY	Paid Search	High Risk	91	1	Standard Intervention	320	2	1200.83	No eligible purchase in more than 180 days; Overdue versus historical purchase cadence; No eligible purchase in the last 180 days; Fewer than three active months in the last twelve months
1981	CUST-01981	New York	NY	Direct	High Risk	91	1	Standard Intervention	517	2	1193.70	No eligible purchase in more than 180 days; Overdue versus historical purchase cadence; No eligible purchase in the last 180 days; Fewer than three active months in the last twelve months
2724	CUST-02724	Los Angeles	CA	Referral	High Risk	91	1	Standard Intervention	252	2	1192.00	No eligible purchase in more than 180 days; Overdue versus historical purchase cadence; No eligible purchase in the last 180 days; Fewer than three active months in the last twelve months
6672	CUST-06672	Denver	CO	Organic Search	High Risk	91	1	Standard Intervention	258	2	1179.06	No eligible purchase in more than 180 days; Overdue versus historical purchase cadence; No eligible purchase in the last 180 days; Fewer than three active months in the last twelve months
57	CUST-00057	Los Angeles	CA	Social Media	High Risk	91	1	Standard Intervention	374	2	1142.42	No eligible purchase in more than 180 days; Overdue versus historical purchase cadence; No eligible purchase in the last 180 days; Fewer than three active months in the last twelve months
236	CUST-00236	Boston	MA	Direct	High Risk	91	1	Standard Intervention	440	2	1134.87	No eligible purchase in more than 180 days; Overdue versus historical purchase cadence; No eligible purchase in the last 180 days; Fewer than three active months in the last twelve months
2105	CUST-02105	Phoenix	AZ	Organic Search	High Risk	91	1	Standard Intervention	258	2	1127.26	No eligible purchase in more than 180 days; Overdue versus historical purchase cadence; No eligible purchase in the last 180 days; Fewer than three active months in the last twelve months
7620	CUST-07620	Miami	FL	Organic Search	High Risk	91	1	Standard Intervention	205	2	1126.79	No eligible purchase in more than 180 days; Overdue versus historical purchase cadence; No eligible purchase in the last 180 days; Fewer than three active months in the last twelve months
2196	CUST-02196	Phoenix	AZ	Organic Search	High Risk	91	1	Standard Intervention	188	2	1121.41	No eligible purchase in more than 180 days; Overdue versus historical purchase cadence; No eligible purchase in the last 180 days; Fewer than three active months in the last twelve months
2900	CUST-02900	Fort Worth	TX	Referral	High Risk	91	1	Standard Intervention	256	2	1110.95	No eligible purchase in more than 180 days; Overdue versus historical purchase cadence; No eligible purchase in the last 180 days; Fewer than three active months in the last twelve months
4503	CUST-04503	Phoenix	AZ	Paid Search	High Risk	91	1	Standard Intervention	204	2	1108.89	No eligible purchase in more than 180 days; Overdue versus historical purchase cadence; No eligible purchase in the last 180 days; Fewer than three active months in the last twelve months
3648	CUST-03648	Washington	DC	Social Media	High Risk	91	1	Standard Intervention	190	2	1083.59	No eligible purchase in more than 180 days; Overdue versus historical purchase cadence; No eligible purchase in the last 180 days; Fewer than three active months in the last twelve months
5633	CUST-05633	Chicago	IL	Organic Search	High Risk	91	1	Standard Intervention	311	2	1080.61	No eligible purchase in more than 180 days; Overdue versus historical purchase cadence; No eligible purchase in the last 180 days; Fewer than three active months in the last twelve months
7086	CUST-07086	Chicago	IL	Social Media	High Risk	91	1	Standard Intervention	204	2	1066.46	No eligible purchase in more than 180 days; Overdue versus historical purchase cadence; No eligible purchase in the last 180 days; Fewer than three active months in the last twelve months
4124	CUST-04124	San Diego	CA	Referral	High Risk	91	1	Standard Intervention	224	2	1063.97	No eligible purchase in more than 180 days; Overdue versus historical purchase cadence; No eligible purchase in the last 180 days; Fewer than three active months in the last twelve months
5497	CUST-05497	San Diego	CA	Paid Search	High Risk	91	1	Standard Intervention	419	2	1055.96	No eligible purchase in more than 180 days; Overdue versus historical purchase cadence; No eligible purchase in the last 180 days; Fewer than three active months in the last twelve months
694	CUST-00694	Phoenix	AZ	Organic Search	High Risk	91	1	Standard Intervention	258	2	1043.66	No eligible purchase in more than 180 days; Overdue versus historical purchase cadence; No eligible purchase in the last 180 days; Fewer than three active months in the last twelve months
3140	CUST-03140	Austin	TX	Email	High Risk	91	1	Standard Intervention	188	2	1003.69	No eligible purchase in more than 180 days; Overdue versus historical purchase cadence; No eligible purchase in the last 180 days; Fewer than three active months in the last twelve months
7033	CUST-07033	Los Angeles	CA	Organic Search	High Risk	91	1	Standard Intervention	328	2	1001.05	No eligible purchase in more than 180 days; Overdue versus historical purchase cadence; No eligible purchase in the last 180 days; Fewer than three active months in the last twelve months
3501	CUST-03501	Los Angeles	CA	Direct	High Risk	91	1	Standard Intervention	209	2	988.89	No eligible purchase in more than 180 days; Overdue versus historical purchase cadence; No eligible purchase in the last 180 days; Fewer than three active months in the last twelve months
1066	CUST-01066	San Antonio	TX	Organic Search	High Risk	91	1	Standard Intervention	461	2	986.18	No eligible purchase in more than 180 days; Overdue versus historical purchase cadence; No eligible purchase in the last 180 days; Fewer than three active months in the last twelve months
5380	CUST-05380	Houston	TX	Organic Search	High Risk	91	1	Standard Intervention	665	2	952.37	No eligible purchase in more than 180 days; Overdue versus historical purchase cadence; No eligible purchase in the last 180 days; Fewer than three active months in the last twelve months
524	CUST-00524	Dallas	TX	Organic Search	High Risk	91	1	Standard Intervention	311	2	927.16	No eligible purchase in more than 180 days; Overdue versus historical purchase cadence; No eligible purchase in the last 180 days; Fewer than three active months in the last twelve months
2643	CUST-02643	Chicago	IL	Organic Search	High Risk	91	1	Standard Intervention	340	2	921.33	No eligible purchase in more than 180 days; Overdue versus historical purchase cadence; No eligible purchase in the last 180 days; Fewer than three active months in the last twelve months
1521	CUST-01521	Philadelphia	PA	Organic Search	High Risk	91	1	Standard Intervention	281	2	876.24	No eligible purchase in more than 180 days; Overdue versus historical purchase cadence; No eligible purchase in the last 180 days; Fewer than three active months in the last twelve months
7618	CUST-07618	Nashville	TN	Organic Search	High Risk	91	1	Standard Intervention	268	2	869.35	No eligible purchase in more than 180 days; Overdue versus historical purchase cadence; No eligible purchase in the last 180 days; Fewer than three active months in the last twelve months
7761	CUST-07761	San Antonio	TX	Organic Search	High Risk	91	1	Standard Intervention	243	2	868.38	No eligible purchase in more than 180 days; Overdue versus historical purchase cadence; No eligible purchase in the last 180 days; Fewer than three active months in the last twelve months
3485	CUST-03485	Columbus	OH	Social Media	High Risk	91	1	Standard Intervention	627	2	854.99	No eligible purchase in more than 180 days; Overdue versus historical purchase cadence; No eligible purchase in the last 180 days; Fewer than three active months in the last twelve months
6643	CUST-06643	Boston	MA	Social Media	High Risk	91	1	Standard Intervention	205	2	840.58	No eligible purchase in more than 180 days; Overdue versus historical purchase cadence; No eligible purchase in the last 180 days; Fewer than three active months in the last twelve months
7562	CUST-07562	San Jose	CA	Email	High Risk	91	1	Standard Intervention	308	2	812.55	No eligible purchase in more than 180 days; Overdue versus historical purchase cadence; No eligible purchase in the last 180 days; Fewer than three active months in the last twelve months
4305	CUST-04305	Los Angeles	CA	Email	High Risk	91	1	Standard Intervention	192	2	799.79	No eligible purchase in more than 180 days; Overdue versus historical purchase cadence; No eligible purchase in the last 180 days; Fewer than three active months in the last twelve months
4816	CUST-04816	Las Vegas	NV	Referral	High Risk	91	1	Standard Intervention	186	2	787.04	No eligible purchase in more than 180 days; Overdue versus historical purchase cadence; No eligible purchase in the last 180 days; Fewer than three active months in the last twelve months
2491	CUST-02491	San Jose	CA	Email	High Risk	91	1	Standard Intervention	454	2	733.51	No eligible purchase in more than 180 days; Overdue versus historical purchase cadence; No eligible purchase in the last 180 days; Fewer than three active months in the last twelve months
2252	CUST-02252	Charlotte	NC	Email	High Risk	91	1	Standard Intervention	395	2	708.62	No eligible purchase in more than 180 days; Overdue versus historical purchase cadence; No eligible purchase in the last 180 days; Fewer than three active months in the last twelve months
800	CUST-00800	Washington	DC	Referral	High Risk	91	1	Standard Intervention	502	2	697.52	No eligible purchase in more than 180 days; Overdue versus historical purchase cadence; No eligible purchase in the last 180 days; Fewer than three active months in the last twelve months
6231	CUST-06231	Houston	TX	Direct	High Risk	91	1	Standard Intervention	453	2	684.62	No eligible purchase in more than 180 days; Overdue versus historical purchase cadence; No eligible purchase in the last 180 days; Fewer than three active months in the last twelve months
5041	CUST-05041	Philadelphia	PA	Direct	High Risk	91	1	Standard Intervention	200	2	673.73	No eligible purchase in more than 180 days; Overdue versus historical purchase cadence; No eligible purchase in the last 180 days; Fewer than three active months in the last twelve months
595	CUST-00595	Columbus	OH	Direct	High Risk	91	1	Standard Intervention	357	2	656.69	No eligible purchase in more than 180 days; Overdue versus historical purchase cadence; No eligible purchase in the last 180 days; Fewer than three active months in the last twelve months
1408	CUST-01408	Philadelphia	PA	Email	High Risk	91	1	Standard Intervention	312	2	648.10	No eligible purchase in more than 180 days; Overdue versus historical purchase cadence; No eligible purchase in the last 180 days; Fewer than three active months in the last twelve months
1087	CUST-01087	Los Angeles	CA	Email	High Risk	91	1	Standard Intervention	228	2	559.39	No eligible purchase in more than 180 days; Overdue versus historical purchase cadence; No eligible purchase in the last 180 days; Fewer than three active months in the last twelve months
3155	CUST-03155	Las Vegas	NV	Paid Search	High Risk	91	1	Standard Intervention	217	2	529.93	No eligible purchase in more than 180 days; Overdue versus historical purchase cadence; No eligible purchase in the last 180 days; Fewer than three active months in the last twelve months
3284	CUST-03284	Chicago	IL	Organic Search	High Risk	91	1	Standard Intervention	195	2	484.66	No eligible purchase in more than 180 days; Overdue versus historical purchase cadence; No eligible purchase in the last 180 days; Fewer than three active months in the last twelve months
1373	CUST-01373	San Diego	CA	Paid Search	High Risk	91	1	Standard Intervention	361	2	475.97	No eligible purchase in more than 180 days; Overdue versus historical purchase cadence; No eligible purchase in the last 180 days; Fewer than three active months in the last twelve months
5491	CUST-05491	Jacksonville	FL	Referral	High Risk	91	1	Standard Intervention	216	2	458.63	No eligible purchase in more than 180 days; Overdue versus historical purchase cadence; No eligible purchase in the last 180 days; Fewer than three active months in the last twelve months
7518	CUST-07518	Nashville	TN	Social Media	High Risk	91	1	Standard Intervention	302	2	393.19	No eligible purchase in more than 180 days; Overdue versus historical purchase cadence; No eligible purchase in the last 180 days; Fewer than three active months in the last twelve months
3481	CUST-03481	Houston	TX	Email	High Risk	91	1	Standard Intervention	216	2	317.14	No eligible purchase in more than 180 days; Overdue versus historical purchase cadence; No eligible purchase in the last 180 days; Fewer than three active months in the last twelve months
4810	CUST-04810	Jacksonville	FL	Referral	High Risk	91	1	Standard Intervention	500	2	166.36	No eligible purchase in more than 180 days; Overdue versus historical purchase cadence; No eligible purchase in the last 180 days; Fewer than three active months in the last twelve months
1027	CUST-01027	Philadelphia	PA	Email	High Risk	90	1	High Value Intervention	246	1	8812.71	No eligible purchase in more than 180 days; Only one eligible purchase; No eligible purchase in the last 180 days; Fewer than three active months in the last twelve months
4202	CUST-04202	Los Angeles	CA	Organic Search	High Risk	90	1	High Value Intervention	600	1	8707.66	No eligible purchase in more than 180 days; Only one eligible purchase; No eligible purchase in the last 180 days; Fewer than three active months in the last twelve months
5665	CUST-05665	Chicago	IL	Paid Search	High Risk	90	1	High Value Intervention	575	1	8323.52	No eligible purchase in more than 180 days; Only one eligible purchase; No eligible purchase in the last 180 days; Fewer than three active months in the last twelve months
881	CUST-00881	Los Angeles	CA	Referral	High Risk	90	1	High Value Intervention	238	1	8289.45	No eligible purchase in more than 180 days; Only one eligible purchase; No eligible purchase in the last 180 days; Fewer than three active months in the last twelve months
5610	CUST-05610	Houston	TX	Paid Search	High Risk	90	1	High Value Intervention	326	1	8056.29	No eligible purchase in more than 180 days; Only one eligible purchase; No eligible purchase in the last 180 days; Fewer than three active months in the last twelve months
3198	CUST-03198	Columbus	OH	Email	High Risk	90	1	Standard Intervention	273	1	7695.51	No eligible purchase in more than 180 days; Only one eligible purchase; No eligible purchase in the last 180 days; Fewer than three active months in the last twelve months
1149	CUST-01149	San Antonio	TX	Paid Search	High Risk	90	1	Standard Intervention	553	1	7634.72	No eligible purchase in more than 180 days; Only one eligible purchase; No eligible purchase in the last 180 days; Fewer than three active months in the last twelve months
903	CUST-00903	Portland	OR	Paid Search	High Risk	90	1	Standard Intervention	616	1	7536.28	No eligible purchase in more than 180 days; Only one eligible purchase; No eligible purchase in the last 180 days; Fewer than three active months in the last twelve months
1601	CUST-01601	Washington	DC	Social Media	High Risk	90	1	Standard Intervention	641	1	7494.50	No eligible purchase in more than 180 days; Only one eligible purchase; No eligible purchase in the last 180 days; Fewer than three active months in the last twelve months
1944	CUST-01944	Jacksonville	FL	Organic Search	High Risk	90	1	Standard Intervention	681	1	7411.23	No eligible purchase in more than 180 days; Only one eligible purchase; No eligible purchase in the last 180 days; Fewer than three active months in the last twelve months
2843	CUST-02843	Austin	TX	Direct	High Risk	90	1	Standard Intervention	702	1	7108.40	No eligible purchase in more than 180 days; Only one eligible purchase; No eligible purchase in the last 180 days; Fewer than three active months in the last twelve months
990	CUST-00990	Chicago	IL	Paid Search	High Risk	90	1	Standard Intervention	669	1	7081.54	No eligible purchase in more than 180 days; Only one eligible purchase; No eligible purchase in the last 180 days; Fewer than three active months in the last twelve months
6379	CUST-06379	Chicago	IL	Referral	High Risk	90	1	Standard Intervention	642	1	6955.00	No eligible purchase in more than 180 days; Only one eligible purchase; No eligible purchase in the last 180 days; Fewer than three active months in the last twelve months
652	CUST-00652	Houston	TX	Email	High Risk	90	1	Standard Intervention	629	1	6895.54	No eligible purchase in more than 180 days; Only one eligible purchase; No eligible purchase in the last 180 days; Fewer than three active months in the last twelve months
33	CUST-00033	Philadelphia	PA	Referral	High Risk	90	1	Standard Intervention	714	1	6862.95	No eligible purchase in more than 180 days; Only one eligible purchase; No eligible purchase in the last 180 days; Fewer than three active months in the last twelve months
4017	CUST-04017	Washington	DC	Referral	High Risk	90	1	Standard Intervention	589	1	6699.25	No eligible purchase in more than 180 days; Only one eligible purchase; No eligible purchase in the last 180 days; Fewer than three active months in the last twelve months
7866	CUST-07866	Jacksonville	FL	Direct	High Risk	90	1	Standard Intervention	602	1	6571.86	No eligible purchase in more than 180 days; Only one eligible purchase; No eligible purchase in the last 180 days; Fewer than three active months in the last twelve months
973	CUST-00973	Chicago	IL	Organic Search	High Risk	90	1	Standard Intervention	665	1	6446.58	No eligible purchase in more than 180 days; Only one eligible purchase; No eligible purchase in the last 180 days; Fewer than three active months in the last twelve months
6327	CUST-06327	Fort Worth	TX	Social Media	High Risk	90	1	Standard Intervention	555	1	6285.03	No eligible purchase in more than 180 days; Only one eligible purchase; No eligible purchase in the last 180 days; Fewer than three active months in the last twelve months
3086	CUST-03086	Houston	TX	Direct	High Risk	90	1	Standard Intervention	729	1	6265.45	No eligible purchase in more than 180 days; Only one eligible purchase; No eligible purchase in the last 180 days; Fewer than three active months in the last twelve months
7400	CUST-07400	Houston	TX	Direct	High Risk	90	1	Standard Intervention	555	1	6249.79	No eligible purchase in more than 180 days; Only one eligible purchase; No eligible purchase in the last 180 days; Fewer than three active months in the last twelve months
4935	CUST-04935	Dallas	TX	Social Media	High Risk	90	1	Standard Intervention	589	1	6227.02	No eligible purchase in more than 180 days; Only one eligible purchase; No eligible purchase in the last 180 days; Fewer than three active months in the last twelve months
5407	CUST-05407	Jacksonville	FL	Paid Search	High Risk	90	1	Standard Intervention	564	1	5980.41	No eligible purchase in more than 180 days; Only one eligible purchase; No eligible purchase in the last 180 days; Fewer than three active months in the last twelve months
4389	CUST-04389	Dallas	TX	Social Media	High Risk	90	1	Standard Intervention	601	1	5959.34	No eligible purchase in more than 180 days; Only one eligible purchase; No eligible purchase in the last 180 days; Fewer than three active months in the last twelve months
328	CUST-00328	Seattle	WA	Direct	High Risk	90	1	Standard Intervention	725	1	5952.55	No eligible purchase in more than 180 days; Only one eligible purchase; No eligible purchase in the last 180 days; Fewer than three active months in the last twelve months
6735	CUST-06735	Denver	CO	Social Media	High Risk	90	1	Standard Intervention	554	1	5947.02	No eligible purchase in more than 180 days; Only one eligible purchase; No eligible purchase in the last 180 days; Fewer than three active months in the last twelve months
6836	CUST-06836	Las Vegas	NV	Direct	High Risk	90	1	Standard Intervention	625	1	5809.49	No eligible purchase in more than 180 days; Only one eligible purchase; No eligible purchase in the last 180 days; Fewer than three active months in the last twelve months
5616	CUST-05616	Columbus	OH	Direct	High Risk	90	1	Standard Intervention	617	1	5756.41	No eligible purchase in more than 180 days; Only one eligible purchase; No eligible purchase in the last 180 days; Fewer than three active months in the last twelve months
2476	CUST-02476	Jacksonville	FL	Social Media	High Risk	90	1	Standard Intervention	590	1	5532.87	No eligible purchase in more than 180 days; Only one eligible purchase; No eligible purchase in the last 180 days; Fewer than three active months in the last twelve months
2494	CUST-02494	San Antonio	TX	Email	High Risk	90	1	Standard Intervention	621	1	5516.38	No eligible purchase in more than 180 days; Only one eligible purchase; No eligible purchase in the last 180 days; Fewer than three active months in the last twelve months
1974	CUST-01974	Chicago	IL	Social Media	High Risk	90	1	Standard Intervention	597	1	5458.43	No eligible purchase in more than 180 days; Only one eligible purchase; No eligible purchase in the last 180 days; Fewer than three active months in the last twelve months
5496	CUST-05496	Portland	OR	Organic Search	High Risk	90	1	Standard Intervention	321	1	5442.31	No eligible purchase in more than 180 days; Only one eligible purchase; No eligible purchase in the last 180 days; Fewer than three active months in the last twelve months
7958	CUST-07958	Atlanta	GA	Social Media	High Risk	90	1	Standard Intervention	580	1	5436.17	No eligible purchase in more than 180 days; Only one eligible purchase; No eligible purchase in the last 180 days; Fewer than three active months in the last twelve months
2623	CUST-02623	Las Vegas	NV	Direct	High Risk	90	1	Standard Intervention	636	1	5389.69	No eligible purchase in more than 180 days; Only one eligible purchase; No eligible purchase in the last 180 days; Fewer than three active months in the last twelve months
7672	CUST-07672	Los Angeles	CA	Organic Search	High Risk	90	1	Standard Intervention	572	1	5359.87	No eligible purchase in more than 180 days; Only one eligible purchase; No eligible purchase in the last 180 days; Fewer than three active months in the last twelve months
3323	CUST-03323	Columbus	OH	Referral	High Risk	90	1	Standard Intervention	687	1	5353.47	No eligible purchase in more than 180 days; Only one eligible purchase; No eligible purchase in the last 180 days; Fewer than three active months in the last twelve months
7399	CUST-07399	New York	NY	Email	High Risk	90	1	Standard Intervention	594	1	5315.13	No eligible purchase in more than 180 days; Only one eligible purchase; No eligible purchase in the last 180 days; Fewer than three active months in the last twelve months
4388	CUST-04388	Houston	TX	Email	High Risk	90	1	Standard Intervention	712	1	5291.90	No eligible purchase in more than 180 days; Only one eligible purchase; No eligible purchase in the last 180 days; Fewer than three active months in the last twelve months
795	CUST-00795	Fort Worth	TX	Organic Search	High Risk	90	1	Standard Intervention	640	1	5286.68	No eligible purchase in more than 180 days; Only one eligible purchase; No eligible purchase in the last 180 days; Fewer than three active months in the last twelve months
3986	CUST-03986	Portland	OR	Organic Search	High Risk	90	1	Standard Intervention	688	1	5259.10	No eligible purchase in more than 180 days; Only one eligible purchase; No eligible purchase in the last 180 days; Fewer than three active months in the last twelve months
5446	CUST-05446	Seattle	WA	Social Media	High Risk	90	1	Standard Intervention	621	1	5222.71	No eligible purchase in more than 180 days; Only one eligible purchase; No eligible purchase in the last 180 days; Fewer than three active months in the last twelve months
3866	CUST-03866	Boston	MA	Referral	High Risk	90	1	Standard Intervention	561	1	5198.84	No eligible purchase in more than 180 days; Only one eligible purchase; No eligible purchase in the last 180 days; Fewer than three active months in the last twelve months
5365	CUST-05365	Washington	DC	Email	High Risk	90	1	Standard Intervention	228	1	5195.85	No eligible purchase in more than 180 days; Only one eligible purchase; No eligible purchase in the last 180 days; Fewer than three active months in the last twelve months
4831	CUST-04831	Seattle	WA	Organic Search	High Risk	90	1	Standard Intervention	700	1	5164.15	No eligible purchase in more than 180 days; Only one eligible purchase; No eligible purchase in the last 180 days; Fewer than three active months in the last twelve months
3577	CUST-03577	Atlanta	GA	Paid Search	High Risk	90	1	Standard Intervention	616	1	5139.12	No eligible purchase in more than 180 days; Only one eligible purchase; No eligible purchase in the last 180 days; Fewer than three active months in the last twelve months
1357	CUST-01357	Fort Worth	TX	Referral	High Risk	90	1	Standard Intervention	619	1	5114.87	No eligible purchase in more than 180 days; Only one eligible purchase; No eligible purchase in the last 180 days; Fewer than three active months in the last twelve months
5708	CUST-05708	Houston	TX	Social Media	High Risk	90	1	Standard Intervention	577	1	5108.96	No eligible purchase in more than 180 days; Only one eligible purchase; No eligible purchase in the last 180 days; Fewer than three active months in the last twelve months
3567	CUST-03567	Fort Worth	TX	Organic Search	High Risk	90	1	Standard Intervention	586	1	5103.87	No eligible purchase in more than 180 days; Only one eligible purchase; No eligible purchase in the last 180 days; Fewer than three active months in the last twelve months
3840	CUST-03840	Phoenix	AZ	Social Media	High Risk	90	1	Standard Intervention	641	1	5095.25	No eligible purchase in more than 180 days; Only one eligible purchase; No eligible purchase in the last 180 days; Fewer than three active months in the last twelve months
5184	CUST-05184	Charlotte	NC	Organic Search	High Risk	90	1	Standard Intervention	254	1	5042.26	No eligible purchase in more than 180 days; Only one eligible purchase; No eligible purchase in the last 180 days; Fewer than three active months in the last twelve months
7040	CUST-07040	Boston	MA	Email	High Risk	90	1	Standard Intervention	694	1	5036.46	No eligible purchase in more than 180 days; Only one eligible purchase; No eligible purchase in the last 180 days; Fewer than three active months in the last twelve months
401	CUST-00401	Chicago	IL	Referral	High Risk	90	1	Standard Intervention	695	1	5018.95	No eligible purchase in more than 180 days; Only one eligible purchase; No eligible purchase in the last 180 days; Fewer than three active months in the last twelve months
1277	CUST-01277	Miami	FL	Social Media	High Risk	90	1	Standard Intervention	571	1	5014.33	No eligible purchase in more than 180 days; Only one eligible purchase; No eligible purchase in the last 180 days; Fewer than three active months in the last twelve months
4369	CUST-04369	Philadelphia	PA	Organic Search	High Risk	90	1	Standard Intervention	681	1	5013.96	No eligible purchase in more than 180 days; Only one eligible purchase; No eligible purchase in the last 180 days; Fewer than three active months in the last twelve months
4437	CUST-04437	Phoenix	AZ	Referral	High Risk	90	1	Standard Intervention	600	1	4995.81	No eligible purchase in more than 180 days; Only one eligible purchase; No eligible purchase in the last 180 days; Fewer than three active months in the last twelve months
4482	CUST-04482	Philadelphia	PA	Referral	High Risk	90	1	Standard Intervention	586	1	4988.82	No eligible purchase in more than 180 days; Only one eligible purchase; No eligible purchase in the last 180 days; Fewer than three active months in the last twelve months
893	CUST-00893	Houston	TX	Social Media	High Risk	90	1	Standard Intervention	382	1	4983.59	No eligible purchase in more than 180 days; Only one eligible purchase; No eligible purchase in the last 180 days; Fewer than three active months in the last twelve months
6645	CUST-06645	Dallas	TX	Social Media	High Risk	90	1	Standard Intervention	596	1	4976.19	No eligible purchase in more than 180 days; Only one eligible purchase; No eligible purchase in the last 180 days; Fewer than three active months in the last twelve months
6866	CUST-06866	Austin	TX	Referral	High Risk	90	1	Standard Intervention	585	1	4912.42	No eligible purchase in more than 180 days; Only one eligible purchase; No eligible purchase in the last 180 days; Fewer than three active months in the last twelve months
4530	CUST-04530	Dallas	TX	Paid Search	High Risk	90	1	Standard Intervention	651	1	4909.89	No eligible purchase in more than 180 days; Only one eligible purchase; No eligible purchase in the last 180 days; Fewer than three active months in the last twelve months
3902	CUST-03902	Phoenix	AZ	Organic Search	High Risk	90	1	Standard Intervention	582	1	4903.23	No eligible purchase in more than 180 days; Only one eligible purchase; No eligible purchase in the last 180 days; Fewer than three active months in the last twelve months
5640	CUST-05640	San Diego	CA	Paid Search	High Risk	90	1	Standard Intervention	569	1	4892.65	No eligible purchase in more than 180 days; Only one eligible purchase; No eligible purchase in the last 180 days; Fewer than three active months in the last twelve months
6060	CUST-06060	Fort Worth	TX	Paid Search	High Risk	90	1	Standard Intervention	656	1	4874.08	No eligible purchase in more than 180 days; Only one eligible purchase; No eligible purchase in the last 180 days; Fewer than three active months in the last twelve months
4679	CUST-04679	Chicago	IL	Paid Search	High Risk	90	1	Standard Intervention	605	1	4853.42	No eligible purchase in more than 180 days; Only one eligible purchase; No eligible purchase in the last 180 days; Fewer than three active months in the last twelve months
2548	CUST-02548	New York	NY	Organic Search	High Risk	90	1	Standard Intervention	441	1	4821.44	No eligible purchase in more than 180 days; Only one eligible purchase; No eligible purchase in the last 180 days; Fewer than three active months in the last twelve months
5713	CUST-05713	San Jose	CA	Social Media	High Risk	90	1	Standard Intervention	673	1	4804.83	No eligible purchase in more than 180 days; Only one eligible purchase; No eligible purchase in the last 180 days; Fewer than three active months in the last twelve months
4944	CUST-04944	Columbus	OH	Paid Search	High Risk	90	1	Standard Intervention	694	1	4786.24	No eligible purchase in more than 180 days; Only one eligible purchase; No eligible purchase in the last 180 days; Fewer than three active months in the last twelve months
761	CUST-00761	San Antonio	TX	Organic Search	High Risk	90	1	Standard Intervention	558	1	4779.54	No eligible purchase in more than 180 days; Only one eligible purchase; No eligible purchase in the last 180 days; Fewer than three active months in the last twelve months
4946	CUST-04946	Dallas	TX	Paid Search	High Risk	90	1	Standard Intervention	715	1	4777.65	No eligible purchase in more than 180 days; Only one eligible purchase; No eligible purchase in the last 180 days; Fewer than three active months in the last twelve months
5685	CUST-05685	Columbus	OH	Paid Search	High Risk	90	1	Standard Intervention	615	1	4770.01	No eligible purchase in more than 180 days; Only one eligible purchase; No eligible purchase in the last 180 days; Fewer than three active months in the last twelve months
3601	CUST-03601	Columbus	OH	Email	High Risk	90	1	Standard Intervention	661	1	4768.15	No eligible purchase in more than 180 days; Only one eligible purchase; No eligible purchase in the last 180 days; Fewer than three active months in the last twelve months
4733	CUST-04733	Jacksonville	FL	Organic Search	High Risk	90	1	Standard Intervention	620	1	4724.24	No eligible purchase in more than 180 days; Only one eligible purchase; No eligible purchase in the last 180 days; Fewer than three active months in the last twelve months
2238	CUST-02238	Los Angeles	CA	Organic Search	High Risk	90	1	Standard Intervention	258	1	4686.19	No eligible purchase in more than 180 days; Only one eligible purchase; No eligible purchase in the last 180 days; Fewer than three active months in the last twelve months
2069	CUST-02069	Columbus	OH	Referral	High Risk	90	1	Standard Intervention	556	1	4673.58	No eligible purchase in more than 180 days; Only one eligible purchase; No eligible purchase in the last 180 days; Fewer than three active months in the last twelve months
5272	CUST-05272	Portland	OR	Email	High Risk	90	1	Standard Intervention	211	1	4663.41	No eligible purchase in more than 180 days; Only one eligible purchase; No eligible purchase in the last 180 days; Fewer than three active months in the last twelve months
5771	CUST-05771	San Jose	CA	Email	High Risk	90	1	Standard Intervention	674	1	4650.46	No eligible purchase in more than 180 days; Only one eligible purchase; No eligible purchase in the last 180 days; Fewer than three active months in the last twelve months
5139	CUST-05139	San Antonio	TX	Social Media	High Risk	90	1	Standard Intervention	639	1	4631.45	No eligible purchase in more than 180 days; Only one eligible purchase; No eligible purchase in the last 180 days; Fewer than three active months in the last twelve months
3352	CUST-03352	Philadelphia	PA	Email	High Risk	90	1	Standard Intervention	567	1	4626.00	No eligible purchase in more than 180 days; Only one eligible purchase; No eligible purchase in the last 180 days; Fewer than three active months in the last twelve months
2407	CUST-02407	Denver	CO	Social Media	High Risk	90	1	Standard Intervention	622	1	4616.48	No eligible purchase in more than 180 days; Only one eligible purchase; No eligible purchase in the last 180 days; Fewer than three active months in the last twelve months
6313	CUST-06313	Las Vegas	NV	Paid Search	High Risk	90	1	Standard Intervention	579	1	4587.77	No eligible purchase in more than 180 days; Only one eligible purchase; No eligible purchase in the last 180 days; Fewer than three active months in the last twelve months
7424	CUST-07424	Dallas	TX	Paid Search	High Risk	90	1	Standard Intervention	607	1	4568.54	No eligible purchase in more than 180 days; Only one eligible purchase; No eligible purchase in the last 180 days; Fewer than three active months in the last twelve months
1621	CUST-01621	New York	NY	Paid Search	High Risk	90	1	Standard Intervention	288	1	4516.47	No eligible purchase in more than 180 days; Only one eligible purchase; No eligible purchase in the last 180 days; Fewer than three active months in the last twelve months
2822	CUST-02822	New York	NY	Social Media	High Risk	90	1	Standard Intervention	322	1	4512.22	No eligible purchase in more than 180 days; Only one eligible purchase; No eligible purchase in the last 180 days; Fewer than three active months in the last twelve months
2480	CUST-02480	Austin	TX	Paid Search	High Risk	90	1	Standard Intervention	423	1	4501.58	No eligible purchase in more than 180 days; Only one eligible purchase; No eligible purchase in the last 180 days; Fewer than three active months in the last twelve months
2460	CUST-02460	New York	NY	Organic Search	High Risk	90	1	Standard Intervention	643	1	4486.58	No eligible purchase in more than 180 days; Only one eligible purchase; No eligible purchase in the last 180 days; Fewer than three active months in the last twelve months
692	CUST-00692	Miami	FL	Direct	High Risk	90	1	Standard Intervention	621	1	4435.22	No eligible purchase in more than 180 days; Only one eligible purchase; No eligible purchase in the last 180 days; Fewer than three active months in the last twelve months
5276	CUST-05276	Seattle	WA	Organic Search	High Risk	90	1	Standard Intervention	604	1	4334.49	No eligible purchase in more than 180 days; Only one eligible purchase; No eligible purchase in the last 180 days; Fewer than three active months in the last twelve months
7331	CUST-07331	Houston	TX	Organic Search	High Risk	90	1	Standard Intervention	598	1	4319.20	No eligible purchase in more than 180 days; Only one eligible purchase; No eligible purchase in the last 180 days; Fewer than three active months in the last twelve months
1700	CUST-01700	Houston	TX	Direct	High Risk	90	1	Standard Intervention	572	1	4284.92	No eligible purchase in more than 180 days; Only one eligible purchase; No eligible purchase in the last 180 days; Fewer than three active months in the last twelve months
3817	CUST-03817	San Diego	CA	Social Media	High Risk	90	1	Standard Intervention	258	1	4284.72	No eligible purchase in more than 180 days; Only one eligible purchase; No eligible purchase in the last 180 days; Fewer than three active months in the last twelve months
2367	CUST-02367	Los Angeles	CA	Email	High Risk	90	1	Standard Intervention	618	1	4280.44	No eligible purchase in more than 180 days; Only one eligible purchase; No eligible purchase in the last 180 days; Fewer than three active months in the last twelve months
1456	CUST-01456	Nashville	TN	Email	High Risk	90	1	Standard Intervention	655	1	4253.68	No eligible purchase in more than 180 days; Only one eligible purchase; No eligible purchase in the last 180 days; Fewer than three active months in the last twelve months
4442	CUST-04442	New York	NY	Social Media	High Risk	90	1	Standard Intervention	237	1	4232.56	No eligible purchase in more than 180 days; Only one eligible purchase; No eligible purchase in the last 180 days; Fewer than three active months in the last twelve months
4316	CUST-04316	Houston	TX	Social Media	High Risk	90	1	Standard Intervention	272	1	4230.87	No eligible purchase in more than 180 days; Only one eligible purchase; No eligible purchase in the last 180 days; Fewer than three active months in the last twelve months
7687	CUST-07687	San Jose	CA	Organic Search	High Risk	90	1	Standard Intervention	599	1	4215.12	No eligible purchase in more than 180 days; Only one eligible purchase; No eligible purchase in the last 180 days; Fewer than three active months in the last twelve months
5902	CUST-05902	Denver	CO	Social Media	High Risk	90	1	Standard Intervention	597	1	4190.37	No eligible purchase in more than 180 days; Only one eligible purchase; No eligible purchase in the last 180 days; Fewer than three active months in the last twelve months
3746	CUST-03746	San Diego	CA	Referral	High Risk	90	1	Standard Intervention	628	1	4175.61	No eligible purchase in more than 180 days; Only one eligible purchase; No eligible purchase in the last 180 days; Fewer than three active months in the last twelve months
5074	CUST-05074	New York	NY	Social Media	High Risk	90	1	Standard Intervention	716	1	4167.91	No eligible purchase in more than 180 days; Only one eligible purchase; No eligible purchase in the last 180 days; Fewer than three active months in the last twelve months
3661	CUST-03661	San Jose	CA	Organic Search	High Risk	90	1	Standard Intervention	715	1	4167.86	No eligible purchase in more than 180 days; Only one eligible purchase; No eligible purchase in the last 180 days; Fewer than three active months in the last twelve months
546	CUST-00546	San Jose	CA	Referral	High Risk	90	1	Standard Intervention	684	1	4145.42	No eligible purchase in more than 180 days; Only one eligible purchase; No eligible purchase in the last 180 days; Fewer than three active months in the last twelve months
4537	CUST-04537	Boston	MA	Email	High Risk	90	1	Standard Intervention	622	1	4128.66	No eligible purchase in more than 180 days; Only one eligible purchase; No eligible purchase in the last 180 days; Fewer than three active months in the last twelve months
1750	CUST-01750	Austin	TX	Paid Search	High Risk	90	1	Standard Intervention	659	1	4119.72	No eligible purchase in more than 180 days; Only one eligible purchase; No eligible purchase in the last 180 days; Fewer than three active months in the last twelve months
5417	CUST-05417	San Diego	CA	Social Media	High Risk	90	1	Standard Intervention	653	1	4091.17	No eligible purchase in more than 180 days; Only one eligible purchase; No eligible purchase in the last 180 days; Fewer than three active months in the last twelve months
7447	CUST-07447	Columbus	OH	Email	High Risk	90	1	Standard Intervention	557	1	4085.93	No eligible purchase in more than 180 days; Only one eligible purchase; No eligible purchase in the last 180 days; Fewer than three active months in the last twelve months
2255	CUST-02255	San Jose	CA	Social Media	High Risk	90	1	Standard Intervention	582	1	4079.11	No eligible purchase in more than 180 days; Only one eligible purchase; No eligible purchase in the last 180 days; Fewer than three active months in the last twelve months
6396	CUST-06396	Nashville	TN	Organic Search	High Risk	90	1	Standard Intervention	363	1	4068.98	No eligible purchase in more than 180 days; Only one eligible purchase; No eligible purchase in the last 180 days; Fewer than three active months in the last twelve months
4440	CUST-04440	Charlotte	NC	Referral	High Risk	90	1	Standard Intervention	664	1	4066.15	No eligible purchase in more than 180 days; Only one eligible purchase; No eligible purchase in the last 180 days; Fewer than three active months in the last twelve months
3202	CUST-03202	Chicago	IL	Social Media	High Risk	90	1	Standard Intervention	695	1	4065.14	No eligible purchase in more than 180 days; Only one eligible purchase; No eligible purchase in the last 180 days; Fewer than three active months in the last twelve months
3330	CUST-03330	Charlotte	NC	Referral	High Risk	90	1	Standard Intervention	712	1	4060.01	No eligible purchase in more than 180 days; Only one eligible purchase; No eligible purchase in the last 180 days; Fewer than three active months in the last twelve months
3624	CUST-03624	Nashville	TN	Referral	High Risk	90	1	Standard Intervention	715	1	4040.97	No eligible purchase in more than 180 days; Only one eligible purchase; No eligible purchase in the last 180 days; Fewer than three active months in the last twelve months
858	CUST-00858	Houston	TX	Organic Search	High Risk	90	1	Standard Intervention	624	1	4024.90	No eligible purchase in more than 180 days; Only one eligible purchase; No eligible purchase in the last 180 days; Fewer than three active months in the last twelve months
3479	CUST-03479	Denver	CO	Social Media	High Risk	90	1	Standard Intervention	615	1	4014.00	No eligible purchase in more than 180 days; Only one eligible purchase; No eligible purchase in the last 180 days; Fewer than three active months in the last twelve months
4409	CUST-04409	Charlotte	NC	Organic Search	High Risk	90	1	Standard Intervention	571	1	4010.11	No eligible purchase in more than 180 days; Only one eligible purchase; No eligible purchase in the last 180 days; Fewer than three active months in the last twelve months
359	CUST-00359	San Antonio	TX	Organic Search	High Risk	90	1	Standard Intervention	219	1	3994.93	No eligible purchase in more than 180 days; Only one eligible purchase; No eligible purchase in the last 180 days; Fewer than three active months in the last twelve months
5416	CUST-05416	Seattle	WA	Email	High Risk	90	1	Standard Intervention	510	1	3992.01	No eligible purchase in more than 180 days; Only one eligible purchase; No eligible purchase in the last 180 days; Fewer than three active months in the last twelve months
5754	CUST-05754	Seattle	WA	Email	High Risk	90	1	Standard Intervention	707	1	3990.46	No eligible purchase in more than 180 days; Only one eligible purchase; No eligible purchase in the last 180 days; Fewer than three active months in the last twelve months
1697	CUST-01697	Miami	FL	Email	High Risk	90	1	Standard Intervention	585	1	3981.84	No eligible purchase in more than 180 days; Only one eligible purchase; No eligible purchase in the last 180 days; Fewer than three active months in the last twelve months
4647	CUST-04647	Los Angeles	CA	Organic Search	High Risk	90	1	Standard Intervention	633	1	3980.86	No eligible purchase in more than 180 days; Only one eligible purchase; No eligible purchase in the last 180 days; Fewer than three active months in the last twelve months
7382	CUST-07382	Fort Worth	TX	Direct	High Risk	90	1	Standard Intervention	572	1	3977.84	No eligible purchase in more than 180 days; Only one eligible purchase; No eligible purchase in the last 180 days; Fewer than three active months in the last twelve months
6004	CUST-06004	San Diego	CA	Paid Search	High Risk	90	1	Standard Intervention	550	1	3967.18	No eligible purchase in more than 180 days; Only one eligible purchase; No eligible purchase in the last 180 days; Fewer than three active months in the last twelve months
4358	CUST-04358	Boston	MA	Direct	High Risk	90	1	Standard Intervention	654	1	3938.52	No eligible purchase in more than 180 days; Only one eligible purchase; No eligible purchase in the last 180 days; Fewer than three active months in the last twelve months
7621	CUST-07621	Las Vegas	NV	Email	High Risk	90	1	Standard Intervention	688	1	3919.97	No eligible purchase in more than 180 days; Only one eligible purchase; No eligible purchase in the last 180 days; Fewer than three active months in the last twelve months
109	CUST-00109	Philadelphia	PA	Organic Search	High Risk	90	1	Standard Intervention	579	1	3909.22	No eligible purchase in more than 180 days; Only one eligible purchase; No eligible purchase in the last 180 days; Fewer than three active months in the last twelve months
3147	CUST-03147	Philadelphia	PA	Paid Search	High Risk	90	1	Standard Intervention	598	1	3890.46	No eligible purchase in more than 180 days; Only one eligible purchase; No eligible purchase in the last 180 days; Fewer than three active months in the last twelve months
3751	CUST-03751	Fort Worth	TX	Direct	High Risk	90	1	Standard Intervention	650	1	3871.90	No eligible purchase in more than 180 days; Only one eligible purchase; No eligible purchase in the last 180 days; Fewer than three active months in the last twelve months
6217	CUST-06217	Las Vegas	NV	Referral	High Risk	90	1	Standard Intervention	585	1	3863.93	No eligible purchase in more than 180 days; Only one eligible purchase; No eligible purchase in the last 180 days; Fewer than three active months in the last twelve months
1806	CUST-01806	San Antonio	TX	Referral	High Risk	90	1	Standard Intervention	649	1	3856.70	No eligible purchase in more than 180 days; Only one eligible purchase; No eligible purchase in the last 180 days; Fewer than three active months in the last twelve months
6453	CUST-06453	Philadelphia	PA	Organic Search	High Risk	90	1	Standard Intervention	566	1	3849.55	No eligible purchase in more than 180 days; Only one eligible purchase; No eligible purchase in the last 180 days; Fewer than three active months in the last twelve months
3564	CUST-03564	New York	NY	Direct	High Risk	90	1	Standard Intervention	717	1	3845.71	No eligible purchase in more than 180 days; Only one eligible purchase; No eligible purchase in the last 180 days; Fewer than three active months in the last twelve months
6557	CUST-06557	Washington	DC	Paid Search	High Risk	90	1	Standard Intervention	609	1	3817.33	No eligible purchase in more than 180 days; Only one eligible purchase; No eligible purchase in the last 180 days; Fewer than three active months in the last twelve months
5675	CUST-05675	Columbus	OH	Referral	High Risk	90	1	Standard Intervention	615	1	3808.14	No eligible purchase in more than 180 days; Only one eligible purchase; No eligible purchase in the last 180 days; Fewer than three active months in the last twelve months
680	CUST-00680	Fort Worth	TX	Email	High Risk	90	1	Standard Intervention	706	1	3795.87	No eligible purchase in more than 180 days; Only one eligible purchase; No eligible purchase in the last 180 days; Fewer than three active months in the last twelve months
7462	CUST-07462	Portland	OR	Email	High Risk	90	1	Standard Intervention	703	1	3792.80	No eligible purchase in more than 180 days; Only one eligible purchase; No eligible purchase in the last 180 days; Fewer than three active months in the last twelve months
4548	CUST-04548	Seattle	WA	Referral	High Risk	90	1	Standard Intervention	680	1	3789.71	No eligible purchase in more than 180 days; Only one eligible purchase; No eligible purchase in the last 180 days; Fewer than three active months in the last twelve months
3435	CUST-03435	Dallas	TX	Direct	High Risk	90	1	Standard Intervention	471	1	3762.39	No eligible purchase in more than 180 days; Only one eligible purchase; No eligible purchase in the last 180 days; Fewer than three active months in the last twelve months
4405	CUST-04405	Dallas	TX	Paid Search	High Risk	90	1	Standard Intervention	700	1	3761.96	No eligible purchase in more than 180 days; Only one eligible purchase; No eligible purchase in the last 180 days; Fewer than three active months in the last twelve months
4825	CUST-04825	Fort Worth	TX	Paid Search	High Risk	90	1	Standard Intervention	246	1	3744.86	No eligible purchase in more than 180 days; Only one eligible purchase; No eligible purchase in the last 180 days; Fewer than three active months in the last twelve months
7026	CUST-07026	Seattle	WA	Paid Search	High Risk	90	1	Standard Intervention	596	1	3740.54	No eligible purchase in more than 180 days; Only one eligible purchase; No eligible purchase in the last 180 days; Fewer than three active months in the last twelve months
7357	CUST-07357	Portland	OR	Organic Search	High Risk	90	1	Standard Intervention	573	1	3736.33	No eligible purchase in more than 180 days; Only one eligible purchase; No eligible purchase in the last 180 days; Fewer than three active months in the last twelve months
4608	CUST-04608	Columbus	OH	Paid Search	High Risk	90	1	Standard Intervention	221	1	3728.83	No eligible purchase in more than 180 days; Only one eligible purchase; No eligible purchase in the last 180 days; Fewer than three active months in the last twelve months
5714	CUST-05714	Miami	FL	Referral	High Risk	90	1	Standard Intervention	628	1	3727.98	No eligible purchase in more than 180 days; Only one eligible purchase; No eligible purchase in the last 180 days; Fewer than three active months in the last twelve months
1926	CUST-01926	Phoenix	AZ	Social Media	High Risk	90	1	Standard Intervention	709	1	3726.09	No eligible purchase in more than 180 days; Only one eligible purchase; No eligible purchase in the last 180 days; Fewer than three active months in the last twelve months
2611	CUST-02611	San Diego	CA	Paid Search	High Risk	90	1	Standard Intervention	689	1	3721.19	No eligible purchase in more than 180 days; Only one eligible purchase; No eligible purchase in the last 180 days; Fewer than three active months in the last twelve months
3434	CUST-03434	Denver	CO	Paid Search	High Risk	90	1	Standard Intervention	722	1	3707.53	No eligible purchase in more than 180 days; Only one eligible purchase; No eligible purchase in the last 180 days; Fewer than three active months in the last twelve months
6590	CUST-06590	Chicago	IL	Social Media	High Risk	90	1	Standard Intervention	358	1	3707.08	No eligible purchase in more than 180 days; Only one eligible purchase; No eligible purchase in the last 180 days; Fewer than three active months in the last twelve months
2410	CUST-02410	Houston	TX	Email	High Risk	90	1	Standard Intervention	625	1	3684.22	No eligible purchase in more than 180 days; Only one eligible purchase; No eligible purchase in the last 180 days; Fewer than three active months in the last twelve months
7804	CUST-07804	Columbus	OH	Organic Search	High Risk	90	1	Standard Intervention	673	1	3668.22	No eligible purchase in more than 180 days; Only one eligible purchase; No eligible purchase in the last 180 days; Fewer than three active months in the last twelve months
2629	CUST-02629	Chicago	IL	Organic Search	High Risk	90	1	Standard Intervention	623	1	3645.84	No eligible purchase in more than 180 days; Only one eligible purchase; No eligible purchase in the last 180 days; Fewer than three active months in the last twelve months
5939	CUST-05939	Denver	CO	Organic Search	High Risk	90	1	Standard Intervention	320	1	3641.28	No eligible purchase in more than 180 days; Only one eligible purchase; No eligible purchase in the last 180 days; Fewer than three active months in the last twelve months
5518	CUST-05518	San Antonio	TX	Social Media	High Risk	90	1	Standard Intervention	658	1	3635.28	No eligible purchase in more than 180 days; Only one eligible purchase; No eligible purchase in the last 180 days; Fewer than three active months in the last twelve months
3643	CUST-03643	Fort Worth	TX	Direct	High Risk	90	1	Standard Intervention	579	1	3629.67	No eligible purchase in more than 180 days; Only one eligible purchase; No eligible purchase in the last 180 days; Fewer than three active months in the last twelve months
1228	CUST-01228	Philadelphia	PA	Paid Search	High Risk	90	1	Standard Intervention	714	1	3614.85	No eligible purchase in more than 180 days; Only one eligible purchase; No eligible purchase in the last 180 days; Fewer than three active months in the last twelve months
2518	CUST-02518	Chicago	IL	Organic Search	High Risk	90	1	Standard Intervention	240	1	3582.74	No eligible purchase in more than 180 days; Only one eligible purchase; No eligible purchase in the last 180 days; Fewer than three active months in the last twelve months
4070	CUST-04070	Jacksonville	FL	Paid Search	High Risk	90	1	Standard Intervention	670	1	3573.30	No eligible purchase in more than 180 days; Only one eligible purchase; No eligible purchase in the last 180 days; Fewer than three active months in the last twelve months
6558	CUST-06558	Dallas	TX	Direct	High Risk	90	1	Standard Intervention	652	1	3546.06	No eligible purchase in more than 180 days; Only one eligible purchase; No eligible purchase in the last 180 days; Fewer than three active months in the last twelve months
3381	CUST-03381	Portland	OR	Organic Search	High Risk	90	1	Standard Intervention	620	1	3546.00	No eligible purchase in more than 180 days; Only one eligible purchase; No eligible purchase in the last 180 days; Fewer than three active months in the last twelve months
7786	CUST-07786	Fort Worth	TX	Paid Search	High Risk	90	1	Standard Intervention	349	1	3529.37	No eligible purchase in more than 180 days; Only one eligible purchase; No eligible purchase in the last 180 days; Fewer than three active months in the last twelve months
6779	CUST-06779	Dallas	TX	Organic Search	High Risk	90	1	Standard Intervention	681	1	3525.05	No eligible purchase in more than 180 days; Only one eligible purchase; No eligible purchase in the last 180 days; Fewer than three active months in the last twelve months
1548	CUST-01548	Dallas	TX	Organic Search	High Risk	90	1	Standard Intervention	686	1	3520.58	No eligible purchase in more than 180 days; Only one eligible purchase; No eligible purchase in the last 180 days; Fewer than three active months in the last twelve months
3358	CUST-03358	Los Angeles	CA	Direct	High Risk	90	1	Standard Intervention	328	1	3516.27	No eligible purchase in more than 180 days; Only one eligible purchase; No eligible purchase in the last 180 days; Fewer than three active months in the last twelve months
1490	CUST-01490	Houston	TX	Organic Search	High Risk	90	1	Standard Intervention	643	1	3505.57	No eligible purchase in more than 180 days; Only one eligible purchase; No eligible purchase in the last 180 days; Fewer than three active months in the last twelve months
325	CUST-00325	San Diego	CA	Paid Search	High Risk	90	1	Standard Intervention	298	1	3504.48	No eligible purchase in more than 180 days; Only one eligible purchase; No eligible purchase in the last 180 days; Fewer than three active months in the last twelve months
679	CUST-00679	Philadelphia	PA	Organic Search	High Risk	90	1	Standard Intervention	561	1	3503.79	No eligible purchase in more than 180 days; Only one eligible purchase; No eligible purchase in the last 180 days; Fewer than three active months in the last twelve months
7547	CUST-07547	San Antonio	TX	Paid Search	High Risk	90	1	Standard Intervention	196	1	3461.71	No eligible purchase in more than 180 days; Only one eligible purchase; No eligible purchase in the last 180 days; Fewer than three active months in the last twelve months
7515	CUST-07515	Miami	FL	Email	High Risk	90	1	Standard Intervention	665	1	3458.09	No eligible purchase in more than 180 days; Only one eligible purchase; No eligible purchase in the last 180 days; Fewer than three active months in the last twelve months
3379	CUST-03379	Denver	CO	Organic Search	High Risk	90	1	Standard Intervention	614	1	3425.89	No eligible purchase in more than 180 days; Only one eligible purchase; No eligible purchase in the last 180 days; Fewer than three active months in the last twelve months
3810	CUST-03810	Phoenix	AZ	Email	High Risk	90	1	Standard Intervention	646	1	3417.89	No eligible purchase in more than 180 days; Only one eligible purchase; No eligible purchase in the last 180 days; Fewer than three active months in the last twelve months
2584	CUST-02584	Denver	CO	Email	High Risk	90	1	Standard Intervention	615	1	3409.08	No eligible purchase in more than 180 days; Only one eligible purchase; No eligible purchase in the last 180 days; Fewer than three active months in the last twelve months
6182	CUST-06182	Philadelphia	PA	Direct	High Risk	90	1	Standard Intervention	424	1	3405.98	No eligible purchase in more than 180 days; Only one eligible purchase; No eligible purchase in the last 180 days; Fewer than three active months in the last twelve months
1463	CUST-01463	Chicago	IL	Direct	High Risk	90	1	Standard Intervention	716	1	3402.28	No eligible purchase in more than 180 days; Only one eligible purchase; No eligible purchase in the last 180 days; Fewer than three active months in the last twelve months
3071	CUST-03071	Las Vegas	NV	Organic Search	High Risk	90	1	Standard Intervention	617	1	3396.57	No eligible purchase in more than 180 days; Only one eligible purchase; No eligible purchase in the last 180 days; Fewer than three active months in the last twelve months
5769	CUST-05769	Chicago	IL	Paid Search	High Risk	90	1	Standard Intervention	628	1	3389.41	No eligible purchase in more than 180 days; Only one eligible purchase; No eligible purchase in the last 180 days; Fewer than three active months in the last twelve months
2940	CUST-02940	Los Angeles	CA	Organic Search	High Risk	90	1	Standard Intervention	641	1	3382.14	No eligible purchase in more than 180 days; Only one eligible purchase; No eligible purchase in the last 180 days; Fewer than three active months in the last twelve months
6393	CUST-06393	New York	NY	Paid Search	High Risk	90	1	Standard Intervention	595	1	3372.93	No eligible purchase in more than 180 days; Only one eligible purchase; No eligible purchase in the last 180 days; Fewer than three active months in the last twelve months
5488	CUST-05488	Las Vegas	NV	Referral	High Risk	90	1	Standard Intervention	615	1	3366.21	No eligible purchase in more than 180 days; Only one eligible purchase; No eligible purchase in the last 180 days; Fewer than three active months in the last twelve months
6369	CUST-06369	Fort Worth	TX	Direct	High Risk	90	1	Standard Intervention	680	1	3361.30	No eligible purchase in more than 180 days; Only one eligible purchase; No eligible purchase in the last 180 days; Fewer than three active months in the last twelve months
5872	CUST-05872	Portland	OR	Direct	High Risk	90	1	Standard Intervention	613	1	3356.61	No eligible purchase in more than 180 days; Only one eligible purchase; No eligible purchase in the last 180 days; Fewer than three active months in the last twelve months
2027	CUST-02027	Miami	FL	Paid Search	High Risk	90	1	Standard Intervention	707	1	3348.09	No eligible purchase in more than 180 days; Only one eligible purchase; No eligible purchase in the last 180 days; Fewer than three active months in the last twelve months
6890	CUST-06890	Houston	TX	Paid Search	High Risk	90	1	Standard Intervention	400	1	3341.31	No eligible purchase in more than 180 days; Only one eligible purchase; No eligible purchase in the last 180 days; Fewer than three active months in the last twelve months
805	CUST-00805	Los Angeles	CA	Organic Search	High Risk	90	1	Standard Intervention	687	1	3340.19	No eligible purchase in more than 180 days; Only one eligible purchase; No eligible purchase in the last 180 days; Fewer than three active months in the last twelve months
5036	CUST-05036	Portland	OR	Email	High Risk	90	1	Standard Intervention	622	1	3334.63	No eligible purchase in more than 180 days; Only one eligible purchase; No eligible purchase in the last 180 days; Fewer than three active months in the last twelve months
7607	CUST-07607	San Antonio	TX	Social Media	High Risk	90	1	Standard Intervention	727	1	3333.73	No eligible purchase in more than 180 days; Only one eligible purchase; No eligible purchase in the last 180 days; Fewer than three active months in the last twelve months
5655	CUST-05655	Dallas	TX	Social Media	High Risk	90	1	Standard Intervention	322	1	3325.93	No eligible purchase in more than 180 days; Only one eligible purchase; No eligible purchase in the last 180 days; Fewer than three active months in the last twelve months
5440	CUST-05440	Washington	DC	Direct	High Risk	90	1	Standard Intervention	700	1	3320.91	No eligible purchase in more than 180 days; Only one eligible purchase; No eligible purchase in the last 180 days; Fewer than three active months in the last twelve months
5120	CUST-05120	Los Angeles	CA	Social Media	High Risk	90	1	Standard Intervention	596	1	3293.98	No eligible purchase in more than 180 days; Only one eligible purchase; No eligible purchase in the last 180 days; Fewer than three active months in the last twelve months
4253	CUST-04253	Philadelphia	PA	Organic Search	High Risk	90	1	Standard Intervention	651	1	3281.86	No eligible purchase in more than 180 days; Only one eligible purchase; No eligible purchase in the last 180 days; Fewer than three active months in the last twelve months
6295	CUST-06295	Houston	TX	Social Media	High Risk	90	1	Standard Intervention	554	1	3279.43	No eligible purchase in more than 180 days; Only one eligible purchase; No eligible purchase in the last 180 days; Fewer than three active months in the last twelve months
4651	CUST-04651	Philadelphia	PA	Direct	High Risk	90	1	Standard Intervention	607	1	3277.31	No eligible purchase in more than 180 days; Only one eligible purchase; No eligible purchase in the last 180 days; Fewer than three active months in the last twelve months
274	CUST-00274	Austin	TX	Organic Search	High Risk	90	1	Standard Intervention	729	1	3274.51	No eligible purchase in more than 180 days; Only one eligible purchase; No eligible purchase in the last 180 days; Fewer than three active months in the last twelve months
2095	CUST-02095	Washington	DC	Direct	High Risk	90	1	Standard Intervention	243	1	3258.21	No eligible purchase in more than 180 days; Only one eligible purchase; No eligible purchase in the last 180 days; Fewer than three active months in the last twelve months
3356	CUST-03356	Seattle	WA	Organic Search	High Risk	90	1	Standard Intervention	639	1	3248.51	No eligible purchase in more than 180 days; Only one eligible purchase; No eligible purchase in the last 180 days; Fewer than three active months in the last twelve months
6272	CUST-06272	Charlotte	NC	Direct	High Risk	90	1	Standard Intervention	634	1	3244.49	No eligible purchase in more than 180 days; Only one eligible purchase; No eligible purchase in the last 180 days; Fewer than three active months in the last twelve months
3497	CUST-03497	Phoenix	AZ	Social Media	High Risk	90	1	Standard Intervention	515	1	3224.21	No eligible purchase in more than 180 days; Only one eligible purchase; No eligible purchase in the last 180 days; Fewer than three active months in the last twelve months
2114	CUST-02114	Columbus	OH	Organic Search	High Risk	90	1	Standard Intervention	512	1	3223.37	No eligible purchase in more than 180 days; Only one eligible purchase; No eligible purchase in the last 180 days; Fewer than three active months in the last twelve months
2609	CUST-02609	San Antonio	TX	Social Media	High Risk	90	1	Standard Intervention	215	1	3222.29	No eligible purchase in more than 180 days; Only one eligible purchase; No eligible purchase in the last 180 days; Fewer than three active months in the last twelve months
2040	CUST-02040	Phoenix	AZ	Paid Search	High Risk	90	1	Standard Intervention	635	1	3211.45	No eligible purchase in more than 180 days; Only one eligible purchase; No eligible purchase in the last 180 days; Fewer than three active months in the last twelve months
2862	CUST-02862	Houston	TX	Paid Search	High Risk	90	1	Standard Intervention	564	1	3196.70	No eligible purchase in more than 180 days; Only one eligible purchase; No eligible purchase in the last 180 days; Fewer than three active months in the last twelve months
5940	CUST-05940	New York	NY	Social Media	High Risk	90	1	Standard Intervention	398	1	3185.33	No eligible purchase in more than 180 days; Only one eligible purchase; No eligible purchase in the last 180 days; Fewer than three active months in the last twelve months
117	CUST-00117	Los Angeles	CA	Organic Search	High Risk	90	1	Standard Intervention	619	1	3185.22	No eligible purchase in more than 180 days; Only one eligible purchase; No eligible purchase in the last 180 days; Fewer than three active months in the last twelve months
5135	CUST-05135	Las Vegas	NV	Email	High Risk	90	1	Standard Intervention	662	1	3182.94	No eligible purchase in more than 180 days; Only one eligible purchase; No eligible purchase in the last 180 days; Fewer than three active months in the last twelve months
7303	CUST-07303	Seattle	WA	Organic Search	High Risk	90	1	Standard Intervention	728	1	3181.58	No eligible purchase in more than 180 days; Only one eligible purchase; No eligible purchase in the last 180 days; Fewer than three active months in the last twelve months
6280	CUST-06280	Chicago	IL	Paid Search	High Risk	90	1	Standard Intervention	667	1	3180.56	No eligible purchase in more than 180 days; Only one eligible purchase; No eligible purchase in the last 180 days; Fewer than three active months in the last twelve months
2823	CUST-02823	Portland	OR	Organic Search	High Risk	90	1	Standard Intervention	647	1	3177.28	No eligible purchase in more than 180 days; Only one eligible purchase; No eligible purchase in the last 180 days; Fewer than three active months in the last twelve months
4688	CUST-04688	Houston	TX	Social Media	High Risk	90	1	Standard Intervention	707	1	3164.87	No eligible purchase in more than 180 days; Only one eligible purchase; No eligible purchase in the last 180 days; Fewer than three active months in the last twelve months
428	CUST-00428	Atlanta	GA	Direct	High Risk	90	1	Standard Intervention	702	1	3160.21	No eligible purchase in more than 180 days; Only one eligible purchase; No eligible purchase in the last 180 days; Fewer than three active months in the last twelve months
6403	CUST-06403	Charlotte	NC	Organic Search	High Risk	90	1	Standard Intervention	728	1	3154.25	No eligible purchase in more than 180 days; Only one eligible purchase; No eligible purchase in the last 180 days; Fewer than three active months in the last twelve months
6177	CUST-06177	New York	NY	Email	High Risk	90	1	Standard Intervention	638	1	3152.96	No eligible purchase in more than 180 days; Only one eligible purchase; No eligible purchase in the last 180 days; Fewer than three active months in the last twelve months
7123	CUST-07123	New York	NY	Organic Search	High Risk	90	1	Standard Intervention	372	1	3149.04	No eligible purchase in more than 180 days; Only one eligible purchase; No eligible purchase in the last 180 days; Fewer than three active months in the last twelve months
837	CUST-00837	Portland	OR	Paid Search	High Risk	90	1	Standard Intervention	631	1	3143.94	No eligible purchase in more than 180 days; Only one eligible purchase; No eligible purchase in the last 180 days; Fewer than three active months in the last twelve months
5852	CUST-05852	New York	NY	Organic Search	High Risk	90	1	Standard Intervention	634	1	3138.11	No eligible purchase in more than 180 days; Only one eligible purchase; No eligible purchase in the last 180 days; Fewer than three active months in the last twelve months
10	CUST-00010	Fort Worth	TX	Social Media	High Risk	90	1	Standard Intervention	624	1	3134.18	No eligible purchase in more than 180 days; Only one eligible purchase; No eligible purchase in the last 180 days; Fewer than three active months in the last twelve months
6976	CUST-06976	Nashville	TN	Direct	High Risk	90	1	Standard Intervention	680	1	3131.25	No eligible purchase in more than 180 days; Only one eligible purchase; No eligible purchase in the last 180 days; Fewer than three active months in the last twelve months
1012	CUST-01012	Nashville	TN	Direct	High Risk	90	1	Standard Intervention	509	1	3116.64	No eligible purchase in more than 180 days; Only one eligible purchase; No eligible purchase in the last 180 days; Fewer than three active months in the last twelve months
1809	CUST-01809	Phoenix	AZ	Email	High Risk	90	1	Standard Intervention	707	1	3110.60	No eligible purchase in more than 180 days; Only one eligible purchase; No eligible purchase in the last 180 days; Fewer than three active months in the last twelve months
5070	CUST-05070	Dallas	TX	Organic Search	High Risk	90	1	Standard Intervention	710	1	3108.27	No eligible purchase in more than 180 days; Only one eligible purchase; No eligible purchase in the last 180 days; Fewer than three active months in the last twelve months
818	CUST-00818	Miami	FL	Organic Search	High Risk	90	1	Standard Intervention	720	1	3097.09	No eligible purchase in more than 180 days; Only one eligible purchase; No eligible purchase in the last 180 days; Fewer than three active months in the last twelve months
6822	CUST-06822	Las Vegas	NV	Organic Search	High Risk	90	1	Standard Intervention	576	1	3087.91	No eligible purchase in more than 180 days; Only one eligible purchase; No eligible purchase in the last 180 days; Fewer than three active months in the last twelve months
1925	CUST-01925	Chicago	IL	Direct	High Risk	90	1	Standard Intervention	611	1	3087.60	No eligible purchase in more than 180 days; Only one eligible purchase; No eligible purchase in the last 180 days; Fewer than three active months in the last twelve months
5550	CUST-05550	Jacksonville	FL	Direct	High Risk	90	1	Standard Intervention	610	1	3083.74	No eligible purchase in more than 180 days; Only one eligible purchase; No eligible purchase in the last 180 days; Fewer than three active months in the last twelve months
1775	CUST-01775	Atlanta	GA	Direct	High Risk	90	1	Standard Intervention	666	1	3082.37	No eligible purchase in more than 180 days; Only one eligible purchase; No eligible purchase in the last 180 days; Fewer than three active months in the last twelve months
4423	CUST-04423	Fort Worth	TX	Referral	High Risk	90	1	Standard Intervention	592	1	3069.93	No eligible purchase in more than 180 days; Only one eligible purchase; No eligible purchase in the last 180 days; Fewer than three active months in the last twelve months
6985	CUST-06985	Philadelphia	PA	Social Media	High Risk	90	1	Standard Intervention	629	1	3068.47	No eligible purchase in more than 180 days; Only one eligible purchase; No eligible purchase in the last 180 days; Fewer than three active months in the last twelve months
5584	CUST-05584	Chicago	IL	Email	High Risk	90	1	Standard Intervention	696	1	3053.65	No eligible purchase in more than 180 days; Only one eligible purchase; No eligible purchase in the last 180 days; Fewer than three active months in the last twelve months
5817	CUST-05817	Fort Worth	TX	Direct	High Risk	90	1	Standard Intervention	637	1	3050.76	No eligible purchase in more than 180 days; Only one eligible purchase; No eligible purchase in the last 180 days; Fewer than three active months in the last twelve months
3532	CUST-03532	Chicago	IL	Email	High Risk	90	1	Standard Intervention	575	1	3043.42	No eligible purchase in more than 180 days; Only one eligible purchase; No eligible purchase in the last 180 days; Fewer than three active months in the last twelve months
5792	CUST-05792	Philadelphia	PA	Referral	High Risk	90	1	Standard Intervention	681	1	3040.89	No eligible purchase in more than 180 days; Only one eligible purchase; No eligible purchase in the last 180 days; Fewer than three active months in the last twelve months
423	CUST-00423	Phoenix	AZ	Email	High Risk	90	1	Standard Intervention	695	1	3037.70	No eligible purchase in more than 180 days; Only one eligible purchase; No eligible purchase in the last 180 days; Fewer than three active months in the last twelve months
4517	CUST-04517	Dallas	TX	Paid Search	High Risk	90	1	Standard Intervention	609	1	3037.42	No eligible purchase in more than 180 days; Only one eligible purchase; No eligible purchase in the last 180 days; Fewer than three active months in the last twelve months
2575	CUST-02575	Nashville	TN	Direct	High Risk	90	1	Standard Intervention	678	1	3031.88	No eligible purchase in more than 180 days; Only one eligible purchase; No eligible purchase in the last 180 days; Fewer than three active months in the last twelve months
4022	CUST-04022	Los Angeles	CA	Paid Search	High Risk	90	1	Standard Intervention	607	1	3025.19	No eligible purchase in more than 180 days; Only one eligible purchase; No eligible purchase in the last 180 days; Fewer than three active months in the last twelve months
4923	CUST-04923	San Jose	CA	Referral	High Risk	90	1	Standard Intervention	229	1	3024.91	No eligible purchase in more than 180 days; Only one eligible purchase; No eligible purchase in the last 180 days; Fewer than three active months in the last twelve months
2415	CUST-02415	Washington	DC	Direct	High Risk	90	1	Standard Intervention	673	1	3020.78	No eligible purchase in more than 180 days; Only one eligible purchase; No eligible purchase in the last 180 days; Fewer than three active months in the last twelve months
3704	CUST-03704	Dallas	TX	Organic Search	High Risk	90	1	Standard Intervention	629	1	3019.26	No eligible purchase in more than 180 days; Only one eligible purchase; No eligible purchase in the last 180 days; Fewer than three active months in the last twelve months
1198	CUST-01198	Seattle	WA	Social Media	High Risk	90	1	Standard Intervention	640	1	3016.28	No eligible purchase in more than 180 days; Only one eligible purchase; No eligible purchase in the last 180 days; Fewer than three active months in the last twelve months
5856	CUST-05856	Fort Worth	TX	Direct	High Risk	90	1	Standard Intervention	654	1	3016.02	No eligible purchase in more than 180 days; Only one eligible purchase; No eligible purchase in the last 180 days; Fewer than three active months in the last twelve months
4535	CUST-04535	Chicago	IL	Organic Search	High Risk	90	1	Standard Intervention	648	1	3014.36	No eligible purchase in more than 180 days; Only one eligible purchase; No eligible purchase in the last 180 days; Fewer than three active months in the last twelve months
7221	CUST-07221	Chicago	IL	Social Media	High Risk	90	1	Standard Intervention	724	1	3010.40	No eligible purchase in more than 180 days; Only one eligible purchase; No eligible purchase in the last 180 days; Fewer than three active months in the last twelve months
1532	CUST-01532	Houston	TX	Social Media	High Risk	90	1	Standard Intervention	619	1	3004.50	No eligible purchase in more than 180 days; Only one eligible purchase; No eligible purchase in the last 180 days; Fewer than three active months in the last twelve months
6775	CUST-06775	Seattle	WA	Organic Search	High Risk	90	1	Standard Intervention	319	1	3001.67	No eligible purchase in more than 180 days; Only one eligible purchase; No eligible purchase in the last 180 days; Fewer than three active months in the last twelve months
6564	CUST-06564	Atlanta	GA	Referral	High Risk	90	1	Standard Intervention	655	1	2999.88	No eligible purchase in more than 180 days; Only one eligible purchase; No eligible purchase in the last 180 days; Fewer than three active months in the last twelve months
5608	CUST-05608	New York	NY	Paid Search	High Risk	90	1	Standard Intervention	378	1	2996.96	No eligible purchase in more than 180 days; Only one eligible purchase; No eligible purchase in the last 180 days; Fewer than three active months in the last twelve months
1388	CUST-01388	Los Angeles	CA	Organic Search	High Risk	90	1	Standard Intervention	715	1	2992.53	No eligible purchase in more than 180 days; Only one eligible purchase; No eligible purchase in the last 180 days; Fewer than three active months in the last twelve months
6333	CUST-06333	Nashville	TN	Direct	High Risk	90	1	Standard Intervention	594	1	2965.06	No eligible purchase in more than 180 days; Only one eligible purchase; No eligible purchase in the last 180 days; Fewer than three active months in the last twelve months
7889	CUST-07889	Denver	CO	Referral	High Risk	90	1	Standard Intervention	655	1	2964.60	No eligible purchase in more than 180 days; Only one eligible purchase; No eligible purchase in the last 180 days; Fewer than three active months in the last twelve months
7234	CUST-07234	Miami	FL	Direct	High Risk	90	1	Standard Intervention	634	1	2957.56	No eligible purchase in more than 180 days; Only one eligible purchase; No eligible purchase in the last 180 days; Fewer than three active months in the last twelve months
2120	CUST-02120	Miami	FL	Direct	High Risk	90	1	Standard Intervention	690	1	2948.49	No eligible purchase in more than 180 days; Only one eligible purchase; No eligible purchase in the last 180 days; Fewer than three active months in the last twelve months
3512	CUST-03512	Denver	CO	Social Media	High Risk	90	1	Standard Intervention	609	1	2944.88	No eligible purchase in more than 180 days; Only one eligible purchase; No eligible purchase in the last 180 days; Fewer than three active months in the last twelve months
5030	CUST-05030	Miami	FL	Organic Search	High Risk	90	1	Standard Intervention	703	1	2942.33	No eligible purchase in more than 180 days; Only one eligible purchase; No eligible purchase in the last 180 days; Fewer than three active months in the last twelve months
4874	CUST-04874	Columbus	OH	Organic Search	High Risk	90	1	Standard Intervention	595	1	2941.52	No eligible purchase in more than 180 days; Only one eligible purchase; No eligible purchase in the last 180 days; Fewer than three active months in the last twelve months
1574	CUST-01574	Fort Worth	TX	Email	High Risk	90	1	Standard Intervention	715	1	2939.11	No eligible purchase in more than 180 days; Only one eligible purchase; No eligible purchase in the last 180 days; Fewer than three active months in the last twelve months
2625	CUST-02625	Austin	TX	Organic Search	High Risk	90	1	Standard Intervention	600	1	2920.74	No eligible purchase in more than 180 days; Only one eligible purchase; No eligible purchase in the last 180 days; Fewer than three active months in the last twelve months
4174	CUST-04174	Columbus	OH	Paid Search	High Risk	90	1	Standard Intervention	715	1	2912.64	No eligible purchase in more than 180 days; Only one eligible purchase; No eligible purchase in the last 180 days; Fewer than three active months in the last twelve months
2647	CUST-02647	Philadelphia	PA	Social Media	High Risk	90	1	Standard Intervention	683	1	2892.76	No eligible purchase in more than 180 days; Only one eligible purchase; No eligible purchase in the last 180 days; Fewer than three active months in the last twelve months
3672	CUST-03672	New York	NY	Paid Search	High Risk	90	1	Standard Intervention	286	1	2891.07	No eligible purchase in more than 180 days; Only one eligible purchase; No eligible purchase in the last 180 days; Fewer than three active months in the last twelve months
1378	CUST-01378	Dallas	TX	Paid Search	High Risk	90	1	Standard Intervention	614	1	2890.24	No eligible purchase in more than 180 days; Only one eligible purchase; No eligible purchase in the last 180 days; Fewer than three active months in the last twelve months
806	CUST-00806	Columbus	OH	Paid Search	High Risk	90	1	Standard Intervention	614	1	2888.17	No eligible purchase in more than 180 days; Only one eligible purchase; No eligible purchase in the last 180 days; Fewer than three active months in the last twelve months
1237	CUST-01237	New York	NY	Organic Search	High Risk	90	1	Standard Intervention	707	1	2875.63	No eligible purchase in more than 180 days; Only one eligible purchase; No eligible purchase in the last 180 days; Fewer than three active months in the last twelve months
1403	CUST-01403	Columbus	OH	Referral	High Risk	90	1	Standard Intervention	657	1	2862.86	No eligible purchase in more than 180 days; Only one eligible purchase; No eligible purchase in the last 180 days; Fewer than three active months in the last twelve months
6400	CUST-06400	Nashville	TN	Organic Search	High Risk	90	1	Standard Intervention	670	1	2857.63	No eligible purchase in more than 180 days; Only one eligible purchase; No eligible purchase in the last 180 days; Fewer than three active months in the last twelve months
7180	CUST-07180	Dallas	TX	Social Media	High Risk	90	1	Standard Intervention	457	1	2856.96	No eligible purchase in more than 180 days; Only one eligible purchase; No eligible purchase in the last 180 days; Fewer than three active months in the last twelve months
5725	CUST-05725	New York	NY	Email	High Risk	90	1	Standard Intervention	720	1	2852.85	No eligible purchase in more than 180 days; Only one eligible purchase; No eligible purchase in the last 180 days; Fewer than three active months in the last twelve months
6978	CUST-06978	Charlotte	NC	Direct	High Risk	90	1	Standard Intervention	313	1	2851.09	No eligible purchase in more than 180 days; Only one eligible purchase; No eligible purchase in the last 180 days; Fewer than three active months in the last twelve months
2591	CUST-02591	Los Angeles	CA	Email	High Risk	90	1	Standard Intervention	694	1	2848.65	No eligible purchase in more than 180 days; Only one eligible purchase; No eligible purchase in the last 180 days; Fewer than three active months in the last twelve months
3369	CUST-03369	San Diego	CA	Paid Search	High Risk	90	1	Standard Intervention	644	1	2847.52	No eligible purchase in more than 180 days; Only one eligible purchase; No eligible purchase in the last 180 days; Fewer than three active months in the last twelve months
2303	CUST-02303	Phoenix	AZ	Direct	High Risk	90	1	Standard Intervention	582	1	2839.89	No eligible purchase in more than 180 days; Only one eligible purchase; No eligible purchase in the last 180 days; Fewer than three active months in the last twelve months
5662	CUST-05662	Phoenix	AZ	Social Media	High Risk	90	1	Standard Intervention	654	1	2835.25	No eligible purchase in more than 180 days; Only one eligible purchase; No eligible purchase in the last 180 days; Fewer than three active months in the last twelve months
150	CUST-00150	Fort Worth	TX	Social Media	High Risk	90	1	Standard Intervention	714	1	2833.57	No eligible purchase in more than 180 days; Only one eligible purchase; No eligible purchase in the last 180 days; Fewer than three active months in the last twelve months
1849	CUST-01849	San Jose	CA	Organic Search	High Risk	90	1	Standard Intervention	621	1	2825.91	No eligible purchase in more than 180 days; Only one eligible purchase; No eligible purchase in the last 180 days; Fewer than three active months in the last twelve months
2824	CUST-02824	Washington	DC	Referral	High Risk	90	1	Standard Intervention	689	1	2820.86	No eligible purchase in more than 180 days; Only one eligible purchase; No eligible purchase in the last 180 days; Fewer than three active months in the last twelve months
4340	CUST-04340	San Diego	CA	Direct	High Risk	90	1	Standard Intervention	616	1	2817.27	No eligible purchase in more than 180 days; Only one eligible purchase; No eligible purchase in the last 180 days; Fewer than three active months in the last twelve months
6881	CUST-06881	Denver	CO	Direct	High Risk	90	1	Standard Intervention	712	1	2813.90	No eligible purchase in more than 180 days; Only one eligible purchase; No eligible purchase in the last 180 days; Fewer than three active months in the last twelve months
1971	CUST-01971	Washington	DC	Email	High Risk	90	1	Standard Intervention	575	1	2813.22	No eligible purchase in more than 180 days; Only one eligible purchase; No eligible purchase in the last 180 days; Fewer than three active months in the last twelve months
862	CUST-00862	Los Angeles	CA	Paid Search	High Risk	90	1	Standard Intervention	664	1	2805.79	No eligible purchase in more than 180 days; Only one eligible purchase; No eligible purchase in the last 180 days; Fewer than three active months in the last twelve months
241	CUST-00241	Atlanta	GA	Social Media	High Risk	90	1	Standard Intervention	669	1	2804.11	No eligible purchase in more than 180 days; Only one eligible purchase; No eligible purchase in the last 180 days; Fewer than three active months in the last twelve months
5002	CUST-05002	Philadelphia	PA	Paid Search	High Risk	90	1	Standard Intervention	572	1	2804.00	No eligible purchase in more than 180 days; Only one eligible purchase; No eligible purchase in the last 180 days; Fewer than three active months in the last twelve months
2148	CUST-02148	Chicago	IL	Social Media	High Risk	90	1	Standard Intervention	586	1	2802.83	No eligible purchase in more than 180 days; Only one eligible purchase; No eligible purchase in the last 180 days; Fewer than three active months in the last twelve months
5077	CUST-05077	Nashville	TN	Direct	High Risk	90	1	Standard Intervention	680	1	2801.88	No eligible purchase in more than 180 days; Only one eligible purchase; No eligible purchase in the last 180 days; Fewer than three active months in the last twelve months
3185	CUST-03185	New York	NY	Referral	High Risk	90	1	Standard Intervention	620	1	2798.84	No eligible purchase in more than 180 days; Only one eligible purchase; No eligible purchase in the last 180 days; Fewer than three active months in the last twelve months
5976	CUST-05976	Las Vegas	NV	Direct	High Risk	90	1	Standard Intervention	563	1	2798.79	No eligible purchase in more than 180 days; Only one eligible purchase; No eligible purchase in the last 180 days; Fewer than three active months in the last twelve months
4241	CUST-04241	Los Angeles	CA	Social Media	High Risk	90	1	Standard Intervention	568	1	2794.91	No eligible purchase in more than 180 days; Only one eligible purchase; No eligible purchase in the last 180 days; Fewer than three active months in the last twelve months
469	CUST-00469	Jacksonville	FL	Direct	High Risk	90	1	Standard Intervention	680	1	2791.41	No eligible purchase in more than 180 days; Only one eligible purchase; No eligible purchase in the last 180 days; Fewer than three active months in the last twelve months
4759	CUST-04759	Houston	TX	Social Media	High Risk	90	1	Standard Intervention	643	1	2789.25	No eligible purchase in more than 180 days; Only one eligible purchase; No eligible purchase in the last 180 days; Fewer than three active months in the last twelve months
5308	CUST-05308	Atlanta	GA	Organic Search	High Risk	90	1	Standard Intervention	651	1	2789.11	No eligible purchase in more than 180 days; Only one eligible purchase; No eligible purchase in the last 180 days; Fewer than three active months in the last twelve months
3012	CUST-03012	Fort Worth	TX	Organic Search	High Risk	90	1	Standard Intervention	668	1	2782.51	No eligible purchase in more than 180 days; Only one eligible purchase; No eligible purchase in the last 180 days; Fewer than three active months in the last twelve months
5889	CUST-05889	Columbus	OH	Direct	High Risk	90	1	Standard Intervention	234	1	2779.54	No eligible purchase in more than 180 days; Only one eligible purchase; No eligible purchase in the last 180 days; Fewer than three active months in the last twelve months
5057	CUST-05057	San Antonio	TX	Social Media	High Risk	90	1	Standard Intervention	719	1	2769.75	No eligible purchase in more than 180 days; Only one eligible purchase; No eligible purchase in the last 180 days; Fewer than three active months in the last twelve months
1503	CUST-01503	San Diego	CA	Paid Search	High Risk	90	1	Standard Intervention	612	1	2759.72	No eligible purchase in more than 180 days; Only one eligible purchase; No eligible purchase in the last 180 days; Fewer than three active months in the last twelve months
6382	CUST-06382	Houston	TX	Social Media	High Risk	90	1	Standard Intervention	646	1	2759.68	No eligible purchase in more than 180 days; Only one eligible purchase; No eligible purchase in the last 180 days; Fewer than three active months in the last twelve months
424	CUST-00424	Philadelphia	PA	Paid Search	High Risk	90	1	Standard Intervention	627	1	2757.74	No eligible purchase in more than 180 days; Only one eligible purchase; No eligible purchase in the last 180 days; Fewer than three active months in the last twelve months
843	CUST-00843	Chicago	IL	Organic Search	High Risk	90	1	Standard Intervention	341	1	2748.95	No eligible purchase in more than 180 days; Only one eligible purchase; No eligible purchase in the last 180 days; Fewer than three active months in the last twelve months
757	CUST-00757	Los Angeles	CA	Organic Search	High Risk	90	1	Standard Intervention	373	1	2737.46	No eligible purchase in more than 180 days; Only one eligible purchase; No eligible purchase in the last 180 days; Fewer than three active months in the last twelve months
3265	CUST-03265	New York	NY	Paid Search	High Risk	90	1	Standard Intervention	552	1	2731.89	No eligible purchase in more than 180 days; Only one eligible purchase; No eligible purchase in the last 180 days; Fewer than three active months in the last twelve months
110	CUST-00110	Chicago	IL	Direct	High Risk	90	1	Standard Intervention	647	1	2720.83	No eligible purchase in more than 180 days; Only one eligible purchase; No eligible purchase in the last 180 days; Fewer than three active months in the last twelve months
2127	CUST-02127	Washington	DC	Email	High Risk	90	1	Standard Intervention	227	1	2720.64	No eligible purchase in more than 180 days; Only one eligible purchase; No eligible purchase in the last 180 days; Fewer than three active months in the last twelve months
2479	CUST-02479	Fort Worth	TX	Social Media	High Risk	90	1	Standard Intervention	622	1	2719.40	No eligible purchase in more than 180 days; Only one eligible purchase; No eligible purchase in the last 180 days; Fewer than three active months in the last twelve months
7082	CUST-07082	Chicago	IL	Email	High Risk	90	1	Standard Intervention	625	1	2719.40	No eligible purchase in more than 180 days; Only one eligible purchase; No eligible purchase in the last 180 days; Fewer than three active months in the last twelve months
4066	CUST-04066	San Diego	CA	Paid Search	High Risk	90	1	Standard Intervention	203	1	2716.30	No eligible purchase in more than 180 days; Only one eligible purchase; No eligible purchase in the last 180 days; Fewer than three active months in the last twelve months
5668	CUST-05668	Los Angeles	CA	Organic Search	High Risk	90	1	Standard Intervention	473	1	2712.72	No eligible purchase in more than 180 days; Only one eligible purchase; No eligible purchase in the last 180 days; Fewer than three active months in the last twelve months
3229	CUST-03229	Denver	CO	Direct	High Risk	90	1	Standard Intervention	696	1	2703.11	No eligible purchase in more than 180 days; Only one eligible purchase; No eligible purchase in the last 180 days; Fewer than three active months in the last twelve months
616	CUST-00616	Phoenix	AZ	Organic Search	High Risk	90	1	Standard Intervention	596	1	2701.75	No eligible purchase in more than 180 days; Only one eligible purchase; No eligible purchase in the last 180 days; Fewer than three active months in the last twelve months
190	CUST-00190	Phoenix	AZ	Referral	High Risk	90	1	Standard Intervention	671	1	2692.50	No eligible purchase in more than 180 days; Only one eligible purchase; No eligible purchase in the last 180 days; Fewer than three active months in the last twelve months
662	CUST-00662	Houston	TX	Referral	High Risk	90	1	Standard Intervention	607	1	2684.94	No eligible purchase in more than 180 days; Only one eligible purchase; No eligible purchase in the last 180 days; Fewer than three active months in the last twelve months
7668	CUST-07668	Los Angeles	CA	Organic Search	High Risk	90	1	Standard Intervention	618	1	2674.18	No eligible purchase in more than 180 days; Only one eligible purchase; No eligible purchase in the last 180 days; Fewer than three active months in the last twelve months
1625	CUST-01625	Columbus	OH	Organic Search	High Risk	90	1	Standard Intervention	219	1	2672.30	No eligible purchase in more than 180 days; Only one eligible purchase; No eligible purchase in the last 180 days; Fewer than three active months in the last twelve months
5264	CUST-05264	San Antonio	TX	Social Media	High Risk	90	1	Standard Intervention	677	1	2672.16	No eligible purchase in more than 180 days; Only one eligible purchase; No eligible purchase in the last 180 days; Fewer than three active months in the last twelve months
3802	CUST-03802	Los Angeles	CA	Referral	High Risk	90	1	Standard Intervention	627	1	2666.59	No eligible purchase in more than 180 days; Only one eligible purchase; No eligible purchase in the last 180 days; Fewer than three active months in the last twelve months
4878	CUST-04878	New York	NY	Email	High Risk	90	1	Standard Intervention	625	1	2665.79	No eligible purchase in more than 180 days; Only one eligible purchase; No eligible purchase in the last 180 days; Fewer than three active months in the last twelve months
6916	CUST-06916	Denver	CO	Organic Search	High Risk	90	1	Standard Intervention	566	1	2662.32	No eligible purchase in more than 180 days; Only one eligible purchase; No eligible purchase in the last 180 days; Fewer than three active months in the last twelve months
1162	CUST-01162	San Antonio	TX	Paid Search	High Risk	90	1	Standard Intervention	610	1	2657.47	No eligible purchase in more than 180 days; Only one eligible purchase; No eligible purchase in the last 180 days; Fewer than three active months in the last twelve months
3531	CUST-03531	Philadelphia	PA	Direct	High Risk	90	1	Standard Intervention	688	1	2654.81	No eligible purchase in more than 180 days; Only one eligible purchase; No eligible purchase in the last 180 days; Fewer than three active months in the last twelve months
6955	CUST-06955	Los Angeles	CA	Paid Search	High Risk	90	1	Standard Intervention	563	1	2646.17	No eligible purchase in more than 180 days; Only one eligible purchase; No eligible purchase in the last 180 days; Fewer than three active months in the last twelve months
2376	CUST-02376	Charlotte	NC	Email	High Risk	90	1	Standard Intervention	623	1	2638.59	No eligible purchase in more than 180 days; Only one eligible purchase; No eligible purchase in the last 180 days; Fewer than three active months in the last twelve months
4424	CUST-04424	Phoenix	AZ	Referral	High Risk	90	1	Standard Intervention	230	1	2634.19	No eligible purchase in more than 180 days; Only one eligible purchase; No eligible purchase in the last 180 days; Fewer than three active months in the last twelve months
2697	CUST-02697	Dallas	TX	Referral	High Risk	90	1	Standard Intervention	314	1	2631.96	No eligible purchase in more than 180 days; Only one eligible purchase; No eligible purchase in the last 180 days; Fewer than three active months in the last twelve months
289	CUST-00289	Phoenix	AZ	Organic Search	High Risk	90	1	Standard Intervention	632	1	2631.64	No eligible purchase in more than 180 days; Only one eligible purchase; No eligible purchase in the last 180 days; Fewer than three active months in the last twelve months
2041	CUST-02041	Miami	FL	Social Media	High Risk	90	1	Standard Intervention	730	1	2611.37	No eligible purchase in more than 180 days; Only one eligible purchase; No eligible purchase in the last 180 days; Fewer than three active months in the last twelve months
1045	CUST-01045	Dallas	TX	Email	High Risk	90	1	Standard Intervention	605	1	2602.76	No eligible purchase in more than 180 days; Only one eligible purchase; No eligible purchase in the last 180 days; Fewer than three active months in the last twelve months
4032	CUST-04032	Fort Worth	TX	Social Media	High Risk	90	1	Standard Intervention	562	1	2602.19	No eligible purchase in more than 180 days; Only one eligible purchase; No eligible purchase in the last 180 days; Fewer than three active months in the last twelve months
4639	CUST-04639	Fort Worth	TX	Social Media	High Risk	90	1	Standard Intervention	588	1	2598.43	No eligible purchase in more than 180 days; Only one eligible purchase; No eligible purchase in the last 180 days; Fewer than three active months in the last twelve months
5643	CUST-05643	San Diego	CA	Organic Search	High Risk	90	1	Standard Intervention	629	1	2595.49	No eligible purchase in more than 180 days; Only one eligible purchase; No eligible purchase in the last 180 days; Fewer than three active months in the last twelve months
6554	CUST-06554	San Jose	CA	Paid Search	High Risk	90	1	Standard Intervention	682	1	2582.76	No eligible purchase in more than 180 days; Only one eligible purchase; No eligible purchase in the last 180 days; Fewer than three active months in the last twelve months
1808	CUST-01808	Houston	TX	Direct	High Risk	90	1	Standard Intervention	554	1	2582.15	No eligible purchase in more than 180 days; Only one eligible purchase; No eligible purchase in the last 180 days; Fewer than three active months in the last twelve months
1297	CUST-01297	Atlanta	GA	Email	High Risk	90	1	Standard Intervention	685	1	2580.28	No eligible purchase in more than 180 days; Only one eligible purchase; No eligible purchase in the last 180 days; Fewer than three active months in the last twelve months
2929	CUST-02929	Charlotte	NC	Organic Search	High Risk	90	1	Standard Intervention	615	1	2578.76	No eligible purchase in more than 180 days; Only one eligible purchase; No eligible purchase in the last 180 days; Fewer than three active months in the last twelve months
5229	CUST-05229	Dallas	TX	Organic Search	High Risk	90	1	Standard Intervention	715	1	2574.97	No eligible purchase in more than 180 days; Only one eligible purchase; No eligible purchase in the last 180 days; Fewer than three active months in the last twelve months
625	CUST-00625	Phoenix	AZ	Direct	High Risk	90	1	Standard Intervention	565	1	2565.56	No eligible purchase in more than 180 days; Only one eligible purchase; No eligible purchase in the last 180 days; Fewer than three active months in the last twelve months
2368	CUST-02368	Fort Worth	TX	Direct	High Risk	90	1	Standard Intervention	305	1	2564.50	No eligible purchase in more than 180 days; Only one eligible purchase; No eligible purchase in the last 180 days; Fewer than three active months in the last twelve months
4931	CUST-04931	Columbus	OH	Social Media	High Risk	90	1	Standard Intervention	591	1	2555.01	No eligible purchase in more than 180 days; Only one eligible purchase; No eligible purchase in the last 180 days; Fewer than three active months in the last twelve months
7963	CUST-07963	San Antonio	TX	Email	High Risk	90	1	Standard Intervention	662	1	2554.00	No eligible purchase in more than 180 days; Only one eligible purchase; No eligible purchase in the last 180 days; Fewer than three active months in the last twelve months
1644	CUST-01644	Washington	DC	Email	High Risk	90	1	Standard Intervention	619	1	2550.27	No eligible purchase in more than 180 days; Only one eligible purchase; No eligible purchase in the last 180 days; Fewer than three active months in the last twelve months
5700	CUST-05700	Houston	TX	Paid Search	High Risk	90	1	Standard Intervention	601	1	2547.53	No eligible purchase in more than 180 days; Only one eligible purchase; No eligible purchase in the last 180 days; Fewer than three active months in the last twelve months
3242	CUST-03242	Los Angeles	CA	Social Media	High Risk	90	1	Standard Intervention	619	1	2545.32	No eligible purchase in more than 180 days; Only one eligible purchase; No eligible purchase in the last 180 days; Fewer than three active months in the last twelve months
1328	CUST-01328	Boston	MA	Email	High Risk	90	1	Standard Intervention	336	1	2532.96	No eligible purchase in more than 180 days; Only one eligible purchase; No eligible purchase in the last 180 days; Fewer than three active months in the last twelve months
290	CUST-00290	Charlotte	NC	Social Media	High Risk	90	1	Standard Intervention	444	1	2531.83	No eligible purchase in more than 180 days; Only one eligible purchase; No eligible purchase in the last 180 days; Fewer than three active months in the last twelve months
6164	CUST-06164	Miami	FL	Referral	High Risk	90	1	Standard Intervention	659	1	2530.84	No eligible purchase in more than 180 days; Only one eligible purchase; No eligible purchase in the last 180 days; Fewer than three active months in the last twelve months
2336	CUST-02336	Chicago	IL	Social Media	High Risk	90	1	Standard Intervention	715	1	2530.59	No eligible purchase in more than 180 days; Only one eligible purchase; No eligible purchase in the last 180 days; Fewer than three active months in the last twelve months
2002	CUST-02002	Washington	DC	Organic Search	High Risk	90	1	Standard Intervention	704	1	2528.18	No eligible purchase in more than 180 days; Only one eligible purchase; No eligible purchase in the last 180 days; Fewer than three active months in the last twelve months
3673	CUST-03673	Houston	TX	Direct	High Risk	90	1	Standard Intervention	256	1	2522.25	No eligible purchase in more than 180 days; Only one eligible purchase; No eligible purchase in the last 180 days; Fewer than three active months in the last twelve months
3111	CUST-03111	Chicago	IL	Referral	High Risk	90	1	Standard Intervention	679	1	2517.16	No eligible purchase in more than 180 days; Only one eligible purchase; No eligible purchase in the last 180 days; Fewer than three active months in the last twelve months
1779	CUST-01779	San Jose	CA	Direct	High Risk	90	1	Standard Intervention	590	1	2496.56	No eligible purchase in more than 180 days; Only one eligible purchase; No eligible purchase in the last 180 days; Fewer than three active months in the last twelve months
3075	CUST-03075	Boston	MA	Social Media	High Risk	90	1	Standard Intervention	201	1	2487.28	No eligible purchase in more than 180 days; Only one eligible purchase; No eligible purchase in the last 180 days; Fewer than three active months in the last twelve months
3702	CUST-03702	Charlotte	NC	Social Media	High Risk	90	1	Standard Intervention	591	1	2484.92	No eligible purchase in more than 180 days; Only one eligible purchase; No eligible purchase in the last 180 days; Fewer than three active months in the last twelve months
1075	CUST-01075	Atlanta	GA	Email	High Risk	90	1	Standard Intervention	700	1	2480.04	No eligible purchase in more than 180 days; Only one eligible purchase; No eligible purchase in the last 180 days; Fewer than three active months in the last twelve months
6450	CUST-06450	Miami	FL	Social Media	High Risk	90	1	Standard Intervention	671	1	2478.94	No eligible purchase in more than 180 days; Only one eligible purchase; No eligible purchase in the last 180 days; Fewer than three active months in the last twelve months
3759	CUST-03759	Los Angeles	CA	Direct	High Risk	90	1	Standard Intervention	711	1	2475.78	No eligible purchase in more than 180 days; Only one eligible purchase; No eligible purchase in the last 180 days; Fewer than three active months in the last twelve months
4772	CUST-04772	Charlotte	NC	Paid Search	High Risk	90	1	Standard Intervention	695	1	2474.03	No eligible purchase in more than 180 days; Only one eligible purchase; No eligible purchase in the last 180 days; Fewer than three active months in the last twelve months
821	CUST-00821	Denver	CO	Referral	High Risk	90	1	Standard Intervention	383	1	2472.06	No eligible purchase in more than 180 days; Only one eligible purchase; No eligible purchase in the last 180 days; Fewer than three active months in the last twelve months
7590	CUST-07590	Chicago	IL	Direct	High Risk	90	1	Standard Intervention	660	1	2471.13	No eligible purchase in more than 180 days; Only one eligible purchase; No eligible purchase in the last 180 days; Fewer than three active months in the last twelve months
4661	CUST-04661	Washington	DC	Email	High Risk	90	1	Standard Intervention	253	1	2466.82	No eligible purchase in more than 180 days; Only one eligible purchase; No eligible purchase in the last 180 days; Fewer than three active months in the last twelve months
6139	CUST-06139	Phoenix	AZ	Direct	High Risk	90	1	Standard Intervention	562	1	2460.76	No eligible purchase in more than 180 days; Only one eligible purchase; No eligible purchase in the last 180 days; Fewer than three active months in the last twelve months
2343	CUST-02343	Nashville	TN	Social Media	High Risk	90	1	Standard Intervention	616	1	2455.88	No eligible purchase in more than 180 days; Only one eligible purchase; No eligible purchase in the last 180 days; Fewer than three active months in the last twelve months
4476	CUST-04476	Chicago	IL	Organic Search	High Risk	90	1	Standard Intervention	590	1	2442.96	No eligible purchase in more than 180 days; Only one eligible purchase; No eligible purchase in the last 180 days; Fewer than three active months in the last twelve months
5312	CUST-05312	San Diego	CA	Direct	High Risk	90	1	Standard Intervention	599	1	2442.61	No eligible purchase in more than 180 days; Only one eligible purchase; No eligible purchase in the last 180 days; Fewer than three active months in the last twelve months
7956	CUST-07956	Los Angeles	CA	Organic Search	High Risk	90	1	Standard Intervention	635	1	2439.16	No eligible purchase in more than 180 days; Only one eligible purchase; No eligible purchase in the last 180 days; Fewer than three active months in the last twelve months
7255	CUST-07255	Fort Worth	TX	Direct	High Risk	90	1	Standard Intervention	637	1	2436.38	No eligible purchase in more than 180 days; Only one eligible purchase; No eligible purchase in the last 180 days; Fewer than three active months in the last twelve months
583	CUST-00583	Chicago	IL	Referral	High Risk	90	1	Standard Intervention	575	1	2435.75	No eligible purchase in more than 180 days; Only one eligible purchase; No eligible purchase in the last 180 days; Fewer than three active months in the last twelve months
3246	CUST-03246	San Diego	CA	Paid Search	High Risk	90	1	Standard Intervention	626	1	2433.38	No eligible purchase in more than 180 days; Only one eligible purchase; No eligible purchase in the last 180 days; Fewer than three active months in the last twelve months
6633	CUST-06633	Denver	CO	Paid Search	High Risk	90	1	Standard Intervention	636	1	2432.40	No eligible purchase in more than 180 days; Only one eligible purchase; No eligible purchase in the last 180 days; Fewer than three active months in the last twelve months
4567	CUST-04567	Las Vegas	NV	Paid Search	High Risk	90	1	Standard Intervention	721	1	2432.16	No eligible purchase in more than 180 days; Only one eligible purchase; No eligible purchase in the last 180 days; Fewer than three active months in the last twelve months
5986	CUST-05986	San Antonio	TX	Paid Search	High Risk	90	1	Standard Intervention	643	1	2428.72	No eligible purchase in more than 180 days; Only one eligible purchase; No eligible purchase in the last 180 days; Fewer than three active months in the last twelve months
7826	CUST-07826	Boston	MA	Organic Search	High Risk	90	1	Standard Intervention	549	1	2425.01	No eligible purchase in more than 180 days; Only one eligible purchase; No eligible purchase in the last 180 days; Fewer than three active months in the last twelve months
7544	CUST-07544	Charlotte	NC	Organic Search	High Risk	90	1	Standard Intervention	625	1	2423.45	No eligible purchase in more than 180 days; Only one eligible purchase; No eligible purchase in the last 180 days; Fewer than three active months in the last twelve months
341	CUST-00341	Nashville	TN	Organic Search	High Risk	90	1	Standard Intervention	707	1	2422.01	No eligible purchase in more than 180 days; Only one eligible purchase; No eligible purchase in the last 180 days; Fewer than three active months in the last twelve months
7980	CUST-07980	Houston	TX	Paid Search	High Risk	90	1	Standard Intervention	611	1	2412.14	No eligible purchase in more than 180 days; Only one eligible purchase; No eligible purchase in the last 180 days; Fewer than three active months in the last twelve months
1848	CUST-01848	San Antonio	TX	Organic Search	High Risk	90	1	Standard Intervention	333	1	2404.55	No eligible purchase in more than 180 days; Only one eligible purchase; No eligible purchase in the last 180 days; Fewer than three active months in the last twelve months
690	CUST-00690	Los Angeles	CA	Email	High Risk	90	1	Standard Intervention	663	1	2390.83	No eligible purchase in more than 180 days; Only one eligible purchase; No eligible purchase in the last 180 days; Fewer than three active months in the last twelve months
7100	CUST-07100	Nashville	TN	Referral	High Risk	90	1	Standard Intervention	342	1	2385.38	No eligible purchase in more than 180 days; Only one eligible purchase; No eligible purchase in the last 180 days; Fewer than three active months in the last twelve months
6603	CUST-06603	Dallas	TX	Paid Search	High Risk	90	1	Standard Intervention	443	1	2381.49	No eligible purchase in more than 180 days; Only one eligible purchase; No eligible purchase in the last 180 days; Fewer than three active months in the last twelve months
1279	CUST-01279	Denver	CO	Direct	High Risk	90	1	Standard Intervention	655	1	2379.57	No eligible purchase in more than 180 days; Only one eligible purchase; No eligible purchase in the last 180 days; Fewer than three active months in the last twelve months
1716	CUST-01716	New York	NY	Email	High Risk	90	1	Standard Intervention	602	1	2366.88	No eligible purchase in more than 180 days; Only one eligible purchase; No eligible purchase in the last 180 days; Fewer than three active months in the last twelve months
525	CUST-00525	Dallas	TX	Paid Search	High Risk	90	1	Standard Intervention	692	1	2365.69	No eligible purchase in more than 180 days; Only one eligible purchase; No eligible purchase in the last 180 days; Fewer than three active months in the last twelve months
1698	CUST-01698	New York	NY	Email	High Risk	90	1	Standard Intervention	425	1	2361.90	No eligible purchase in more than 180 days; Only one eligible purchase; No eligible purchase in the last 180 days; Fewer than three active months in the last twelve months
11	CUST-00011	San Jose	CA	Direct	High Risk	90	1	Standard Intervention	219	1	2361.30	No eligible purchase in more than 180 days; Only one eligible purchase; No eligible purchase in the last 180 days; Fewer than three active months in the last twelve months
1667	CUST-01667	Las Vegas	NV	Social Media	High Risk	90	1	Standard Intervention	319	1	2360.18	No eligible purchase in more than 180 days; Only one eligible purchase; No eligible purchase in the last 180 days; Fewer than three active months in the last twelve months
5915	CUST-05915	Houston	TX	Referral	High Risk	90	1	Standard Intervention	693	1	2358.87	No eligible purchase in more than 180 days; Only one eligible purchase; No eligible purchase in the last 180 days; Fewer than three active months in the last twelve months
4934	CUST-04934	Jacksonville	FL	Email	High Risk	90	1	Standard Intervention	638	1	2356.88	No eligible purchase in more than 180 days; Only one eligible purchase; No eligible purchase in the last 180 days; Fewer than three active months in the last twelve months
3749	CUST-03749	Jacksonville	FL	Social Media	High Risk	90	1	Standard Intervention	588	1	2348.51	No eligible purchase in more than 180 days; Only one eligible purchase; No eligible purchase in the last 180 days; Fewer than three active months in the last twelve months
4866	CUST-04866	Philadelphia	PA	Direct	High Risk	90	1	Standard Intervention	636	1	2348.44	No eligible purchase in more than 180 days; Only one eligible purchase; No eligible purchase in the last 180 days; Fewer than three active months in the last twelve months
7662	CUST-07662	San Diego	CA	Paid Search	High Risk	90	1	Standard Intervention	647	1	2346.72	No eligible purchase in more than 180 days; Only one eligible purchase; No eligible purchase in the last 180 days; Fewer than three active months in the last twelve months
276	CUST-00276	Houston	TX	Email	High Risk	90	1	Standard Intervention	653	1	2345.62	No eligible purchase in more than 180 days; Only one eligible purchase; No eligible purchase in the last 180 days; Fewer than three active months in the last twelve months
4246	CUST-04246	Washington	DC	Email	High Risk	90	1	Standard Intervention	336	1	2345.20	No eligible purchase in more than 180 days; Only one eligible purchase; No eligible purchase in the last 180 days; Fewer than three active months in the last twelve months
1797	CUST-01797	Chicago	IL	Email	High Risk	90	1	Standard Intervention	399	1	2341.65	No eligible purchase in more than 180 days; Only one eligible purchase; No eligible purchase in the last 180 days; Fewer than three active months in the last twelve months
6482	CUST-06482	San Antonio	TX	Paid Search	High Risk	90	1	Standard Intervention	334	1	2339.70	No eligible purchase in more than 180 days; Only one eligible purchase; No eligible purchase in the last 180 days; Fewer than three active months in the last twelve months
2812	CUST-02812	Los Angeles	CA	Organic Search	High Risk	90	1	Standard Intervention	619	1	2331.52	No eligible purchase in more than 180 days; Only one eligible purchase; No eligible purchase in the last 180 days; Fewer than three active months in the last twelve months
3374	CUST-03374	Phoenix	AZ	Email	High Risk	90	1	Standard Intervention	585	1	2327.52	No eligible purchase in more than 180 days; Only one eligible purchase; No eligible purchase in the last 180 days; Fewer than three active months in the last twelve months
5133	CUST-05133	Houston	TX	Organic Search	High Risk	90	1	Standard Intervention	646	1	2314.68	No eligible purchase in more than 180 days; Only one eligible purchase; No eligible purchase in the last 180 days; Fewer than three active months in the last twelve months
7225	CUST-07225	Nashville	TN	Paid Search	High Risk	90	1	Standard Intervention	563	1	2311.50	No eligible purchase in more than 180 days; Only one eligible purchase; No eligible purchase in the last 180 days; Fewer than three active months in the last twelve months
1026	CUST-01026	Boston	MA	Organic Search	High Risk	90	1	Standard Intervention	551	1	2310.22	No eligible purchase in more than 180 days; Only one eligible purchase; No eligible purchase in the last 180 days; Fewer than three active months in the last twelve months
2198	CUST-02198	New York	NY	Paid Search	High Risk	90	1	Standard Intervention	716	1	2309.74	No eligible purchase in more than 180 days; Only one eligible purchase; No eligible purchase in the last 180 days; Fewer than three active months in the last twelve months
2209	CUST-02209	San Diego	CA	Referral	High Risk	90	1	Standard Intervention	640	1	2306.54	No eligible purchase in more than 180 days; Only one eligible purchase; No eligible purchase in the last 180 days; Fewer than three active months in the last twelve months
3580	CUST-03580	Las Vegas	NV	Referral	High Risk	90	1	Standard Intervention	644	1	2303.04	No eligible purchase in more than 180 days; Only one eligible purchase; No eligible purchase in the last 180 days; Fewer than three active months in the last twelve months
2683	CUST-02683	Atlanta	GA	Referral	High Risk	90	1	Standard Intervention	599	1	2298.86	No eligible purchase in more than 180 days; Only one eligible purchase; No eligible purchase in the last 180 days; Fewer than three active months in the last twelve months
7248	CUST-07248	Fort Worth	TX	Direct	High Risk	90	1	Standard Intervention	568	1	2295.12	No eligible purchase in more than 180 days; Only one eligible purchase; No eligible purchase in the last 180 days; Fewer than three active months in the last twelve months
6426	CUST-06426	Charlotte	NC	Email	High Risk	90	1	Standard Intervention	623	1	2293.53	No eligible purchase in more than 180 days; Only one eligible purchase; No eligible purchase in the last 180 days; Fewer than three active months in the last twelve months
6858	CUST-06858	Dallas	TX	Paid Search	High Risk	90	1	Standard Intervention	671	1	2286.77	No eligible purchase in more than 180 days; Only one eligible purchase; No eligible purchase in the last 180 days; Fewer than three active months in the last twelve months
3087	CUST-03087	Portland	OR	Social Media	High Risk	90	1	Standard Intervention	660	1	2286.12	No eligible purchase in more than 180 days; Only one eligible purchase; No eligible purchase in the last 180 days; Fewer than three active months in the last twelve months
4963	CUST-04963	Las Vegas	NV	Direct	High Risk	90	1	Standard Intervention	730	1	2284.79	No eligible purchase in more than 180 days; Only one eligible purchase; No eligible purchase in the last 180 days; Fewer than three active months in the last twelve months
5681	CUST-05681	Columbus	OH	Email	High Risk	90	1	Standard Intervention	568	1	2284.22	No eligible purchase in more than 180 days; Only one eligible purchase; No eligible purchase in the last 180 days; Fewer than three active months in the last twelve months
6188	CUST-06188	Boston	MA	Organic Search	High Risk	90	1	Standard Intervention	228	1	2282.32	No eligible purchase in more than 180 days; Only one eligible purchase; No eligible purchase in the last 180 days; Fewer than three active months in the last twelve months
2355	CUST-02355	San Jose	CA	Referral	High Risk	90	1	Standard Intervention	721	1	2274.06	No eligible purchase in more than 180 days; Only one eligible purchase; No eligible purchase in the last 180 days; Fewer than three active months in the last twelve months
1031	CUST-01031	Miami	FL	Email	High Risk	90	1	Standard Intervention	703	1	2262.21	No eligible purchase in more than 180 days; Only one eligible purchase; No eligible purchase in the last 180 days; Fewer than three active months in the last twelve months
4556	CUST-04556	Dallas	TX	Organic Search	High Risk	90	1	Standard Intervention	650	1	2259.07	No eligible purchase in more than 180 days; Only one eligible purchase; No eligible purchase in the last 180 days; Fewer than three active months in the last twelve months
4121	CUST-04121	Columbus	OH	Direct	High Risk	90	1	Standard Intervention	597	1	2258.54	No eligible purchase in more than 180 days; Only one eligible purchase; No eligible purchase in the last 180 days; Fewer than three active months in the last twelve months
4998	CUST-04998	Los Angeles	CA	Social Media	High Risk	90	1	Standard Intervention	636	1	2246.48	No eligible purchase in more than 180 days; Only one eligible purchase; No eligible purchase in the last 180 days; Fewer than three active months in the last twelve months
879	CUST-00879	Phoenix	AZ	Direct	High Risk	90	1	Standard Intervention	677	1	2240.69	No eligible purchase in more than 180 days; Only one eligible purchase; No eligible purchase in the last 180 days; Fewer than three active months in the last twelve months
7091	CUST-07091	Denver	CO	Direct	High Risk	90	1	Standard Intervention	549	1	2238.87	No eligible purchase in more than 180 days; Only one eligible purchase; No eligible purchase in the last 180 days; Fewer than three active months in the last twelve months
1042	CUST-01042	Denver	CO	Social Media	High Risk	90	1	Standard Intervention	521	1	2237.81	No eligible purchase in more than 180 days; Only one eligible purchase; No eligible purchase in the last 180 days; Fewer than three active months in the last twelve months
489	CUST-00489	Charlotte	NC	Social Media	High Risk	90	1	Standard Intervention	671	1	2236.47	No eligible purchase in more than 180 days; Only one eligible purchase; No eligible purchase in the last 180 days; Fewer than three active months in the last twelve months
2324	CUST-02324	Charlotte	NC	Organic Search	High Risk	90	1	Standard Intervention	652	1	2234.89	No eligible purchase in more than 180 days; Only one eligible purchase; No eligible purchase in the last 180 days; Fewer than three active months in the last twelve months
1738	CUST-01738	Houston	TX	Email	High Risk	90	1	Standard Intervention	686	1	2234.10	No eligible purchase in more than 180 days; Only one eligible purchase; No eligible purchase in the last 180 days; Fewer than three active months in the last twelve months
3196	CUST-03196	Charlotte	NC	Paid Search	High Risk	90	1	Standard Intervention	646	1	2230.50	No eligible purchase in more than 180 days; Only one eligible purchase; No eligible purchase in the last 180 days; Fewer than three active months in the last twelve months
3891	CUST-03891	Nashville	TN	Direct	High Risk	90	1	Standard Intervention	573	1	2228.31	No eligible purchase in more than 180 days; Only one eligible purchase; No eligible purchase in the last 180 days; Fewer than three active months in the last twelve months
4297	CUST-04297	Austin	TX	Paid Search	High Risk	90	1	Standard Intervention	674	1	2225.34	No eligible purchase in more than 180 days; Only one eligible purchase; No eligible purchase in the last 180 days; Fewer than three active months in the last twelve months
6113	CUST-06113	San Diego	CA	Email	High Risk	90	1	Standard Intervention	515	1	2224.68	No eligible purchase in more than 180 days; Only one eligible purchase; No eligible purchase in the last 180 days; Fewer than three active months in the last twelve months
2044	CUST-02044	Phoenix	AZ	Social Media	High Risk	90	1	Standard Intervention	618	1	2223.24	No eligible purchase in more than 180 days; Only one eligible purchase; No eligible purchase in the last 180 days; Fewer than three active months in the last twelve months
5919	CUST-05919	San Antonio	TX	Email	High Risk	90	1	Standard Intervention	584	1	2220.31	No eligible purchase in more than 180 days; Only one eligible purchase; No eligible purchase in the last 180 days; Fewer than three active months in the last twelve months
2239	CUST-02239	Boston	MA	Social Media	High Risk	90	1	Standard Intervention	218	1	2218.27	No eligible purchase in more than 180 days; Only one eligible purchase; No eligible purchase in the last 180 days; Fewer than three active months in the last twelve months
5001	CUST-05001	San Antonio	TX	Organic Search	High Risk	90	1	Standard Intervention	628	1	2215.03	No eligible purchase in more than 180 days; Only one eligible purchase; No eligible purchase in the last 180 days; Fewer than three active months in the last twelve months
3816	CUST-03816	Chicago	IL	Email	High Risk	90	1	Standard Intervention	722	1	2207.25	No eligible purchase in more than 180 days; Only one eligible purchase; No eligible purchase in the last 180 days; Fewer than three active months in the last twelve months
7461	CUST-07461	Portland	OR	Paid Search	High Risk	90	1	Standard Intervention	342	1	2197.17	No eligible purchase in more than 180 days; Only one eligible purchase; No eligible purchase in the last 180 days; Fewer than three active months in the last twelve months
1622	CUST-01622	Dallas	TX	Social Media	High Risk	90	1	Standard Intervention	280	1	2194.56	No eligible purchase in more than 180 days; Only one eligible purchase; No eligible purchase in the last 180 days; Fewer than three active months in the last twelve months
777	CUST-00777	Charlotte	NC	Organic Search	High Risk	90	1	Standard Intervention	639	1	2188.74	No eligible purchase in more than 180 days; Only one eligible purchase; No eligible purchase in the last 180 days; Fewer than three active months in the last twelve months
5448	CUST-05448	New York	NY	Social Media	High Risk	90	1	Standard Intervention	602	1	2181.87	No eligible purchase in more than 180 days; Only one eligible purchase; No eligible purchase in the last 180 days; Fewer than three active months in the last twelve months
3685	CUST-03685	Philadelphia	PA	Organic Search	High Risk	90	1	Standard Intervention	660	1	2179.71	No eligible purchase in more than 180 days; Only one eligible purchase; No eligible purchase in the last 180 days; Fewer than three active months in the last twelve months
3775	CUST-03775	Jacksonville	FL	Email	High Risk	90	1	Standard Intervention	602	1	2174.35	No eligible purchase in more than 180 days; Only one eligible purchase; No eligible purchase in the last 180 days; Fewer than three active months in the last twelve months
3950	CUST-03950	Seattle	WA	Paid Search	High Risk	90	1	Standard Intervention	579	1	2168.06	No eligible purchase in more than 180 days; Only one eligible purchase; No eligible purchase in the last 180 days; Fewer than three active months in the last twelve months
1823	CUST-01823	San Diego	CA	Social Media	High Risk	90	1	Standard Intervention	566	1	2165.24	No eligible purchase in more than 180 days; Only one eligible purchase; No eligible purchase in the last 180 days; Fewer than three active months in the last twelve months
371	CUST-00371	Nashville	TN	Email	High Risk	90	1	Standard Intervention	420	1	2165.16	No eligible purchase in more than 180 days; Only one eligible purchase; No eligible purchase in the last 180 days; Fewer than three active months in the last twelve months
1956	CUST-01956	Dallas	TX	Paid Search	High Risk	90	1	Standard Intervention	610	1	2164.29	No eligible purchase in more than 180 days; Only one eligible purchase; No eligible purchase in the last 180 days; Fewer than three active months in the last twelve months
3053	CUST-03053	Philadelphia	PA	Email	High Risk	90	1	Standard Intervention	588	1	2161.46	No eligible purchase in more than 180 days; Only one eligible purchase; No eligible purchase in the last 180 days; Fewer than three active months in the last twelve months
1826	CUST-01826	Miami	FL	Paid Search	High Risk	90	1	Standard Intervention	640	1	2160.00	No eligible purchase in more than 180 days; Only one eligible purchase; No eligible purchase in the last 180 days; Fewer than three active months in the last twelve months
7888	CUST-07888	Houston	TX	Referral	High Risk	90	1	Standard Intervention	630	1	2156.94	No eligible purchase in more than 180 days; Only one eligible purchase; No eligible purchase in the last 180 days; Fewer than three active months in the last twelve months
1109	CUST-01109	Nashville	TN	Direct	High Risk	90	1	Standard Intervention	352	1	2154.62	No eligible purchase in more than 180 days; Only one eligible purchase; No eligible purchase in the last 180 days; Fewer than three active months in the last twelve months
1910	CUST-01910	San Jose	CA	Organic Search	High Risk	90	1	Standard Intervention	721	1	2154.53	No eligible purchase in more than 180 days; Only one eligible purchase; No eligible purchase in the last 180 days; Fewer than three active months in the last twelve months
7924	CUST-07924	Dallas	TX	Social Media	High Risk	90	1	Standard Intervention	462	1	2153.63	No eligible purchase in more than 180 days; Only one eligible purchase; No eligible purchase in the last 180 days; Fewer than three active months in the last twelve months
3241	CUST-03241	Atlanta	GA	Paid Search	High Risk	90	1	Standard Intervention	584	1	2143.63	No eligible purchase in more than 180 days; Only one eligible purchase; No eligible purchase in the last 180 days; Fewer than three active months in the last twelve months
6038	CUST-06038	Portland	OR	Social Media	High Risk	90	1	Standard Intervention	679	1	2143.19	No eligible purchase in more than 180 days; Only one eligible purchase; No eligible purchase in the last 180 days; Fewer than three active months in the last twelve months
2923	CUST-02923	Houston	TX	Organic Search	High Risk	90	1	Standard Intervention	664	1	2140.30	No eligible purchase in more than 180 days; Only one eligible purchase; No eligible purchase in the last 180 days; Fewer than three active months in the last twelve months
2886	CUST-02886	San Antonio	TX	Email	High Risk	90	1	Standard Intervention	576	1	2135.42	No eligible purchase in more than 180 days; Only one eligible purchase; No eligible purchase in the last 180 days; Fewer than three active months in the last twelve months
7904	CUST-07904	Denver	CO	Paid Search	High Risk	90	1	Standard Intervention	187	1	2135.29	No eligible purchase in more than 180 days; Only one eligible purchase; No eligible purchase in the last 180 days; Fewer than three active months in the last twelve months
6209	CUST-06209	Seattle	WA	Paid Search	High Risk	90	1	Standard Intervention	625	1	2127.83	No eligible purchase in more than 180 days; Only one eligible purchase; No eligible purchase in the last 180 days; Fewer than three active months in the last twelve months
6170	CUST-06170	Los Angeles	CA	Organic Search	High Risk	90	1	Standard Intervention	598	1	2127.30	No eligible purchase in more than 180 days; Only one eligible purchase; No eligible purchase in the last 180 days; Fewer than three active months in the last twelve months
3279	CUST-03279	Philadelphia	PA	Referral	High Risk	90	1	Standard Intervention	610	1	2123.56	No eligible purchase in more than 180 days; Only one eligible purchase; No eligible purchase in the last 180 days; Fewer than three active months in the last twelve months
2192	CUST-02192	Fort Worth	TX	Organic Search	High Risk	90	1	Standard Intervention	324	1	2114.49	No eligible purchase in more than 180 days; Only one eligible purchase; No eligible purchase in the last 180 days; Fewer than three active months in the last twelve months
2739	CUST-02739	Las Vegas	NV	Referral	High Risk	90	1	Standard Intervention	258	1	2113.57	No eligible purchase in more than 180 days; Only one eligible purchase; No eligible purchase in the last 180 days; Fewer than three active months in the last twelve months
1350	CUST-01350	Philadelphia	PA	Paid Search	High Risk	90	1	Standard Intervention	582	1	2113.39	No eligible purchase in more than 180 days; Only one eligible purchase; No eligible purchase in the last 180 days; Fewer than three active months in the last twelve months
463	CUST-00463	Chicago	IL	Referral	High Risk	90	1	Standard Intervention	185	1	2109.39	No eligible purchase in more than 180 days; Only one eligible purchase; No eligible purchase in the last 180 days; Fewer than three active months in the last twelve months
6055	CUST-06055	San Diego	CA	Email	High Risk	90	1	Standard Intervention	703	1	2108.98	No eligible purchase in more than 180 days; Only one eligible purchase; No eligible purchase in the last 180 days; Fewer than three active months in the last twelve months
6542	CUST-06542	San Antonio	TX	Organic Search	High Risk	90	1	Standard Intervention	687	1	2107.11	No eligible purchase in more than 180 days; Only one eligible purchase; No eligible purchase in the last 180 days; Fewer than three active months in the last twelve months
6257	CUST-06257	San Diego	CA	Organic Search	High Risk	90	1	Standard Intervention	484	1	2099.38	No eligible purchase in more than 180 days; Only one eligible purchase; No eligible purchase in the last 180 days; Fewer than three active months in the last twelve months
466	CUST-00466	Columbus	OH	Email	High Risk	90	1	Standard Intervention	554	1	2095.23	No eligible purchase in more than 180 days; Only one eligible purchase; No eligible purchase in the last 180 days; Fewer than three active months in the last twelve months
4770	CUST-04770	Fort Worth	TX	Paid Search	High Risk	90	1	Standard Intervention	671	1	2094.93	No eligible purchase in more than 180 days; Only one eligible purchase; No eligible purchase in the last 180 days; Fewer than three active months in the last twelve months
4415	CUST-04415	Atlanta	GA	Paid Search	High Risk	90	1	Standard Intervention	415	1	2092.07	No eligible purchase in more than 180 days; Only one eligible purchase; No eligible purchase in the last 180 days; Fewer than three active months in the last twelve months
1726	CUST-01726	Los Angeles	CA	Referral	High Risk	90	1	Standard Intervention	642	1	2089.59	No eligible purchase in more than 180 days; Only one eligible purchase; No eligible purchase in the last 180 days; Fewer than three active months in the last twelve months
874	CUST-00874	Phoenix	AZ	Direct	High Risk	90	1	Standard Intervention	550	1	2082.91	No eligible purchase in more than 180 days; Only one eligible purchase; No eligible purchase in the last 180 days; Fewer than three active months in the last twelve months
2961	CUST-02961	Seattle	WA	Organic Search	High Risk	90	1	Standard Intervention	554	1	2081.35	No eligible purchase in more than 180 days; Only one eligible purchase; No eligible purchase in the last 180 days; Fewer than three active months in the last twelve months
1381	CUST-01381	Boston	MA	Referral	High Risk	90	1	Standard Intervention	563	1	2080.88	No eligible purchase in more than 180 days; Only one eligible purchase; No eligible purchase in the last 180 days; Fewer than three active months in the last twelve months
15	CUST-00015	Los Angeles	CA	Direct	High Risk	90	1	Standard Intervention	693	1	2075.32	No eligible purchase in more than 180 days; Only one eligible purchase; No eligible purchase in the last 180 days; Fewer than three active months in the last twelve months
3553	CUST-03553	Atlanta	GA	Social Media	High Risk	90	1	Standard Intervention	573	1	2069.03	No eligible purchase in more than 180 days; Only one eligible purchase; No eligible purchase in the last 180 days; Fewer than three active months in the last twelve months
6317	CUST-06317	Seattle	WA	Referral	High Risk	90	1	Standard Intervention	635	1	2068.24	No eligible purchase in more than 180 days; Only one eligible purchase; No eligible purchase in the last 180 days; Fewer than three active months in the last twelve months
660	CUST-00660	Houston	TX	Organic Search	High Risk	90	1	Standard Intervention	307	1	2067.72	No eligible purchase in more than 180 days; Only one eligible purchase; No eligible purchase in the last 180 days; Fewer than three active months in the last twelve months
2778	CUST-02778	Dallas	TX	Social Media	High Risk	90	1	Standard Intervention	595	1	2064.35	No eligible purchase in more than 180 days; Only one eligible purchase; No eligible purchase in the last 180 days; Fewer than three active months in the last twelve months
804	CUST-00804	San Diego	CA	Direct	High Risk	90	1	Standard Intervention	597	1	2056.88	No eligible purchase in more than 180 days; Only one eligible purchase; No eligible purchase in the last 180 days; Fewer than three active months in the last twelve months
6875	CUST-06875	Chicago	IL	Social Media	High Risk	90	1	Standard Intervention	723	1	2054.97	No eligible purchase in more than 180 days; Only one eligible purchase; No eligible purchase in the last 180 days; Fewer than three active months in the last twelve months
95	CUST-00095	Denver	CO	Paid Search	High Risk	90	1	Standard Intervention	688	1	2053.91	No eligible purchase in more than 180 days; Only one eligible purchase; No eligible purchase in the last 180 days; Fewer than three active months in the last twelve months
5024	CUST-05024	Atlanta	GA	Social Media	High Risk	90	1	Standard Intervention	572	1	2051.01	No eligible purchase in more than 180 days; Only one eligible purchase; No eligible purchase in the last 180 days; Fewer than three active months in the last twelve months
2386	CUST-02386	Seattle	WA	Social Media	High Risk	90	1	Standard Intervention	574	1	2046.87	No eligible purchase in more than 180 days; Only one eligible purchase; No eligible purchase in the last 180 days; Fewer than three active months in the last twelve months
2641	CUST-02641	Columbus	OH	Organic Search	High Risk	90	1	Standard Intervention	665	1	2046.70	No eligible purchase in more than 180 days; Only one eligible purchase; No eligible purchase in the last 180 days; Fewer than three active months in the last twelve months
3041	CUST-03041	Houston	TX	Organic Search	High Risk	90	1	Standard Intervention	709	1	2046.54	No eligible purchase in more than 180 days; Only one eligible purchase; No eligible purchase in the last 180 days; Fewer than three active months in the last twelve months
5358	CUST-05358	Dallas	TX	Referral	High Risk	90	1	Standard Intervention	645	1	2042.40	No eligible purchase in more than 180 days; Only one eligible purchase; No eligible purchase in the last 180 days; Fewer than three active months in the last twelve months
2438	CUST-02438	Washington	DC	Paid Search	High Risk	90	1	Standard Intervention	550	1	2039.55	No eligible purchase in more than 180 days; Only one eligible purchase; No eligible purchase in the last 180 days; Fewer than three active months in the last twelve months
6351	CUST-06351	Philadelphia	PA	Paid Search	High Risk	90	1	Standard Intervention	701	1	2037.43	No eligible purchase in more than 180 days; Only one eligible purchase; No eligible purchase in the last 180 days; Fewer than three active months in the last twelve months
7275	CUST-07275	Los Angeles	CA	Social Media	High Risk	90	1	Standard Intervention	243	1	2035.76	No eligible purchase in more than 180 days; Only one eligible purchase; No eligible purchase in the last 180 days; Fewer than three active months in the last twelve months
6908	CUST-06908	Phoenix	AZ	Email	High Risk	90	1	Standard Intervention	644	1	2034.34	No eligible purchase in more than 180 days; Only one eligible purchase; No eligible purchase in the last 180 days; Fewer than three active months in the last twelve months
934	CUST-00934	Charlotte	NC	Direct	High Risk	90	1	Standard Intervention	237	1	2029.29	No eligible purchase in more than 180 days; Only one eligible purchase; No eligible purchase in the last 180 days; Fewer than three active months in the last twelve months
2189	CUST-02189	Chicago	IL	Referral	High Risk	90	1	Standard Intervention	571	1	2028.34	No eligible purchase in more than 180 days; Only one eligible purchase; No eligible purchase in the last 180 days; Fewer than three active months in the last twelve months
2244	CUST-02244	San Jose	CA	Social Media	High Risk	90	1	Standard Intervention	710	1	2027.53	No eligible purchase in more than 180 days; Only one eligible purchase; No eligible purchase in the last 180 days; Fewer than three active months in the last twelve months
4599	CUST-04599	Seattle	WA	Social Media	High Risk	90	1	Standard Intervention	643	1	2027.08	No eligible purchase in more than 180 days; Only one eligible purchase; No eligible purchase in the last 180 days; Fewer than three active months in the last twelve months
912	CUST-00912	Austin	TX	Social Media	High Risk	90	1	Standard Intervention	584	1	2022.41	No eligible purchase in more than 180 days; Only one eligible purchase; No eligible purchase in the last 180 days; Fewer than three active months in the last twelve months
5978	CUST-05978	Washington	DC	Paid Search	High Risk	90	1	Standard Intervention	556	1	2021.80	No eligible purchase in more than 180 days; Only one eligible purchase; No eligible purchase in the last 180 days; Fewer than three active months in the last twelve months
5046	CUST-05046	Philadelphia	PA	Paid Search	High Risk	90	1	Standard Intervention	653	1	2021.70	No eligible purchase in more than 180 days; Only one eligible purchase; No eligible purchase in the last 180 days; Fewer than three active months in the last twelve months
1303	CUST-01303	Houston	TX	Referral	High Risk	90	1	Standard Intervention	572	1	2021.64	No eligible purchase in more than 180 days; Only one eligible purchase; No eligible purchase in the last 180 days; Fewer than three active months in the last twelve months
4730	CUST-04730	Philadelphia	PA	Direct	High Risk	90	1	Standard Intervention	554	1	2016.60	No eligible purchase in more than 180 days; Only one eligible purchase; No eligible purchase in the last 180 days; Fewer than three active months in the last twelve months
3157	CUST-03157	San Antonio	TX	Social Media	High Risk	90	1	Standard Intervention	668	1	2011.37	No eligible purchase in more than 180 days; Only one eligible purchase; No eligible purchase in the last 180 days; Fewer than three active months in the last twelve months
6658	CUST-06658	Washington	DC	Organic Search	High Risk	90	1	Standard Intervention	560	1	2006.34	No eligible purchase in more than 180 days; Only one eligible purchase; No eligible purchase in the last 180 days; Fewer than three active months in the last twelve months
3211	CUST-03211	Columbus	OH	Email	High Risk	90	1	Standard Intervention	610	1	2001.75	No eligible purchase in more than 180 days; Only one eligible purchase; No eligible purchase in the last 180 days; Fewer than three active months in the last twelve months
451	CUST-00451	San Diego	CA	Paid Search	High Risk	90	1	Standard Intervention	301	1	2000.56	No eligible purchase in more than 180 days; Only one eligible purchase; No eligible purchase in the last 180 days; Fewer than three active months in the last twelve months
4699	CUST-04699	Houston	TX	Referral	High Risk	90	1	Standard Intervention	667	1	2000.13	No eligible purchase in more than 180 days; Only one eligible purchase; No eligible purchase in the last 180 days; Fewer than three active months in the last twelve months
4700	CUST-04700	Seattle	WA	Direct	High Risk	90	1	Standard Intervention	259	1	1999.37	No eligible purchase in more than 180 days; Only one eligible purchase; No eligible purchase in the last 180 days; Fewer than three active months in the last twelve months
7533	CUST-07533	Dallas	TX	Organic Search	High Risk	90	1	Standard Intervention	549	1	1998.84	No eligible purchase in more than 180 days; Only one eligible purchase; No eligible purchase in the last 180 days; Fewer than three active months in the last twelve months
1973	CUST-01973	Miami	FL	Direct	High Risk	90	1	Standard Intervention	705	1	1998.45	No eligible purchase in more than 180 days; Only one eligible purchase; No eligible purchase in the last 180 days; Fewer than three active months in the last twelve months
6631	CUST-06631	Chicago	IL	Referral	High Risk	90	1	Standard Intervention	625	1	1986.64	No eligible purchase in more than 180 days; Only one eligible purchase; No eligible purchase in the last 180 days; Fewer than three active months in the last twelve months
4855	CUST-04855	Chicago	IL	Organic Search	High Risk	90	1	Standard Intervention	672	1	1985.00	No eligible purchase in more than 180 days; Only one eligible purchase; No eligible purchase in the last 180 days; Fewer than three active months in the last twelve months
917	CUST-00917	San Antonio	TX	Social Media	High Risk	90	1	Standard Intervention	360	1	1981.24	No eligible purchase in more than 180 days; Only one eligible purchase; No eligible purchase in the last 180 days; Fewer than three active months in the last twelve months
1227	CUST-01227	Las Vegas	NV	Email	High Risk	90	1	Standard Intervention	730	1	1980.83	No eligible purchase in more than 180 days; Only one eligible purchase; No eligible purchase in the last 180 days; Fewer than three active months in the last twelve months
7292	CUST-07292	San Diego	CA	Social Media	High Risk	90	1	Standard Intervention	606	1	1971.05	No eligible purchase in more than 180 days; Only one eligible purchase; No eligible purchase in the last 180 days; Fewer than three active months in the last twelve months
6780	CUST-06780	Dallas	TX	Organic Search	High Risk	90	1	Standard Intervention	423	1	1961.37	No eligible purchase in more than 180 days; Only one eligible purchase; No eligible purchase in the last 180 days; Fewer than three active months in the last twelve months
4630	CUST-04630	Atlanta	GA	Organic Search	High Risk	90	1	Standard Intervention	677	1	1956.44	No eligible purchase in more than 180 days; Only one eligible purchase; No eligible purchase in the last 180 days; Fewer than three active months in the last twelve months
4672	CUST-04672	Denver	CO	Social Media	High Risk	90	1	Standard Intervention	601	1	1952.22	No eligible purchase in more than 180 days; Only one eligible purchase; No eligible purchase in the last 180 days; Fewer than three active months in the last twelve months
7061	CUST-07061	Dallas	TX	Direct	High Risk	90	1	Standard Intervention	665	1	1951.65	No eligible purchase in more than 180 days; Only one eligible purchase; No eligible purchase in the last 180 days; Fewer than three active months in the last twelve months
293	CUST-00293	Portland	OR	Organic Search	High Risk	90	1	Standard Intervention	683	1	1935.65	No eligible purchase in more than 180 days; Only one eligible purchase; No eligible purchase in the last 180 days; Fewer than three active months in the last twelve months
6934	CUST-06934	Austin	TX	Direct	High Risk	90	1	Standard Intervention	317	1	1935.15	No eligible purchase in more than 180 days; Only one eligible purchase; No eligible purchase in the last 180 days; Fewer than three active months in the last twelve months
2080	CUST-02080	Las Vegas	NV	Paid Search	High Risk	90	1	Standard Intervention	574	1	1928.84	No eligible purchase in more than 180 days; Only one eligible purchase; No eligible purchase in the last 180 days; Fewer than three active months in the last twelve months
7390	CUST-07390	Philadelphia	PA	Direct	High Risk	90	1	Standard Intervention	626	1	1927.76	No eligible purchase in more than 180 days; Only one eligible purchase; No eligible purchase in the last 180 days; Fewer than three active months in the last twelve months
7001	CUST-07001	Jacksonville	FL	Paid Search	High Risk	90	1	Standard Intervention	604	1	1926.01	No eligible purchase in more than 180 days; Only one eligible purchase; No eligible purchase in the last 180 days; Fewer than three active months in the last twelve months
7950	CUST-07950	Las Vegas	NV	Email	High Risk	90	1	Standard Intervention	717	1	1925.65	No eligible purchase in more than 180 days; Only one eligible purchase; No eligible purchase in the last 180 days; Fewer than three active months in the last twelve months
2457	CUST-02457	Houston	TX	Social Media	High Risk	90	1	Standard Intervention	555	1	1922.93	No eligible purchase in more than 180 days; Only one eligible purchase; No eligible purchase in the last 180 days; Fewer than three active months in the last twelve months
7862	CUST-07862	Dallas	TX	Referral	High Risk	90	1	Standard Intervention	676	1	1921.65	No eligible purchase in more than 180 days; Only one eligible purchase; No eligible purchase in the last 180 days; Fewer than three active months in the last twelve months
747	CUST-00747	Houston	TX	Referral	High Risk	90	1	Standard Intervention	660	1	1920.93	No eligible purchase in more than 180 days; Only one eligible purchase; No eligible purchase in the last 180 days; Fewer than three active months in the last twelve months
865	CUST-00865	Columbus	OH	Social Media	High Risk	90	1	Standard Intervention	673	1	1920.53	No eligible purchase in more than 180 days; Only one eligible purchase; No eligible purchase in the last 180 days; Fewer than three active months in the last twelve months
7833	CUST-07833	Los Angeles	CA	Referral	High Risk	90	1	Standard Intervention	647	1	1919.24	No eligible purchase in more than 180 days; Only one eligible purchase; No eligible purchase in the last 180 days; Fewer than three active months in the last twelve months
895	CUST-00895	Houston	TX	Social Media	High Risk	90	1	Standard Intervention	295	1	1919.13	No eligible purchase in more than 180 days; Only one eligible purchase; No eligible purchase in the last 180 days; Fewer than three active months in the last twelve months
3447	CUST-03447	Houston	TX	Referral	High Risk	90	1	Standard Intervention	625	1	1918.45	No eligible purchase in more than 180 days; Only one eligible purchase; No eligible purchase in the last 180 days; Fewer than three active months in the last twelve months
2867	CUST-02867	San Antonio	TX	Email	High Risk	90	1	Standard Intervention	641	1	1917.91	No eligible purchase in more than 180 days; Only one eligible purchase; No eligible purchase in the last 180 days; Fewer than three active months in the last twelve months
2509	CUST-02509	New York	NY	Referral	High Risk	90	1	Standard Intervention	441	1	1915.70	No eligible purchase in more than 180 days; Only one eligible purchase; No eligible purchase in the last 180 days; Fewer than three active months in the last twelve months
160	CUST-00160	Las Vegas	NV	Direct	High Risk	90	1	Standard Intervention	637	1	1913.23	No eligible purchase in more than 180 days; Only one eligible purchase; No eligible purchase in the last 180 days; Fewer than three active months in the last twelve months
4562	CUST-04562	Los Angeles	CA	Paid Search	High Risk	90	1	Standard Intervention	573	1	1912.86	No eligible purchase in more than 180 days; Only one eligible purchase; No eligible purchase in the last 180 days; Fewer than three active months in the last twelve months
6956	CUST-06956	Phoenix	AZ	Social Media	High Risk	90	1	Standard Intervention	484	1	1912.74	No eligible purchase in more than 180 days; Only one eligible purchase; No eligible purchase in the last 180 days; Fewer than three active months in the last twelve months
3133	CUST-03133	San Diego	CA	Direct	High Risk	90	1	Standard Intervention	622	1	1912.42	No eligible purchase in more than 180 days; Only one eligible purchase; No eligible purchase in the last 180 days; Fewer than three active months in the last twelve months
6700	CUST-06700	Seattle	WA	Organic Search	High Risk	90	1	Standard Intervention	694	1	1911.43	No eligible purchase in more than 180 days; Only one eligible purchase; No eligible purchase in the last 180 days; Fewer than three active months in the last twelve months
2627	CUST-02627	Houston	TX	Direct	High Risk	90	1	Standard Intervention	596	1	1907.79	No eligible purchase in more than 180 days; Only one eligible purchase; No eligible purchase in the last 180 days; Fewer than three active months in the last twelve months
2315	CUST-02315	San Diego	CA	Social Media	High Risk	90	1	Standard Intervention	556	1	1904.68	No eligible purchase in more than 180 days; Only one eligible purchase; No eligible purchase in the last 180 days; Fewer than three active months in the last twelve months
1049	CUST-01049	Charlotte	NC	Organic Search	High Risk	90	1	Standard Intervention	609	1	1902.96	No eligible purchase in more than 180 days; Only one eligible purchase; No eligible purchase in the last 180 days; Fewer than three active months in the last twelve months
1953	CUST-01953	Los Angeles	CA	Social Media	High Risk	90	1	Standard Intervention	661	1	1900.86	No eligible purchase in more than 180 days; Only one eligible purchase; No eligible purchase in the last 180 days; Fewer than three active months in the last twelve months
2818	CUST-02818	Los Angeles	CA	Direct	High Risk	90	1	Standard Intervention	702	1	1897.64	No eligible purchase in more than 180 days; Only one eligible purchase; No eligible purchase in the last 180 days; Fewer than three active months in the last twelve months
7245	CUST-07245	Houston	TX	Organic Search	High Risk	90	1	Standard Intervention	661	1	1888.69	No eligible purchase in more than 180 days; Only one eligible purchase; No eligible purchase in the last 180 days; Fewer than three active months in the last twelve months
6870	CUST-06870	San Jose	CA	Social Media	High Risk	90	1	Standard Intervention	623	1	1888.32	No eligible purchase in more than 180 days; Only one eligible purchase; No eligible purchase in the last 180 days; Fewer than three active months in the last twelve months
1439	CUST-01439	San Antonio	TX	Paid Search	High Risk	90	1	Standard Intervention	564	1	1887.13	No eligible purchase in more than 180 days; Only one eligible purchase; No eligible purchase in the last 180 days; Fewer than three active months in the last twelve months
6801	CUST-06801	New York	NY	Direct	High Risk	90	1	Standard Intervention	625	1	1885.82	No eligible purchase in more than 180 days; Only one eligible purchase; No eligible purchase in the last 180 days; Fewer than three active months in the last twelve months
7023	CUST-07023	Seattle	WA	Organic Search	High Risk	90	1	Standard Intervention	609	1	1885.10	No eligible purchase in more than 180 days; Only one eligible purchase; No eligible purchase in the last 180 days; Fewer than three active months in the last twelve months
711	CUST-00711	Charlotte	NC	Paid Search	High Risk	90	1	Standard Intervention	707	1	1881.68	No eligible purchase in more than 180 days; Only one eligible purchase; No eligible purchase in the last 180 days; Fewer than three active months in the last twelve months
4011	CUST-04011	Jacksonville	FL	Paid Search	High Risk	90	1	Standard Intervention	585	1	1880.77	No eligible purchase in more than 180 days; Only one eligible purchase; No eligible purchase in the last 180 days; Fewer than three active months in the last twelve months
1576	CUST-01576	Nashville	TN	Email	High Risk	90	1	Standard Intervention	549	1	1880.02	No eligible purchase in more than 180 days; Only one eligible purchase; No eligible purchase in the last 180 days; Fewer than three active months in the last twelve months
7864	CUST-07864	New York	NY	Organic Search	High Risk	90	1	Standard Intervention	523	1	1870.84	No eligible purchase in more than 180 days; Only one eligible purchase; No eligible purchase in the last 180 days; Fewer than three active months in the last twelve months
5220	CUST-05220	Miami	FL	Referral	High Risk	90	1	Standard Intervention	719	1	1866.81	No eligible purchase in more than 180 days; Only one eligible purchase; No eligible purchase in the last 180 days; Fewer than three active months in the last twelve months
4301	CUST-04301	Portland	OR	Social Media	High Risk	90	1	Standard Intervention	707	1	1863.10	No eligible purchase in more than 180 days; Only one eligible purchase; No eligible purchase in the last 180 days; Fewer than three active months in the last twelve months
6647	CUST-06647	New York	NY	Referral	High Risk	90	1	Standard Intervention	703	1	1861.64	No eligible purchase in more than 180 days; Only one eligible purchase; No eligible purchase in the last 180 days; Fewer than three active months in the last twelve months
5371	CUST-05371	Charlotte	NC	Paid Search	High Risk	90	1	Standard Intervention	683	1	1861.38	No eligible purchase in more than 180 days; Only one eligible purchase; No eligible purchase in the last 180 days; Fewer than three active months in the last twelve months
5517	CUST-05517	Nashville	TN	Social Media	High Risk	90	1	Standard Intervention	217	1	1861.35	No eligible purchase in more than 180 days; Only one eligible purchase; No eligible purchase in the last 180 days; Fewer than three active months in the last twelve months
4920	CUST-04920	New York	NY	Social Media	High Risk	90	1	Standard Intervention	610	1	1860.93	No eligible purchase in more than 180 days; Only one eligible purchase; No eligible purchase in the last 180 days; Fewer than three active months in the last twelve months
4685	CUST-04685	Nashville	TN	Email	High Risk	90	1	Standard Intervention	579	1	1853.16	No eligible purchase in more than 180 days; Only one eligible purchase; No eligible purchase in the last 180 days; Fewer than three active months in the last twelve months
5873	CUST-05873	Seattle	WA	Paid Search	High Risk	90	1	Standard Intervention	671	1	1852.75	No eligible purchase in more than 180 days; Only one eligible purchase; No eligible purchase in the last 180 days; Fewer than three active months in the last twelve months
5692	CUST-05692	Chicago	IL	Email	High Risk	90	1	Standard Intervention	584	1	1845.57	No eligible purchase in more than 180 days; Only one eligible purchase; No eligible purchase in the last 180 days; Fewer than three active months in the last twelve months
996	CUST-00996	San Antonio	TX	Social Media	High Risk	90	1	Standard Intervention	677	1	1844.44	No eligible purchase in more than 180 days; Only one eligible purchase; No eligible purchase in the last 180 days; Fewer than three active months in the last twelve months
4938	CUST-04938	Phoenix	AZ	Email	High Risk	90	1	Standard Intervention	587	1	1841.68	No eligible purchase in more than 180 days; Only one eligible purchase; No eligible purchase in the last 180 days; Fewer than three active months in the last twelve months
871	CUST-00871	Los Angeles	CA	Social Media	High Risk	90	1	Standard Intervention	599	1	1835.82	No eligible purchase in more than 180 days; Only one eligible purchase; No eligible purchase in the last 180 days; Fewer than three active months in the last twelve months
7481	CUST-07481	Fort Worth	TX	Organic Search	High Risk	90	1	Standard Intervention	707	1	1831.14	No eligible purchase in more than 180 days; Only one eligible purchase; No eligible purchase in the last 180 days; Fewer than three active months in the last twelve months
2466	CUST-02466	Denver	CO	Organic Search	High Risk	90	1	Standard Intervention	619	1	1830.20	No eligible purchase in more than 180 days; Only one eligible purchase; No eligible purchase in the last 180 days; Fewer than three active months in the last twelve months
7378	CUST-07378	Austin	TX	Organic Search	High Risk	90	1	Standard Intervention	238	1	1829.18	No eligible purchase in more than 180 days; Only one eligible purchase; No eligible purchase in the last 180 days; Fewer than three active months in the last twelve months
6200	CUST-06200	Miami	FL	Email	High Risk	90	1	Standard Intervention	685	1	1822.33	No eligible purchase in more than 180 days; Only one eligible purchase; No eligible purchase in the last 180 days; Fewer than three active months in the last twelve months
41	CUST-00041	San Antonio	TX	Organic Search	High Risk	90	1	Standard Intervention	564	1	1822.03	No eligible purchase in more than 180 days; Only one eligible purchase; No eligible purchase in the last 180 days; Fewer than three active months in the last twelve months
1990	CUST-01990	Philadelphia	PA	Referral	High Risk	90	1	Standard Intervention	550	1	1821.89	No eligible purchase in more than 180 days; Only one eligible purchase; No eligible purchase in the last 180 days; Fewer than three active months in the last twelve months
5901	CUST-05901	Fort Worth	TX	Direct	High Risk	90	1	Standard Intervention	709	1	1820.19	No eligible purchase in more than 180 days; Only one eligible purchase; No eligible purchase in the last 180 days; Fewer than three active months in the last twelve months
5029	CUST-05029	San Diego	CA	Paid Search	High Risk	90	1	Standard Intervention	689	1	1818.59	No eligible purchase in more than 180 days; Only one eligible purchase; No eligible purchase in the last 180 days; Fewer than three active months in the last twelve months
5505	CUST-05505	Portland	OR	Paid Search	High Risk	90	1	Standard Intervention	651	1	1817.18	No eligible purchase in more than 180 days; Only one eligible purchase; No eligible purchase in the last 180 days; Fewer than three active months in the last twelve months
4058	CUST-04058	Charlotte	NC	Social Media	High Risk	90	1	Standard Intervention	289	1	1814.92	No eligible purchase in more than 180 days; Only one eligible purchase; No eligible purchase in the last 180 days; Fewer than three active months in the last twelve months
3454	CUST-03454	Philadelphia	PA	Referral	High Risk	90	1	Standard Intervention	604	1	1810.69	No eligible purchase in more than 180 days; Only one eligible purchase; No eligible purchase in the last 180 days; Fewer than three active months in the last twelve months
7110	CUST-07110	Dallas	TX	Organic Search	High Risk	90	1	Standard Intervention	688	1	1810.50	No eligible purchase in more than 180 days; Only one eligible purchase; No eligible purchase in the last 180 days; Fewer than three active months in the last twelve months
3297	CUST-03297	Washington	DC	Paid Search	High Risk	90	1	Standard Intervention	599	1	1801.98	No eligible purchase in more than 180 days; Only one eligible purchase; No eligible purchase in the last 180 days; Fewer than three active months in the last twelve months
3995	CUST-03995	Philadelphia	PA	Referral	High Risk	90	1	Standard Intervention	607	1	1797.57	No eligible purchase in more than 180 days; Only one eligible purchase; No eligible purchase in the last 180 days; Fewer than three active months in the last twelve months
3092	CUST-03092	San Jose	CA	Direct	High Risk	90	1	Standard Intervention	310	1	1794.89	No eligible purchase in more than 180 days; Only one eligible purchase; No eligible purchase in the last 180 days; Fewer than three active months in the last twelve months
2416	CUST-02416	Seattle	WA	Paid Search	High Risk	90	1	Standard Intervention	451	1	1794.24	No eligible purchase in more than 180 days; Only one eligible purchase; No eligible purchase in the last 180 days; Fewer than three active months in the last twelve months
2143	CUST-02143	Charlotte	NC	Paid Search	High Risk	90	1	Standard Intervention	719	1	1789.96	No eligible purchase in more than 180 days; Only one eligible purchase; No eligible purchase in the last 180 days; Fewer than three active months in the last twelve months
5773	CUST-05773	Austin	TX	Email	High Risk	90	1	Standard Intervention	194	1	1789.87	No eligible purchase in more than 180 days; Only one eligible purchase; No eligible purchase in the last 180 days; Fewer than three active months in the last twelve months
6332	CUST-06332	Chicago	IL	Paid Search	High Risk	90	1	Standard Intervention	671	1	1789.50	No eligible purchase in more than 180 days; Only one eligible purchase; No eligible purchase in the last 180 days; Fewer than three active months in the last twelve months
445	CUST-00445	Las Vegas	NV	Social Media	High Risk	90	1	Standard Intervention	271	1	1784.26	No eligible purchase in more than 180 days; Only one eligible purchase; No eligible purchase in the last 180 days; Fewer than three active months in the last twelve months
479	CUST-00479	Philadelphia	PA	Organic Search	High Risk	90	1	Standard Intervention	367	1	1778.76	No eligible purchase in more than 180 days; Only one eligible purchase; No eligible purchase in the last 180 days; Fewer than three active months in the last twelve months
7582	CUST-07582	San Diego	CA	Social Media	High Risk	90	1	Standard Intervention	661	1	1778.19	No eligible purchase in more than 180 days; Only one eligible purchase; No eligible purchase in the last 180 days; Fewer than three active months in the last twelve months
1344	CUST-01344	San Jose	CA	Social Media	High Risk	90	1	Standard Intervention	309	1	1773.89	No eligible purchase in more than 180 days; Only one eligible purchase; No eligible purchase in the last 180 days; Fewer than three active months in the last twelve months
6795	CUST-06795	San Diego	CA	Paid Search	High Risk	90	1	Standard Intervention	338	1	1773.40	No eligible purchase in more than 180 days; Only one eligible purchase; No eligible purchase in the last 180 days; Fewer than three active months in the last twelve months
2855	CUST-02855	Los Angeles	CA	Direct	High Risk	90	1	Standard Intervention	674	1	1771.20	No eligible purchase in more than 180 days; Only one eligible purchase; No eligible purchase in the last 180 days; Fewer than three active months in the last twelve months
6248	CUST-06248	Jacksonville	FL	Email	High Risk	90	1	Standard Intervention	192	1	1758.75	No eligible purchase in more than 180 days; Only one eligible purchase; No eligible purchase in the last 180 days; Fewer than three active months in the last twelve months
1401	CUST-01401	Los Angeles	CA	Direct	High Risk	90	1	Standard Intervention	564	1	1755.54	No eligible purchase in more than 180 days; Only one eligible purchase; No eligible purchase in the last 180 days; Fewer than three active months in the last twelve months
81	CUST-00081	New York	NY	Social Media	High Risk	90	1	Standard Intervention	555	1	1754.95	No eligible purchase in more than 180 days; Only one eligible purchase; No eligible purchase in the last 180 days; Fewer than three active months in the last twelve months
4740	CUST-04740	Washington	DC	Email	High Risk	90	1	Standard Intervention	698	1	1754.34	No eligible purchase in more than 180 days; Only one eligible purchase; No eligible purchase in the last 180 days; Fewer than three active months in the last twelve months
5332	CUST-05332	Philadelphia	PA	Social Media	High Risk	90	1	Standard Intervention	207	1	1752.21	No eligible purchase in more than 180 days; Only one eligible purchase; No eligible purchase in the last 180 days; Fewer than three active months in the last twelve months
2809	CUST-02809	Jacksonville	FL	Organic Search	High Risk	90	1	Standard Intervention	689	1	1751.95	No eligible purchase in more than 180 days; Only one eligible purchase; No eligible purchase in the last 180 days; Fewer than three active months in the last twelve months
646	CUST-00646	Las Vegas	NV	Organic Search	High Risk	90	1	Standard Intervention	727	1	1748.64	No eligible purchase in more than 180 days; Only one eligible purchase; No eligible purchase in the last 180 days; Fewer than three active months in the last twelve months
749	CUST-00749	San Antonio	TX	Paid Search	High Risk	90	1	Standard Intervention	612	1	1747.63	No eligible purchase in more than 180 days; Only one eligible purchase; No eligible purchase in the last 180 days; Fewer than three active months in the last twelve months
5691	CUST-05691	Washington	DC	Direct	High Risk	90	1	Standard Intervention	688	1	1747.16	No eligible purchase in more than 180 days; Only one eligible purchase; No eligible purchase in the last 180 days; Fewer than three active months in the last twelve months
4735	CUST-04735	Chicago	IL	Direct	High Risk	90	1	Standard Intervention	554	1	1744.30	No eligible purchase in more than 180 days; Only one eligible purchase; No eligible purchase in the last 180 days; Fewer than three active months in the last twelve months
5520	CUST-05520	Dallas	TX	Organic Search	High Risk	90	1	Standard Intervention	587	1	1743.28	No eligible purchase in more than 180 days; Only one eligible purchase; No eligible purchase in the last 180 days; Fewer than three active months in the last twelve months
329	CUST-00329	Houston	TX	Email	High Risk	90	1	Standard Intervention	616	1	1741.22	No eligible purchase in more than 180 days; Only one eligible purchase; No eligible purchase in the last 180 days; Fewer than three active months in the last twelve months
3034	CUST-03034	Austin	TX	Paid Search	High Risk	90	1	Standard Intervention	572	1	1740.01	No eligible purchase in more than 180 days; Only one eligible purchase; No eligible purchase in the last 180 days; Fewer than three active months in the last twelve months
4231	CUST-04231	Seattle	WA	Referral	High Risk	90	1	Standard Intervention	661	1	1737.50	No eligible purchase in more than 180 days; Only one eligible purchase; No eligible purchase in the last 180 days; Fewer than three active months in the last twelve months
3316	CUST-03316	Washington	DC	Email	High Risk	90	1	Standard Intervention	565	1	1735.28	No eligible purchase in more than 180 days; Only one eligible purchase; No eligible purchase in the last 180 days; Fewer than three active months in the last twelve months
5215	CUST-05215	Denver	CO	Paid Search	High Risk	90	1	Standard Intervention	288	1	1732.20	No eligible purchase in more than 180 days; Only one eligible purchase; No eligible purchase in the last 180 days; Fewer than three active months in the last twelve months
2827	CUST-02827	New York	NY	Email	High Risk	90	1	Standard Intervention	708	1	1732.08	No eligible purchase in more than 180 days; Only one eligible purchase; No eligible purchase in the last 180 days; Fewer than three active months in the last twelve months
5871	CUST-05871	Fort Worth	TX	Organic Search	High Risk	90	1	Standard Intervention	640	1	1729.41	No eligible purchase in more than 180 days; Only one eligible purchase; No eligible purchase in the last 180 days; Fewer than three active months in the last twelve months
6813	CUST-06813	Los Angeles	CA	Organic Search	High Risk	90	1	Standard Intervention	237	1	1728.43	No eligible purchase in more than 180 days; Only one eligible purchase; No eligible purchase in the last 180 days; Fewer than three active months in the last twelve months
528	CUST-00528	Seattle	WA	Social Media	High Risk	90	1	Standard Intervention	615	1	1725.80	No eligible purchase in more than 180 days; Only one eligible purchase; No eligible purchase in the last 180 days; Fewer than three active months in the last twelve months
710	CUST-00710	Denver	CO	Paid Search	High Risk	90	1	Standard Intervention	210	1	1718.29	No eligible purchase in more than 180 days; Only one eligible purchase; No eligible purchase in the last 180 days; Fewer than three active months in the last twelve months
2088	CUST-02088	Washington	DC	Social Media	High Risk	90	1	Standard Intervention	581	1	1714.12	No eligible purchase in more than 180 days; Only one eligible purchase; No eligible purchase in the last 180 days; Fewer than three active months in the last twelve months
5843	CUST-05843	San Jose	CA	Referral	High Risk	90	1	Standard Intervention	684	1	1708.49	No eligible purchase in more than 180 days; Only one eligible purchase; No eligible purchase in the last 180 days; Fewer than three active months in the last twelve months
7909	CUST-07909	Houston	TX	Email	High Risk	90	1	Standard Intervention	591	1	1705.99	No eligible purchase in more than 180 days; Only one eligible purchase; No eligible purchase in the last 180 days; Fewer than three active months in the last twelve months
5925	CUST-05925	Phoenix	AZ	Email	High Risk	90	1	Standard Intervention	715	1	1701.05	No eligible purchase in more than 180 days; Only one eligible purchase; No eligible purchase in the last 180 days; Fewer than three active months in the last twelve months
4928	CUST-04928	Los Angeles	CA	Organic Search	High Risk	90	1	Standard Intervention	622	1	1694.18	No eligible purchase in more than 180 days; Only one eligible purchase; No eligible purchase in the last 180 days; Fewer than three active months in the last twelve months
6323	CUST-06323	New York	NY	Social Media	High Risk	90	1	Standard Intervention	555	1	1693.84	No eligible purchase in more than 180 days; Only one eligible purchase; No eligible purchase in the last 180 days; Fewer than three active months in the last twelve months
3728	CUST-03728	Los Angeles	CA	Email	High Risk	90	1	Standard Intervention	269	1	1690.38	No eligible purchase in more than 180 days; Only one eligible purchase; No eligible purchase in the last 180 days; Fewer than three active months in the last twelve months
1317	CUST-01317	Fort Worth	TX	Referral	High Risk	90	1	Standard Intervention	640	1	1689.75	No eligible purchase in more than 180 days; Only one eligible purchase; No eligible purchase in the last 180 days; Fewer than three active months in the last twelve months
1311	CUST-01311	Atlanta	GA	Paid Search	High Risk	90	1	Standard Intervention	690	1	1687.72	No eligible purchase in more than 180 days; Only one eligible purchase; No eligible purchase in the last 180 days; Fewer than three active months in the last twelve months
4742	CUST-04742	Charlotte	NC	Email	High Risk	90	1	Standard Intervention	671	1	1686.07	No eligible purchase in more than 180 days; Only one eligible purchase; No eligible purchase in the last 180 days; Fewer than three active months in the last twelve months
4545	CUST-04545	Boston	MA	Organic Search	High Risk	90	1	Standard Intervention	704	1	1684.43	No eligible purchase in more than 180 days; Only one eligible purchase; No eligible purchase in the last 180 days; Fewer than three active months in the last twelve months
4052	CUST-04052	San Diego	CA	Email	High Risk	90	1	Standard Intervention	551	1	1681.70	No eligible purchase in more than 180 days; Only one eligible purchase; No eligible purchase in the last 180 days; Fewer than three active months in the last twelve months
7702	CUST-07702	Los Angeles	CA	Organic Search	High Risk	90	1	Standard Intervention	288	1	1679.50	No eligible purchase in more than 180 days; Only one eligible purchase; No eligible purchase in the last 180 days; Fewer than three active months in the last twelve months
6457	CUST-06457	San Diego	CA	Social Media	High Risk	90	1	Standard Intervention	625	1	1679.04	No eligible purchase in more than 180 days; Only one eligible purchase; No eligible purchase in the last 180 days; Fewer than three active months in the last twelve months
4712	CUST-04712	Los Angeles	CA	Direct	High Risk	90	1	Standard Intervention	556	1	1678.25	No eligible purchase in more than 180 days; Only one eligible purchase; No eligible purchase in the last 180 days; Fewer than three active months in the last twelve months
2741	CUST-02741	Philadelphia	PA	Organic Search	High Risk	90	1	Standard Intervention	583	1	1676.19	No eligible purchase in more than 180 days; Only one eligible purchase; No eligible purchase in the last 180 days; Fewer than three active months in the last twelve months
4127	CUST-04127	San Jose	CA	Organic Search	High Risk	90	1	Standard Intervention	204	1	1674.71	No eligible purchase in more than 180 days; Only one eligible purchase; No eligible purchase in the last 180 days; Fewer than three active months in the last twelve months
134	CUST-00134	Denver	CO	Referral	High Risk	90	1	Standard Intervention	636	1	1673.28	No eligible purchase in more than 180 days; Only one eligible purchase; No eligible purchase in the last 180 days; Fewer than three active months in the last twelve months
5158	CUST-05158	Phoenix	AZ	Paid Search	High Risk	90	1	Standard Intervention	590	1	1665.57	No eligible purchase in more than 180 days; Only one eligible purchase; No eligible purchase in the last 180 days; Fewer than three active months in the last twelve months
5084	CUST-05084	Portland	OR	Social Media	High Risk	90	1	Standard Intervention	639	1	1664.58	No eligible purchase in more than 180 days; Only one eligible purchase; No eligible purchase in the last 180 days; Fewer than three active months in the last twelve months
3621	CUST-03621	Philadelphia	PA	Referral	High Risk	90	1	Standard Intervention	301	1	1663.71	No eligible purchase in more than 180 days; Only one eligible purchase; No eligible purchase in the last 180 days; Fewer than three active months in the last twelve months
2007	CUST-02007	Fort Worth	TX	Organic Search	High Risk	90	1	Standard Intervention	644	1	1663.54	No eligible purchase in more than 180 days; Only one eligible purchase; No eligible purchase in the last 180 days; Fewer than three active months in the last twelve months
7276	CUST-07276	Los Angeles	CA	Organic Search	High Risk	90	1	Standard Intervention	700	1	1662.48	No eligible purchase in more than 180 days; Only one eligible purchase; No eligible purchase in the last 180 days; Fewer than three active months in the last twelve months
6736	CUST-06736	Philadelphia	PA	Paid Search	High Risk	90	1	Standard Intervention	666	1	1661.91	No eligible purchase in more than 180 days; Only one eligible purchase; No eligible purchase in the last 180 days; Fewer than three active months in the last twelve months
5354	CUST-05354	Chicago	IL	Direct	High Risk	90	1	Standard Intervention	702	1	1660.68	No eligible purchase in more than 180 days; Only one eligible purchase; No eligible purchase in the last 180 days; Fewer than three active months in the last twelve months
3855	CUST-03855	Phoenix	AZ	Paid Search	High Risk	90	1	Standard Intervention	682	1	1658.13	No eligible purchase in more than 180 days; Only one eligible purchase; No eligible purchase in the last 180 days; Fewer than three active months in the last twelve months
7715	CUST-07715	Chicago	IL	Social Media	High Risk	90	1	Standard Intervention	721	1	1657.08	No eligible purchase in more than 180 days; Only one eligible purchase; No eligible purchase in the last 180 days; Fewer than three active months in the last twelve months
4656	CUST-04656	Dallas	TX	Email	High Risk	90	1	Standard Intervention	618	1	1655.85	No eligible purchase in more than 180 days; Only one eligible purchase; No eligible purchase in the last 180 days; Fewer than three active months in the last twelve months
1768	CUST-01768	Nashville	TN	Organic Search	High Risk	90	1	Standard Intervention	437	1	1653.38	No eligible purchase in more than 180 days; Only one eligible purchase; No eligible purchase in the last 180 days; Fewer than three active months in the last twelve months
6474	CUST-06474	Houston	TX	Social Media	High Risk	90	1	Standard Intervention	611	1	1650.32	No eligible purchase in more than 180 days; Only one eligible purchase; No eligible purchase in the last 180 days; Fewer than three active months in the last twelve months
3699	CUST-03699	San Antonio	TX	Paid Search	High Risk	90	1	Standard Intervention	615	1	1647.62	No eligible purchase in more than 180 days; Only one eligible purchase; No eligible purchase in the last 180 days; Fewer than three active months in the last twelve months
980	CUST-00980	Chicago	IL	Paid Search	High Risk	90	1	Standard Intervention	663	1	1645.76	No eligible purchase in more than 180 days; Only one eligible purchase; No eligible purchase in the last 180 days; Fewer than three active months in the last twelve months
6516	CUST-06516	San Antonio	TX	Referral	High Risk	90	1	Standard Intervention	614	1	1644.34	No eligible purchase in more than 180 days; Only one eligible purchase; No eligible purchase in the last 180 days; Fewer than three active months in the last twelve months
7610	CUST-07610	Austin	TX	Organic Search	High Risk	90	1	Standard Intervention	666	1	1643.20	No eligible purchase in more than 180 days; Only one eligible purchase; No eligible purchase in the last 180 days; Fewer than three active months in the last twelve months
3364	CUST-03364	Los Angeles	CA	Paid Search	High Risk	90	1	Standard Intervention	623	1	1637.21	No eligible purchase in more than 180 days; Only one eligible purchase; No eligible purchase in the last 180 days; Fewer than three active months in the last twelve months
263	CUST-00263	New York	NY	Paid Search	High Risk	90	1	Standard Intervention	564	1	1635.65	No eligible purchase in more than 180 days; Only one eligible purchase; No eligible purchase in the last 180 days; Fewer than three active months in the last twelve months
132	CUST-00132	Washington	DC	Direct	High Risk	90	1	Standard Intervention	719	1	1634.57	No eligible purchase in more than 180 days; Only one eligible purchase; No eligible purchase in the last 180 days; Fewer than three active months in the last twelve months
3930	CUST-03930	Phoenix	AZ	Paid Search	High Risk	90	1	Standard Intervention	616	1	1633.66	No eligible purchase in more than 180 days; Only one eligible purchase; No eligible purchase in the last 180 days; Fewer than three active months in the last twelve months
5249	CUST-05249	New York	NY	Organic Search	High Risk	90	1	Standard Intervention	703	1	1633.63	No eligible purchase in more than 180 days; Only one eligible purchase; No eligible purchase in the last 180 days; Fewer than three active months in the last twelve months
7332	CUST-07332	Chicago	IL	Referral	High Risk	90	1	Standard Intervention	657	1	1633.30	No eligible purchase in more than 180 days; Only one eligible purchase; No eligible purchase in the last 180 days; Fewer than three active months in the last twelve months
5761	CUST-05761	Philadelphia	PA	Referral	High Risk	90	1	Standard Intervention	671	1	1632.52	No eligible purchase in more than 180 days; Only one eligible purchase; No eligible purchase in the last 180 days; Fewer than three active months in the last twelve months
131	CUST-00131	Dallas	TX	Organic Search	High Risk	90	1	Standard Intervention	502	1	1631.30	No eligible purchase in more than 180 days; Only one eligible purchase; No eligible purchase in the last 180 days; Fewer than three active months in the last twelve months
7420	CUST-07420	Houston	TX	Organic Search	High Risk	90	1	Standard Intervention	580	1	1630.84	No eligible purchase in more than 180 days; Only one eligible purchase; No eligible purchase in the last 180 days; Fewer than three active months in the last twelve months
6578	CUST-06578	Las Vegas	NV	Direct	High Risk	90	1	Standard Intervention	549	1	1626.17	No eligible purchase in more than 180 days; Only one eligible purchase; No eligible purchase in the last 180 days; Fewer than three active months in the last twelve months
31	CUST-00031	Phoenix	AZ	Social Media	High Risk	90	1	Standard Intervention	616	1	1624.47	No eligible purchase in more than 180 days; Only one eligible purchase; No eligible purchase in the last 180 days; Fewer than three active months in the last twelve months
4839	CUST-04839	San Diego	CA	Social Media	High Risk	90	1	Standard Intervention	667	1	1621.42	No eligible purchase in more than 180 days; Only one eligible purchase; No eligible purchase in the last 180 days; Fewer than three active months in the last twelve months
6187	CUST-06187	Houston	TX	Paid Search	High Risk	90	1	Standard Intervention	694	1	1621.41	No eligible purchase in more than 180 days; Only one eligible purchase; No eligible purchase in the last 180 days; Fewer than three active months in the last twelve months
3362	CUST-03362	San Diego	CA	Referral	High Risk	90	1	Standard Intervention	263	1	1621.19	No eligible purchase in more than 180 days; Only one eligible purchase; No eligible purchase in the last 180 days; Fewer than three active months in the last twelve months
4713	CUST-04713	Phoenix	AZ	Social Media	High Risk	90	1	Standard Intervention	640	1	1618.49	No eligible purchase in more than 180 days; Only one eligible purchase; No eligible purchase in the last 180 days; Fewer than three active months in the last twelve months
5757	CUST-05757	Chicago	IL	Referral	High Risk	90	1	Standard Intervention	683	1	1617.00	No eligible purchase in more than 180 days; Only one eligible purchase; No eligible purchase in the last 180 days; Fewer than three active months in the last twelve months
5969	CUST-05969	San Antonio	TX	Email	High Risk	90	1	Standard Intervention	615	1	1615.12	No eligible purchase in more than 180 days; Only one eligible purchase; No eligible purchase in the last 180 days; Fewer than three active months in the last twelve months
2510	CUST-02510	Austin	TX	Email	High Risk	90	1	Standard Intervention	572	1	1614.89	No eligible purchase in more than 180 days; Only one eligible purchase; No eligible purchase in the last 180 days; Fewer than three active months in the last twelve months
1850	CUST-01850	Austin	TX	Paid Search	High Risk	90	1	Standard Intervention	717	1	1614.12	No eligible purchase in more than 180 days; Only one eligible purchase; No eligible purchase in the last 180 days; Fewer than three active months in the last twelve months
4266	CUST-04266	Fort Worth	TX	Email	High Risk	90	1	Standard Intervention	703	1	1614.09	No eligible purchase in more than 180 days; Only one eligible purchase; No eligible purchase in the last 180 days; Fewer than three active months in the last twelve months
4320	CUST-04320	Chicago	IL	Email	High Risk	90	1	Standard Intervention	687	1	1612.67	No eligible purchase in more than 180 days; Only one eligible purchase; No eligible purchase in the last 180 days; Fewer than three active months in the last twelve months
7270	CUST-07270	Portland	OR	Paid Search	High Risk	90	1	Standard Intervention	601	1	1611.23	No eligible purchase in more than 180 days; Only one eligible purchase; No eligible purchase in the last 180 days; Fewer than three active months in the last twelve months
6833	CUST-06833	New York	NY	Paid Search	High Risk	90	1	Standard Intervention	633	1	1609.50	No eligible purchase in more than 180 days; Only one eligible purchase; No eligible purchase in the last 180 days; Fewer than three active months in the last twelve months
3077	CUST-03077	Jacksonville	FL	Organic Search	High Risk	90	1	Standard Intervention	267	1	1601.35	No eligible purchase in more than 180 days; Only one eligible purchase; No eligible purchase in the last 180 days; Fewer than three active months in the last twelve months
1935	CUST-01935	San Antonio	TX	Social Media	High Risk	90	1	Standard Intervention	549	1	1599.03	No eligible purchase in more than 180 days; Only one eligible purchase; No eligible purchase in the last 180 days; Fewer than three active months in the last twelve months
2890	CUST-02890	San Diego	CA	Referral	High Risk	90	1	Standard Intervention	346	1	1596.35	No eligible purchase in more than 180 days; Only one eligible purchase; No eligible purchase in the last 180 days; Fewer than three active months in the last twelve months
1406	CUST-01406	Seattle	WA	Email	High Risk	90	1	Standard Intervention	620	1	1594.39	No eligible purchase in more than 180 days; Only one eligible purchase; No eligible purchase in the last 180 days; Fewer than three active months in the last twelve months
3651	CUST-03651	Phoenix	AZ	Organic Search	High Risk	90	1	Standard Intervention	561	1	1593.80	No eligible purchase in more than 180 days; Only one eligible purchase; No eligible purchase in the last 180 days; Fewer than three active months in the last twelve months
3404	CUST-03404	San Diego	CA	Paid Search	High Risk	90	1	Standard Intervention	265	1	1593.48	No eligible purchase in more than 180 days; Only one eligible purchase; No eligible purchase in the last 180 days; Fewer than three active months in the last twelve months
460	CUST-00460	Dallas	TX	Referral	High Risk	90	1	Standard Intervention	675	1	1592.92	No eligible purchase in more than 180 days; Only one eligible purchase; No eligible purchase in the last 180 days; Fewer than three active months in the last twelve months
6050	CUST-06050	Los Angeles	CA	Email	High Risk	90	1	Standard Intervention	565	1	1590.52	No eligible purchase in more than 180 days; Only one eligible purchase; No eligible purchase in the last 180 days; Fewer than three active months in the last twelve months
5397	CUST-05397	Phoenix	AZ	Organic Search	High Risk	90	1	Standard Intervention	703	1	1589.49	No eligible purchase in more than 180 days; Only one eligible purchase; No eligible purchase in the last 180 days; Fewer than three active months in the last twelve months
2628	CUST-02628	San Jose	CA	Email	High Risk	90	1	Standard Intervention	574	1	1585.62	No eligible purchase in more than 180 days; Only one eligible purchase; No eligible purchase in the last 180 days; Fewer than three active months in the last twelve months
7289	CUST-07289	Columbus	OH	Referral	High Risk	90	1	Standard Intervention	655	1	1582.86	No eligible purchase in more than 180 days; Only one eligible purchase; No eligible purchase in the last 180 days; Fewer than three active months in the last twelve months
617	CUST-00617	Jacksonville	FL	Social Media	High Risk	90	1	Standard Intervention	595	1	1582.05	No eligible purchase in more than 180 days; Only one eligible purchase; No eligible purchase in the last 180 days; Fewer than three active months in the last twelve months
4038	CUST-04038	New York	NY	Email	High Risk	90	1	Standard Intervention	574	1	1579.49	No eligible purchase in more than 180 days; Only one eligible purchase; No eligible purchase in the last 180 days; Fewer than three active months in the last twelve months
5475	CUST-05475	Chicago	IL	Email	High Risk	90	1	Standard Intervention	658	1	1570.29	No eligible purchase in more than 180 days; Only one eligible purchase; No eligible purchase in the last 180 days; Fewer than three active months in the last twelve months
7546	CUST-07546	Philadelphia	PA	Email	High Risk	90	1	Standard Intervention	301	1	1570.16	No eligible purchase in more than 180 days; Only one eligible purchase; No eligible purchase in the last 180 days; Fewer than three active months in the last twelve months
7254	CUST-07254	Phoenix	AZ	Direct	High Risk	90	1	Standard Intervention	541	1	1568.94	No eligible purchase in more than 180 days; Only one eligible purchase; No eligible purchase in the last 180 days; Fewer than three active months in the last twelve months
1275	CUST-01275	Portland	OR	Referral	High Risk	90	1	Standard Intervention	559	1	1568.34	No eligible purchase in more than 180 days; Only one eligible purchase; No eligible purchase in the last 180 days; Fewer than three active months in the last twelve months
1820	CUST-01820	New York	NY	Direct	High Risk	90	1	Standard Intervention	599	1	1568.30	No eligible purchase in more than 180 days; Only one eligible purchase; No eligible purchase in the last 180 days; Fewer than three active months in the last twelve months
3261	CUST-03261	San Diego	CA	Email	High Risk	90	1	Standard Intervention	631	1	1564.59	No eligible purchase in more than 180 days; Only one eligible purchase; No eligible purchase in the last 180 days; Fewer than three active months in the last twelve months
3548	CUST-03548	San Jose	CA	Email	High Risk	90	1	Standard Intervention	720	1	1563.71	No eligible purchase in more than 180 days; Only one eligible purchase; No eligible purchase in the last 180 days; Fewer than three active months in the last twelve months
4206	CUST-04206	Jacksonville	FL	Email	High Risk	90	1	Standard Intervention	488	1	1562.88	No eligible purchase in more than 180 days; Only one eligible purchase; No eligible purchase in the last 180 days; Fewer than three active months in the last twelve months
4433	CUST-04433	Seattle	WA	Paid Search	High Risk	90	1	Standard Intervention	674	1	1557.70	No eligible purchase in more than 180 days; Only one eligible purchase; No eligible purchase in the last 180 days; Fewer than three active months in the last twelve months
345	CUST-00345	Phoenix	AZ	Social Media	High Risk	90	1	Standard Intervention	550	1	1557.20	No eligible purchase in more than 180 days; Only one eligible purchase; No eligible purchase in the last 180 days; Fewer than three active months in the last twelve months
7535	CUST-07535	Denver	CO	Social Media	High Risk	90	1	Standard Intervention	677	1	1556.56	No eligible purchase in more than 180 days; Only one eligible purchase; No eligible purchase in the last 180 days; Fewer than three active months in the last twelve months
5245	CUST-05245	Philadelphia	PA	Paid Search	High Risk	90	1	Standard Intervention	250	1	1555.40	No eligible purchase in more than 180 days; Only one eligible purchase; No eligible purchase in the last 180 days; Fewer than three active months in the last twelve months
402	CUST-00402	Austin	TX	Organic Search	High Risk	90	1	Standard Intervention	648	1	1554.63	No eligible purchase in more than 180 days; Only one eligible purchase; No eligible purchase in the last 180 days; Fewer than three active months in the last twelve months
1989	CUST-01989	Houston	TX	Social Media	High Risk	90	1	Standard Intervention	262	1	1552.30	No eligible purchase in more than 180 days; Only one eligible purchase; No eligible purchase in the last 180 days; Fewer than three active months in the last twelve months
3977	CUST-03977	San Antonio	TX	Paid Search	High Risk	90	1	Standard Intervention	724	1	1548.79	No eligible purchase in more than 180 days; Only one eligible purchase; No eligible purchase in the last 180 days; Fewer than three active months in the last twelve months
2589	CUST-02589	Charlotte	NC	Email	High Risk	90	1	Standard Intervention	583	1	1543.38	No eligible purchase in more than 180 days; Only one eligible purchase; No eligible purchase in the last 180 days; Fewer than three active months in the last twelve months
5055	CUST-05055	San Jose	CA	Referral	High Risk	90	1	Standard Intervention	588	1	1542.87	No eligible purchase in more than 180 days; Only one eligible purchase; No eligible purchase in the last 180 days; Fewer than three active months in the last twelve months
4460	CUST-04460	Phoenix	AZ	Email	High Risk	90	1	Standard Intervention	666	1	1542.60	No eligible purchase in more than 180 days; Only one eligible purchase; No eligible purchase in the last 180 days; Fewer than three active months in the last twelve months
7316	CUST-07316	New York	NY	Organic Search	High Risk	90	1	Standard Intervention	656	1	1539.33	No eligible purchase in more than 180 days; Only one eligible purchase; No eligible purchase in the last 180 days; Fewer than three active months in the last twelve months
1884	CUST-01884	Phoenix	AZ	Organic Search	High Risk	90	1	Standard Intervention	685	1	1534.87	No eligible purchase in more than 180 days; Only one eligible purchase; No eligible purchase in the last 180 days; Fewer than three active months in the last twelve months
7901	CUST-07901	New York	NY	Direct	High Risk	90	1	Standard Intervention	202	1	1533.61	No eligible purchase in more than 180 days; Only one eligible purchase; No eligible purchase in the last 180 days; Fewer than three active months in the last twelve months
5832	CUST-05832	Portland	OR	Paid Search	High Risk	90	1	Standard Intervention	730	1	1529.80	No eligible purchase in more than 180 days; Only one eligible purchase; No eligible purchase in the last 180 days; Fewer than three active months in the last twelve months
3863	CUST-03863	Nashville	TN	Social Media	High Risk	90	1	Standard Intervention	691	1	1528.57	No eligible purchase in more than 180 days; Only one eligible purchase; No eligible purchase in the last 180 days; Fewer than three active months in the last twelve months
4794	CUST-04794	Portland	OR	Social Media	High Risk	90	1	Standard Intervention	641	1	1528.27	No eligible purchase in more than 180 days; Only one eligible purchase; No eligible purchase in the last 180 days; Fewer than three active months in the last twelve months
2344	CUST-02344	Las Vegas	NV	Paid Search	High Risk	90	1	Standard Intervention	561	1	1525.41	No eligible purchase in more than 180 days; Only one eligible purchase; No eligible purchase in the last 180 days; Fewer than three active months in the last twelve months
7013	CUST-07013	Seattle	WA	Paid Search	High Risk	90	1	Standard Intervention	710	1	1524.30	No eligible purchase in more than 180 days; Only one eligible purchase; No eligible purchase in the last 180 days; Fewer than three active months in the last twelve months
6223	CUST-06223	New York	NY	Direct	High Risk	90	1	Standard Intervention	648	1	1523.48	No eligible purchase in more than 180 days; Only one eligible purchase; No eligible purchase in the last 180 days; Fewer than three active months in the last twelve months
6331	CUST-06331	Nashville	TN	Paid Search	High Risk	90	1	Standard Intervention	569	1	1522.36	No eligible purchase in more than 180 days; Only one eligible purchase; No eligible purchase in the last 180 days; Fewer than three active months in the last twelve months
7653	CUST-07653	Columbus	OH	Paid Search	High Risk	90	1	Standard Intervention	588	1	1521.59	No eligible purchase in more than 180 days; Only one eligible purchase; No eligible purchase in the last 180 days; Fewer than three active months in the last twelve months
5415	CUST-05415	Miami	FL	Organic Search	High Risk	90	1	Standard Intervention	200	1	1517.53	No eligible purchase in more than 180 days; Only one eligible purchase; No eligible purchase in the last 180 days; Fewer than three active months in the last twelve months
4753	CUST-04753	New York	NY	Social Media	High Risk	90	1	Standard Intervention	580	1	1515.91	No eligible purchase in more than 180 days; Only one eligible purchase; No eligible purchase in the last 180 days; Fewer than three active months in the last twelve months
2363	CUST-02363	Los Angeles	CA	Referral	High Risk	90	1	Standard Intervention	575	1	1512.16	No eligible purchase in more than 180 days; Only one eligible purchase; No eligible purchase in the last 180 days; Fewer than three active months in the last twelve months
1539	CUST-01539	New York	NY	Direct	High Risk	90	1	Standard Intervention	616	1	1511.91	No eligible purchase in more than 180 days; Only one eligible purchase; No eligible purchase in the last 180 days; Fewer than three active months in the last twelve months
7951	CUST-07951	Atlanta	GA	Paid Search	High Risk	90	1	Standard Intervention	699	1	1510.95	No eligible purchase in more than 180 days; Only one eligible purchase; No eligible purchase in the last 180 days; Fewer than three active months in the last twelve months
941	CUST-00941	Washington	DC	Paid Search	High Risk	90	1	Standard Intervention	597	1	1510.94	No eligible purchase in more than 180 days; Only one eligible purchase; No eligible purchase in the last 180 days; Fewer than three active months in the last twelve months
7297	CUST-07297	Dallas	TX	Paid Search	High Risk	90	1	Standard Intervention	688	1	1510.44	No eligible purchase in more than 180 days; Only one eligible purchase; No eligible purchase in the last 180 days; Fewer than three active months in the last twelve months
7476	CUST-07476	Austin	TX	Email	High Risk	90	1	Standard Intervention	593	1	1506.44	No eligible purchase in more than 180 days; Only one eligible purchase; No eligible purchase in the last 180 days; Fewer than three active months in the last twelve months
7931	CUST-07931	New York	NY	Direct	High Risk	90	1	Standard Intervention	250	1	1502.40	No eligible purchase in more than 180 days; Only one eligible purchase; No eligible purchase in the last 180 days; Fewer than three active months in the last twelve months
343	CUST-00343	Austin	TX	Paid Search	High Risk	90	1	Standard Intervention	701	1	1497.30	No eligible purchase in more than 180 days; Only one eligible purchase; No eligible purchase in the last 180 days; Fewer than three active months in the last twelve months
1007	CUST-01007	Chicago	IL	Paid Search	High Risk	90	1	Standard Intervention	667	1	1495.31	No eligible purchase in more than 180 days; Only one eligible purchase; No eligible purchase in the last 180 days; Fewer than three active months in the last twelve months
7340	CUST-07340	Washington	DC	Social Media	High Risk	90	1	Standard Intervention	658	1	1492.67	No eligible purchase in more than 180 days; Only one eligible purchase; No eligible purchase in the last 180 days; Fewer than three active months in the last twelve months
3867	CUST-03867	Jacksonville	FL	Email	High Risk	90	1	Standard Intervention	219	1	1492.54	No eligible purchase in more than 180 days; Only one eligible purchase; No eligible purchase in the last 180 days; Fewer than three active months in the last twelve months
3695	CUST-03695	Miami	FL	Paid Search	High Risk	90	1	Standard Intervention	589	1	1488.89	No eligible purchase in more than 180 days; Only one eligible purchase; No eligible purchase in the last 180 days; Fewer than three active months in the last twelve months
5449	CUST-05449	Philadelphia	PA	Paid Search	High Risk	90	1	Standard Intervention	641	1	1488.52	No eligible purchase in more than 180 days; Only one eligible purchase; No eligible purchase in the last 180 days; Fewer than three active months in the last twelve months
5960	CUST-05960	Boston	MA	Direct	High Risk	90	1	Standard Intervention	447	1	1488.37	No eligible purchase in more than 180 days; Only one eligible purchase; No eligible purchase in the last 180 days; Fewer than three active months in the last twelve months
5689	CUST-05689	San Antonio	TX	Organic Search	High Risk	90	1	Standard Intervention	594	1	1487.68	No eligible purchase in more than 180 days; Only one eligible purchase; No eligible purchase in the last 180 days; Fewer than three active months in the last twelve months
7207	CUST-07207	Austin	TX	Organic Search	High Risk	90	1	Standard Intervention	596	1	1485.10	No eligible purchase in more than 180 days; Only one eligible purchase; No eligible purchase in the last 180 days; Fewer than three active months in the last twelve months
5617	CUST-05617	Houston	TX	Social Media	High Risk	90	1	Standard Intervention	222	1	1482.96	No eligible purchase in more than 180 days; Only one eligible purchase; No eligible purchase in the last 180 days; Fewer than three active months in the last twelve months
4873	CUST-04873	Fort Worth	TX	Social Media	High Risk	90	1	Standard Intervention	624	1	1482.89	No eligible purchase in more than 180 days; Only one eligible purchase; No eligible purchase in the last 180 days; Fewer than three active months in the last twelve months
717	CUST-00717	New York	NY	Social Media	High Risk	90	1	Standard Intervention	554	1	1482.49	No eligible purchase in more than 180 days; Only one eligible purchase; No eligible purchase in the last 180 days; Fewer than three active months in the last twelve months
4259	CUST-04259	Houston	TX	Organic Search	High Risk	90	1	Standard Intervention	620	1	1477.22	No eligible purchase in more than 180 days; Only one eligible purchase; No eligible purchase in the last 180 days; Fewer than three active months in the last twelve months
4056	CUST-04056	Los Angeles	CA	Paid Search	High Risk	90	1	Standard Intervention	594	1	1475.14	No eligible purchase in more than 180 days; Only one eligible purchase; No eligible purchase in the last 180 days; Fewer than three active months in the last twelve months
4683	CUST-04683	Las Vegas	NV	Organic Search	High Risk	90	1	Standard Intervention	578	1	1475.06	No eligible purchase in more than 180 days; Only one eligible purchase; No eligible purchase in the last 180 days; Fewer than three active months in the last twelve months
4814	CUST-04814	San Jose	CA	Referral	High Risk	90	1	Standard Intervention	553	1	1473.28	No eligible purchase in more than 180 days; Only one eligible purchase; No eligible purchase in the last 180 days; Fewer than three active months in the last twelve months
5637	CUST-05637	San Jose	CA	Social Media	High Risk	90	1	Standard Intervention	658	1	1472.69	No eligible purchase in more than 180 days; Only one eligible purchase; No eligible purchase in the last 180 days; Fewer than three active months in the last twelve months
316	CUST-00316	New York	NY	Social Media	High Risk	90	1	Standard Intervention	626	1	1468.79	No eligible purchase in more than 180 days; Only one eligible purchase; No eligible purchase in the last 180 days; Fewer than three active months in the last twelve months
6692	CUST-06692	Jacksonville	FL	Paid Search	High Risk	90	1	Standard Intervention	242	1	1464.10	No eligible purchase in more than 180 days; Only one eligible purchase; No eligible purchase in the last 180 days; Fewer than three active months in the last twelve months
5971	CUST-05971	Boston	MA	Direct	High Risk	90	1	Standard Intervention	682	1	1463.06	No eligible purchase in more than 180 days; Only one eligible purchase; No eligible purchase in the last 180 days; Fewer than three active months in the last twelve months
6389	CUST-06389	Atlanta	GA	Paid Search	High Risk	90	1	Standard Intervention	687	1	1461.46	No eligible purchase in more than 180 days; Only one eligible purchase; No eligible purchase in the last 180 days; Fewer than three active months in the last twelve months
2878	CUST-02878	Las Vegas	NV	Referral	High Risk	90	1	Standard Intervention	657	1	1459.94	No eligible purchase in more than 180 days; Only one eligible purchase; No eligible purchase in the last 180 days; Fewer than three active months in the last twelve months
7911	CUST-07911	Houston	TX	Direct	High Risk	90	1	Standard Intervention	547	1	1459.75	No eligible purchase in more than 180 days; Only one eligible purchase; No eligible purchase in the last 180 days; Fewer than three active months in the last twelve months
7570	CUST-07570	Phoenix	AZ	Organic Search	High Risk	90	1	Standard Intervention	225	1	1459.32	No eligible purchase in more than 180 days; Only one eligible purchase; No eligible purchase in the last 180 days; Fewer than three active months in the last twelve months
3723	CUST-03723	Houston	TX	Referral	High Risk	90	1	Standard Intervention	220	1	1459.10	No eligible purchase in more than 180 days; Only one eligible purchase; No eligible purchase in the last 180 days; Fewer than three active months in the last twelve months
6525	CUST-06525	Miami	FL	Paid Search	High Risk	90	1	Standard Intervention	604	1	1455.01	No eligible purchase in more than 180 days; Only one eligible purchase; No eligible purchase in the last 180 days; Fewer than three active months in the last twelve months
3801	CUST-03801	Chicago	IL	Social Media	High Risk	90	1	Standard Intervention	553	1	1454.37	No eligible purchase in more than 180 days; Only one eligible purchase; No eligible purchase in the last 180 days; Fewer than three active months in the last twelve months
1480	CUST-01480	Columbus	OH	Paid Search	High Risk	90	1	Standard Intervention	638	1	1449.62	No eligible purchase in more than 180 days; Only one eligible purchase; No eligible purchase in the last 180 days; Fewer than three active months in the last twelve months
6194	CUST-06194	New York	NY	Email	High Risk	90	1	Standard Intervention	712	1	1446.43	No eligible purchase in more than 180 days; Only one eligible purchase; No eligible purchase in the last 180 days; Fewer than three active months in the last twelve months
2883	CUST-02883	Philadelphia	PA	Social Media	High Risk	90	1	Standard Intervention	653	1	1441.82	No eligible purchase in more than 180 days; Only one eligible purchase; No eligible purchase in the last 180 days; Fewer than three active months in the last twelve months
244	CUST-00244	San Jose	CA	Direct	High Risk	90	1	Standard Intervention	574	1	1439.23	No eligible purchase in more than 180 days; Only one eligible purchase; No eligible purchase in the last 180 days; Fewer than three active months in the last twelve months
855	CUST-00855	Phoenix	AZ	Email	High Risk	90	1	Standard Intervention	196	1	1438.18	No eligible purchase in more than 180 days; Only one eligible purchase; No eligible purchase in the last 180 days; Fewer than three active months in the last twelve months
1124	CUST-01124	Miami	FL	Referral	High Risk	90	1	Standard Intervention	240	1	1433.75	No eligible purchase in more than 180 days; Only one eligible purchase; No eligible purchase in the last 180 days; Fewer than three active months in the last twelve months
6146	CUST-06146	Dallas	TX	Social Media	High Risk	90	1	Standard Intervention	641	1	1428.32	No eligible purchase in more than 180 days; Only one eligible purchase; No eligible purchase in the last 180 days; Fewer than three active months in the last twelve months
7126	CUST-07126	Los Angeles	CA	Social Media	High Risk	90	1	Standard Intervention	641	1	1427.18	No eligible purchase in more than 180 days; Only one eligible purchase; No eligible purchase in the last 180 days; Fewer than three active months in the last twelve months
6679	CUST-06679	Chicago	IL	Referral	High Risk	90	1	Standard Intervention	242	1	1426.39	No eligible purchase in more than 180 days; Only one eligible purchase; No eligible purchase in the last 180 days; Fewer than three active months in the last twelve months
7658	CUST-07658	New York	NY	Paid Search	High Risk	90	1	Standard Intervention	640	1	1423.85	No eligible purchase in more than 180 days; Only one eligible purchase; No eligible purchase in the last 180 days; Fewer than three active months in the last twelve months
3281	CUST-03281	San Antonio	TX	Paid Search	High Risk	90	1	Standard Intervention	590	1	1422.76	No eligible purchase in more than 180 days; Only one eligible purchase; No eligible purchase in the last 180 days; Fewer than three active months in the last twelve months
1431	CUST-01431	Houston	TX	Email	High Risk	90	1	Standard Intervention	605	1	1421.88	No eligible purchase in more than 180 days; Only one eligible purchase; No eligible purchase in the last 180 days; Fewer than three active months in the last twelve months
1525	CUST-01525	Nashville	TN	Paid Search	High Risk	90	1	Standard Intervention	584	1	1421.58	No eligible purchase in more than 180 days; Only one eligible purchase; No eligible purchase in the last 180 days; Fewer than three active months in the last twelve months
3711	CUST-03711	Austin	TX	Email	High Risk	90	1	Standard Intervention	696	1	1420.41	No eligible purchase in more than 180 days; Only one eligible purchase; No eligible purchase in the last 180 days; Fewer than three active months in the last twelve months
278	CUST-00278	Dallas	TX	Paid Search	High Risk	90	1	Standard Intervention	336	1	1419.67	No eligible purchase in more than 180 days; Only one eligible purchase; No eligible purchase in the last 180 days; Fewer than three active months in the last twelve months
4526	CUST-04526	Fort Worth	TX	Direct	High Risk	90	1	Standard Intervention	703	1	1419.25	No eligible purchase in more than 180 days; Only one eligible purchase; No eligible purchase in the last 180 days; Fewer than three active months in the last twelve months
1157	CUST-01157	Philadelphia	PA	Organic Search	High Risk	90	1	Standard Intervention	221	1	1411.98	No eligible purchase in more than 180 days; Only one eligible purchase; No eligible purchase in the last 180 days; Fewer than three active months in the last twelve months
5301	CUST-05301	Philadelphia	PA	Direct	High Risk	90	1	Standard Intervention	699	1	1410.50	No eligible purchase in more than 180 days; Only one eligible purchase; No eligible purchase in the last 180 days; Fewer than three active months in the last twelve months
2775	CUST-02775	Fort Worth	TX	Organic Search	High Risk	90	1	Standard Intervention	302	1	1410.48	No eligible purchase in more than 180 days; Only one eligible purchase; No eligible purchase in the last 180 days; Fewer than three active months in the last twelve months
5678	CUST-05678	Charlotte	NC	Email	High Risk	90	1	Standard Intervention	642	1	1408.44	No eligible purchase in more than 180 days; Only one eligible purchase; No eligible purchase in the last 180 days; Fewer than three active months in the last twelve months
3752	CUST-03752	Nashville	TN	Paid Search	High Risk	90	1	Standard Intervention	616	1	1408.35	No eligible purchase in more than 180 days; Only one eligible purchase; No eligible purchase in the last 180 days; Fewer than three active months in the last twelve months
3857	CUST-03857	Chicago	IL	Social Media	High Risk	90	1	Standard Intervention	673	1	1406.13	No eligible purchase in more than 180 days; Only one eligible purchase; No eligible purchase in the last 180 days; Fewer than three active months in the last twelve months
597	CUST-00597	New York	NY	Social Media	High Risk	90	1	Standard Intervention	547	1	1405.37	No eligible purchase in more than 180 days; Only one eligible purchase; No eligible purchase in the last 180 days; Fewer than three active months in the last twelve months
2994	CUST-02994	Charlotte	NC	Paid Search	High Risk	90	1	Standard Intervention	593	1	1399.56	No eligible purchase in more than 180 days; Only one eligible purchase; No eligible purchase in the last 180 days; Fewer than three active months in the last twelve months
793	CUST-00793	Los Angeles	CA	Organic Search	High Risk	90	1	Standard Intervention	671	1	1396.57	No eligible purchase in more than 180 days; Only one eligible purchase; No eligible purchase in the last 180 days; Fewer than three active months in the last twelve months
6520	CUST-06520	Atlanta	GA	Organic Search	High Risk	90	1	Standard Intervention	640	1	1396.30	No eligible purchase in more than 180 days; Only one eligible purchase; No eligible purchase in the last 180 days; Fewer than three active months in the last twelve months
90	CUST-00090	Philadelphia	PA	Referral	High Risk	90	1	Standard Intervention	244	1	1395.87	No eligible purchase in more than 180 days; Only one eligible purchase; No eligible purchase in the last 180 days; Fewer than three active months in the last twelve months
7488	CUST-07488	Charlotte	NC	Direct	High Risk	90	1	Standard Intervention	411	1	1392.72	No eligible purchase in more than 180 days; Only one eligible purchase; No eligible purchase in the last 180 days; Fewer than three active months in the last twelve months
2696	CUST-02696	Nashville	TN	Direct	High Risk	90	1	Standard Intervention	605	1	1391.86	No eligible purchase in more than 180 days; Only one eligible purchase; No eligible purchase in the last 180 days; Fewer than three active months in the last twelve months
4882	CUST-04882	Nashville	TN	Organic Search	High Risk	90	1	Standard Intervention	565	1	1390.63	No eligible purchase in more than 180 days; Only one eligible purchase; No eligible purchase in the last 180 days; Fewer than three active months in the last twelve months
7575	CUST-07575	New York	NY	Direct	High Risk	90	1	Standard Intervention	243	1	1389.86	No eligible purchase in more than 180 days; Only one eligible purchase; No eligible purchase in the last 180 days; Fewer than three active months in the last twelve months
3736	CUST-03736	San Antonio	TX	Referral	High Risk	90	1	Standard Intervention	637	1	1388.52	No eligible purchase in more than 180 days; Only one eligible purchase; No eligible purchase in the last 180 days; Fewer than three active months in the last twelve months
5406	CUST-05406	Chicago	IL	Paid Search	High Risk	90	1	Standard Intervention	637	1	1388.12	No eligible purchase in more than 180 days; Only one eligible purchase; No eligible purchase in the last 180 days; Fewer than three active months in the last twelve months
4095	CUST-04095	Seattle	WA	Organic Search	High Risk	90	1	Standard Intervention	335	1	1387.18	No eligible purchase in more than 180 days; Only one eligible purchase; No eligible purchase in the last 180 days; Fewer than three active months in the last twelve months
7766	CUST-07766	Nashville	TN	Organic Search	High Risk	90	1	Standard Intervention	710	1	1384.60	No eligible purchase in more than 180 days; Only one eligible purchase; No eligible purchase in the last 180 days; Fewer than three active months in the last twelve months
2719	CUST-02719	Los Angeles	CA	Paid Search	High Risk	90	1	Standard Intervention	703	1	1384.28	No eligible purchase in more than 180 days; Only one eligible purchase; No eligible purchase in the last 180 days; Fewer than three active months in the last twelve months
6015	CUST-06015	Portland	OR	Organic Search	High Risk	90	1	Standard Intervention	583	1	1384.14	No eligible purchase in more than 180 days; Only one eligible purchase; No eligible purchase in the last 180 days; Fewer than three active months in the last twelve months
92	CUST-00092	San Jose	CA	Paid Search	High Risk	90	1	Standard Intervention	679	1	1383.93	No eligible purchase in more than 180 days; Only one eligible purchase; No eligible purchase in the last 180 days; Fewer than three active months in the last twelve months
3307	CUST-03307	New York	NY	Paid Search	High Risk	90	1	Standard Intervention	640	1	1383.93	No eligible purchase in more than 180 days; Only one eligible purchase; No eligible purchase in the last 180 days; Fewer than three active months in the last twelve months
1172	CUST-01172	Philadelphia	PA	Referral	High Risk	90	1	Standard Intervention	628	1	1382.64	No eligible purchase in more than 180 days; Only one eligible purchase; No eligible purchase in the last 180 days; Fewer than three active months in the last twelve months
2973	CUST-02973	Phoenix	AZ	Social Media	High Risk	90	1	Standard Intervention	183	1	1381.85	No eligible purchase in more than 180 days; Only one eligible purchase; No eligible purchase in the last 180 days; Fewer than three active months in the last twelve months
697	CUST-00697	San Antonio	TX	Organic Search	High Risk	90	1	Standard Intervention	682	1	1380.83	No eligible purchase in more than 180 days; Only one eligible purchase; No eligible purchase in the last 180 days; Fewer than three active months in the last twelve months
1649	CUST-01649	San Diego	CA	Organic Search	High Risk	90	1	Standard Intervention	595	1	1376.56	No eligible purchase in more than 180 days; Only one eligible purchase; No eligible purchase in the last 180 days; Fewer than three active months in the last twelve months
3909	CUST-03909	Boston	MA	Direct	High Risk	90	1	Standard Intervention	554	1	1374.54	No eligible purchase in more than 180 days; Only one eligible purchase; No eligible purchase in the last 180 days; Fewer than three active months in the last twelve months
6138	CUST-06138	Seattle	WA	Referral	High Risk	90	1	Standard Intervention	655	1	1374.17	No eligible purchase in more than 180 days; Only one eligible purchase; No eligible purchase in the last 180 days; Fewer than three active months in the last twelve months
116	CUST-00116	Atlanta	GA	Organic Search	High Risk	90	1	Standard Intervention	693	1	1374.05	No eligible purchase in more than 180 days; Only one eligible purchase; No eligible purchase in the last 180 days; Fewer than three active months in the last twelve months
3103	CUST-03103	Columbus	OH	Social Media	High Risk	90	1	Standard Intervention	316	1	1373.40	No eligible purchase in more than 180 days; Only one eligible purchase; No eligible purchase in the last 180 days; Fewer than three active months in the last twelve months
519	CUST-00519	New York	NY	Organic Search	High Risk	90	1	Standard Intervention	618	1	1371.10	No eligible purchase in more than 180 days; Only one eligible purchase; No eligible purchase in the last 180 days; Fewer than three active months in the last twelve months
5724	CUST-05724	San Diego	CA	Direct	High Risk	90	1	Standard Intervention	354	1	1370.64	No eligible purchase in more than 180 days; Only one eligible purchase; No eligible purchase in the last 180 days; Fewer than three active months in the last twelve months
1104	CUST-01104	Austin	TX	Referral	High Risk	90	1	Standard Intervention	622	1	1367.26	No eligible purchase in more than 180 days; Only one eligible purchase; No eligible purchase in the last 180 days; Fewer than three active months in the last twelve months
4337	CUST-04337	Dallas	TX	Email	High Risk	90	1	Standard Intervention	703	1	1365.54	No eligible purchase in more than 180 days; Only one eligible purchase; No eligible purchase in the last 180 days; Fewer than three active months in the last twelve months
511	CUST-00511	San Antonio	TX	Email	High Risk	90	1	Standard Intervention	305	1	1364.91	No eligible purchase in more than 180 days; Only one eligible purchase; No eligible purchase in the last 180 days; Fewer than three active months in the last twelve months
1980	CUST-01980	Los Angeles	CA	Social Media	High Risk	90	1	Standard Intervention	693	1	1364.80	No eligible purchase in more than 180 days; Only one eligible purchase; No eligible purchase in the last 180 days; Fewer than three active months in the last twelve months
2807	CUST-02807	Las Vegas	NV	Direct	High Risk	90	1	Standard Intervention	700	1	1364.53	No eligible purchase in more than 180 days; Only one eligible purchase; No eligible purchase in the last 180 days; Fewer than three active months in the last twelve months
4546	CUST-04546	Phoenix	AZ	Paid Search	High Risk	90	1	Standard Intervention	643	1	1362.62	No eligible purchase in more than 180 days; Only one eligible purchase; No eligible purchase in the last 180 days; Fewer than three active months in the last twelve months
7578	CUST-07578	Nashville	TN	Organic Search	High Risk	90	1	Standard Intervention	553	1	1362.28	No eligible purchase in more than 180 days; Only one eligible purchase; No eligible purchase in the last 180 days; Fewer than three active months in the last twelve months
3496	CUST-03496	Atlanta	GA	Direct	High Risk	90	1	Standard Intervention	649	1	1362.07	No eligible purchase in more than 180 days; Only one eligible purchase; No eligible purchase in the last 180 days; Fewer than three active months in the last twelve months
2390	CUST-02390	Denver	CO	Referral	High Risk	90	1	Standard Intervention	604	1	1358.77	No eligible purchase in more than 180 days; Only one eligible purchase; No eligible purchase in the last 180 days; Fewer than three active months in the last twelve months
4984	CUST-04984	New York	NY	Paid Search	High Risk	90	1	Standard Intervention	664	1	1355.59	No eligible purchase in more than 180 days; Only one eligible purchase; No eligible purchase in the last 180 days; Fewer than three active months in the last twelve months
3400	CUST-03400	Nashville	TN	Organic Search	High Risk	90	1	Standard Intervention	596	1	1354.73	No eligible purchase in more than 180 days; Only one eligible purchase; No eligible purchase in the last 180 days; Fewer than three active months in the last twelve months
227	CUST-00227	Los Angeles	CA	Email	High Risk	90	1	Standard Intervention	625	1	1353.97	No eligible purchase in more than 180 days; Only one eligible purchase; No eligible purchase in the last 180 days; Fewer than three active months in the last twelve months
464	CUST-00464	San Antonio	TX	Organic Search	High Risk	90	1	Standard Intervention	700	1	1352.82	No eligible purchase in more than 180 days; Only one eligible purchase; No eligible purchase in the last 180 days; Fewer than three active months in the last twelve months
7785	CUST-07785	Portland	OR	Paid Search	High Risk	90	1	Standard Intervention	181	1	1352.36	No eligible purchase in more than 180 days; Only one eligible purchase; No eligible purchase in the last 180 days; Fewer than three active months in the last twelve months
3013	CUST-03013	Phoenix	AZ	Paid Search	High Risk	90	1	Standard Intervention	722	1	1349.87	No eligible purchase in more than 180 days; Only one eligible purchase; No eligible purchase in the last 180 days; Fewer than three active months in the last twelve months
3433	CUST-03433	Atlanta	GA	Referral	High Risk	90	1	Standard Intervention	553	1	1341.97	No eligible purchase in more than 180 days; Only one eligible purchase; No eligible purchase in the last 180 days; Fewer than three active months in the last twelve months
3581	CUST-03581	New York	NY	Paid Search	High Risk	90	1	Standard Intervention	218	1	1341.28	No eligible purchase in more than 180 days; Only one eligible purchase; No eligible purchase in the last 180 days; Fewer than three active months in the last twelve months
4325	CUST-04325	Nashville	TN	Email	High Risk	90	1	Standard Intervention	618	1	1341.03	No eligible purchase in more than 180 days; Only one eligible purchase; No eligible purchase in the last 180 days; Fewer than three active months in the last twelve months
6818	CUST-06818	New York	NY	Email	High Risk	90	1	Standard Intervention	613	1	1339.61	No eligible purchase in more than 180 days; Only one eligible purchase; No eligible purchase in the last 180 days; Fewer than three active months in the last twelve months
5175	CUST-05175	Denver	CO	Organic Search	High Risk	90	1	Standard Intervention	572	1	1338.01	No eligible purchase in more than 180 days; Only one eligible purchase; No eligible purchase in the last 180 days; Fewer than three active months in the last twelve months
3618	CUST-03618	Austin	TX	Organic Search	High Risk	90	1	Standard Intervention	717	1	1336.99	No eligible purchase in more than 180 days; Only one eligible purchase; No eligible purchase in the last 180 days; Fewer than three active months in the last twelve months
1983	CUST-01983	Phoenix	AZ	Paid Search	High Risk	90	1	Standard Intervention	692	1	1335.44	No eligible purchase in more than 180 days; Only one eligible purchase; No eligible purchase in the last 180 days; Fewer than three active months in the last twelve months
6124	CUST-06124	Austin	TX	Email	High Risk	90	1	Standard Intervention	620	1	1332.29	No eligible purchase in more than 180 days; Only one eligible purchase; No eligible purchase in the last 180 days; Fewer than three active months in the last twelve months
2970	CUST-02970	Los Angeles	CA	Organic Search	High Risk	90	1	Standard Intervention	275	1	1331.51	No eligible purchase in more than 180 days; Only one eligible purchase; No eligible purchase in the last 180 days; Fewer than three active months in the last twelve months
2845	CUST-02845	San Antonio	TX	Email	High Risk	90	1	Standard Intervention	617	1	1331.29	No eligible purchase in more than 180 days; Only one eligible purchase; No eligible purchase in the last 180 days; Fewer than three active months in the last twelve months
4255	CUST-04255	New York	NY	Email	High Risk	90	1	Standard Intervention	668	1	1329.81	No eligible purchase in more than 180 days; Only one eligible purchase; No eligible purchase in the last 180 days; Fewer than three active months in the last twelve months
3971	CUST-03971	San Antonio	TX	Social Media	High Risk	90	1	Standard Intervention	318	1	1329.55	No eligible purchase in more than 180 days; Only one eligible purchase; No eligible purchase in the last 180 days; Fewer than three active months in the last twelve months
2351	CUST-02351	Chicago	IL	Organic Search	High Risk	90	1	Standard Intervention	554	1	1328.64	No eligible purchase in more than 180 days; Only one eligible purchase; No eligible purchase in the last 180 days; Fewer than three active months in the last twelve months
5339	CUST-05339	Los Angeles	CA	Referral	High Risk	90	1	Standard Intervention	182	1	1324.87	No eligible purchase in more than 180 days; Only one eligible purchase; No eligible purchase in the last 180 days; Fewer than three active months in the last twelve months
3593	CUST-03593	New York	NY	Email	High Risk	90	1	Standard Intervention	373	1	1324.06	No eligible purchase in more than 180 days; Only one eligible purchase; No eligible purchase in the last 180 days; Fewer than three active months in the last twelve months
7581	CUST-07581	San Jose	CA	Paid Search	High Risk	90	1	Standard Intervention	370	1	1323.23	No eligible purchase in more than 180 days; Only one eligible purchase; No eligible purchase in the last 180 days; Fewer than three active months in the last twelve months
5183	CUST-05183	Houston	TX	Email	High Risk	90	1	Standard Intervention	627	1	1322.32	No eligible purchase in more than 180 days; Only one eligible purchase; No eligible purchase in the last 180 days; Fewer than three active months in the last twelve months
2464	CUST-02464	Columbus	OH	Organic Search	High Risk	90	1	Standard Intervention	663	1	1321.29	No eligible purchase in more than 180 days; Only one eligible purchase; No eligible purchase in the last 180 days; Fewer than three active months in the last twelve months
257	CUST-00257	Seattle	WA	Paid Search	High Risk	90	1	Standard Intervention	552	1	1319.81	No eligible purchase in more than 180 days; Only one eligible purchase; No eligible purchase in the last 180 days; Fewer than three active months in the last twelve months
7784	CUST-07784	Jacksonville	FL	Paid Search	High Risk	90	1	Standard Intervention	690	1	1318.55	No eligible purchase in more than 180 days; Only one eligible purchase; No eligible purchase in the last 180 days; Fewer than three active months in the last twelve months
3607	CUST-03607	Boston	MA	Social Media	High Risk	90	1	Standard Intervention	723	1	1318.39	No eligible purchase in more than 180 days; Only one eligible purchase; No eligible purchase in the last 180 days; Fewer than three active months in the last twelve months
6948	CUST-06948	Philadelphia	PA	Paid Search	High Risk	90	1	Standard Intervention	356	1	1317.35	No eligible purchase in more than 180 days; Only one eligible purchase; No eligible purchase in the last 180 days; Fewer than three active months in the last twelve months
3666	CUST-03666	Columbus	OH	Organic Search	High Risk	90	1	Standard Intervention	560	1	1316.65	No eligible purchase in more than 180 days; Only one eligible purchase; No eligible purchase in the last 180 days; Fewer than three active months in the last twelve months
5768	CUST-05768	Las Vegas	NV	Social Media	High Risk	90	1	Standard Intervention	372	1	1314.66	No eligible purchase in more than 180 days; Only one eligible purchase; No eligible purchase in the last 180 days; Fewer than three active months in the last twelve months
4315	CUST-04315	Los Angeles	CA	Social Media	High Risk	90	1	Standard Intervention	662	1	1313.98	No eligible purchase in more than 180 days; Only one eligible purchase; No eligible purchase in the last 180 days; Fewer than three active months in the last twelve months
6151	CUST-06151	Los Angeles	CA	Referral	High Risk	90	1	Standard Intervention	559	1	1312.54	No eligible purchase in more than 180 days; Only one eligible purchase; No eligible purchase in the last 180 days; Fewer than three active months in the last twelve months
3406	CUST-03406	Seattle	WA	Direct	High Risk	90	1	Standard Intervention	623	1	1309.50	No eligible purchase in more than 180 days; Only one eligible purchase; No eligible purchase in the last 180 days; Fewer than three active months in the last twelve months
3069	CUST-03069	Houston	TX	Social Media	High Risk	90	1	Standard Intervention	248	1	1305.07	No eligible purchase in more than 180 days; Only one eligible purchase; No eligible purchase in the last 180 days; Fewer than three active months in the last twelve months
904	CUST-00904	Portland	OR	Paid Search	High Risk	90	1	Standard Intervention	586	1	1304.18	No eligible purchase in more than 180 days; Only one eligible purchase; No eligible purchase in the last 180 days; Fewer than three active months in the last twelve months
7393	CUST-07393	San Diego	CA	Direct	High Risk	90	1	Standard Intervention	602	1	1303.95	No eligible purchase in more than 180 days; Only one eligible purchase; No eligible purchase in the last 180 days; Fewer than three active months in the last twelve months
4112	CUST-04112	Los Angeles	CA	Organic Search	High Risk	90	1	Standard Intervention	634	1	1302.52	No eligible purchase in more than 180 days; Only one eligible purchase; No eligible purchase in the last 180 days; Fewer than three active months in the last twelve months
2202	CUST-02202	Los Angeles	CA	Email	High Risk	90	1	Standard Intervention	610	1	1295.48	No eligible purchase in more than 180 days; Only one eligible purchase; No eligible purchase in the last 180 days; Fewer than three active months in the last twelve months
1208	CUST-01208	Seattle	WA	Email	High Risk	90	1	Standard Intervention	620	1	1294.62	No eligible purchase in more than 180 days; Only one eligible purchase; No eligible purchase in the last 180 days; Fewer than three active months in the last twelve months
4288	CUST-04288	Los Angeles	CA	Organic Search	High Risk	90	1	Standard Intervention	613	1	1293.84	No eligible purchase in more than 180 days; Only one eligible purchase; No eligible purchase in the last 180 days; Fewer than three active months in the last twelve months
1895	CUST-01895	Washington	DC	Paid Search	High Risk	90	1	Standard Intervention	559	1	1293.40	No eligible purchase in more than 180 days; Only one eligible purchase; No eligible purchase in the last 180 days; Fewer than three active months in the last twelve months
6975	CUST-06975	Dallas	TX	Paid Search	High Risk	90	1	Standard Intervention	615	1	1292.64	No eligible purchase in more than 180 days; Only one eligible purchase; No eligible purchase in the last 180 days; Fewer than three active months in the last twelve months
4633	CUST-04633	Philadelphia	PA	Organic Search	High Risk	90	1	Standard Intervention	271	1	1292.52	No eligible purchase in more than 180 days; Only one eligible purchase; No eligible purchase in the last 180 days; Fewer than three active months in the last twelve months
7941	CUST-07941	Boston	MA	Organic Search	High Risk	90	1	Standard Intervention	363	1	1291.47	No eligible purchase in more than 180 days; Only one eligible purchase; No eligible purchase in the last 180 days; Fewer than three active months in the last twelve months
2227	CUST-02227	Washington	DC	Referral	High Risk	90	1	Standard Intervention	297	1	1291.43	No eligible purchase in more than 180 days; Only one eligible purchase; No eligible purchase in the last 180 days; Fewer than three active months in the last twelve months
6201	CUST-06201	Philadelphia	PA	Email	High Risk	90	1	Standard Intervention	680	1	1291.37	No eligible purchase in more than 180 days; Only one eligible purchase; No eligible purchase in the last 180 days; Fewer than three active months in the last twelve months
7374	CUST-07374	Jacksonville	FL	Organic Search	High Risk	90	1	Standard Intervention	628	1	1291.10	No eligible purchase in more than 180 days; Only one eligible purchase; No eligible purchase in the last 180 days; Fewer than three active months in the last twelve months
3445	CUST-03445	Austin	TX	Paid Search	High Risk	90	1	Standard Intervention	204	1	1291.06	No eligible purchase in more than 180 days; Only one eligible purchase; No eligible purchase in the last 180 days; Fewer than three active months in the last twelve months
6111	CUST-06111	Chicago	IL	Social Media	High Risk	90	1	Standard Intervention	216	1	1288.41	No eligible purchase in more than 180 days; Only one eligible purchase; No eligible purchase in the last 180 days; Fewer than three active months in the last twelve months
1630	CUST-01630	New York	NY	Email	High Risk	90	1	Standard Intervention	705	1	1286.57	No eligible purchase in more than 180 days; Only one eligible purchase; No eligible purchase in the last 180 days; Fewer than three active months in the last twelve months
3231	CUST-03231	New York	NY	Email	High Risk	90	1	Standard Intervention	589	1	1285.67	No eligible purchase in more than 180 days; Only one eligible purchase; No eligible purchase in the last 180 days; Fewer than three active months in the last twelve months
576	CUST-00576	San Jose	CA	Organic Search	High Risk	90	1	Standard Intervention	673	1	1283.60	No eligible purchase in more than 180 days; Only one eligible purchase; No eligible purchase in the last 180 days; Fewer than three active months in the last twelve months
3128	CUST-03128	Jacksonville	FL	Organic Search	High Risk	90	1	Standard Intervention	685	1	1282.58	No eligible purchase in more than 180 days; Only one eligible purchase; No eligible purchase in the last 180 days; Fewer than three active months in the last twelve months
1688	CUST-01688	Boston	MA	Paid Search	High Risk	90	1	Standard Intervention	645	1	1282.08	No eligible purchase in more than 180 days; Only one eligible purchase; No eligible purchase in the last 180 days; Fewer than three active months in the last twelve months
3064	CUST-03064	Seattle	WA	Direct	High Risk	90	1	Standard Intervention	304	1	1281.15	No eligible purchase in more than 180 days; Only one eligible purchase; No eligible purchase in the last 180 days; Fewer than three active months in the last twelve months
3630	CUST-03630	Dallas	TX	Organic Search	High Risk	90	1	Standard Intervention	685	1	1280.46	No eligible purchase in more than 180 days; Only one eligible purchase; No eligible purchase in the last 180 days; Fewer than three active months in the last twelve months
1837	CUST-01837	Las Vegas	NV	Paid Search	High Risk	90	1	Standard Intervention	551	1	1280.45	No eligible purchase in more than 180 days; Only one eligible purchase; No eligible purchase in the last 180 days; Fewer than three active months in the last twelve months
2576	CUST-02576	Jacksonville	FL	Email	High Risk	90	1	Standard Intervention	565	1	1275.95	No eligible purchase in more than 180 days; Only one eligible purchase; No eligible purchase in the last 180 days; Fewer than three active months in the last twelve months
6933	CUST-06933	Las Vegas	NV	Email	High Risk	90	1	Standard Intervention	600	1	1274.49	No eligible purchase in more than 180 days; Only one eligible purchase; No eligible purchase in the last 180 days; Fewer than three active months in the last twelve months
4933	CUST-04933	Jacksonville	FL	Organic Search	High Risk	90	1	Standard Intervention	660	1	1273.68	No eligible purchase in more than 180 days; Only one eligible purchase; No eligible purchase in the last 180 days; Fewer than three active months in the last twelve months
1019	CUST-01019	Houston	TX	Social Media	High Risk	90	1	Standard Intervention	712	1	1273.49	No eligible purchase in more than 180 days; Only one eligible purchase; No eligible purchase in the last 180 days; Fewer than three active months in the last twelve months
7593	CUST-07593	New York	NY	Email	High Risk	90	1	Standard Intervention	550	1	1272.18	No eligible purchase in more than 180 days; Only one eligible purchase; No eligible purchase in the last 180 days; Fewer than three active months in the last twelve months
4226	CUST-04226	Charlotte	NC	Organic Search	High Risk	90	1	Standard Intervention	590	1	1270.23	No eligible purchase in more than 180 days; Only one eligible purchase; No eligible purchase in the last 180 days; Fewer than three active months in the last twelve months
176	CUST-00176	Dallas	TX	Direct	High Risk	90	1	Standard Intervention	556	1	1269.60	No eligible purchase in more than 180 days; Only one eligible purchase; No eligible purchase in the last 180 days; Fewer than three active months in the last twelve months
4887	CUST-04887	San Jose	CA	Social Media	High Risk	90	1	Standard Intervention	658	1	1265.37	No eligible purchase in more than 180 days; Only one eligible purchase; No eligible purchase in the last 180 days; Fewer than three active months in the last twelve months
1541	CUST-01541	Dallas	TX	Paid Search	High Risk	90	1	Standard Intervention	623	1	1264.81	No eligible purchase in more than 180 days; Only one eligible purchase; No eligible purchase in the last 180 days; Fewer than three active months in the last twelve months
533	CUST-00533	Dallas	TX	Social Media	High Risk	90	1	Standard Intervention	626	1	1259.36	No eligible purchase in more than 180 days; Only one eligible purchase; No eligible purchase in the last 180 days; Fewer than three active months in the last twelve months
7695	CUST-07695	Chicago	IL	Social Media	High Risk	90	1	Standard Intervention	419	1	1258.56	No eligible purchase in more than 180 days; Only one eligible purchase; No eligible purchase in the last 180 days; Fewer than three active months in the last twelve months
103	CUST-00103	Los Angeles	CA	Organic Search	High Risk	90	1	Standard Intervention	254	1	1258.39	No eligible purchase in more than 180 days; Only one eligible purchase; No eligible purchase in the last 180 days; Fewer than three active months in the last twelve months
4864	CUST-04864	San Antonio	TX	Organic Search	High Risk	90	1	Standard Intervention	588	1	1258.29	No eligible purchase in more than 180 days; Only one eligible purchase; No eligible purchase in the last 180 days; Fewer than three active months in the last twelve months
5177	CUST-05177	New York	NY	Referral	High Risk	90	1	Standard Intervention	350	1	1257.37	No eligible purchase in more than 180 days; Only one eligible purchase; No eligible purchase in the last 180 days; Fewer than three active months in the last twelve months
3049	CUST-03049	Fort Worth	TX	Direct	High Risk	90	1	Standard Intervention	580	1	1252.71	No eligible purchase in more than 180 days; Only one eligible purchase; No eligible purchase in the last 180 days; Fewer than three active months in the last twelve months
6539	CUST-06539	San Jose	CA	Direct	High Risk	90	1	Standard Intervention	712	1	1252.48	No eligible purchase in more than 180 days; Only one eligible purchase; No eligible purchase in the last 180 days; Fewer than three active months in the last twelve months
6678	CUST-06678	Chicago	IL	Referral	High Risk	90	1	Standard Intervention	588	1	1251.64	No eligible purchase in more than 180 days; Only one eligible purchase; No eligible purchase in the last 180 days; Fewer than three active months in the last twelve months
2280	CUST-02280	San Diego	CA	Social Media	High Risk	90	1	Standard Intervention	614	1	1248.48	No eligible purchase in more than 180 days; Only one eligible purchase; No eligible purchase in the last 180 days; Fewer than three active months in the last twelve months
7870	CUST-07870	New York	NY	Email	High Risk	90	1	Standard Intervention	606	1	1246.10	No eligible purchase in more than 180 days; Only one eligible purchase; No eligible purchase in the last 180 days; Fewer than three active months in the last twelve months
5297	CUST-05297	Austin	TX	Paid Search	High Risk	90	1	Standard Intervention	566	1	1245.46	No eligible purchase in more than 180 days; Only one eligible purchase; No eligible purchase in the last 180 days; Fewer than three active months in the last twelve months
7559	CUST-07559	Phoenix	AZ	Direct	High Risk	90	1	Standard Intervention	603	1	1243.64	No eligible purchase in more than 180 days; Only one eligible purchase; No eligible purchase in the last 180 days; Fewer than three active months in the last twelve months
7328	CUST-07328	San Jose	CA	Paid Search	High Risk	90	1	Standard Intervention	556	1	1243.22	No eligible purchase in more than 180 days; Only one eligible purchase; No eligible purchase in the last 180 days; Fewer than three active months in the last twelve months
1954	CUST-01954	Chicago	IL	Paid Search	High Risk	90	1	Standard Intervention	682	1	1242.74	No eligible purchase in more than 180 days; Only one eligible purchase; No eligible purchase in the last 180 days; Fewer than three active months in the last twelve months
415	CUST-00415	San Diego	CA	Direct	High Risk	90	1	Standard Intervention	724	1	1238.40	No eligible purchase in more than 180 days; Only one eligible purchase; No eligible purchase in the last 180 days; Fewer than three active months in the last twelve months
4467	CUST-04467	New York	NY	Social Media	High Risk	90	1	Standard Intervention	238	1	1237.39	No eligible purchase in more than 180 days; Only one eligible purchase; No eligible purchase in the last 180 days; Fewer than three active months in the last twelve months
5385	CUST-05385	Phoenix	AZ	Referral	High Risk	90	1	Standard Intervention	702	1	1237.07	No eligible purchase in more than 180 days; Only one eligible purchase; No eligible purchase in the last 180 days; Fewer than three active months in the last twelve months
7178	CUST-07178	San Jose	CA	Social Media	High Risk	90	1	Standard Intervention	580	1	1236.11	No eligible purchase in more than 180 days; Only one eligible purchase; No eligible purchase in the last 180 days; Fewer than three active months in the last twelve months
7185	CUST-07185	Fort Worth	TX	Paid Search	High Risk	90	1	Standard Intervention	706	1	1229.76	No eligible purchase in more than 180 days; Only one eligible purchase; No eligible purchase in the last 180 days; Fewer than three active months in the last twelve months
204	CUST-00204	San Jose	CA	Paid Search	High Risk	90	1	Standard Intervention	192	1	1229.49	No eligible purchase in more than 180 days; Only one eligible purchase; No eligible purchase in the last 180 days; Fewer than three active months in the last twelve months
1050	CUST-01050	Philadelphia	PA	Direct	High Risk	90	1	Standard Intervention	622	1	1229.47	No eligible purchase in more than 180 days; Only one eligible purchase; No eligible purchase in the last 180 days; Fewer than three active months in the last twelve months
2780	CUST-02780	Nashville	TN	Paid Search	High Risk	90	1	Standard Intervention	676	1	1228.14	No eligible purchase in more than 180 days; Only one eligible purchase; No eligible purchase in the last 180 days; Fewer than three active months in the last twelve months
1817	CUST-01817	Dallas	TX	Referral	High Risk	90	1	Standard Intervention	596	1	1226.34	No eligible purchase in more than 180 days; Only one eligible purchase; No eligible purchase in the last 180 days; Fewer than three active months in the last twelve months
3134	CUST-03134	Los Angeles	CA	Social Media	High Risk	90	1	Standard Intervention	640	1	1225.83	No eligible purchase in more than 180 days; Only one eligible purchase; No eligible purchase in the last 180 days; Fewer than three active months in the last twelve months
3110	CUST-03110	Los Angeles	CA	Email	High Risk	90	1	Standard Intervention	653	1	1225.59	No eligible purchase in more than 180 days; Only one eligible purchase; No eligible purchase in the last 180 days; Fewer than three active months in the last twelve months
4490	CUST-04490	Washington	DC	Email	High Risk	90	1	Standard Intervention	556	1	1225.44	No eligible purchase in more than 180 days; Only one eligible purchase; No eligible purchase in the last 180 days; Fewer than three active months in the last twelve months
1719	CUST-01719	Chicago	IL	Organic Search	High Risk	90	1	Standard Intervention	677	1	1222.73	No eligible purchase in more than 180 days; Only one eligible purchase; No eligible purchase in the last 180 days; Fewer than three active months in the last twelve months
5044	CUST-05044	Boston	MA	Email	High Risk	90	1	Standard Intervention	594	1	1222.58	No eligible purchase in more than 180 days; Only one eligible purchase; No eligible purchase in the last 180 days; Fewer than three active months in the last twelve months
5270	CUST-05270	Phoenix	AZ	Organic Search	High Risk	90	1	Standard Intervention	675	1	1222.02	No eligible purchase in more than 180 days; Only one eligible purchase; No eligible purchase in the last 180 days; Fewer than three active months in the last twelve months
1892	CUST-01892	Washington	DC	Organic Search	High Risk	90	1	Standard Intervention	612	1	1220.29	No eligible purchase in more than 180 days; Only one eligible purchase; No eligible purchase in the last 180 days; Fewer than three active months in the last twelve months
173	CUST-00173	New York	NY	Email	High Risk	90	1	Standard Intervention	570	1	1220.13	No eligible purchase in more than 180 days; Only one eligible purchase; No eligible purchase in the last 180 days; Fewer than three active months in the last twelve months
5482	CUST-05482	Chicago	IL	Organic Search	High Risk	90	1	Standard Intervention	578	1	1220.05	No eligible purchase in more than 180 days; Only one eligible purchase; No eligible purchase in the last 180 days; Fewer than three active months in the last twelve months
1509	CUST-01509	Seattle	WA	Social Media	High Risk	90	1	Standard Intervention	632	1	1216.39	No eligible purchase in more than 180 days; Only one eligible purchase; No eligible purchase in the last 180 days; Fewer than three active months in the last twelve months
7937	CUST-07937	Atlanta	GA	Organic Search	High Risk	90	1	Standard Intervention	673	1	1215.79	No eligible purchase in more than 180 days; Only one eligible purchase; No eligible purchase in the last 180 days; Fewer than three active months in the last twelve months
2140	CUST-02140	Phoenix	AZ	Paid Search	High Risk	90	1	Standard Intervention	603	1	1214.67	No eligible purchase in more than 180 days; Only one eligible purchase; No eligible purchase in the last 180 days; Fewer than three active months in the last twelve months
2019	CUST-02019	Houston	TX	Direct	High Risk	90	1	Standard Intervention	713	1	1214.52	No eligible purchase in more than 180 days; Only one eligible purchase; No eligible purchase in the last 180 days; Fewer than three active months in the last twelve months
1693	CUST-01693	Boston	MA	Referral	High Risk	90	1	Standard Intervention	477	1	1213.02	No eligible purchase in more than 180 days; Only one eligible purchase; No eligible purchase in the last 180 days; Fewer than three active months in the last twelve months
1055	CUST-01055	Philadelphia	PA	Social Media	High Risk	90	1	Standard Intervention	729	1	1211.38	No eligible purchase in more than 180 days; Only one eligible purchase; No eligible purchase in the last 180 days; Fewer than three active months in the last twelve months
3015	CUST-03015	Austin	TX	Social Media	High Risk	90	1	Standard Intervention	578	1	1208.56	No eligible purchase in more than 180 days; Only one eligible purchase; No eligible purchase in the last 180 days; Fewer than three active months in the last twelve months
6286	CUST-06286	New York	NY	Email	High Risk	90	1	Standard Intervention	638	1	1207.77	No eligible purchase in more than 180 days; Only one eligible purchase; No eligible purchase in the last 180 days; Fewer than three active months in the last twelve months
5089	CUST-05089	Portland	OR	Referral	High Risk	90	1	Standard Intervention	605	1	1207.76	No eligible purchase in more than 180 days; Only one eligible purchase; No eligible purchase in the last 180 days; Fewer than three active months in the last twelve months
3278	CUST-03278	San Diego	CA	Email	High Risk	90	1	Standard Intervention	645	1	1207.57	No eligible purchase in more than 180 days; Only one eligible purchase; No eligible purchase in the last 180 days; Fewer than three active months in the last twelve months
3309	CUST-03309	Charlotte	NC	Social Media	High Risk	90	1	Standard Intervention	429	1	1205.53	No eligible purchase in more than 180 days; Only one eligible purchase; No eligible purchase in the last 180 days; Fewer than three active months in the last twelve months
3484	CUST-03484	New York	NY	Social Media	High Risk	90	1	Standard Intervention	547	1	1204.31	No eligible purchase in more than 180 days; Only one eligible purchase; No eligible purchase in the last 180 days; Fewer than three active months in the last twelve months
1575	CUST-01575	Denver	CO	Referral	High Risk	90	1	Standard Intervention	237	1	1199.73	No eligible purchase in more than 180 days; Only one eligible purchase; No eligible purchase in the last 180 days; Fewer than three active months in the last twelve months
4511	CUST-04511	Phoenix	AZ	Paid Search	High Risk	90	1	Standard Intervention	620	1	1197.70	No eligible purchase in more than 180 days; Only one eligible purchase; No eligible purchase in the last 180 days; Fewer than three active months in the last twelve months
3522	CUST-03522	New York	NY	Paid Search	High Risk	90	1	Standard Intervention	628	1	1196.97	No eligible purchase in more than 180 days; Only one eligible purchase; No eligible purchase in the last 180 days; Fewer than three active months in the last twelve months
5241	CUST-05241	Denver	CO	Paid Search	High Risk	90	1	Standard Intervention	673	1	1195.65	No eligible purchase in more than 180 days; Only one eligible purchase; No eligible purchase in the last 180 days; Fewer than three active months in the last twelve months
815	CUST-00815	Austin	TX	Email	High Risk	90	1	Standard Intervention	587	1	1195.50	No eligible purchase in more than 180 days; Only one eligible purchase; No eligible purchase in the last 180 days; Fewer than three active months in the last twelve months
6974	CUST-06974	Miami	FL	Social Media	High Risk	90	1	Standard Intervention	666	1	1194.07	No eligible purchase in more than 180 days; Only one eligible purchase; No eligible purchase in the last 180 days; Fewer than three active months in the last twelve months
384	CUST-00384	Austin	TX	Paid Search	High Risk	90	1	Standard Intervention	653	1	1190.61	No eligible purchase in more than 180 days; Only one eligible purchase; No eligible purchase in the last 180 days; Fewer than three active months in the last twelve months
4867	CUST-04867	Phoenix	AZ	Paid Search	High Risk	90	1	Standard Intervention	578	1	1189.50	No eligible purchase in more than 180 days; Only one eligible purchase; No eligible purchase in the last 180 days; Fewer than three active months in the last twelve months
2751	CUST-02751	Nashville	TN	Social Media	High Risk	90	1	Standard Intervention	586	1	1186.84	No eligible purchase in more than 180 days; Only one eligible purchase; No eligible purchase in the last 180 days; Fewer than three active months in the last twelve months
5022	CUST-05022	San Jose	CA	Direct	High Risk	90	1	Standard Intervention	667	1	1184.11	No eligible purchase in more than 180 days; Only one eligible purchase; No eligible purchase in the last 180 days; Fewer than three active months in the last twelve months
4004	CUST-04004	Fort Worth	TX	Organic Search	High Risk	90	1	Standard Intervention	621	1	1183.03	No eligible purchase in more than 180 days; Only one eligible purchase; No eligible purchase in the last 180 days; Fewer than three active months in the last twelve months
3929	CUST-03929	Charlotte	NC	Organic Search	High Risk	90	1	Standard Intervention	550	1	1182.49	No eligible purchase in more than 180 days; Only one eligible purchase; No eligible purchase in the last 180 days; Fewer than three active months in the last twelve months
1855	CUST-01855	Miami	FL	Direct	High Risk	90	1	Standard Intervention	727	1	1179.62	No eligible purchase in more than 180 days; Only one eligible purchase; No eligible purchase in the last 180 days; Fewer than three active months in the last twelve months
2405	CUST-02405	Denver	CO	Paid Search	High Risk	90	1	Standard Intervention	335	1	1175.11	No eligible purchase in more than 180 days; Only one eligible purchase; No eligible purchase in the last 180 days; Fewer than three active months in the last twelve months
7584	CUST-07584	Las Vegas	NV	Social Media	High Risk	90	1	Standard Intervention	437	1	1174.09	No eligible purchase in more than 180 days; Only one eligible purchase; No eligible purchase in the last 180 days; Fewer than three active months in the last twelve months
3267	CUST-03267	Los Angeles	CA	Social Media	High Risk	90	1	Standard Intervention	579	1	1173.71	No eligible purchase in more than 180 days; Only one eligible purchase; No eligible purchase in the last 180 days; Fewer than three active months in the last twelve months
5586	CUST-05586	Phoenix	AZ	Referral	High Risk	90	1	Standard Intervention	617	1	1170.87	No eligible purchase in more than 180 days; Only one eligible purchase; No eligible purchase in the last 180 days; Fewer than three active months in the last twelve months
7058	CUST-07058	Columbus	OH	Email	High Risk	90	1	Standard Intervention	182	1	1169.40	No eligible purchase in more than 180 days; Only one eligible purchase; No eligible purchase in the last 180 days; Fewer than three active months in the last twelve months
1324	CUST-01324	Washington	DC	Referral	High Risk	90	1	Standard Intervention	703	1	1168.56	No eligible purchase in more than 180 days; Only one eligible purchase; No eligible purchase in the last 180 days; Fewer than three active months in the last twelve months
6580	CUST-06580	Houston	TX	Paid Search	High Risk	90	1	Standard Intervention	336	1	1167.93	No eligible purchase in more than 180 days; Only one eligible purchase; No eligible purchase in the last 180 days; Fewer than three active months in the last twelve months
5869	CUST-05869	Nashville	TN	Organic Search	High Risk	90	1	Standard Intervention	611	1	1166.95	No eligible purchase in more than 180 days; Only one eligible purchase; No eligible purchase in the last 180 days; Fewer than three active months in the last twelve months
6954	CUST-06954	San Antonio	TX	Email	High Risk	90	1	Standard Intervention	625	1	1166.44	No eligible purchase in more than 180 days; Only one eligible purchase; No eligible purchase in the last 180 days; Fewer than three active months in the last twelve months
1052	CUST-01052	Columbus	OH	Paid Search	High Risk	90	1	Standard Intervention	577	1	1164.01	No eligible purchase in more than 180 days; Only one eligible purchase; No eligible purchase in the last 180 days; Fewer than three active months in the last twelve months
6338	CUST-06338	Las Vegas	NV	Paid Search	High Risk	90	1	Standard Intervention	706	1	1163.59	No eligible purchase in more than 180 days; Only one eligible purchase; No eligible purchase in the last 180 days; Fewer than three active months in the last twelve months
7093	CUST-07093	San Antonio	TX	Organic Search	High Risk	90	1	Standard Intervention	620	1	1163.53	No eligible purchase in more than 180 days; Only one eligible purchase; No eligible purchase in the last 180 days; Fewer than three active months in the last twelve months
1033	CUST-01033	San Diego	CA	Referral	High Risk	90	1	Standard Intervention	708	1	1158.88	No eligible purchase in more than 180 days; Only one eligible purchase; No eligible purchase in the last 180 days; Fewer than three active months in the last twelve months
6418	CUST-06418	Austin	TX	Paid Search	High Risk	90	1	Standard Intervention	611	1	1158.49	No eligible purchase in more than 180 days; Only one eligible purchase; No eligible purchase in the last 180 days; Fewer than three active months in the last twelve months
1889	CUST-01889	Fort Worth	TX	Social Media	High Risk	90	1	Standard Intervention	566	1	1157.87	No eligible purchase in more than 180 days; Only one eligible purchase; No eligible purchase in the last 180 days; Fewer than three active months in the last twelve months
4187	CUST-04187	New York	NY	Direct	High Risk	90	1	Standard Intervention	619	1	1157.26	No eligible purchase in more than 180 days; Only one eligible purchase; No eligible purchase in the last 180 days; Fewer than three active months in the last twelve months
808	CUST-00808	Las Vegas	NV	Paid Search	High Risk	90	1	Standard Intervention	707	1	1155.74	No eligible purchase in more than 180 days; Only one eligible purchase; No eligible purchase in the last 180 days; Fewer than three active months in the last twelve months
2425	CUST-02425	San Diego	CA	Referral	High Risk	90	1	Standard Intervention	579	1	1154.25	No eligible purchase in more than 180 days; Only one eligible purchase; No eligible purchase in the last 180 days; Fewer than three active months in the last twelve months
98	CUST-00098	Seattle	WA	Organic Search	High Risk	90	1	Standard Intervention	574	1	1153.40	No eligible purchase in more than 180 days; Only one eligible purchase; No eligible purchase in the last 180 days; Fewer than three active months in the last twelve months
5707	CUST-05707	Houston	TX	Paid Search	High Risk	90	1	Standard Intervention	691	1	1152.83	No eligible purchase in more than 180 days; Only one eligible purchase; No eligible purchase in the last 180 days; Fewer than three active months in the last twelve months
6944	CUST-06944	Miami	FL	Direct	High Risk	90	1	Standard Intervention	627	1	1151.96	No eligible purchase in more than 180 days; Only one eligible purchase; No eligible purchase in the last 180 days; Fewer than three active months in the last twelve months
6404	CUST-06404	San Antonio	TX	Paid Search	High Risk	90	1	Standard Intervention	574	1	1150.25	No eligible purchase in more than 180 days; Only one eligible purchase; No eligible purchase in the last 180 days; Fewer than three active months in the last twelve months
7716	CUST-07716	Nashville	TN	Paid Search	High Risk	90	1	Standard Intervention	675	1	1149.35	No eligible purchase in more than 180 days; Only one eligible purchase; No eligible purchase in the last 180 days; Fewer than three active months in the last twelve months
6104	CUST-06104	San Antonio	TX	Organic Search	High Risk	90	1	Standard Intervention	655	1	1148.93	No eligible purchase in more than 180 days; Only one eligible purchase; No eligible purchase in the last 180 days; Fewer than three active months in the last twelve months
4049	CUST-04049	Chicago	IL	Referral	High Risk	90	1	Standard Intervention	707	1	1147.09	No eligible purchase in more than 180 days; Only one eligible purchase; No eligible purchase in the last 180 days; Fewer than three active months in the last twelve months
7524	CUST-07524	Philadelphia	PA	Direct	High Risk	90	1	Standard Intervention	727	1	1146.42	No eligible purchase in more than 180 days; Only one eligible purchase; No eligible purchase in the last 180 days; Fewer than three active months in the last twelve months
7927	CUST-07927	Phoenix	AZ	Referral	High Risk	90	1	Standard Intervention	665	1	1146.21	No eligible purchase in more than 180 days; Only one eligible purchase; No eligible purchase in the last 180 days; Fewer than three active months in the last twelve months
543	CUST-00543	Jacksonville	FL	Organic Search	High Risk	90	1	Standard Intervention	697	1	1143.60	No eligible purchase in more than 180 days; Only one eligible purchase; No eligible purchase in the last 180 days; Fewer than three active months in the last twelve months
769	CUST-00769	Fort Worth	TX	Organic Search	High Risk	90	1	Standard Intervention	658	1	1143.50	No eligible purchase in more than 180 days; Only one eligible purchase; No eligible purchase in the last 180 days; Fewer than three active months in the last twelve months
6517	CUST-06517	Miami	FL	Referral	High Risk	90	1	Standard Intervention	566	1	1143.36	No eligible purchase in more than 180 days; Only one eligible purchase; No eligible purchase in the last 180 days; Fewer than three active months in the last twelve months
468	CUST-00468	San Antonio	TX	Paid Search	High Risk	90	1	Standard Intervention	298	1	1139.96	No eligible purchase in more than 180 days; Only one eligible purchase; No eligible purchase in the last 180 days; Fewer than three active months in the last twelve months
1132	CUST-01132	Houston	TX	Social Media	High Risk	90	1	Standard Intervention	582	1	1133.55	No eligible purchase in more than 180 days; Only one eligible purchase; No eligible purchase in the last 180 days; Fewer than three active months in the last twelve months
3467	CUST-03467	Atlanta	GA	Social Media	High Risk	90	1	Standard Intervention	644	1	1131.83	No eligible purchase in more than 180 days; Only one eligible purchase; No eligible purchase in the last 180 days; Fewer than three active months in the last twelve months
7373	CUST-07373	Charlotte	NC	Organic Search	High Risk	90	1	Standard Intervention	647	1	1126.86	No eligible purchase in more than 180 days; Only one eligible purchase; No eligible purchase in the last 180 days; Fewer than three active months in the last twelve months
3530	CUST-03530	Miami	FL	Social Media	High Risk	90	1	Standard Intervention	726	1	1125.65	No eligible purchase in more than 180 days; Only one eligible purchase; No eligible purchase in the last 180 days; Fewer than three active months in the last twelve months
4162	CUST-04162	Nashville	TN	Organic Search	High Risk	90	1	Standard Intervention	615	1	1124.87	No eligible purchase in more than 180 days; Only one eligible purchase; No eligible purchase in the last 180 days; Fewer than three active months in the last twelve months
5360	CUST-05360	Houston	TX	Referral	High Risk	90	1	Standard Intervention	706	1	1123.68	No eligible purchase in more than 180 days; Only one eligible purchase; No eligible purchase in the last 180 days; Fewer than three active months in the last twelve months
7838	CUST-07838	New York	NY	Social Media	High Risk	90	1	Standard Intervention	286	1	1123.27	No eligible purchase in more than 180 days; Only one eligible purchase; No eligible purchase in the last 180 days; Fewer than three active months in the last twelve months
2544	CUST-02544	Las Vegas	NV	Paid Search	High Risk	90	1	Standard Intervention	577	1	1120.90	No eligible purchase in more than 180 days; Only one eligible purchase; No eligible purchase in the last 180 days; Fewer than three active months in the last twelve months
3342	CUST-03342	San Antonio	TX	Referral	High Risk	90	1	Standard Intervention	610	1	1119.19	No eligible purchase in more than 180 days; Only one eligible purchase; No eligible purchase in the last 180 days; Fewer than three active months in the last twelve months
6062	CUST-06062	Los Angeles	CA	Email	High Risk	90	1	Standard Intervention	313	1	1117.53	No eligible purchase in more than 180 days; Only one eligible purchase; No eligible purchase in the last 180 days; Fewer than three active months in the last twelve months
165	CUST-00165	Columbus	OH	Email	High Risk	90	1	Standard Intervention	635	1	1117.00	No eligible purchase in more than 180 days; Only one eligible purchase; No eligible purchase in the last 180 days; Fewer than three active months in the last twelve months
3067	CUST-03067	San Jose	CA	Referral	High Risk	90	1	Standard Intervention	626	1	1115.59	No eligible purchase in more than 180 days; Only one eligible purchase; No eligible purchase in the last 180 days; Fewer than three active months in the last twelve months
7551	CUST-07551	Chicago	IL	Email	High Risk	90	1	Standard Intervention	723	1	1113.91	No eligible purchase in more than 180 days; Only one eligible purchase; No eligible purchase in the last 180 days; Fewer than three active months in the last twelve months
5088	CUST-05088	Dallas	TX	Organic Search	High Risk	90	1	Standard Intervention	627	1	1109.02	No eligible purchase in more than 180 days; Only one eligible purchase; No eligible purchase in the last 180 days; Fewer than three active months in the last twelve months
1387	CUST-01387	Nashville	TN	Email	High Risk	90	1	Standard Intervention	389	1	1108.95	No eligible purchase in more than 180 days; Only one eligible purchase; No eligible purchase in the last 180 days; Fewer than three active months in the last twelve months
3464	CUST-03464	Boston	MA	Organic Search	High Risk	90	1	Standard Intervention	609	1	1108.68	No eligible purchase in more than 180 days; Only one eligible purchase; No eligible purchase in the last 180 days; Fewer than three active months in the last twelve months
6479	CUST-06479	San Diego	CA	Referral	High Risk	90	1	Standard Intervention	694	1	1107.82	No eligible purchase in more than 180 days; Only one eligible purchase; No eligible purchase in the last 180 days; Fewer than three active months in the last twelve months
7973	CUST-07973	Fort Worth	TX	Organic Search	High Risk	90	1	Standard Intervention	574	1	1104.52	No eligible purchase in more than 180 days; Only one eligible purchase; No eligible purchase in the last 180 days; Fewer than three active months in the last twelve months
5330	CUST-05330	Phoenix	AZ	Referral	High Risk	90	1	Standard Intervention	721	1	1103.94	No eligible purchase in more than 180 days; Only one eligible purchase; No eligible purchase in the last 180 days; Fewer than three active months in the last twelve months
4859	CUST-04859	Miami	FL	Direct	High Risk	90	1	Standard Intervention	686	1	1103.84	No eligible purchase in more than 180 days; Only one eligible purchase; No eligible purchase in the last 180 days; Fewer than three active months in the last twelve months
647	CUST-00647	Phoenix	AZ	Email	High Risk	90	1	Standard Intervention	221	1	1102.14	No eligible purchase in more than 180 days; Only one eligible purchase; No eligible purchase in the last 180 days; Fewer than three active months in the last twelve months
1113	CUST-01113	Dallas	TX	Paid Search	High Risk	90	1	Standard Intervention	683	1	1100.64	No eligible purchase in more than 180 days; Only one eligible purchase; No eligible purchase in the last 180 days; Fewer than three active months in the last twelve months
2567	CUST-02567	Chicago	IL	Social Media	High Risk	90	1	Standard Intervention	676	1	1100.24	No eligible purchase in more than 180 days; Only one eligible purchase; No eligible purchase in the last 180 days; Fewer than three active months in the last twelve months
2294	CUST-02294	New York	NY	Paid Search	High Risk	90	1	Standard Intervention	726	1	1099.83	No eligible purchase in more than 180 days; Only one eligible purchase; No eligible purchase in the last 180 days; Fewer than three active months in the last twelve months
3674	CUST-03674	Atlanta	GA	Organic Search	High Risk	90	1	Standard Intervention	423	1	1098.84	No eligible purchase in more than 180 days; Only one eligible purchase; No eligible purchase in the last 180 days; Fewer than three active months in the last twelve months
3571	CUST-03571	Austin	TX	Social Media	High Risk	90	1	Standard Intervention	348	1	1098.17	No eligible purchase in more than 180 days; Only one eligible purchase; No eligible purchase in the last 180 days; Fewer than three active months in the last twelve months
1852	CUST-01852	Austin	TX	Referral	High Risk	90	1	Standard Intervention	552	1	1095.26	No eligible purchase in more than 180 days; Only one eligible purchase; No eligible purchase in the last 180 days; Fewer than three active months in the last twelve months
2075	CUST-02075	San Diego	CA	Paid Search	High Risk	90	1	Standard Intervention	618	1	1092.69	No eligible purchase in more than 180 days; Only one eligible purchase; No eligible purchase in the last 180 days; Fewer than three active months in the last twelve months
3288	CUST-03288	Atlanta	GA	Email	High Risk	90	1	Standard Intervention	611	1	1092.50	No eligible purchase in more than 180 days; Only one eligible purchase; No eligible purchase in the last 180 days; Fewer than three active months in the last twelve months
1711	CUST-01711	San Diego	CA	Social Media	High Risk	90	1	Standard Intervention	649	1	1089.96	No eligible purchase in more than 180 days; Only one eligible purchase; No eligible purchase in the last 180 days; Fewer than three active months in the last twelve months
6328	CUST-06328	Dallas	TX	Direct	High Risk	90	1	Standard Intervention	603	1	1089.86	No eligible purchase in more than 180 days; Only one eligible purchase; No eligible purchase in the last 180 days; Fewer than three active months in the last twelve months
4720	CUST-04720	Los Angeles	CA	Email	High Risk	90	1	Standard Intervention	692	1	1084.59	No eligible purchase in more than 180 days; Only one eligible purchase; No eligible purchase in the last 180 days; Fewer than three active months in the last twelve months
1510	CUST-01510	Jacksonville	FL	Paid Search	High Risk	90	1	Standard Intervention	577	1	1084.27	No eligible purchase in more than 180 days; Only one eligible purchase; No eligible purchase in the last 180 days; Fewer than three active months in the last twelve months
6224	CUST-06224	Denver	CO	Direct	High Risk	90	1	Standard Intervention	654	1	1083.18	No eligible purchase in more than 180 days; Only one eligible purchase; No eligible purchase in the last 180 days; Fewer than three active months in the last twelve months
5423	CUST-05423	Dallas	TX	Paid Search	High Risk	90	1	Standard Intervention	659	1	1081.90	No eligible purchase in more than 180 days; Only one eligible purchase; No eligible purchase in the last 180 days; Fewer than three active months in the last twelve months
1258	CUST-01258	Charlotte	NC	Social Media	High Risk	90	1	Standard Intervention	344	1	1080.72	No eligible purchase in more than 180 days; Only one eligible purchase; No eligible purchase in the last 180 days; Fewer than three active months in the last twelve months
1681	CUST-01681	Miami	FL	Direct	High Risk	90	1	Standard Intervention	586	1	1080.65	No eligible purchase in more than 180 days; Only one eligible purchase; No eligible purchase in the last 180 days; Fewer than three active months in the last twelve months
3486	CUST-03486	Los Angeles	CA	Social Media	High Risk	90	1	Standard Intervention	310	1	1076.95	No eligible purchase in more than 180 days; Only one eligible purchase; No eligible purchase in the last 180 days; Fewer than three active months in the last twelve months
3911	CUST-03911	Denver	CO	Paid Search	High Risk	90	1	Standard Intervention	352	1	1075.97	No eligible purchase in more than 180 days; Only one eligible purchase; No eligible purchase in the last 180 days; Fewer than three active months in the last twelve months
838	CUST-00838	New York	NY	Organic Search	High Risk	90	1	Standard Intervention	242	1	1073.77	No eligible purchase in more than 180 days; Only one eligible purchase; No eligible purchase in the last 180 days; Fewer than three active months in the last twelve months
7519	CUST-07519	Austin	TX	Paid Search	High Risk	90	1	Standard Intervention	578	1	1073.09	No eligible purchase in more than 180 days; Only one eligible purchase; No eligible purchase in the last 180 days; Fewer than three active months in the last twelve months
2871	CUST-02871	Los Angeles	CA	Paid Search	High Risk	90	1	Standard Intervention	641	1	1071.34	No eligible purchase in more than 180 days; Only one eligible purchase; No eligible purchase in the last 180 days; Fewer than three active months in the last twelve months
2651	CUST-02651	New York	NY	Direct	High Risk	90	1	Standard Intervention	693	1	1069.90	No eligible purchase in more than 180 days; Only one eligible purchase; No eligible purchase in the last 180 days; Fewer than three active months in the last twelve months
4916	CUST-04916	San Diego	CA	Paid Search	High Risk	90	1	Standard Intervention	653	1	1069.21	No eligible purchase in more than 180 days; Only one eligible purchase; No eligible purchase in the last 180 days; Fewer than three active months in the last twelve months
3194	CUST-03194	Las Vegas	NV	Referral	High Risk	90	1	Standard Intervention	345	1	1068.34	No eligible purchase in more than 180 days; Only one eligible purchase; No eligible purchase in the last 180 days; Fewer than three active months in the last twelve months
4600	CUST-04600	Austin	TX	Organic Search	High Risk	90	1	Standard Intervention	675	1	1067.07	No eligible purchase in more than 180 days; Only one eligible purchase; No eligible purchase in the last 180 days; Fewer than three active months in the last twelve months
7895	CUST-07895	Denver	CO	Direct	High Risk	90	1	Standard Intervention	589	1	1067.00	No eligible purchase in more than 180 days; Only one eligible purchase; No eligible purchase in the last 180 days; Fewer than three active months in the last twelve months
7574	CUST-07574	Jacksonville	FL	Email	High Risk	90	1	Standard Intervention	558	1	1066.56	No eligible purchase in more than 180 days; Only one eligible purchase; No eligible purchase in the last 180 days; Fewer than three active months in the last twelve months
2216	CUST-02216	Los Angeles	CA	Referral	High Risk	90	1	Standard Intervention	602	1	1065.21	No eligible purchase in more than 180 days; Only one eligible purchase; No eligible purchase in the last 180 days; Fewer than three active months in the last twelve months
7059	CUST-07059	San Diego	CA	Paid Search	High Risk	90	1	Standard Intervention	263	1	1059.20	No eligible purchase in more than 180 days; Only one eligible purchase; No eligible purchase in the last 180 days; Fewer than three active months in the last twelve months
122	CUST-00122	San Antonio	TX	Organic Search	High Risk	90	1	Standard Intervention	303	1	1059.17	No eligible purchase in more than 180 days; Only one eligible purchase; No eligible purchase in the last 180 days; Fewer than three active months in the last twelve months
4821	CUST-04821	Philadelphia	PA	Direct	High Risk	90	1	Standard Intervention	570	1	1058.52	No eligible purchase in more than 180 days; Only one eligible purchase; No eligible purchase in the last 180 days; Fewer than three active months in the last twelve months
1955	CUST-01955	Nashville	TN	Direct	High Risk	90	1	Standard Intervention	549	1	1057.95	No eligible purchase in more than 180 days; Only one eligible purchase; No eligible purchase in the last 180 days; Fewer than three active months in the last twelve months
3386	CUST-03386	Miami	FL	Paid Search	High Risk	90	1	Standard Intervention	675	1	1056.89	No eligible purchase in more than 180 days; Only one eligible purchase; No eligible purchase in the last 180 days; Fewer than three active months in the last twelve months
392	CUST-00392	Chicago	IL	Email	High Risk	90	1	Standard Intervention	594	1	1056.65	No eligible purchase in more than 180 days; Only one eligible purchase; No eligible purchase in the last 180 days; Fewer than three active months in the last twelve months
6668	CUST-06668	San Antonio	TX	Paid Search	High Risk	90	1	Standard Intervention	586	1	1055.90	No eligible purchase in more than 180 days; Only one eligible purchase; No eligible purchase in the last 180 days; Fewer than three active months in the last twelve months
5434	CUST-05434	Washington	DC	Paid Search	High Risk	90	1	Standard Intervention	317	1	1053.54	No eligible purchase in more than 180 days; Only one eligible purchase; No eligible purchase in the last 180 days; Fewer than three active months in the last twelve months
3980	CUST-03980	San Diego	CA	Social Media	High Risk	90	1	Standard Intervention	586	1	1050.57	No eligible purchase in more than 180 days; Only one eligible purchase; No eligible purchase in the last 180 days; Fewer than three active months in the last twelve months
374	CUST-00374	Phoenix	AZ	Email	High Risk	90	1	Standard Intervention	309	1	1050.15	No eligible purchase in more than 180 days; Only one eligible purchase; No eligible purchase in the last 180 days; Fewer than three active months in the last twelve months
7972	CUST-07972	San Jose	CA	Direct	High Risk	90	1	Standard Intervention	644	1	1046.21	No eligible purchase in more than 180 days; Only one eligible purchase; No eligible purchase in the last 180 days; Fewer than three active months in the last twelve months
2119	CUST-02119	Columbus	OH	Referral	High Risk	90	1	Standard Intervention	552	1	1045.77	No eligible purchase in more than 180 days; Only one eligible purchase; No eligible purchase in the last 180 days; Fewer than three active months in the last twelve months
1255	CUST-01255	Los Angeles	CA	Social Media	High Risk	90	1	Standard Intervention	325	1	1044.82	No eligible purchase in more than 180 days; Only one eligible purchase; No eligible purchase in the last 180 days; Fewer than three active months in the last twelve months
1663	CUST-01663	Charlotte	NC	Email	High Risk	90	1	Standard Intervention	233	1	1042.24	No eligible purchase in more than 180 days; Only one eligible purchase; No eligible purchase in the last 180 days; Fewer than three active months in the last twelve months
1447	CUST-01447	Chicago	IL	Social Media	High Risk	90	1	Standard Intervention	552	1	1038.80	No eligible purchase in more than 180 days; Only one eligible purchase; No eligible purchase in the last 180 days; Fewer than three active months in the last twelve months
4962	CUST-04962	New York	NY	Paid Search	High Risk	90	1	Standard Intervention	393	1	1037.89	No eligible purchase in more than 180 days; Only one eligible purchase; No eligible purchase in the last 180 days; Fewer than three active months in the last twelve months
3834	CUST-03834	Boston	MA	Organic Search	High Risk	90	1	Standard Intervention	652	1	1037.17	No eligible purchase in more than 180 days; Only one eligible purchase; No eligible purchase in the last 180 days; Fewer than three active months in the last twelve months
5516	CUST-05516	San Jose	CA	Organic Search	High Risk	90	1	Standard Intervention	634	1	1036.92	No eligible purchase in more than 180 days; Only one eligible purchase; No eligible purchase in the last 180 days; Fewer than three active months in the last twelve months
3001	CUST-03001	Jacksonville	FL	Paid Search	High Risk	90	1	Standard Intervention	680	1	1031.23	No eligible purchase in more than 180 days; Only one eligible purchase; No eligible purchase in the last 180 days; Fewer than three active months in the last twelve months
6010	CUST-06010	Miami	FL	Referral	High Risk	90	1	Standard Intervention	661	1	1030.07	No eligible purchase in more than 180 days; Only one eligible purchase; No eligible purchase in the last 180 days; Fewer than three active months in the last twelve months
2393	CUST-02393	Boston	MA	Paid Search	High Risk	90	1	Standard Intervention	484	1	1029.57	No eligible purchase in more than 180 days; Only one eligible purchase; No eligible purchase in the last 180 days; Fewer than three active months in the last twelve months
3228	CUST-03228	Denver	CO	Paid Search	High Risk	90	1	Standard Intervention	708	1	1026.01	No eligible purchase in more than 180 days; Only one eligible purchase; No eligible purchase in the last 180 days; Fewer than three active months in the last twelve months
4594	CUST-04594	Phoenix	AZ	Email	High Risk	90	1	Standard Intervention	467	1	1024.05	No eligible purchase in more than 180 days; Only one eligible purchase; No eligible purchase in the last 180 days; Fewer than three active months in the last twelve months
97	CUST-00097	Fort Worth	TX	Social Media	High Risk	90	1	Standard Intervention	625	1	1021.90	No eligible purchase in more than 180 days; Only one eligible purchase; No eligible purchase in the last 180 days; Fewer than three active months in the last twelve months
6154	CUST-06154	Washington	DC	Organic Search	High Risk	90	1	Standard Intervention	657	1	1021.39	No eligible purchase in more than 180 days; Only one eligible purchase; No eligible purchase in the last 180 days; Fewer than three active months in the last twelve months
1017	CUST-01017	New York	NY	Paid Search	High Risk	90	1	Standard Intervention	284	1	1020.33	No eligible purchase in more than 180 days; Only one eligible purchase; No eligible purchase in the last 180 days; Fewer than three active months in the last twelve months
913	CUST-00913	San Antonio	TX	Paid Search	High Risk	90	1	Standard Intervention	672	1	1017.61	No eligible purchase in more than 180 days; Only one eligible purchase; No eligible purchase in the last 180 days; Fewer than three active months in the last twelve months
205	CUST-00205	Austin	TX	Direct	High Risk	90	1	Standard Intervention	647	1	1014.38	No eligible purchase in more than 180 days; Only one eligible purchase; No eligible purchase in the last 180 days; Fewer than three active months in the last twelve months
6773	CUST-06773	Boston	MA	Social Media	High Risk	90	1	Standard Intervention	550	1	1013.72	No eligible purchase in more than 180 days; Only one eligible purchase; No eligible purchase in the last 180 days; Fewer than three active months in the last twelve months
5918	CUST-05918	Charlotte	NC	Organic Search	High Risk	90	1	Standard Intervention	653	1	1013.10	No eligible purchase in more than 180 days; Only one eligible purchase; No eligible purchase in the last 180 days; Fewer than three active months in the last twelve months
1594	CUST-01594	San Diego	CA	Referral	High Risk	90	1	Standard Intervention	675	1	1012.98	No eligible purchase in more than 180 days; Only one eligible purchase; No eligible purchase in the last 180 days; Fewer than three active months in the last twelve months
1519	CUST-01519	Fort Worth	TX	Referral	High Risk	90	1	Standard Intervention	296	1	1011.37	No eligible purchase in more than 180 days; Only one eligible purchase; No eligible purchase in the last 180 days; Fewer than three active months in the last twelve months
2960	CUST-02960	Phoenix	AZ	Direct	High Risk	90	1	Standard Intervention	654	1	1009.78	No eligible purchase in more than 180 days; Only one eligible purchase; No eligible purchase in the last 180 days; Fewer than three active months in the last twelve months
916	CUST-00916	Denver	CO	Direct	High Risk	90	1	Standard Intervention	563	1	1009.65	No eligible purchase in more than 180 days; Only one eligible purchase; No eligible purchase in the last 180 days; Fewer than three active months in the last twelve months
4798	CUST-04798	Atlanta	GA	Paid Search	High Risk	90	1	Standard Intervention	586	1	1007.04	No eligible purchase in more than 180 days; Only one eligible purchase; No eligible purchase in the last 180 days; Fewer than three active months in the last twelve months
537	CUST-00537	Houston	TX	Social Media	High Risk	90	1	Standard Intervention	690	1	1006.43	No eligible purchase in more than 180 days; Only one eligible purchase; No eligible purchase in the last 180 days; Fewer than three active months in the last twelve months
3172	CUST-03172	New York	NY	Direct	High Risk	90	1	Standard Intervention	302	1	1005.55	No eligible purchase in more than 180 days; Only one eligible purchase; No eligible purchase in the last 180 days; Fewer than three active months in the last twelve months
3353	CUST-03353	Charlotte	NC	Direct	High Risk	90	1	Standard Intervention	610	1	1004.57	No eligible purchase in more than 180 days; Only one eligible purchase; No eligible purchase in the last 180 days; Fewer than three active months in the last twelve months
7732	CUST-07732	Boston	MA	Direct	High Risk	90	1	Standard Intervention	576	1	1001.23	No eligible purchase in more than 180 days; Only one eligible purchase; No eligible purchase in the last 180 days; Fewer than three active months in the last twelve months
7115	CUST-07115	Portland	OR	Email	High Risk	90	1	Standard Intervention	284	1	999.45	No eligible purchase in more than 180 days; Only one eligible purchase; No eligible purchase in the last 180 days; Fewer than three active months in the last twelve months
4001	CUST-04001	Chicago	IL	Paid Search	High Risk	90	1	Standard Intervention	316	1	999.33	No eligible purchase in more than 180 days; Only one eligible purchase; No eligible purchase in the last 180 days; Fewer than three active months in the last twelve months
502	CUST-00502	Portland	OR	Email	High Risk	90	1	Standard Intervention	568	1	997.23	No eligible purchase in more than 180 days; Only one eligible purchase; No eligible purchase in the last 180 days; Fewer than three active months in the last twelve months
790	CUST-00790	Jacksonville	FL	Organic Search	High Risk	90	1	Standard Intervention	676	1	996.79	No eligible purchase in more than 180 days; Only one eligible purchase; No eligible purchase in the last 180 days; Fewer than three active months in the last twelve months
6452	CUST-06452	Chicago	IL	Referral	High Risk	90	1	Standard Intervention	619	1	996.72	No eligible purchase in more than 180 days; Only one eligible purchase; No eligible purchase in the last 180 days; Fewer than three active months in the last twelve months
2796	CUST-02796	Philadelphia	PA	Email	High Risk	90	1	Standard Intervention	684	1	993.85	No eligible purchase in more than 180 days; Only one eligible purchase; No eligible purchase in the last 180 days; Fewer than three active months in the last twelve months
1754	CUST-01754	Nashville	TN	Direct	High Risk	90	1	Standard Intervention	632	1	988.83	No eligible purchase in more than 180 days; Only one eligible purchase; No eligible purchase in the last 180 days; Fewer than three active months in the last twelve months
3344	CUST-03344	Philadelphia	PA	Referral	High Risk	90	1	Standard Intervention	719	1	987.86	No eligible purchase in more than 180 days; Only one eligible purchase; No eligible purchase in the last 180 days; Fewer than three active months in the last twelve months
4242	CUST-04242	Jacksonville	FL	Paid Search	High Risk	90	1	Standard Intervention	704	1	987.19	No eligible purchase in more than 180 days; Only one eligible purchase; No eligible purchase in the last 180 days; Fewer than three active months in the last twelve months
7395	CUST-07395	Los Angeles	CA	Social Media	High Risk	90	1	Standard Intervention	617	1	986.13	No eligible purchase in more than 180 days; Only one eligible purchase; No eligible purchase in the last 180 days; Fewer than three active months in the last twelve months
1420	CUST-01420	San Jose	CA	Organic Search	High Risk	90	1	Standard Intervention	463	1	985.44	No eligible purchase in more than 180 days; Only one eligible purchase; No eligible purchase in the last 180 days; Fewer than three active months in the last twelve months
1112	CUST-01112	Washington	DC	Paid Search	High Risk	90	1	Standard Intervention	707	1	984.82	No eligible purchase in more than 180 days; Only one eligible purchase; No eligible purchase in the last 180 days; Fewer than three active months in the last twelve months
2448	CUST-02448	Chicago	IL	Direct	High Risk	90	1	Standard Intervention	393	1	982.80	No eligible purchase in more than 180 days; Only one eligible purchase; No eligible purchase in the last 180 days; Fewer than three active months in the last twelve months
7209	CUST-07209	Philadelphia	PA	Referral	High Risk	90	1	Standard Intervention	573	1	982.44	No eligible purchase in more than 180 days; Only one eligible purchase; No eligible purchase in the last 180 days; Fewer than three active months in the last twelve months
5857	CUST-05857	Fort Worth	TX	Paid Search	High Risk	90	1	Standard Intervention	599	1	979.75	No eligible purchase in more than 180 days; Only one eligible purchase; No eligible purchase in the last 180 days; Fewer than three active months in the last twelve months
6352	CUST-06352	Fort Worth	TX	Direct	High Risk	90	1	Standard Intervention	561	1	978.87	No eligible purchase in more than 180 days; Only one eligible purchase; No eligible purchase in the last 180 days; Fewer than three active months in the last twelve months
172	CUST-00172	San Antonio	TX	Referral	High Risk	90	1	Standard Intervention	653	1	978.40	No eligible purchase in more than 180 days; Only one eligible purchase; No eligible purchase in the last 180 days; Fewer than three active months in the last twelve months
7867	CUST-07867	Los Angeles	CA	Organic Search	High Risk	90	1	Standard Intervention	719	1	976.13	No eligible purchase in more than 180 days; Only one eligible purchase; No eligible purchase in the last 180 days; Fewer than three active months in the last twelve months
741	CUST-00741	Jacksonville	FL	Organic Search	High Risk	90	1	Standard Intervention	567	1	975.26	No eligible purchase in more than 180 days; Only one eligible purchase; No eligible purchase in the last 180 days; Fewer than three active months in the last twelve months
4364	CUST-04364	Houston	TX	Social Media	High Risk	90	1	Standard Intervention	559	1	970.96	No eligible purchase in more than 180 days; Only one eligible purchase; No eligible purchase in the last 180 days; Fewer than three active months in the last twelve months
7617	CUST-07617	Charlotte	NC	Direct	High Risk	90	1	Standard Intervention	633	1	970.14	No eligible purchase in more than 180 days; Only one eligible purchase; No eligible purchase in the last 180 days; Fewer than three active months in the last twelve months
3139	CUST-03139	Jacksonville	FL	Social Media	High Risk	90	1	Standard Intervention	572	1	969.81	No eligible purchase in more than 180 days; Only one eligible purchase; No eligible purchase in the last 180 days; Fewer than three active months in the last twelve months
2272	CUST-02272	Charlotte	NC	Direct	High Risk	90	1	Standard Intervention	220	1	967.31	No eligible purchase in more than 180 days; Only one eligible purchase; No eligible purchase in the last 180 days; Fewer than three active months in the last twelve months
4682	CUST-04682	Phoenix	AZ	Organic Search	High Risk	90	1	Standard Intervention	689	1	966.26	No eligible purchase in more than 180 days; Only one eligible purchase; No eligible purchase in the last 180 days; Fewer than three active months in the last twelve months
3696	CUST-03696	Austin	TX	Email	High Risk	90	1	Standard Intervention	621	1	966.18	No eligible purchase in more than 180 days; Only one eligible purchase; No eligible purchase in the last 180 days; Fewer than three active months in the last twelve months
3424	CUST-03424	New York	NY	Social Media	High Risk	90	1	Standard Intervention	580	1	965.36	No eligible purchase in more than 180 days; Only one eligible purchase; No eligible purchase in the last 180 days; Fewer than three active months in the last twelve months
5466	CUST-05466	Nashville	TN	Organic Search	High Risk	90	1	Standard Intervention	619	1	965.32	No eligible purchase in more than 180 days; Only one eligible purchase; No eligible purchase in the last 180 days; Fewer than three active months in the last twelve months
4264	CUST-04264	Washington	DC	Paid Search	High Risk	90	1	Standard Intervention	610	1	961.01	No eligible purchase in more than 180 days; Only one eligible purchase; No eligible purchase in the last 180 days; Fewer than three active months in the last twelve months
2359	CUST-02359	Phoenix	AZ	Direct	High Risk	90	1	Standard Intervention	596	1	960.54	No eligible purchase in more than 180 days; Only one eligible purchase; No eligible purchase in the last 180 days; Fewer than three active months in the last twelve months
1014	CUST-01014	Austin	TX	Social Media	High Risk	90	1	Standard Intervention	266	1	959.12	No eligible purchase in more than 180 days; Only one eligible purchase; No eligible purchase in the last 180 days; Fewer than three active months in the last twelve months
4560	CUST-04560	Austin	TX	Referral	High Risk	90	1	Standard Intervention	627	1	956.85	No eligible purchase in more than 180 days; Only one eligible purchase; No eligible purchase in the last 180 days; Fewer than three active months in the last twelve months
2378	CUST-02378	Jacksonville	FL	Organic Search	High Risk	90	1	Standard Intervention	656	1	955.10	No eligible purchase in more than 180 days; Only one eligible purchase; No eligible purchase in the last 180 days; Fewer than three active months in the last twelve months
2545	CUST-02545	Seattle	WA	Email	High Risk	90	1	Standard Intervention	254	1	955.05	No eligible purchase in more than 180 days; Only one eligible purchase; No eligible purchase in the last 180 days; Fewer than three active months in the last twelve months
6705	CUST-06705	Jacksonville	FL	Email	High Risk	90	1	Standard Intervention	668	1	954.80	No eligible purchase in more than 180 days; Only one eligible purchase; No eligible purchase in the last 180 days; Fewer than three active months in the last twelve months
7423	CUST-07423	Austin	TX	Social Media	High Risk	90	1	Standard Intervention	309	1	953.76	No eligible purchase in more than 180 days; Only one eligible purchase; No eligible purchase in the last 180 days; Fewer than three active months in the last twelve months
7415	CUST-07415	Houston	TX	Email	High Risk	90	1	Standard Intervention	488	1	953.22	No eligible purchase in more than 180 days; Only one eligible purchase; No eligible purchase in the last 180 days; Fewer than three active months in the last twelve months
309	CUST-00309	San Diego	CA	Email	High Risk	90	1	Standard Intervention	583	1	952.73	No eligible purchase in more than 180 days; Only one eligible purchase; No eligible purchase in the last 180 days; Fewer than three active months in the last twelve months
396	CUST-00396	Nashville	TN	Organic Search	High Risk	90	1	Standard Intervention	700	1	951.62	No eligible purchase in more than 180 days; Only one eligible purchase; No eligible purchase in the last 180 days; Fewer than three active months in the last twelve months
4738	CUST-04738	Philadelphia	PA	Social Media	High Risk	90	1	Standard Intervention	651	1	950.16	No eligible purchase in more than 180 days; Only one eligible purchase; No eligible purchase in the last 180 days; Fewer than three active months in the last twelve months
6865	CUST-06865	Washington	DC	Organic Search	High Risk	90	1	Standard Intervention	222	1	948.50	No eligible purchase in more than 180 days; Only one eligible purchase; No eligible purchase in the last 180 days; Fewer than three active months in the last twelve months
113	CUST-00113	Nashville	TN	Referral	High Risk	90	1	Standard Intervention	608	1	947.96	No eligible purchase in more than 180 days; Only one eligible purchase; No eligible purchase in the last 180 days; Fewer than three active months in the last twelve months
3493	CUST-03493	Austin	TX	Organic Search	High Risk	90	1	Standard Intervention	585	1	946.33	No eligible purchase in more than 180 days; Only one eligible purchase; No eligible purchase in the last 180 days; Fewer than three active months in the last twelve months
4897	CUST-04897	Miami	FL	Paid Search	High Risk	90	1	Standard Intervention	603	1	945.47	No eligible purchase in more than 180 days; Only one eligible purchase; No eligible purchase in the last 180 days; Fewer than three active months in the last twelve months
7768	CUST-07768	Seattle	WA	Paid Search	High Risk	90	1	Standard Intervention	265	1	940.91	No eligible purchase in more than 180 days; Only one eligible purchase; No eligible purchase in the last 180 days; Fewer than three active months in the last twelve months
6239	CUST-06239	Los Angeles	CA	Organic Search	High Risk	90	1	Standard Intervention	717	1	940.00	No eligible purchase in more than 180 days; Only one eligible purchase; No eligible purchase in the last 180 days; Fewer than three active months in the last twelve months
5178	CUST-05178	Seattle	WA	Organic Search	High Risk	90	1	Standard Intervention	220	1	939.83	No eligible purchase in more than 180 days; Only one eligible purchase; No eligible purchase in the last 180 days; Fewer than three active months in the last twelve months
1008	CUST-01008	Washington	DC	Email	High Risk	90	1	Standard Intervention	596	1	936.62	No eligible purchase in more than 180 days; Only one eligible purchase; No eligible purchase in the last 180 days; Fewer than three active months in the last twelve months
5441	CUST-05441	Portland	OR	Social Media	High Risk	90	1	Standard Intervention	296	1	936.37	No eligible purchase in more than 180 days; Only one eligible purchase; No eligible purchase in the last 180 days; Fewer than three active months in the last twelve months
1476	CUST-01476	San Antonio	TX	Direct	High Risk	90	1	Standard Intervention	669	1	934.25	No eligible purchase in more than 180 days; Only one eligible purchase; No eligible purchase in the last 180 days; Fewer than three active months in the last twelve months
3943	CUST-03943	Austin	TX	Referral	High Risk	90	1	Standard Intervention	391	1	932.74	No eligible purchase in more than 180 days; Only one eligible purchase; No eligible purchase in the last 180 days; Fewer than three active months in the last twelve months
2761	CUST-02761	Los Angeles	CA	Direct	High Risk	90	1	Standard Intervention	664	1	932.68	No eligible purchase in more than 180 days; Only one eligible purchase; No eligible purchase in the last 180 days; Fewer than three active months in the last twelve months
909	CUST-00909	Las Vegas	NV	Direct	High Risk	90	1	Standard Intervention	225	1	929.90	No eligible purchase in more than 180 days; Only one eligible purchase; No eligible purchase in the last 180 days; Fewer than three active months in the last twelve months
3495	CUST-03495	Portland	OR	Organic Search	High Risk	90	1	Standard Intervention	598	1	928.11	No eligible purchase in more than 180 days; Only one eligible purchase; No eligible purchase in the last 180 days; Fewer than three active months in the last twelve months
1099	CUST-01099	Columbus	OH	Organic Search	High Risk	90	1	Standard Intervention	559	1	926.99	No eligible purchase in more than 180 days; Only one eligible purchase; No eligible purchase in the last 180 days; Fewer than three active months in the last twelve months
149	CUST-00149	Washington	DC	Referral	High Risk	90	1	Standard Intervention	589	1	925.95	No eligible purchase in more than 180 days; Only one eligible purchase; No eligible purchase in the last 180 days; Fewer than three active months in the last twelve months
6817	CUST-06817	San Jose	CA	Direct	High Risk	90	1	Standard Intervention	671	1	922.84	No eligible purchase in more than 180 days; Only one eligible purchase; No eligible purchase in the last 180 days; Fewer than three active months in the last twelve months
898	CUST-00898	Dallas	TX	Social Media	High Risk	90	1	Standard Intervention	709	1	922.72	No eligible purchase in more than 180 days; Only one eligible purchase; No eligible purchase in the last 180 days; Fewer than three active months in the last twelve months
1915	CUST-01915	Phoenix	AZ	Referral	High Risk	90	1	Standard Intervention	456	1	922.38	No eligible purchase in more than 180 days; Only one eligible purchase; No eligible purchase in the last 180 days; Fewer than three active months in the last twelve months
5148	CUST-05148	Portland	OR	Social Media	High Risk	90	1	Standard Intervention	686	1	920.67	No eligible purchase in more than 180 days; Only one eligible purchase; No eligible purchase in the last 180 days; Fewer than three active months in the last twelve months
3812	CUST-03812	Atlanta	GA	Social Media	High Risk	90	1	Standard Intervention	588	1	918.70	No eligible purchase in more than 180 days; Only one eligible purchase; No eligible purchase in the last 180 days; Fewer than three active months in the last twelve months
6952	CUST-06952	Miami	FL	Direct	High Risk	90	1	Standard Intervention	598	1	916.10	No eligible purchase in more than 180 days; Only one eligible purchase; No eligible purchase in the last 180 days; Fewer than three active months in the last twelve months
5436	CUST-05436	Boston	MA	Social Media	High Risk	90	1	Standard Intervention	656	1	915.19	No eligible purchase in more than 180 days; Only one eligible purchase; No eligible purchase in the last 180 days; Fewer than three active months in the last twelve months
7429	CUST-07429	San Diego	CA	Organic Search	High Risk	90	1	Standard Intervention	277	1	914.02	No eligible purchase in more than 180 days; Only one eligible purchase; No eligible purchase in the last 180 days; Fewer than three active months in the last twelve months
2077	CUST-02077	San Diego	CA	Referral	High Risk	90	1	Standard Intervention	519	1	912.45	No eligible purchase in more than 180 days; Only one eligible purchase; No eligible purchase in the last 180 days; Fewer than three active months in the last twelve months
6601	CUST-06601	New York	NY	Paid Search	High Risk	90	1	Standard Intervention	646	1	912.45	No eligible purchase in more than 180 days; Only one eligible purchase; No eligible purchase in the last 180 days; Fewer than three active months in the last twelve months
7884	CUST-07884	Columbus	OH	Organic Search	High Risk	90	1	Standard Intervention	242	1	908.42	No eligible purchase in more than 180 days; Only one eligible purchase; No eligible purchase in the last 180 days; Fewer than three active months in the last twelve months
2475	CUST-02475	Austin	TX	Paid Search	High Risk	90	1	Standard Intervention	649	1	903.78	No eligible purchase in more than 180 days; Only one eligible purchase; No eligible purchase in the last 180 days; Fewer than three active months in the last twelve months
7060	CUST-07060	San Jose	CA	Organic Search	High Risk	90	1	Standard Intervention	652	1	903.11	No eligible purchase in more than 180 days; Only one eligible purchase; No eligible purchase in the last 180 days; Fewer than three active months in the last twelve months
5796	CUST-05796	Denver	CO	Direct	High Risk	90	1	Standard Intervention	710	1	902.65	No eligible purchase in more than 180 days; Only one eligible purchase; No eligible purchase in the last 180 days; Fewer than three active months in the last twelve months
433	CUST-00433	Los Angeles	CA	Paid Search	High Risk	90	1	Standard Intervention	198	1	901.86	No eligible purchase in more than 180 days; Only one eligible purchase; No eligible purchase in the last 180 days; Fewer than three active months in the last twelve months
1148	CUST-01148	Miami	FL	Referral	High Risk	90	1	Standard Intervention	608	1	899.90	No eligible purchase in more than 180 days; Only one eligible purchase; No eligible purchase in the last 180 days; Fewer than three active months in the last twelve months
2228	CUST-02228	Las Vegas	NV	Organic Search	High Risk	90	1	Standard Intervention	599	1	898.56	No eligible purchase in more than 180 days; Only one eligible purchase; No eligible purchase in the last 180 days; Fewer than three active months in the last twelve months
7698	CUST-07698	Las Vegas	NV	Social Media	High Risk	90	1	Standard Intervention	690	1	897.74	No eligible purchase in more than 180 days; Only one eligible purchase; No eligible purchase in the last 180 days; Fewer than three active months in the last twelve months
1669	CUST-01669	Charlotte	NC	Paid Search	High Risk	90	1	Standard Intervention	551	1	895.94	No eligible purchase in more than 180 days; Only one eligible purchase; No eligible purchase in the last 180 days; Fewer than three active months in the last twelve months
4636	CUST-04636	Boston	MA	Paid Search	High Risk	90	1	Standard Intervention	586	1	894.45	No eligible purchase in more than 180 days; Only one eligible purchase; No eligible purchase in the last 180 days; Fewer than three active months in the last twelve months
6722	CUST-06722	San Jose	CA	Social Media	High Risk	90	1	Standard Intervention	323	1	893.03	No eligible purchase in more than 180 days; Only one eligible purchase; No eligible purchase in the last 180 days; Fewer than three active months in the last twelve months
5149	CUST-05149	San Antonio	TX	Direct	High Risk	90	1	Standard Intervention	540	1	887.85	No eligible purchase in more than 180 days; Only one eligible purchase; No eligible purchase in the last 180 days; Fewer than three active months in the last twelve months
756	CUST-00756	Philadelphia	PA	Organic Search	High Risk	90	1	Standard Intervention	623	1	884.45	No eligible purchase in more than 180 days; Only one eligible purchase; No eligible purchase in the last 180 days; Fewer than three active months in the last twelve months
51	CUST-00051	New York	NY	Direct	High Risk	90	1	Standard Intervention	271	1	883.44	No eligible purchase in more than 180 days; Only one eligible purchase; No eligible purchase in the last 180 days; Fewer than three active months in the last twelve months
2654	CUST-02654	San Diego	CA	Social Media	High Risk	90	1	Standard Intervention	728	1	882.86	No eligible purchase in more than 180 days; Only one eligible purchase; No eligible purchase in the last 180 days; Fewer than three active months in the last twelve months
4402	CUST-04402	Seattle	WA	Paid Search	High Risk	90	1	Standard Intervention	559	1	881.98	No eligible purchase in more than 180 days; Only one eligible purchase; No eligible purchase in the last 180 days; Fewer than three active months in the last twelve months
7350	CUST-07350	Boston	MA	Organic Search	High Risk	90	1	Standard Intervention	608	1	881.97	No eligible purchase in more than 180 days; Only one eligible purchase; No eligible purchase in the last 180 days; Fewer than three active months in the last twelve months
6214	CUST-06214	Los Angeles	CA	Social Media	High Risk	90	1	Standard Intervention	598	1	881.21	No eligible purchase in more than 180 days; Only one eligible purchase; No eligible purchase in the last 180 days; Fewer than three active months in the last twelve months
5970	CUST-05970	Charlotte	NC	Organic Search	High Risk	90	1	Standard Intervention	557	1	880.43	No eligible purchase in more than 180 days; Only one eligible purchase; No eligible purchase in the last 180 days; Fewer than three active months in the last twelve months
3089	CUST-03089	Austin	TX	Social Media	High Risk	90	1	Standard Intervention	725	1	880.35	No eligible purchase in more than 180 days; Only one eligible purchase; No eligible purchase in the last 180 days; Fewer than three active months in the last twelve months
6442	CUST-06442	San Jose	CA	Paid Search	High Risk	90	1	Standard Intervention	653	1	879.26	No eligible purchase in more than 180 days; Only one eligible purchase; No eligible purchase in the last 180 days; Fewer than three active months in the last twelve months
6868	CUST-06868	San Diego	CA	Paid Search	High Risk	90	1	Standard Intervention	574	1	878.81	No eligible purchase in more than 180 days; Only one eligible purchase; No eligible purchase in the last 180 days; Fewer than three active months in the last twelve months
4213	CUST-04213	Boston	MA	Paid Search	High Risk	90	1	Standard Intervention	588	1	877.95	No eligible purchase in more than 180 days; Only one eligible purchase; No eligible purchase in the last 180 days; Fewer than three active months in the last twelve months
2408	CUST-02408	Dallas	TX	Referral	High Risk	90	1	Standard Intervention	557	1	877.92	No eligible purchase in more than 180 days; Only one eligible purchase; No eligible purchase in the last 180 days; Fewer than three active months in the last twelve months
7320	CUST-07320	Phoenix	AZ	Organic Search	High Risk	90	1	Standard Intervention	401	1	876.42	No eligible purchase in more than 180 days; Only one eligible purchase; No eligible purchase in the last 180 days; Fewer than three active months in the last twelve months
5623	CUST-05623	Boston	MA	Referral	High Risk	90	1	Standard Intervention	677	1	876.31	No eligible purchase in more than 180 days; Only one eligible purchase; No eligible purchase in the last 180 days; Fewer than three active months in the last twelve months
6155	CUST-06155	Dallas	TX	Direct	High Risk	90	1	Standard Intervention	596	1	875.55	No eligible purchase in more than 180 days; Only one eligible purchase; No eligible purchase in the last 180 days; Fewer than three active months in the last twelve months
3753	CUST-03753	Nashville	TN	Referral	High Risk	90	1	Standard Intervention	693	1	875.39	No eligible purchase in more than 180 days; Only one eligible purchase; No eligible purchase in the last 180 days; Fewer than three active months in the last twelve months
7227	CUST-07227	Houston	TX	Paid Search	High Risk	90	1	Standard Intervention	625	1	874.66	No eligible purchase in more than 180 days; Only one eligible purchase; No eligible purchase in the last 180 days; Fewer than three active months in the last twelve months
5298	CUST-05298	Chicago	IL	Direct	High Risk	90	1	Standard Intervention	207	1	874.33	No eligible purchase in more than 180 days; Only one eligible purchase; No eligible purchase in the last 180 days; Fewer than three active months in the last twelve months
4191	CUST-04191	Las Vegas	NV	Organic Search	High Risk	90	1	Standard Intervention	699	1	871.63	No eligible purchase in more than 180 days; Only one eligible purchase; No eligible purchase in the last 180 days; Fewer than three active months in the last twelve months
432	CUST-00432	San Jose	CA	Social Media	High Risk	90	1	Standard Intervention	655	1	870.24	No eligible purchase in more than 180 days; Only one eligible purchase; No eligible purchase in the last 180 days; Fewer than three active months in the last twelve months
6644	CUST-06644	San Diego	CA	Direct	High Risk	90	1	Standard Intervention	576	1	869.30	No eligible purchase in more than 180 days; Only one eligible purchase; No eligible purchase in the last 180 days; Fewer than three active months in the last twelve months
7410	CUST-07410	Houston	TX	Organic Search	High Risk	90	1	Standard Intervention	560	1	869.09	No eligible purchase in more than 180 days; Only one eligible purchase; No eligible purchase in the last 180 days; Fewer than three active months in the last twelve months
5066	CUST-05066	Las Vegas	NV	Organic Search	High Risk	90	1	Standard Intervention	657	1	868.82	No eligible purchase in more than 180 days; Only one eligible purchase; No eligible purchase in the last 180 days; Fewer than three active months in the last twelve months
5959	CUST-05959	Los Angeles	CA	Email	High Risk	90	1	Standard Intervention	471	1	865.31	No eligible purchase in more than 180 days; Only one eligible purchase; No eligible purchase in the last 180 days; Fewer than three active months in the last twelve months
7891	CUST-07891	Boston	MA	Referral	High Risk	90	1	Standard Intervention	631	1	862.11	No eligible purchase in more than 180 days; Only one eligible purchase; No eligible purchase in the last 180 days; Fewer than three active months in the last twelve months
5515	CUST-05515	Seattle	WA	Paid Search	High Risk	90	1	Standard Intervention	228	1	861.08	No eligible purchase in more than 180 days; Only one eligible purchase; No eligible purchase in the last 180 days; Fewer than three active months in the last twelve months
494	CUST-00494	Boston	MA	Organic Search	High Risk	90	1	Standard Intervention	581	1	861.03	No eligible purchase in more than 180 days; Only one eligible purchase; No eligible purchase in the last 180 days; Fewer than three active months in the last twelve months
6709	CUST-06709	Columbus	OH	Paid Search	High Risk	90	1	Standard Intervention	583	1	859.96	No eligible purchase in more than 180 days; Only one eligible purchase; No eligible purchase in the last 180 days; Fewer than three active months in the last twelve months
5083	CUST-05083	Los Angeles	CA	Organic Search	High Risk	90	1	Standard Intervention	627	1	858.40	No eligible purchase in more than 180 days; Only one eligible purchase; No eligible purchase in the last 180 days; Fewer than three active months in the last twelve months
1376	CUST-01376	New York	NY	Organic Search	High Risk	90	1	Standard Intervention	616	1	857.57	No eligible purchase in more than 180 days; Only one eligible purchase; No eligible purchase in the last 180 days; Fewer than three active months in the last twelve months
1084	CUST-01084	San Diego	CA	Organic Search	High Risk	90	1	Standard Intervention	596	1	856.67	No eligible purchase in more than 180 days; Only one eligible purchase; No eligible purchase in the last 180 days; Fewer than three active months in the last twelve months
5864	CUST-05864	Houston	TX	Email	High Risk	90	1	Standard Intervention	532	1	856.53	No eligible purchase in more than 180 days; Only one eligible purchase; No eligible purchase in the last 180 days; Fewer than three active months in the last twelve months
1731	CUST-01731	Atlanta	GA	Email	High Risk	90	1	Standard Intervention	557	1	856.43	No eligible purchase in more than 180 days; Only one eligible purchase; No eligible purchase in the last 180 days; Fewer than three active months in the last twelve months
2542	CUST-02542	Chicago	IL	Organic Search	High Risk	90	1	Standard Intervention	576	1	856.37	No eligible purchase in more than 180 days; Only one eligible purchase; No eligible purchase in the last 180 days; Fewer than three active months in the last twelve months
6708	CUST-06708	New York	NY	Direct	High Risk	90	1	Standard Intervention	620	1	854.38	No eligible purchase in more than 180 days; Only one eligible purchase; No eligible purchase in the last 180 days; Fewer than three active months in the last twelve months
459	CUST-00459	Charlotte	NC	Organic Search	High Risk	90	1	Standard Intervention	680	1	851.60	No eligible purchase in more than 180 days; Only one eligible purchase; No eligible purchase in the last 180 days; Fewer than three active months in the last twelve months
6380	CUST-06380	Chicago	IL	Direct	High Risk	90	1	Standard Intervention	631	1	849.92	No eligible purchase in more than 180 days; Only one eligible purchase; No eligible purchase in the last 180 days; Fewer than three active months in the last twelve months
5625	CUST-05625	Portland	OR	Paid Search	High Risk	90	1	Standard Intervention	617	1	845.90	No eligible purchase in more than 180 days; Only one eligible purchase; No eligible purchase in the last 180 days; Fewer than three active months in the last twelve months
985	CUST-00985	Houston	TX	Social Media	High Risk	90	1	Standard Intervention	565	1	844.37	No eligible purchase in more than 180 days; Only one eligible purchase; No eligible purchase in the last 180 days; Fewer than three active months in the last twelve months
5252	CUST-05252	Charlotte	NC	Direct	High Risk	90	1	Standard Intervention	682	1	843.80	No eligible purchase in more than 180 days; Only one eligible purchase; No eligible purchase in the last 180 days; Fewer than three active months in the last twelve months
7807	CUST-07807	Los Angeles	CA	Organic Search	High Risk	90	1	Standard Intervention	604	1	843.60	No eligible purchase in more than 180 days; Only one eligible purchase; No eligible purchase in the last 180 days; Fewer than three active months in the last twelve months
1774	CUST-01774	Charlotte	NC	Email	High Risk	90	1	Standard Intervention	451	1	842.45	No eligible purchase in more than 180 days; Only one eligible purchase; No eligible purchase in the last 180 days; Fewer than three active months in the last twelve months
3254	CUST-03254	San Antonio	TX	Referral	High Risk	90	1	Standard Intervention	595	1	839.61	No eligible purchase in more than 180 days; Only one eligible purchase; No eligible purchase in the last 180 days; Fewer than three active months in the last twelve months
1137	CUST-01137	New York	NY	Social Media	High Risk	90	1	Standard Intervention	670	1	839.45	No eligible purchase in more than 180 days; Only one eligible purchase; No eligible purchase in the last 180 days; Fewer than three active months in the last twelve months
6832	CUST-06832	Charlotte	NC	Direct	High Risk	90	1	Standard Intervention	463	1	837.85	No eligible purchase in more than 180 days; Only one eligible purchase; No eligible purchase in the last 180 days; Fewer than three active months in the last twelve months
5166	CUST-05166	Los Angeles	CA	Email	High Risk	90	1	Standard Intervention	351	1	837.10	No eligible purchase in more than 180 days; Only one eligible purchase; No eligible purchase in the last 180 days; Fewer than three active months in the last twelve months
2971	CUST-02971	Dallas	TX	Email	High Risk	90	1	Standard Intervention	594	1	835.79	No eligible purchase in more than 180 days; Only one eligible purchase; No eligible purchase in the last 180 days; Fewer than three active months in the last twelve months
1195	CUST-01195	Las Vegas	NV	Social Media	High Risk	90	1	Standard Intervention	663	1	834.64	No eligible purchase in more than 180 days; Only one eligible purchase; No eligible purchase in the last 180 days; Fewer than three active months in the last twelve months
7666	CUST-07666	Miami	FL	Social Media	High Risk	90	1	Standard Intervention	277	1	833.97	No eligible purchase in more than 180 days; Only one eligible purchase; No eligible purchase in the last 180 days; Fewer than three active months in the last twelve months
7483	CUST-07483	New York	NY	Social Media	High Risk	90	1	Standard Intervention	561	1	833.15	No eligible purchase in more than 180 days; Only one eligible purchase; No eligible purchase in the last 180 days; Fewer than three active months in the last twelve months
2429	CUST-02429	Washington	DC	Social Media	High Risk	90	1	Standard Intervention	626	1	832.35	No eligible purchase in more than 180 days; Only one eligible purchase; No eligible purchase in the last 180 days; Fewer than three active months in the last twelve months
6615	CUST-06615	Las Vegas	NV	Social Media	High Risk	90	1	Standard Intervention	724	1	831.74	No eligible purchase in more than 180 days; Only one eligible purchase; No eligible purchase in the last 180 days; Fewer than three active months in the last twelve months
594	CUST-00594	Houston	TX	Organic Search	High Risk	90	1	Standard Intervention	693	1	831.48	No eligible purchase in more than 180 days; Only one eligible purchase; No eligible purchase in the last 180 days; Fewer than three active months in the last twelve months
1209	CUST-01209	Houston	TX	Paid Search	High Risk	90	1	Standard Intervention	227	1	830.94	No eligible purchase in more than 180 days; Only one eligible purchase; No eligible purchase in the last 180 days; Fewer than three active months in the last twelve months
2718	CUST-02718	San Jose	CA	Direct	High Risk	90	1	Standard Intervention	609	1	830.72	No eligible purchase in more than 180 days; Only one eligible purchase; No eligible purchase in the last 180 days; Fewer than three active months in the last twelve months
1982	CUST-01982	New York	NY	Paid Search	High Risk	90	1	Standard Intervention	279	1	826.92	No eligible purchase in more than 180 days; Only one eligible purchase; No eligible purchase in the last 180 days; Fewer than three active months in the last twelve months
2601	CUST-02601	Boston	MA	Direct	High Risk	90	1	Standard Intervention	702	1	826.12	No eligible purchase in more than 180 days; Only one eligible purchase; No eligible purchase in the last 180 days; Fewer than three active months in the last twelve months
7269	CUST-07269	Houston	TX	Email	High Risk	90	1	Standard Intervention	629	1	825.70	No eligible purchase in more than 180 days; Only one eligible purchase; No eligible purchase in the last 180 days; Fewer than three active months in the last twelve months
1928	CUST-01928	Philadelphia	PA	Organic Search	High Risk	90	1	Standard Intervention	584	1	825.17	No eligible purchase in more than 180 days; Only one eligible purchase; No eligible purchase in the last 180 days; Fewer than three active months in the last twelve months
7472	CUST-07472	Jacksonville	FL	Email	High Risk	90	1	Standard Intervention	650	1	824.90	No eligible purchase in more than 180 days; Only one eligible purchase; No eligible purchase in the last 180 days; Fewer than three active months in the last twelve months
6716	CUST-06716	Denver	CO	Organic Search	High Risk	90	1	Standard Intervention	196	1	820.97	No eligible purchase in more than 180 days; Only one eligible purchase; No eligible purchase in the last 180 days; Fewer than three active months in the last twelve months
5876	CUST-05876	New York	NY	Direct	High Risk	90	1	Standard Intervention	572	1	820.89	No eligible purchase in more than 180 days; Only one eligible purchase; No eligible purchase in the last 180 days; Fewer than three active months in the last twelve months
7685	CUST-07685	San Diego	CA	Organic Search	High Risk	90	1	Standard Intervention	591	1	819.85	No eligible purchase in more than 180 days; Only one eligible purchase; No eligible purchase in the last 180 days; Fewer than three active months in the last twelve months
3031	CUST-03031	Boston	MA	Email	High Risk	90	1	Standard Intervention	303	1	817.96	No eligible purchase in more than 180 days; Only one eligible purchase; No eligible purchase in the last 180 days; Fewer than three active months in the last twelve months
5930	CUST-05930	Columbus	OH	Email	High Risk	90	1	Standard Intervention	402	1	817.87	No eligible purchase in more than 180 days; Only one eligible purchase; No eligible purchase in the last 180 days; Fewer than three active months in the last twelve months
5559	CUST-05559	New York	NY	Direct	High Risk	90	1	Standard Intervention	685	1	816.59	No eligible purchase in more than 180 days; Only one eligible purchase; No eligible purchase in the last 180 days; Fewer than three active months in the last twelve months
1329	CUST-01329	Phoenix	AZ	Referral	High Risk	90	1	Standard Intervention	216	1	815.57	No eligible purchase in more than 180 days; Only one eligible purchase; No eligible purchase in the last 180 days; Fewer than three active months in the last twelve months
7550	CUST-07550	Columbus	OH	Organic Search	High Risk	90	1	Standard Intervention	715	1	815.50	No eligible purchase in more than 180 days; Only one eligible purchase; No eligible purchase in the last 180 days; Fewer than three active months in the last twelve months
1528	CUST-01528	Los Angeles	CA	Direct	High Risk	90	1	Standard Intervention	571	1	814.72	No eligible purchase in more than 180 days; Only one eligible purchase; No eligible purchase in the last 180 days; Fewer than three active months in the last twelve months
4290	CUST-04290	San Antonio	TX	Paid Search	High Risk	90	1	Standard Intervention	195	1	814.60	No eligible purchase in more than 180 days; Only one eligible purchase; No eligible purchase in the last 180 days; Fewer than three active months in the last twelve months
6781	CUST-06781	Nashville	TN	Paid Search	High Risk	90	1	Standard Intervention	565	1	814.01	No eligible purchase in more than 180 days; Only one eligible purchase; No eligible purchase in the last 180 days; Fewer than three active months in the last twelve months
1609	CUST-01609	Columbus	OH	Organic Search	High Risk	90	1	Standard Intervention	626	1	811.16	No eligible purchase in more than 180 days; Only one eligible purchase; No eligible purchase in the last 180 days; Fewer than three active months in the last twelve months
7930	CUST-07930	Los Angeles	CA	Paid Search	High Risk	90	1	Standard Intervention	660	1	809.99	No eligible purchase in more than 180 days; Only one eligible purchase; No eligible purchase in the last 180 days; Fewer than three active months in the last twelve months
599	CUST-00599	Jacksonville	FL	Organic Search	High Risk	90	1	Standard Intervention	254	1	809.46	No eligible purchase in more than 180 days; Only one eligible purchase; No eligible purchase in the last 180 days; Fewer than three active months in the last twelve months
3870	CUST-03870	New York	NY	Direct	High Risk	90	1	Standard Intervention	570	1	808.82	No eligible purchase in more than 180 days; Only one eligible purchase; No eligible purchase in the last 180 days; Fewer than three active months in the last twelve months
4706	CUST-04706	Los Angeles	CA	Social Media	High Risk	90	1	Standard Intervention	587	1	807.55	No eligible purchase in more than 180 days; Only one eligible purchase; No eligible purchase in the last 180 days; Fewer than three active months in the last twelve months
1516	CUST-01516	Chicago	IL	Organic Search	High Risk	90	1	Standard Intervention	637	1	805.81	No eligible purchase in more than 180 days; Only one eligible purchase; No eligible purchase in the last 180 days; Fewer than three active months in the last twelve months
6823	CUST-06823	New York	NY	Paid Search	High Risk	90	1	Standard Intervention	675	1	805.48	No eligible purchase in more than 180 days; Only one eligible purchase; No eligible purchase in the last 180 days; Fewer than three active months in the last twelve months
1407	CUST-01407	Miami	FL	Direct	High Risk	90	1	Standard Intervention	719	1	805.22	No eligible purchase in more than 180 days; Only one eligible purchase; No eligible purchase in the last 180 days; Fewer than three active months in the last twelve months
5281	CUST-05281	Los Angeles	CA	Organic Search	High Risk	90	1	Standard Intervention	629	1	803.95	No eligible purchase in more than 180 days; Only one eligible purchase; No eligible purchase in the last 180 days; Fewer than three active months in the last twelve months
2418	CUST-02418	Portland	OR	Referral	High Risk	90	1	Standard Intervention	556	1	803.11	No eligible purchase in more than 180 days; Only one eligible purchase; No eligible purchase in the last 180 days; Fewer than three active months in the last twelve months
7323	CUST-07323	San Diego	CA	Direct	High Risk	90	1	Standard Intervention	621	1	802.93	No eligible purchase in more than 180 days; Only one eligible purchase; No eligible purchase in the last 180 days; Fewer than three active months in the last twelve months
5719	CUST-05719	Nashville	TN	Organic Search	High Risk	90	1	Standard Intervention	579	1	801.82	No eligible purchase in more than 180 days; Only one eligible purchase; No eligible purchase in the last 180 days; Fewer than three active months in the last twelve months
7272	CUST-07272	Atlanta	GA	Organic Search	High Risk	90	1	Standard Intervention	215	1	801.39	No eligible purchase in more than 180 days; Only one eligible purchase; No eligible purchase in the last 180 days; Fewer than three active months in the last twelve months
7612	CUST-07612	Columbus	OH	Direct	High Risk	90	1	Standard Intervention	351	1	799.93	No eligible purchase in more than 180 days; Only one eligible purchase; No eligible purchase in the last 180 days; Fewer than three active months in the last twelve months
7748	CUST-07748	Denver	CO	Organic Search	High Risk	90	1	Standard Intervention	585	1	799.17	No eligible purchase in more than 180 days; Only one eligible purchase; No eligible purchase in the last 180 days; Fewer than three active months in the last twelve months
5903	CUST-05903	Phoenix	AZ	Paid Search	High Risk	90	1	Standard Intervention	413	1	798.93	No eligible purchase in more than 180 days; Only one eligible purchase; No eligible purchase in the last 180 days; Fewer than three active months in the last twelve months
5353	CUST-05353	New York	NY	Referral	High Risk	90	1	Standard Intervention	565	1	798.86	No eligible purchase in more than 180 days; Only one eligible purchase; No eligible purchase in the last 180 days; Fewer than three active months in the last twelve months
4553	CUST-04553	Columbus	OH	Organic Search	High Risk	90	1	Standard Intervention	596	1	797.74	No eligible purchase in more than 180 days; Only one eligible purchase; No eligible purchase in the last 180 days; Fewer than three active months in the last twelve months
897	CUST-00897	Philadelphia	PA	Organic Search	High Risk	90	1	Standard Intervention	724	1	796.95	No eligible purchase in more than 180 days; Only one eligible purchase; No eligible purchase in the last 180 days; Fewer than three active months in the last twelve months
1796	CUST-01796	Charlotte	NC	Email	High Risk	90	1	Standard Intervention	331	1	796.67	No eligible purchase in more than 180 days; Only one eligible purchase; No eligible purchase in the last 180 days; Fewer than three active months in the last twelve months
56	CUST-00056	Portland	OR	Email	High Risk	90	1	Standard Intervention	654	1	794.81	No eligible purchase in more than 180 days; Only one eligible purchase; No eligible purchase in the last 180 days; Fewer than three active months in the last twelve months
6859	CUST-06859	Phoenix	AZ	Email	High Risk	90	1	Standard Intervention	625	1	792.90	No eligible purchase in more than 180 days; Only one eligible purchase; No eligible purchase in the last 180 days; Fewer than three active months in the last twelve months
2615	CUST-02615	Charlotte	NC	Organic Search	High Risk	90	1	Standard Intervention	609	1	792.86	No eligible purchase in more than 180 days; Only one eligible purchase; No eligible purchase in the last 180 days; Fewer than three active months in the last twelve months
5253	CUST-05253	New York	NY	Paid Search	High Risk	90	1	Standard Intervention	616	1	791.98	No eligible purchase in more than 180 days; Only one eligible purchase; No eligible purchase in the last 180 days; Fewer than three active months in the last twelve months
6960	CUST-06960	Columbus	OH	Organic Search	High Risk	90	1	Standard Intervention	607	1	791.39	No eligible purchase in more than 180 days; Only one eligible purchase; No eligible purchase in the last 180 days; Fewer than three active months in the last twelve months
643	CUST-00643	Miami	FL	Referral	High Risk	90	1	Standard Intervention	662	1	791.25	No eligible purchase in more than 180 days; Only one eligible purchase; No eligible purchase in the last 180 days; Fewer than three active months in the last twelve months
5546	CUST-05546	Houston	TX	Paid Search	High Risk	90	1	Standard Intervention	578	1	788.65	No eligible purchase in more than 180 days; Only one eligible purchase; No eligible purchase in the last 180 days; Fewer than three active months in the last twelve months
1352	CUST-01352	New York	NY	Direct	High Risk	90	1	Standard Intervention	293	1	785.66	No eligible purchase in more than 180 days; Only one eligible purchase; No eligible purchase in the last 180 days; Fewer than three active months in the last twelve months
1931	CUST-01931	Boston	MA	Organic Search	High Risk	90	1	Standard Intervention	550	1	785.52	No eligible purchase in more than 180 days; Only one eligible purchase; No eligible purchase in the last 180 days; Fewer than three active months in the last twelve months
4803	CUST-04803	Phoenix	AZ	Direct	High Risk	90	1	Standard Intervention	700	1	784.44	No eligible purchase in more than 180 days; Only one eligible purchase; No eligible purchase in the last 180 days; Fewer than three active months in the last twelve months
5316	CUST-05316	Chicago	IL	Paid Search	High Risk	90	1	Standard Intervention	630	1	784.31	No eligible purchase in more than 180 days; Only one eligible purchase; No eligible purchase in the last 180 days; Fewer than three active months in the last twelve months
6900	CUST-06900	Seattle	WA	Organic Search	High Risk	90	1	Standard Intervention	204	1	783.87	No eligible purchase in more than 180 days; Only one eligible purchase; No eligible purchase in the last 180 days; Fewer than three active months in the last twelve months
2134	CUST-02134	Chicago	IL	Direct	High Risk	90	1	Standard Intervention	450	1	782.68	No eligible purchase in more than 180 days; Only one eligible purchase; No eligible purchase in the last 180 days; Fewer than three active months in the last twelve months
6341	CUST-06341	Boston	MA	Social Media	High Risk	90	1	Standard Intervention	665	1	782.03	No eligible purchase in more than 180 days; Only one eligible purchase; No eligible purchase in the last 180 days; Fewer than three active months in the last twelve months
2484	CUST-02484	Charlotte	NC	Referral	High Risk	90	1	Standard Intervention	658	1	780.02	No eligible purchase in more than 180 days; Only one eligible purchase; No eligible purchase in the last 180 days; Fewer than three active months in the last twelve months
5110	CUST-05110	Philadelphia	PA	Social Media	High Risk	90	1	Standard Intervention	626	1	779.91	No eligible purchase in more than 180 days; Only one eligible purchase; No eligible purchase in the last 180 days; Fewer than three active months in the last twelve months
7987	CUST-07987	San Jose	CA	Social Media	High Risk	90	1	Standard Intervention	586	1	777.65	No eligible purchase in more than 180 days; Only one eligible purchase; No eligible purchase in the last 180 days; Fewer than three active months in the last twelve months
4468	CUST-04468	Seattle	WA	Email	High Risk	90	1	Standard Intervention	571	1	776.16	No eligible purchase in more than 180 days; Only one eligible purchase; No eligible purchase in the last 180 days; Fewer than three active months in the last twelve months
2925	CUST-02925	Austin	TX	Email	High Risk	90	1	Standard Intervention	293	1	772.78	No eligible purchase in more than 180 days; Only one eligible purchase; No eligible purchase in the last 180 days; Fewer than three active months in the last twelve months
2366	CUST-02366	Boston	MA	Email	High Risk	90	1	Standard Intervention	636	1	770.54	No eligible purchase in more than 180 days; Only one eligible purchase; No eligible purchase in the last 180 days; Fewer than three active months in the last twelve months
3044	CUST-03044	Charlotte	NC	Referral	High Risk	90	1	Standard Intervention	630	1	768.69	No eligible purchase in more than 180 days; Only one eligible purchase; No eligible purchase in the last 180 days; Fewer than three active months in the last twelve months
3193	CUST-03193	Atlanta	GA	Paid Search	High Risk	90	1	Standard Intervention	597	1	767.67	No eligible purchase in more than 180 days; Only one eligible purchase; No eligible purchase in the last 180 days; Fewer than three active months in the last twelve months
7188	CUST-07188	Philadelphia	PA	Direct	High Risk	90	1	Standard Intervention	664	1	767.07	No eligible purchase in more than 180 days; Only one eligible purchase; No eligible purchase in the last 180 days; Fewer than three active months in the last twelve months
357	CUST-00357	Boston	MA	Email	High Risk	90	1	Standard Intervention	617	1	767.04	No eligible purchase in more than 180 days; Only one eligible purchase; No eligible purchase in the last 180 days; Fewer than three active months in the last twelve months
4516	CUST-04516	Los Angeles	CA	Organic Search	High Risk	90	1	Standard Intervention	238	1	766.56	No eligible purchase in more than 180 days; Only one eligible purchase; No eligible purchase in the last 180 days; Fewer than three active months in the last twelve months
1743	CUST-01743	New York	NY	Paid Search	High Risk	90	1	Standard Intervention	668	1	765.47	No eligible purchase in more than 180 days; Only one eligible purchase; No eligible purchase in the last 180 days; Fewer than three active months in the last twelve months
2204	CUST-02204	Phoenix	AZ	Social Media	High Risk	90	1	Standard Intervention	626	1	764.55	No eligible purchase in more than 180 days; Only one eligible purchase; No eligible purchase in the last 180 days; Fewer than three active months in the last twelve months
5295	CUST-05295	Atlanta	GA	Organic Search	High Risk	90	1	Standard Intervention	553	1	763.81	No eligible purchase in more than 180 days; Only one eligible purchase; No eligible purchase in the last 180 days; Fewer than three active months in the last twelve months
765	CUST-00765	San Diego	CA	Paid Search	High Risk	90	1	Standard Intervention	591	1	763.55	No eligible purchase in more than 180 days; Only one eligible purchase; No eligible purchase in the last 180 days; Fewer than three active months in the last twelve months
7709	CUST-07709	Columbus	OH	Organic Search	High Risk	90	1	Standard Intervention	644	1	763.43	No eligible purchase in more than 180 days; Only one eligible purchase; No eligible purchase in the last 180 days; Fewer than three active months in the last twelve months
6364	CUST-06364	Miami	FL	Email	High Risk	90	1	Standard Intervention	572	1	763.23	No eligible purchase in more than 180 days; Only one eligible purchase; No eligible purchase in the last 180 days; Fewer than three active months in the last twelve months
5279	CUST-05279	San Jose	CA	Organic Search	High Risk	90	1	Standard Intervention	643	1	762.92	No eligible purchase in more than 180 days; Only one eligible purchase; No eligible purchase in the last 180 days; Fewer than three active months in the last twelve months
7994	CUST-07994	Charlotte	NC	Direct	High Risk	90	1	Standard Intervention	191	1	762.86	No eligible purchase in more than 180 days; Only one eligible purchase; No eligible purchase in the last 180 days; Fewer than three active months in the last twelve months
670	CUST-00670	San Antonio	TX	Email	High Risk	90	1	Standard Intervention	679	1	760.93	No eligible purchase in more than 180 days; Only one eligible purchase; No eligible purchase in the last 180 days; Fewer than three active months in the last twelve months
7655	CUST-07655	Portland	OR	Paid Search	High Risk	90	1	Standard Intervention	582	1	757.15	No eligible purchase in more than 180 days; Only one eligible purchase; No eligible purchase in the last 180 days; Fewer than three active months in the last twelve months
1868	CUST-01868	Jacksonville	FL	Direct	High Risk	90	1	Standard Intervention	410	1	755.27	No eligible purchase in more than 180 days; Only one eligible purchase; No eligible purchase in the last 180 days; Fewer than three active months in the last twelve months
3511	CUST-03511	Columbus	OH	Referral	High Risk	90	1	Standard Intervention	272	1	753.85	No eligible purchase in more than 180 days; Only one eligible purchase; No eligible purchase in the last 180 days; Fewer than three active months in the last twelve months
1886	CUST-01886	Columbus	OH	Organic Search	High Risk	90	1	Standard Intervention	637	1	751.39	No eligible purchase in more than 180 days; Only one eligible purchase; No eligible purchase in the last 180 days; Fewer than three active months in the last twelve months
6598	CUST-06598	Seattle	WA	Organic Search	High Risk	90	1	Standard Intervention	700	1	749.40	No eligible purchase in more than 180 days; Only one eligible purchase; No eligible purchase in the last 180 days; Fewer than three active months in the last twelve months
4847	CUST-04847	San Diego	CA	Direct	High Risk	90	1	Standard Intervention	569	1	747.90	No eligible purchase in more than 180 days; Only one eligible purchase; No eligible purchase in the last 180 days; Fewer than three active months in the last twelve months
6588	CUST-06588	Phoenix	AZ	Paid Search	High Risk	90	1	Standard Intervention	691	1	747.64	No eligible purchase in more than 180 days; Only one eligible purchase; No eligible purchase in the last 180 days; Fewer than three active months in the last twelve months
7265	CUST-07265	San Diego	CA	Organic Search	High Risk	90	1	Standard Intervention	577	1	747.37	No eligible purchase in more than 180 days; Only one eligible purchase; No eligible purchase in the last 180 days; Fewer than three active months in the last twelve months
3165	CUST-03165	Atlanta	GA	Referral	High Risk	90	1	Standard Intervention	588	1	746.74	No eligible purchase in more than 180 days; Only one eligible purchase; No eligible purchase in the last 180 days; Fewer than three active months in the last twelve months
509	CUST-00509	New York	NY	Direct	High Risk	90	1	Standard Intervention	598	1	746.43	No eligible purchase in more than 180 days; Only one eligible purchase; No eligible purchase in the last 180 days; Fewer than three active months in the last twelve months
4673	CUST-04673	San Jose	CA	Referral	High Risk	90	1	Standard Intervention	643	1	745.22	No eligible purchase in more than 180 days; Only one eligible purchase; No eligible purchase in the last 180 days; Fewer than three active months in the last twelve months
5157	CUST-05157	Jacksonville	FL	Referral	High Risk	90	1	Standard Intervention	592	1	739.68	No eligible purchase in more than 180 days; Only one eligible purchase; No eligible purchase in the last 180 days; Fewer than three active months in the last twelve months
4090	CUST-04090	New York	NY	Referral	High Risk	90	1	Standard Intervention	217	1	739.61	No eligible purchase in more than 180 days; Only one eligible purchase; No eligible purchase in the last 180 days; Fewer than three active months in the last twelve months
87	CUST-00087	Las Vegas	NV	Organic Search	High Risk	90	1	Standard Intervention	253	1	739.48	No eligible purchase in more than 180 days; Only one eligible purchase; No eligible purchase in the last 180 days; Fewer than three active months in the last twelve months
2673	CUST-02673	Austin	TX	Paid Search	High Risk	90	1	Standard Intervention	588	1	739.21	No eligible purchase in more than 180 days; Only one eligible purchase; No eligible purchase in the last 180 days; Fewer than three active months in the last twelve months
2208	CUST-02208	Jacksonville	FL	Organic Search	High Risk	90	1	Standard Intervention	592	1	738.74	No eligible purchase in more than 180 days; Only one eligible purchase; No eligible purchase in the last 180 days; Fewer than three active months in the last twelve months
1908	CUST-01908	Dallas	TX	Direct	High Risk	90	1	Standard Intervention	246	1	737.28	No eligible purchase in more than 180 days; Only one eligible purchase; No eligible purchase in the last 180 days; Fewer than three active months in the last twelve months
4842	CUST-04842	Atlanta	GA	Social Media	High Risk	90	1	Standard Intervention	232	1	736.30	No eligible purchase in more than 180 days; Only one eligible purchase; No eligible purchase in the last 180 days; Fewer than three active months in the last twelve months
102	CUST-00102	Portland	OR	Paid Search	High Risk	90	1	Standard Intervention	345	1	734.56	No eligible purchase in more than 180 days; Only one eligible purchase; No eligible purchase in the last 180 days; Fewer than three active months in the last twelve months
2310	CUST-02310	Boston	MA	Direct	High Risk	90	1	Standard Intervention	601	1	732.60	No eligible purchase in more than 180 days; Only one eligible purchase; No eligible purchase in the last 180 days; Fewer than three active months in the last twelve months
1976	CUST-01976	San Diego	CA	Referral	High Risk	90	1	Standard Intervention	250	1	731.96	No eligible purchase in more than 180 days; Only one eligible purchase; No eligible purchase in the last 180 days; Fewer than three active months in the last twelve months
2045	CUST-02045	Phoenix	AZ	Organic Search	High Risk	90	1	Standard Intervention	200	1	731.75	No eligible purchase in more than 180 days; Only one eligible purchase; No eligible purchase in the last 180 days; Fewer than three active months in the last twelve months
766	CUST-00766	Los Angeles	CA	Social Media	High Risk	90	1	Standard Intervention	631	1	731.34	No eligible purchase in more than 180 days; Only one eligible purchase; No eligible purchase in the last 180 days; Fewer than three active months in the last twelve months
465	CUST-00465	San Jose	CA	Email	High Risk	90	1	Standard Intervention	611	1	729.86	No eligible purchase in more than 180 days; Only one eligible purchase; No eligible purchase in the last 180 days; Fewer than three active months in the last twelve months
2533	CUST-02533	Fort Worth	TX	Email	High Risk	90	1	Standard Intervention	682	1	728.21	No eligible purchase in more than 180 days; Only one eligible purchase; No eligible purchase in the last 180 days; Fewer than three active months in the last twelve months
2165	CUST-02165	Chicago	IL	Referral	High Risk	90	1	Standard Intervention	629	1	727.94	No eligible purchase in more than 180 days; Only one eligible purchase; No eligible purchase in the last 180 days; Fewer than three active months in the last twelve months
7913	CUST-07913	Chicago	IL	Paid Search	High Risk	90	1	Standard Intervention	726	1	724.95	No eligible purchase in more than 180 days; Only one eligible purchase; No eligible purchase in the last 180 days; Fewer than three active months in the last twelve months
2090	CUST-02090	Nashville	TN	Referral	High Risk	90	1	Standard Intervention	725	1	723.25	No eligible purchase in more than 180 days; Only one eligible purchase; No eligible purchase in the last 180 days; Fewer than three active months in the last twelve months
5600	CUST-05600	Houston	TX	Email	High Risk	90	1	Standard Intervention	621	1	722.17	No eligible purchase in more than 180 days; Only one eligible purchase; No eligible purchase in the last 180 days; Fewer than three active months in the last twelve months
1984	CUST-01984	Houston	TX	Referral	High Risk	90	1	Standard Intervention	421	1	717.24	No eligible purchase in more than 180 days; Only one eligible purchase; No eligible purchase in the last 180 days; Fewer than three active months in the last twelve months
1253	CUST-01253	Dallas	TX	Paid Search	High Risk	90	1	Standard Intervention	718	1	716.77	No eligible purchase in more than 180 days; Only one eligible purchase; No eligible purchase in the last 180 days; Fewer than three active months in the last twelve months
7857	CUST-07857	Miami	FL	Paid Search	High Risk	90	1	Standard Intervention	699	1	715.85	No eligible purchase in more than 180 days; Only one eligible purchase; No eligible purchase in the last 180 days; Fewer than three active months in the last twelve months
3272	CUST-03272	Charlotte	NC	Email	High Risk	90	1	Standard Intervention	615	1	715.34	No eligible purchase in more than 180 days; Only one eligible purchase; No eligible purchase in the last 180 days; Fewer than three active months in the last twelve months
5056	CUST-05056	New York	NY	Paid Search	High Risk	90	1	Standard Intervention	588	1	714.91	No eligible purchase in more than 180 days; Only one eligible purchase; No eligible purchase in the last 180 days; Fewer than three active months in the last twelve months
1692	CUST-01692	Fort Worth	TX	Organic Search	High Risk	90	1	Standard Intervention	299	1	711.13	No eligible purchase in more than 180 days; Only one eligible purchase; No eligible purchase in the last 180 days; Fewer than three active months in the last twelve months
129	CUST-00129	Denver	CO	Email	High Risk	90	1	Standard Intervention	598	1	710.62	No eligible purchase in more than 180 days; Only one eligible purchase; No eligible purchase in the last 180 days; Fewer than three active months in the last twelve months
4073	CUST-04073	Houston	TX	Organic Search	High Risk	90	1	Standard Intervention	691	1	707.77	No eligible purchase in more than 180 days; Only one eligible purchase; No eligible purchase in the last 180 days; Fewer than three active months in the last twelve months
6605	CUST-06605	Jacksonville	FL	Paid Search	High Risk	90	1	Standard Intervention	642	1	706.68	No eligible purchase in more than 180 days; Only one eligible purchase; No eligible purchase in the last 180 days; Fewer than three active months in the last twelve months
7032	CUST-07032	San Diego	CA	Social Media	High Risk	90	1	Standard Intervention	652	1	706.48	No eligible purchase in more than 180 days; Only one eligible purchase; No eligible purchase in the last 180 days; Fewer than three active months in the last twelve months
5742	CUST-05742	Chicago	IL	Organic Search	High Risk	90	1	Standard Intervention	653	1	706.00	No eligible purchase in more than 180 days; Only one eligible purchase; No eligible purchase in the last 180 days; Fewer than three active months in the last twelve months
470	CUST-00470	Portland	OR	Organic Search	High Risk	90	1	Standard Intervention	679	1	705.26	No eligible purchase in more than 180 days; Only one eligible purchase; No eligible purchase in the last 180 days; Fewer than three active months in the last twelve months
4727	CUST-04727	Las Vegas	NV	Referral	High Risk	90	1	Standard Intervention	244	1	705.00	No eligible purchase in more than 180 days; Only one eligible purchase; No eligible purchase in the last 180 days; Fewer than three active months in the last twelve months
3892	CUST-03892	Denver	CO	Paid Search	High Risk	90	1	Standard Intervention	188	1	704.48	No eligible purchase in more than 180 days; Only one eligible purchase; No eligible purchase in the last 180 days; Fewer than three active months in the last twelve months
7778	CUST-07778	Jacksonville	FL	Organic Search	High Risk	90	1	Standard Intervention	608	1	703.71	No eligible purchase in more than 180 days; Only one eligible purchase; No eligible purchase in the last 180 days; Fewer than three active months in the last twelve months
79	CUST-00079	Charlotte	NC	Paid Search	High Risk	90	1	Standard Intervention	671	1	703.63	No eligible purchase in more than 180 days; Only one eligible purchase; No eligible purchase in the last 180 days; Fewer than three active months in the last twelve months
4580	CUST-04580	Washington	DC	Social Media	High Risk	90	1	Standard Intervention	600	1	703.62	No eligible purchase in more than 180 days; Only one eligible purchase; No eligible purchase in the last 180 days; Fewer than three active months in the last twelve months
6791	CUST-06791	Boston	MA	Organic Search	High Risk	90	1	Standard Intervention	557	1	702.30	No eligible purchase in more than 180 days; Only one eligible purchase; No eligible purchase in the last 180 days; Fewer than three active months in the last twelve months
3244	CUST-03244	Columbus	OH	Referral	High Risk	90	1	Standard Intervention	643	1	699.60	No eligible purchase in more than 180 days; Only one eligible purchase; No eligible purchase in the last 180 days; Fewer than three active months in the last twelve months
2914	CUST-02914	Columbus	OH	Paid Search	High Risk	90	1	Standard Intervention	700	1	697.13	No eligible purchase in more than 180 days; Only one eligible purchase; No eligible purchase in the last 180 days; Fewer than three active months in the last twelve months
6101	CUST-06101	Chicago	IL	Social Media	High Risk	90	1	Standard Intervention	684	1	696.42	No eligible purchase in more than 180 days; Only one eligible purchase; No eligible purchase in the last 180 days; Fewer than three active months in the last twelve months
6507	CUST-06507	San Diego	CA	Paid Search	High Risk	90	1	Standard Intervention	582	1	696.42	No eligible purchase in more than 180 days; Only one eligible purchase; No eligible purchase in the last 180 days; Fewer than three active months in the last twelve months
2669	CUST-02669	Columbus	OH	Social Media	High Risk	90	1	Standard Intervention	658	1	694.58	No eligible purchase in more than 180 days; Only one eligible purchase; No eligible purchase in the last 180 days; Fewer than three active months in the last twelve months
3953	CUST-03953	Dallas	TX	Social Media	High Risk	90	1	Standard Intervention	682	1	692.34	No eligible purchase in more than 180 days; Only one eligible purchase; No eligible purchase in the last 180 days; Fewer than three active months in the last twelve months
1604	CUST-01604	Nashville	TN	Organic Search	High Risk	90	1	Standard Intervention	727	1	692.16	No eligible purchase in more than 180 days; Only one eligible purchase; No eligible purchase in the last 180 days; Fewer than three active months in the last twelve months
2889	CUST-02889	Los Angeles	CA	Direct	High Risk	90	1	Standard Intervention	598	1	691.96	No eligible purchase in more than 180 days; Only one eligible purchase; No eligible purchase in the last 180 days; Fewer than three active months in the last twelve months
5826	CUST-05826	Jacksonville	FL	Email	High Risk	90	1	Standard Intervention	582	1	691.42	No eligible purchase in more than 180 days; Only one eligible purchase; No eligible purchase in the last 180 days; Fewer than three active months in the last twelve months
833	CUST-00833	San Antonio	TX	Email	High Risk	90	1	Standard Intervention	585	1	690.92	No eligible purchase in more than 180 days; Only one eligible purchase; No eligible purchase in the last 180 days; Fewer than three active months in the last twelve months
981	CUST-00981	Fort Worth	TX	Direct	High Risk	90	1	Standard Intervention	636	1	687.26	No eligible purchase in more than 180 days; Only one eligible purchase; No eligible purchase in the last 180 days; Fewer than three active months in the last twelve months
1028	CUST-01028	San Jose	CA	Organic Search	High Risk	90	1	Standard Intervention	716	1	685.40	No eligible purchase in more than 180 days; Only one eligible purchase; No eligible purchase in the last 180 days; Fewer than three active months in the last twelve months
3340	CUST-03340	Las Vegas	NV	Paid Search	High Risk	90	1	Standard Intervention	565	1	685.39	No eligible purchase in more than 180 days; Only one eligible purchase; No eligible purchase in the last 180 days; Fewer than three active months in the last twelve months
4362	CUST-04362	Washington	DC	Organic Search	High Risk	90	1	Standard Intervention	259	1	685.28	No eligible purchase in more than 180 days; Only one eligible purchase; No eligible purchase in the last 180 days; Fewer than three active months in the last twelve months
3119	CUST-03119	Dallas	TX	Organic Search	High Risk	90	1	Standard Intervention	567	1	684.64	No eligible purchase in more than 180 days; Only one eligible purchase; No eligible purchase in the last 180 days; Fewer than three active months in the last twelve months
4074	CUST-04074	Miami	FL	Email	High Risk	90	1	Standard Intervention	645	1	684.27	No eligible purchase in more than 180 days; Only one eligible purchase; No eligible purchase in the last 180 days; Fewer than three active months in the last twelve months
6145	CUST-06145	Phoenix	AZ	Organic Search	High Risk	90	1	Standard Intervention	649	1	683.74	No eligible purchase in more than 180 days; Only one eligible purchase; No eligible purchase in the last 180 days; Fewer than three active months in the last twelve months
4674	CUST-04674	Chicago	IL	Paid Search	High Risk	90	1	Standard Intervention	329	1	683.01	No eligible purchase in more than 180 days; Only one eligible purchase; No eligible purchase in the last 180 days; Fewer than three active months in the last twelve months
4282	CUST-04282	Los Angeles	CA	Email	High Risk	90	1	Standard Intervention	642	1	681.60	No eligible purchase in more than 180 days; Only one eligible purchase; No eligible purchase in the last 180 days; Fewer than three active months in the last twelve months
184	CUST-00184	Phoenix	AZ	Email	High Risk	90	1	Standard Intervention	611	1	680.22	No eligible purchase in more than 180 days; Only one eligible purchase; No eligible purchase in the last 180 days; Fewer than three active months in the last twelve months
2819	CUST-02819	San Antonio	TX	Email	High Risk	90	1	Standard Intervention	524	1	679.76	No eligible purchase in more than 180 days; Only one eligible purchase; No eligible purchase in the last 180 days; Fewer than three active months in the last twelve months
224	CUST-00224	San Diego	CA	Organic Search	High Risk	90	1	Standard Intervention	692	1	679.37	No eligible purchase in more than 180 days; Only one eligible purchase; No eligible purchase in the last 180 days; Fewer than three active months in the last twelve months
302	CUST-00302	Portland	OR	Email	High Risk	90	1	Standard Intervention	431	1	678.49	No eligible purchase in more than 180 days; Only one eligible purchase; No eligible purchase in the last 180 days; Fewer than three active months in the last twelve months
318	CUST-00318	San Antonio	TX	Organic Search	High Risk	90	1	Standard Intervention	707	1	678.30	No eligible purchase in more than 180 days; Only one eligible purchase; No eligible purchase in the last 180 days; Fewer than three active months in the last twelve months
2675	CUST-02675	Charlotte	NC	Email	High Risk	90	1	Standard Intervention	569	1	677.62	No eligible purchase in more than 180 days; Only one eligible purchase; No eligible purchase in the last 180 days; Fewer than three active months in the last twelve months
1584	CUST-01584	Atlanta	GA	Organic Search	High Risk	90	1	Standard Intervention	423	1	676.99	No eligible purchase in more than 180 days; Only one eligible purchase; No eligible purchase in the last 180 days; Fewer than three active months in the last twelve months
59	CUST-00059	Denver	CO	Paid Search	High Risk	90	1	Standard Intervention	607	1	676.97	No eligible purchase in more than 180 days; Only one eligible purchase; No eligible purchase in the last 180 days; Fewer than three active months in the last twelve months
1758	CUST-01758	San Antonio	TX	Email	High Risk	90	1	Standard Intervention	591	1	670.51	No eligible purchase in more than 180 days; Only one eligible purchase; No eligible purchase in the last 180 days; Fewer than three active months in the last twelve months
3460	CUST-03460	Seattle	WA	Social Media	High Risk	90	1	Standard Intervention	574	1	669.95	No eligible purchase in more than 180 days; Only one eligible purchase; No eligible purchase in the last 180 days; Fewer than three active months in the last twelve months
7882	CUST-07882	New York	NY	Paid Search	High Risk	90	1	Standard Intervention	222	1	669.07	No eligible purchase in more than 180 days; Only one eligible purchase; No eligible purchase in the last 180 days; Fewer than three active months in the last twelve months
4701	CUST-04701	Dallas	TX	Email	High Risk	90	1	Standard Intervention	559	1	668.61	No eligible purchase in more than 180 days; Only one eligible purchase; No eligible purchase in the last 180 days; Fewer than three active months in the last twelve months
7160	CUST-07160	San Diego	CA	Referral	High Risk	90	1	Standard Intervention	659	1	665.26	No eligible purchase in more than 180 days; Only one eligible purchase; No eligible purchase in the last 180 days; Fewer than three active months in the last twelve months
4429	CUST-04429	Philadelphia	PA	Paid Search	High Risk	90	1	Standard Intervention	625	1	664.35	No eligible purchase in more than 180 days; Only one eligible purchase; No eligible purchase in the last 180 days; Fewer than three active months in the last twelve months
6085	CUST-06085	New York	NY	Organic Search	High Risk	90	1	Standard Intervention	724	1	664.27	No eligible purchase in more than 180 days; Only one eligible purchase; No eligible purchase in the last 180 days; Fewer than three active months in the last twelve months
5292	CUST-05292	Atlanta	GA	Social Media	High Risk	90	1	Standard Intervention	626	1	663.72	No eligible purchase in more than 180 days; Only one eligible purchase; No eligible purchase in the last 180 days; Fewer than three active months in the last twelve months
7910	CUST-07910	San Antonio	TX	Social Media	High Risk	90	1	Standard Intervention	401	1	662.24	No eligible purchase in more than 180 days; Only one eligible purchase; No eligible purchase in the last 180 days; Fewer than three active months in the last twelve months
7285	CUST-07285	San Jose	CA	Direct	High Risk	90	1	Standard Intervention	707	1	661.90	No eligible purchase in more than 180 days; Only one eligible purchase; No eligible purchase in the last 180 days; Fewer than three active months in the last twelve months
1397	CUST-01397	Fort Worth	TX	Organic Search	High Risk	90	1	Standard Intervention	612	1	660.70	No eligible purchase in more than 180 days; Only one eligible purchase; No eligible purchase in the last 180 days; Fewer than three active months in the last twelve months
6751	CUST-06751	New York	NY	Organic Search	High Risk	90	1	Standard Intervention	702	1	659.34	No eligible purchase in more than 180 days; Only one eligible purchase; No eligible purchase in the last 180 days; Fewer than three active months in the last twelve months
1672	CUST-01672	New York	NY	Email	High Risk	90	1	Standard Intervention	641	1	655.27	No eligible purchase in more than 180 days; Only one eligible purchase; No eligible purchase in the last 180 days; Fewer than three active months in the last twelve months
300	CUST-00300	Houston	TX	Referral	High Risk	90	1	Standard Intervention	643	1	654.47	No eligible purchase in more than 180 days; Only one eligible purchase; No eligible purchase in the last 180 days; Fewer than three active months in the last twelve months
75	CUST-00075	San Antonio	TX	Direct	High Risk	90	1	Standard Intervention	668	1	650.20	No eligible purchase in more than 180 days; Only one eligible purchase; No eligible purchase in the last 180 days; Fewer than three active months in the last twelve months
71	CUST-00071	Chicago	IL	Direct	High Risk	90	1	Standard Intervention	611	1	649.66	No eligible purchase in more than 180 days; Only one eligible purchase; No eligible purchase in the last 180 days; Fewer than three active months in the last twelve months
4452	CUST-04452	Columbus	OH	Organic Search	High Risk	90	1	Standard Intervention	579	1	648.73	No eligible purchase in more than 180 days; Only one eligible purchase; No eligible purchase in the last 180 days; Fewer than three active months in the last twelve months
1428	CUST-01428	Jacksonville	FL	Email	High Risk	90	1	Standard Intervention	648	1	646.78	No eligible purchase in more than 180 days; Only one eligible purchase; No eligible purchase in the last 180 days; Fewer than three active months in the last twelve months
2372	CUST-02372	Washington	DC	Paid Search	High Risk	90	1	Standard Intervention	674	1	642.21	No eligible purchase in more than 180 days; Only one eligible purchase; No eligible purchase in the last 180 days; Fewer than three active months in the last twelve months
945	CUST-00945	Jacksonville	FL	Paid Search	High Risk	90	1	Standard Intervention	720	1	640.80	No eligible purchase in more than 180 days; Only one eligible purchase; No eligible purchase in the last 180 days; Fewer than three active months in the last twelve months
6321	CUST-06321	San Antonio	TX	Paid Search	High Risk	90	1	Standard Intervention	631	1	638.16	No eligible purchase in more than 180 days; Only one eligible purchase; No eligible purchase in the last 180 days; Fewer than three active months in the last twelve months
7791	CUST-07791	Jacksonville	FL	Paid Search	High Risk	90	1	Standard Intervention	585	1	637.89	No eligible purchase in more than 180 days; Only one eligible purchase; No eligible purchase in the last 180 days; Fewer than three active months in the last twelve months
2049	CUST-02049	Phoenix	AZ	Paid Search	High Risk	90	1	Standard Intervention	630	1	636.31	No eligible purchase in more than 180 days; Only one eligible purchase; No eligible purchase in the last 180 days; Fewer than three active months in the last twelve months
3336	CUST-03336	Austin	TX	Social Media	High Risk	90	1	Standard Intervention	564	1	636.09	No eligible purchase in more than 180 days; Only one eligible purchase; No eligible purchase in the last 180 days; Fewer than three active months in the last twelve months
1375	CUST-01375	Columbus	OH	Organic Search	High Risk	90	1	Standard Intervention	225	1	635.86	No eligible purchase in more than 180 days; Only one eligible purchase; No eligible purchase in the last 180 days; Fewer than three active months in the last twelve months
7432	CUST-07432	Dallas	TX	Social Media	High Risk	90	1	Standard Intervention	265	1	635.38	No eligible purchase in more than 180 days; Only one eligible purchase; No eligible purchase in the last 180 days; Fewer than three active months in the last twelve months
849	CUST-00849	Denver	CO	Referral	High Risk	90	1	Standard Intervention	551	1	633.47	No eligible purchase in more than 180 days; Only one eligible purchase; No eligible purchase in the last 180 days; Fewer than three active months in the last twelve months
2370	CUST-02370	San Diego	CA	Referral	High Risk	90	1	Standard Intervention	628	1	631.63	No eligible purchase in more than 180 days; Only one eligible purchase; No eligible purchase in the last 180 days; Fewer than three active months in the last twelve months
553	CUST-00553	Fort Worth	TX	Organic Search	High Risk	90	1	Standard Intervention	243	1	627.82	No eligible purchase in more than 180 days; Only one eligible purchase; No eligible purchase in the last 180 days; Fewer than three active months in the last twelve months
4237	CUST-04237	Columbus	OH	Organic Search	High Risk	90	1	Standard Intervention	682	1	626.91	No eligible purchase in more than 180 days; Only one eligible purchase; No eligible purchase in the last 180 days; Fewer than three active months in the last twelve months
5747	CUST-05747	Boston	MA	Paid Search	High Risk	90	1	Standard Intervention	683	1	626.75	No eligible purchase in more than 180 days; Only one eligible purchase; No eligible purchase in the last 180 days; Fewer than three active months in the last twelve months
7731	CUST-07731	Jacksonville	FL	Paid Search	High Risk	90	1	Standard Intervention	630	1	625.30	No eligible purchase in more than 180 days; Only one eligible purchase; No eligible purchase in the last 180 days; Fewer than three active months in the last twelve months
2694	CUST-02694	San Diego	CA	Referral	High Risk	90	1	Standard Intervention	252	1	625.13	No eligible purchase in more than 180 days; Only one eligible purchase; No eligible purchase in the last 180 days; Fewer than three active months in the last twelve months
5278	CUST-05278	Atlanta	GA	Paid Search	High Risk	90	1	Standard Intervention	316	1	623.03	No eligible purchase in more than 180 days; Only one eligible purchase; No eligible purchase in the last 180 days; Fewer than three active months in the last twelve months
5590	CUST-05590	Seattle	WA	Organic Search	High Risk	90	1	Standard Intervention	691	1	622.92	No eligible purchase in more than 180 days; Only one eligible purchase; No eligible purchase in the last 180 days; Fewer than three active months in the last twelve months
7141	CUST-07141	San Diego	CA	Organic Search	High Risk	90	1	Standard Intervention	207	1	618.56	No eligible purchase in more than 180 days; Only one eligible purchase; No eligible purchase in the last 180 days; Fewer than three active months in the last twelve months
3114	CUST-03114	Denver	CO	Email	High Risk	90	1	Standard Intervention	463	1	617.44	No eligible purchase in more than 180 days; Only one eligible purchase; No eligible purchase in the last 180 days; Fewer than three active months in the last twelve months
144	CUST-00144	New York	NY	Direct	High Risk	90	1	Standard Intervention	307	1	616.72	No eligible purchase in more than 180 days; Only one eligible purchase; No eligible purchase in the last 180 days; Fewer than three active months in the last twelve months
7676	CUST-07676	Seattle	WA	Organic Search	High Risk	90	1	Standard Intervention	622	1	615.88	No eligible purchase in more than 180 days; Only one eligible purchase; No eligible purchase in the last 180 days; Fewer than three active months in the last twelve months
6698	CUST-06698	Fort Worth	TX	Direct	High Risk	90	1	Standard Intervention	729	1	614.59	No eligible purchase in more than 180 days; Only one eligible purchase; No eligible purchase in the last 180 days; Fewer than three active months in the last twelve months
3449	CUST-03449	Houston	TX	Organic Search	High Risk	90	1	Standard Intervention	566	1	612.90	No eligible purchase in more than 180 days; Only one eligible purchase; No eligible purchase in the last 180 days; Fewer than three active months in the last twelve months
3557	CUST-03557	Phoenix	AZ	Email	High Risk	90	1	Standard Intervention	605	1	612.68	No eligible purchase in more than 180 days; Only one eligible purchase; No eligible purchase in the last 180 days; Fewer than three active months in the last twelve months
2767	CUST-02767	Boston	MA	Organic Search	High Risk	90	1	Standard Intervention	561	1	612.49	No eligible purchase in more than 180 days; Only one eligible purchase; No eligible purchase in the last 180 days; Fewer than three active months in the last twelve months
942	CUST-00942	San Antonio	TX	Paid Search	High Risk	90	1	Standard Intervention	571	1	611.40	No eligible purchase in more than 180 days; Only one eligible purchase; No eligible purchase in the last 180 days; Fewer than three active months in the last twelve months
5231	CUST-05231	Chicago	IL	Email	High Risk	90	1	Standard Intervention	693	1	610.75	No eligible purchase in more than 180 days; Only one eligible purchase; No eligible purchase in the last 180 days; Fewer than three active months in the last twelve months
819	CUST-00819	Denver	CO	Social Media	High Risk	90	1	Standard Intervention	729	1	610.73	No eligible purchase in more than 180 days; Only one eligible purchase; No eligible purchase in the last 180 days; Fewer than three active months in the last twelve months
7639	CUST-07639	Portland	OR	Paid Search	High Risk	90	1	Standard Intervention	697	1	608.75	No eligible purchase in more than 180 days; Only one eligible purchase; No eligible purchase in the last 180 days; Fewer than three active months in the last twelve months
2340	CUST-02340	Washington	DC	Organic Search	High Risk	90	1	Standard Intervention	273	1	607.78	No eligible purchase in more than 180 days; Only one eligible purchase; No eligible purchase in the last 180 days; Fewer than three active months in the last twelve months
3763	CUST-03763	Denver	CO	Organic Search	High Risk	90	1	Standard Intervention	698	1	605.73	No eligible purchase in more than 180 days; Only one eligible purchase; No eligible purchase in the last 180 days; Fewer than three active months in the last twelve months
521	CUST-00521	Boston	MA	Email	High Risk	90	1	Standard Intervention	585	1	605.26	No eligible purchase in more than 180 days; Only one eligible purchase; No eligible purchase in the last 180 days; Fewer than three active months in the last twelve months
3806	CUST-03806	Houston	TX	Social Media	High Risk	90	1	Standard Intervention	580	1	604.58	No eligible purchase in more than 180 days; Only one eligible purchase; No eligible purchase in the last 180 days; Fewer than three active months in the last twelve months
7861	CUST-07861	Chicago	IL	Social Media	High Risk	90	1	Standard Intervention	642	1	603.92	No eligible purchase in more than 180 days; Only one eligible purchase; No eligible purchase in the last 180 days; Fewer than three active months in the last twelve months
442	CUST-00442	Philadelphia	PA	Referral	High Risk	90	1	Standard Intervention	698	1	603.82	No eligible purchase in more than 180 days; Only one eligible purchase; No eligible purchase in the last 180 days; Fewer than three active months in the last twelve months
6665	CUST-06665	Los Angeles	CA	Direct	High Risk	90	1	Standard Intervention	611	1	602.44	No eligible purchase in more than 180 days; Only one eligible purchase; No eligible purchase in the last 180 days; Fewer than three active months in the last twelve months
4778	CUST-04778	San Antonio	TX	Direct	High Risk	90	1	Standard Intervention	261	1	601.12	No eligible purchase in more than 180 days; Only one eligible purchase; No eligible purchase in the last 180 days; Fewer than three active months in the last twelve months
4182	CUST-04182	Jacksonville	FL	Organic Search	High Risk	90	1	Standard Intervention	715	1	600.86	No eligible purchase in more than 180 days; Only one eligible purchase; No eligible purchase in the last 180 days; Fewer than three active months in the last twelve months
1036	CUST-01036	Miami	FL	Email	High Risk	90	1	Standard Intervention	615	1	599.78	No eligible purchase in more than 180 days; Only one eligible purchase; No eligible purchase in the last 180 days; Fewer than three active months in the last twelve months
5335	CUST-05335	Philadelphia	PA	Email	High Risk	90	1	Standard Intervention	716	1	599.67	No eligible purchase in more than 180 days; Only one eligible purchase; No eligible purchase in the last 180 days; Fewer than three active months in the last twelve months
4574	CUST-04574	Charlotte	NC	Email	High Risk	90	1	Standard Intervention	640	1	598.22	No eligible purchase in more than 180 days; Only one eligible purchase; No eligible purchase in the last 180 days; Fewer than three active months in the last twelve months
2018	CUST-02018	Fort Worth	TX	Paid Search	High Risk	90	1	Standard Intervention	701	1	597.97	No eligible purchase in more than 180 days; Only one eligible purchase; No eligible purchase in the last 180 days; Fewer than three active months in the last twelve months
3446	CUST-03446	Houston	TX	Paid Search	High Risk	90	1	Standard Intervention	565	1	597.81	No eligible purchase in more than 180 days; Only one eligible purchase; No eligible purchase in the last 180 days; Fewer than three active months in the last twelve months
3204	CUST-03204	San Diego	CA	Organic Search	High Risk	90	1	Standard Intervention	658	1	597.39	No eligible purchase in more than 180 days; Only one eligible purchase; No eligible purchase in the last 180 days; Fewer than three active months in the last twelve months
4036	CUST-04036	Phoenix	AZ	Paid Search	High Risk	90	1	Standard Intervention	605	1	596.95	No eligible purchase in more than 180 days; Only one eligible purchase; No eligible purchase in the last 180 days; Fewer than three active months in the last twelve months
4845	CUST-04845	Chicago	IL	Paid Search	High Risk	90	1	Standard Intervention	606	1	596.65	No eligible purchase in more than 180 days; Only one eligible purchase; No eligible purchase in the last 180 days; Fewer than three active months in the last twelve months
3625	CUST-03625	Jacksonville	FL	Direct	High Risk	90	1	Standard Intervention	674	1	596.55	No eligible purchase in more than 180 days; Only one eligible purchase; No eligible purchase in the last 180 days; Fewer than three active months in the last twelve months
2887	CUST-02887	Los Angeles	CA	Organic Search	High Risk	90	1	Standard Intervention	666	1	595.00	No eligible purchase in more than 180 days; Only one eligible purchase; No eligible purchase in the last 180 days; Fewer than three active months in the last twelve months
4151	CUST-04151	Austin	TX	Direct	High Risk	90	1	Standard Intervention	333	1	594.28	No eligible purchase in more than 180 days; Only one eligible purchase; No eligible purchase in the last 180 days; Fewer than three active months in the last twelve months
3829	CUST-03829	Boston	MA	Email	High Risk	90	1	Standard Intervention	488	1	592.86	No eligible purchase in more than 180 days; Only one eligible purchase; No eligible purchase in the last 180 days; Fewer than three active months in the last twelve months
5912	CUST-05912	Charlotte	NC	Direct	High Risk	90	1	Standard Intervention	580	1	590.48	No eligible purchase in more than 180 days; Only one eligible purchase; No eligible purchase in the last 180 days; Fewer than three active months in the last twelve months
7179	CUST-07179	Phoenix	AZ	Organic Search	High Risk	90	1	Standard Intervention	687	1	589.59	No eligible purchase in more than 180 days; Only one eligible purchase; No eligible purchase in the last 180 days; Fewer than three active months in the last twelve months
6856	CUST-06856	Miami	FL	Social Media	High Risk	90	1	Standard Intervention	617	1	588.78	No eligible purchase in more than 180 days; Only one eligible purchase; No eligible purchase in the last 180 days; Fewer than three active months in the last twelve months
3300	CUST-03300	Boston	MA	Organic Search	High Risk	90	1	Standard Intervention	648	1	586.96	No eligible purchase in more than 180 days; Only one eligible purchase; No eligible purchase in the last 180 days; Fewer than three active months in the last twelve months
558	CUST-00558	Dallas	TX	Organic Search	High Risk	90	1	Standard Intervention	636	1	586.84	No eligible purchase in more than 180 days; Only one eligible purchase; No eligible purchase in the last 180 days; Fewer than three active months in the last twelve months
429	CUST-00429	Columbus	OH	Organic Search	High Risk	90	1	Standard Intervention	559	1	586.30	No eligible purchase in more than 180 days; Only one eligible purchase; No eligible purchase in the last 180 days; Fewer than three active months in the last twelve months
1670	CUST-01670	Denver	CO	Direct	High Risk	90	1	Standard Intervention	646	1	586.11	No eligible purchase in more than 180 days; Only one eligible purchase; No eligible purchase in the last 180 days; Fewer than three active months in the last twelve months
3649	CUST-03649	Los Angeles	CA	Organic Search	High Risk	90	1	Standard Intervention	606	1	581.47	No eligible purchase in more than 180 days; Only one eligible purchase; No eligible purchase in the last 180 days; Fewer than three active months in the last twelve months
4493	CUST-04493	Houston	TX	Referral	High Risk	90	1	Standard Intervention	260	1	581.44	No eligible purchase in more than 180 days; Only one eligible purchase; No eligible purchase in the last 180 days; Fewer than three active months in the last twelve months
513	CUST-00513	Charlotte	NC	Organic Search	High Risk	90	1	Standard Intervention	660	1	580.54	No eligible purchase in more than 180 days; Only one eligible purchase; No eligible purchase in the last 180 days; Fewer than three active months in the last twelve months
6082	CUST-06082	Houston	TX	Paid Search	High Risk	90	1	Standard Intervention	628	1	580.04	No eligible purchase in more than 180 days; Only one eligible purchase; No eligible purchase in the last 180 days; Fewer than three active months in the last twelve months
627	CUST-00627	Portland	OR	Social Media	High Risk	90	1	Standard Intervention	303	1	579.74	No eligible purchase in more than 180 days; Only one eligible purchase; No eligible purchase in the last 180 days; Fewer than three active months in the last twelve months
7750	CUST-07750	New York	NY	Social Media	High Risk	90	1	Standard Intervention	598	1	579.51	No eligible purchase in more than 180 days; Only one eligible purchase; No eligible purchase in the last 180 days; Fewer than three active months in the last twelve months
5506	CUST-05506	Chicago	IL	Direct	High Risk	90	1	Standard Intervention	414	1	576.94	No eligible purchase in more than 180 days; Only one eligible purchase; No eligible purchase in the last 180 days; Fewer than three active months in the last twelve months
3009	CUST-03009	New York	NY	Direct	High Risk	90	1	Standard Intervention	669	1	576.18	No eligible purchase in more than 180 days; Only one eligible purchase; No eligible purchase in the last 180 days; Fewer than three active months in the last twelve months
4520	CUST-04520	New York	NY	Social Media	High Risk	90	1	Standard Intervention	584	1	574.08	No eligible purchase in more than 180 days; Only one eligible purchase; No eligible purchase in the last 180 days; Fewer than three active months in the last twelve months
7369	CUST-07369	Philadelphia	PA	Referral	High Risk	90	1	Standard Intervention	647	1	573.78	No eligible purchase in more than 180 days; Only one eligible purchase; No eligible purchase in the last 180 days; Fewer than three active months in the last twelve months
1129	CUST-01129	Jacksonville	FL	Organic Search	High Risk	90	1	Standard Intervention	386	1	572.86	No eligible purchase in more than 180 days; Only one eligible purchase; No eligible purchase in the last 180 days; Fewer than three active months in the last twelve months
7871	CUST-07871	Seattle	WA	Paid Search	High Risk	90	1	Standard Intervention	661	1	570.52	No eligible purchase in more than 180 days; Only one eligible purchase; No eligible purchase in the last 180 days; Fewer than three active months in the last twelve months
661	CUST-00661	Miami	FL	Referral	High Risk	90	1	Standard Intervention	716	1	570.23	No eligible purchase in more than 180 days; Only one eligible purchase; No eligible purchase in the last 180 days; Fewer than three active months in the last twelve months
6225	CUST-06225	Philadelphia	PA	Social Media	High Risk	90	1	Standard Intervention	635	1	570.22	No eligible purchase in more than 180 days; Only one eligible purchase; No eligible purchase in the last 180 days; Fewer than three active months in the last twelve months
6126	CUST-06126	Chicago	IL	Organic Search	High Risk	90	1	Standard Intervention	637	1	569.86	No eligible purchase in more than 180 days; Only one eligible purchase; No eligible purchase in the last 180 days; Fewer than three active months in the last twelve months
2026	CUST-02026	Washington	DC	Organic Search	High Risk	90	1	Standard Intervention	598	1	568.29	No eligible purchase in more than 180 days; Only one eligible purchase; No eligible purchase in the last 180 days; Fewer than three active months in the last twelve months
4330	CUST-04330	Houston	TX	Organic Search	High Risk	90	1	Standard Intervention	648	1	567.61	No eligible purchase in more than 180 days; Only one eligible purchase; No eligible purchase in the last 180 days; Fewer than three active months in the last twelve months
3879	CUST-03879	San Jose	CA	Organic Search	High Risk	90	1	Standard Intervention	348	1	565.31	No eligible purchase in more than 180 days; Only one eligible purchase; No eligible purchase in the last 180 days; Fewer than three active months in the last twelve months
1553	CUST-01553	New York	NY	Referral	High Risk	90	1	Standard Intervention	621	1	562.55	No eligible purchase in more than 180 days; Only one eligible purchase; No eligible purchase in the last 180 days; Fewer than three active months in the last twelve months
6571	CUST-06571	New York	NY	Social Media	High Risk	90	1	Standard Intervention	281	1	561.79	No eligible purchase in more than 180 days; Only one eligible purchase; No eligible purchase in the last 180 days; Fewer than three active months in the last twelve months
4009	CUST-04009	New York	NY	Social Media	High Risk	90	1	Standard Intervention	253	1	561.18	No eligible purchase in more than 180 days; Only one eligible purchase; No eligible purchase in the last 180 days; Fewer than three active months in the last twelve months
7735	CUST-07735	Columbus	OH	Paid Search	High Risk	90	1	Standard Intervention	664	1	560.77	No eligible purchase in more than 180 days; Only one eligible purchase; No eligible purchase in the last 180 days; Fewer than three active months in the last twelve months
3010	CUST-03010	Fort Worth	TX	Social Media	High Risk	90	1	Standard Intervention	684	1	560.62	No eligible purchase in more than 180 days; Only one eligible purchase; No eligible purchase in the last 180 days; Fewer than three active months in the last twelve months
3646	CUST-03646	Seattle	WA	Paid Search	High Risk	90	1	Standard Intervention	717	1	560.37	No eligible purchase in more than 180 days; Only one eligible purchase; No eligible purchase in the last 180 days; Fewer than three active months in the last twelve months
864	CUST-00864	Washington	DC	Social Media	High Risk	90	1	Standard Intervention	569	1	558.57	No eligible purchase in more than 180 days; Only one eligible purchase; No eligible purchase in the last 180 days; Fewer than three active months in the last twelve months
7839	CUST-07839	Portland	OR	Referral	High Risk	90	1	Standard Intervention	657	1	557.77	No eligible purchase in more than 180 days; Only one eligible purchase; No eligible purchase in the last 180 days; Fewer than three active months in the last twelve months
3584	CUST-03584	Los Angeles	CA	Social Media	High Risk	90	1	Standard Intervention	560	1	557.42	No eligible purchase in more than 180 days; Only one eligible purchase; No eligible purchase in the last 180 days; Fewer than three active months in the last twelve months
4763	CUST-04763	Washington	DC	Organic Search	High Risk	90	1	Standard Intervention	625	1	556.36	No eligible purchase in more than 180 days; Only one eligible purchase; No eligible purchase in the last 180 days; Fewer than three active months in the last twelve months
3437	CUST-03437	Charlotte	NC	Email	High Risk	90	1	Standard Intervention	706	1	555.66	No eligible purchase in more than 180 days; Only one eligible purchase; No eligible purchase in the last 180 days; Fewer than three active months in the last twelve months
7725	CUST-07725	Houston	TX	Social Media	High Risk	90	1	Standard Intervention	622	1	554.90	No eligible purchase in more than 180 days; Only one eligible purchase; No eligible purchase in the last 180 days; Fewer than three active months in the last twelve months
4904	CUST-04904	Nashville	TN	Organic Search	High Risk	90	1	Standard Intervention	618	1	553.02	No eligible purchase in more than 180 days; Only one eligible purchase; No eligible purchase in the last 180 days; Fewer than three active months in the last twelve months
2962	CUST-02962	Atlanta	GA	Referral	High Risk	90	1	Standard Intervention	585	1	552.42	No eligible purchase in more than 180 days; Only one eligible purchase; No eligible purchase in the last 180 days; Fewer than three active months in the last twelve months
2631	CUST-02631	San Jose	CA	Organic Search	High Risk	90	1	Standard Intervention	568	1	552.02	No eligible purchase in more than 180 days; Only one eligible purchase; No eligible purchase in the last 180 days; Fewer than three active months in the last twelve months
3821	CUST-03821	Austin	TX	Organic Search	High Risk	90	1	Standard Intervention	580	1	551.26	No eligible purchase in more than 180 days; Only one eligible purchase; No eligible purchase in the last 180 days; Fewer than three active months in the last twelve months
4103	CUST-04103	Dallas	TX	Organic Search	High Risk	90	1	Standard Intervention	546	1	548.33	No eligible purchase in more than 180 days; Only one eligible purchase; No eligible purchase in the last 180 days; Fewer than three active months in the last twelve months
7789	CUST-07789	Fort Worth	TX	Organic Search	High Risk	90	1	Standard Intervention	597	1	548.31	No eligible purchase in more than 180 days; Only one eligible purchase; No eligible purchase in the last 180 days; Fewer than three active months in the last twelve months
4554	CUST-04554	Portland	OR	Paid Search	High Risk	90	1	Standard Intervention	565	1	545.56	No eligible purchase in more than 180 days; Only one eligible purchase; No eligible purchase in the last 180 days; Fewer than three active months in the last twelve months
5729	CUST-05729	Houston	TX	Email	High Risk	90	1	Standard Intervention	642	1	545.19	No eligible purchase in more than 180 days; Only one eligible purchase; No eligible purchase in the last 180 days; Fewer than three active months in the last twelve months
6273	CUST-06273	Miami	FL	Referral	High Risk	90	1	Standard Intervention	663	1	544.45	No eligible purchase in more than 180 days; Only one eligible purchase; No eligible purchase in the last 180 days; Fewer than three active months in the last twelve months
390	CUST-00390	Las Vegas	NV	Email	High Risk	90	1	Standard Intervention	629	1	542.85	No eligible purchase in more than 180 days; Only one eligible purchase; No eligible purchase in the last 180 days; Fewer than three active months in the last twelve months
1013	CUST-01013	New York	NY	Paid Search	High Risk	90	1	Standard Intervention	295	1	542.62	No eligible purchase in more than 180 days; Only one eligible purchase; No eligible purchase in the last 180 days; Fewer than three active months in the last twelve months
6047	CUST-06047	Charlotte	NC	Social Media	High Risk	90	1	Standard Intervention	458	1	541.75	No eligible purchase in more than 180 days; Only one eligible purchase; No eligible purchase in the last 180 days; Fewer than three active months in the last twelve months
4892	CUST-04892	New York	NY	Email	High Risk	90	1	Standard Intervention	350	1	541.64	No eligible purchase in more than 180 days; Only one eligible purchase; No eligible purchase in the last 180 days; Fewer than three active months in the last twelve months
6279	CUST-06279	Los Angeles	CA	Paid Search	High Risk	90	1	Standard Intervention	570	1	540.38	No eligible purchase in more than 180 days; Only one eligible purchase; No eligible purchase in the last 180 days; Fewer than three active months in the last twelve months
6484	CUST-06484	Miami	FL	Paid Search	High Risk	90	1	Standard Intervention	451	1	540.25	No eligible purchase in more than 180 days; Only one eligible purchase; No eligible purchase in the last 180 days; Fewer than three active months in the last twelve months
155	CUST-00155	Chicago	IL	Social Media	High Risk	90	1	Standard Intervention	599	1	539.68	No eligible purchase in more than 180 days; Only one eligible purchase; No eligible purchase in the last 180 days; Fewer than three active months in the last twelve months
5304	CUST-05304	Houston	TX	Direct	High Risk	90	1	Standard Intervention	556	1	537.79	No eligible purchase in more than 180 days; Only one eligible purchase; No eligible purchase in the last 180 days; Fewer than three active months in the last twelve months
7624	CUST-07624	Houston	TX	Email	High Risk	90	1	Standard Intervention	613	1	537.33	No eligible purchase in more than 180 days; Only one eligible purchase; No eligible purchase in the last 180 days; Fewer than three active months in the last twelve months
2938	CUST-02938	Washington	DC	Referral	High Risk	90	1	Standard Intervention	381	1	536.58	No eligible purchase in more than 180 days; Only one eligible purchase; No eligible purchase in the last 180 days; Fewer than three active months in the last twelve months
7077	CUST-07077	New York	NY	Referral	High Risk	90	1	Standard Intervention	457	1	535.82	No eligible purchase in more than 180 days; Only one eligible purchase; No eligible purchase in the last 180 days; Fewer than three active months in the last twelve months
6984	CUST-06984	Miami	FL	Organic Search	High Risk	90	1	Standard Intervention	264	1	535.31	No eligible purchase in more than 180 days; Only one eligible purchase; No eligible purchase in the last 180 days; Fewer than three active months in the last twelve months
6893	CUST-06893	Chicago	IL	Paid Search	High Risk	90	1	Standard Intervention	201	1	530.63	No eligible purchase in more than 180 days; Only one eligible purchase; No eligible purchase in the last 180 days; Fewer than three active months in the last twelve months
2463	CUST-02463	Nashville	TN	Paid Search	High Risk	90	1	Standard Intervention	670	1	529.90	No eligible purchase in more than 180 days; Only one eligible purchase; No eligible purchase in the last 180 days; Fewer than three active months in the last twelve months
3210	CUST-03210	New York	NY	Organic Search	High Risk	90	1	Standard Intervention	654	1	527.18	No eligible purchase in more than 180 days; Only one eligible purchase; No eligible purchase in the last 180 days; Fewer than three active months in the last twelve months
4117	CUST-04117	Dallas	TX	Organic Search	High Risk	90	1	Standard Intervention	562	1	526.14	No eligible purchase in more than 180 days; Only one eligible purchase; No eligible purchase in the last 180 days; Fewer than three active months in the last twelve months
7744	CUST-07744	Denver	CO	Organic Search	High Risk	90	1	Standard Intervention	566	1	525.20	No eligible purchase in more than 180 days; Only one eligible purchase; No eligible purchase in the last 180 days; Fewer than three active months in the last twelve months
3893	CUST-03893	Denver	CO	Organic Search	High Risk	90	1	Standard Intervention	609	1	522.70	No eligible purchase in more than 180 days; Only one eligible purchase; No eligible purchase in the last 180 days; Fewer than three active months in the last twelve months
3243	CUST-03243	Seattle	WA	Organic Search	High Risk	90	1	Standard Intervention	614	1	519.88	No eligible purchase in more than 180 days; Only one eligible purchase; No eligible purchase in the last 180 days; Fewer than three active months in the last twelve months
2707	CUST-02707	Las Vegas	NV	Organic Search	High Risk	90	1	Standard Intervention	625	1	519.87	No eligible purchase in more than 180 days; Only one eligible purchase; No eligible purchase in the last 180 days; Fewer than three active months in the last twelve months
2754	CUST-02754	Jacksonville	FL	Social Media	High Risk	90	1	Standard Intervention	567	1	517.44	No eligible purchase in more than 180 days; Only one eligible purchase; No eligible purchase in the last 180 days; Fewer than three active months in the last twelve months
4502	CUST-04502	Austin	TX	Social Media	High Risk	90	1	Standard Intervention	616	1	516.09	No eligible purchase in more than 180 days; Only one eligible purchase; No eligible purchase in the last 180 days; Fewer than three active months in the last twelve months
4212	CUST-04212	Chicago	IL	Social Media	High Risk	90	1	Standard Intervention	591	1	514.26	No eligible purchase in more than 180 days; Only one eligible purchase; No eligible purchase in the last 180 days; Fewer than three active months in the last twelve months
2638	CUST-02638	Charlotte	NC	Referral	High Risk	90	1	Standard Intervention	588	1	514.04	No eligible purchase in more than 180 days; Only one eligible purchase; No eligible purchase in the last 180 days; Fewer than three active months in the last twelve months
6949	CUST-06949	Nashville	TN	Email	High Risk	90	1	Standard Intervention	665	1	512.59	No eligible purchase in more than 180 days; Only one eligible purchase; No eligible purchase in the last 180 days; Fewer than three active months in the last twelve months
4728	CUST-04728	Washington	DC	Organic Search	High Risk	90	1	Standard Intervention	530	1	510.77	No eligible purchase in more than 180 days; Only one eligible purchase; No eligible purchase in the last 180 days; Fewer than three active months in the last twelve months
6547	CUST-06547	Columbus	OH	Paid Search	High Risk	90	1	Standard Intervention	587	1	510.75	No eligible purchase in more than 180 days; Only one eligible purchase; No eligible purchase in the last 180 days; Fewer than three active months in the last twelve months
3872	CUST-03872	Seattle	WA	Referral	High Risk	90	1	Standard Intervention	729	1	510.58	No eligible purchase in more than 180 days; Only one eligible purchase; No eligible purchase in the last 180 days; Fewer than three active months in the last twelve months
5596	CUST-05596	San Antonio	TX	Referral	High Risk	90	1	Standard Intervention	307	1	510.14	No eligible purchase in more than 180 days; Only one eligible purchase; No eligible purchase in the last 180 days; Fewer than three active months in the last twelve months
4551	CUST-04551	San Jose	CA	Direct	High Risk	90	1	Standard Intervention	631	1	509.01	No eligible purchase in more than 180 days; Only one eligible purchase; No eligible purchase in the last 180 days; Fewer than three active months in the last twelve months
1485	CUST-01485	Houston	TX	Paid Search	High Risk	90	1	Standard Intervention	639	1	507.69	No eligible purchase in more than 180 days; Only one eligible purchase; No eligible purchase in the last 180 days; Fewer than three active months in the last twelve months
5948	CUST-05948	Columbus	OH	Direct	High Risk	90	1	Standard Intervention	410	1	507.60	No eligible purchase in more than 180 days; Only one eligible purchase; No eligible purchase in the last 180 days; Fewer than three active months in the last twelve months
3304	CUST-03304	Chicago	IL	Organic Search	High Risk	90	1	Standard Intervention	515	1	506.14	No eligible purchase in more than 180 days; Only one eligible purchase; No eligible purchase in the last 180 days; Fewer than three active months in the last twelve months
2432	CUST-02432	Denver	CO	Social Media	High Risk	90	1	Standard Intervention	327	1	505.81	No eligible purchase in more than 180 days; Only one eligible purchase; No eligible purchase in the last 180 days; Fewer than three active months in the last twelve months
7635	CUST-07635	Los Angeles	CA	Paid Search	High Risk	90	1	Standard Intervention	248	1	504.97	No eligible purchase in more than 180 days; Only one eligible purchase; No eligible purchase in the last 180 days; Fewer than three active months in the last twelve months
7737	CUST-07737	San Antonio	TX	Organic Search	High Risk	90	1	Standard Intervention	642	1	503.04	No eligible purchase in more than 180 days; Only one eligible purchase; No eligible purchase in the last 180 days; Fewer than three active months in the last twelve months
6378	CUST-06378	Denver	CO	Organic Search	High Risk	90	1	Standard Intervention	657	1	497.78	No eligible purchase in more than 180 days; Only one eligible purchase; No eligible purchase in the last 180 days; Fewer than three active months in the last twelve months
336	CUST-00336	Atlanta	GA	Direct	High Risk	90	1	Standard Intervention	644	1	496.85	No eligible purchase in more than 180 days; Only one eligible purchase; No eligible purchase in the last 180 days; Fewer than three active months in the last twelve months
971	CUST-00971	New York	NY	Organic Search	High Risk	90	1	Standard Intervention	705	1	495.17	No eligible purchase in more than 180 days; Only one eligible purchase; No eligible purchase in the last 180 days; Fewer than three active months in the last twelve months
3293	CUST-03293	Chicago	IL	Social Media	High Risk	90	1	Standard Intervention	691	1	494.87	No eligible purchase in more than 180 days; Only one eligible purchase; No eligible purchase in the last 180 days; Fewer than three active months in the last twelve months
4398	CUST-04398	Philadelphia	PA	Social Media	High Risk	90	1	Standard Intervention	694	1	493.84	No eligible purchase in more than 180 days; Only one eligible purchase; No eligible purchase in the last 180 days; Fewer than three active months in the last twelve months
4383	CUST-04383	Washington	DC	Social Media	High Risk	90	1	Standard Intervention	625	1	492.43	No eligible purchase in more than 180 days; Only one eligible purchase; No eligible purchase in the last 180 days; Fewer than three active months in the last twelve months
2032	CUST-02032	Los Angeles	CA	Referral	High Risk	90	1	Standard Intervention	630	1	492.40	No eligible purchase in more than 180 days; Only one eligible purchase; No eligible purchase in the last 180 days; Fewer than three active months in the last twelve months
6852	CUST-06852	Chicago	IL	Email	High Risk	90	1	Standard Intervention	626	1	491.45	No eligible purchase in more than 180 days; Only one eligible purchase; No eligible purchase in the last 180 days; Fewer than three active months in the last twelve months
6524	CUST-06524	Columbus	OH	Social Media	High Risk	90	1	Standard Intervention	585	1	490.45	No eligible purchase in more than 180 days; Only one eligible purchase; No eligible purchase in the last 180 days; Fewer than three active months in the last twelve months
6764	CUST-06764	Phoenix	AZ	Organic Search	High Risk	90	1	Standard Intervention	419	1	489.93	No eligible purchase in more than 180 days; Only one eligible purchase; No eligible purchase in the last 180 days; Fewer than three active months in the last twelve months
1635	CUST-01635	Los Angeles	CA	Organic Search	High Risk	90	1	Standard Intervention	579	1	489.71	No eligible purchase in more than 180 days; Only one eligible purchase; No eligible purchase in the last 180 days; Fewer than three active months in the last twelve months
1186	CUST-01186	Austin	TX	Social Media	High Risk	90	1	Standard Intervention	426	1	488.48	No eligible purchase in more than 180 days; Only one eligible purchase; No eligible purchase in the last 180 days; Fewer than three active months in the last twelve months
3552	CUST-03552	Boston	MA	Referral	High Risk	90	1	Standard Intervention	587	1	487.55	No eligible purchase in more than 180 days; Only one eligible purchase; No eligible purchase in the last 180 days; Fewer than three active months in the last twelve months
4420	CUST-04420	Philadelphia	PA	Email	High Risk	90	1	Standard Intervention	674	1	485.04	No eligible purchase in more than 180 days; Only one eligible purchase; No eligible purchase in the last 180 days; Fewer than three active months in the last twelve months
2725	CUST-02725	Charlotte	NC	Organic Search	High Risk	90	1	Standard Intervention	676	1	484.61	No eligible purchase in more than 180 days; Only one eligible purchase; No eligible purchase in the last 180 days; Fewer than three active months in the last twelve months
1413	CUST-01413	Chicago	IL	Paid Search	High Risk	90	1	Standard Intervention	699	1	484.56	No eligible purchase in more than 180 days; Only one eligible purchase; No eligible purchase in the last 180 days; Fewer than three active months in the last twelve months
3411	CUST-03411	Los Angeles	CA	Organic Search	High Risk	90	1	Standard Intervention	555	1	484.35	No eligible purchase in more than 180 days; Only one eligible purchase; No eligible purchase in the last 180 days; Fewer than three active months in the last twelve months
4585	CUST-04585	Portland	OR	Paid Search	High Risk	90	1	Standard Intervention	639	1	481.19	No eligible purchase in more than 180 days; Only one eligible purchase; No eligible purchase in the last 180 days; Fewer than three active months in the last twelve months
2798	CUST-02798	Columbus	OH	Referral	High Risk	90	1	Standard Intervention	231	1	480.25	No eligible purchase in more than 180 days; Only one eligible purchase; No eligible purchase in the last 180 days; Fewer than three active months in the last twelve months
186	CUST-00186	Philadelphia	PA	Referral	High Risk	90	1	Standard Intervention	315	1	479.96	No eligible purchase in more than 180 days; Only one eligible purchase; No eligible purchase in the last 180 days; Fewer than three active months in the last twelve months
2637	CUST-02637	San Jose	CA	Social Media	High Risk	90	1	Standard Intervention	420	1	478.74	No eligible purchase in more than 180 days; Only one eligible purchase; No eligible purchase in the last 180 days; Fewer than three active months in the last twelve months
3216	CUST-03216	Denver	CO	Organic Search	High Risk	90	1	Standard Intervention	654	1	478.72	No eligible purchase in more than 180 days; Only one eligible purchase; No eligible purchase in the last 180 days; Fewer than three active months in the last twelve months
5848	CUST-05848	Austin	TX	Social Media	High Risk	90	1	Standard Intervention	182	1	478.04	No eligible purchase in more than 180 days; Only one eligible purchase; No eligible purchase in the last 180 days; Fewer than three active months in the last twelve months
7700	CUST-07700	Austin	TX	Social Media	High Risk	90	1	Standard Intervention	653	1	476.11	No eligible purchase in more than 180 days; Only one eligible purchase; No eligible purchase in the last 180 days; Fewer than three active months in the last twelve months
841	CUST-00841	New York	NY	Direct	High Risk	90	1	Standard Intervention	590	1	475.14	No eligible purchase in more than 180 days; Only one eligible purchase; No eligible purchase in the last 180 days; Fewer than three active months in the last twelve months
5420	CUST-05420	Miami	FL	Paid Search	High Risk	90	1	Standard Intervention	338	1	473.78	No eligible purchase in more than 180 days; Only one eligible purchase; No eligible purchase in the last 180 days; Fewer than three active months in the last twelve months
752	CUST-00752	Columbus	OH	Referral	High Risk	90	1	Standard Intervention	574	1	472.44	No eligible purchase in more than 180 days; Only one eligible purchase; No eligible purchase in the last 180 days; Fewer than three active months in the last twelve months
6254	CUST-06254	San Diego	CA	Organic Search	High Risk	90	1	Standard Intervention	556	1	471.32	No eligible purchase in more than 180 days; Only one eligible purchase; No eligible purchase in the last 180 days; Fewer than three active months in the last twelve months
3022	CUST-03022	Portland	OR	Paid Search	High Risk	90	1	Standard Intervention	232	1	470.71	No eligible purchase in more than 180 days; Only one eligible purchase; No eligible purchase in the last 180 days; Fewer than three active months in the last twelve months
995	CUST-00995	Charlotte	NC	Email	High Risk	90	1	Standard Intervention	682	1	470.42	No eligible purchase in more than 180 days; Only one eligible purchase; No eligible purchase in the last 180 days; Fewer than three active months in the last twelve months
6782	CUST-06782	San Antonio	TX	Paid Search	High Risk	90	1	Standard Intervention	555	1	469.86	No eligible purchase in more than 180 days; Only one eligible purchase; No eligible purchase in the last 180 days; Fewer than three active months in the last twelve months
6275	CUST-06275	Boston	MA	Paid Search	High Risk	90	1	Standard Intervention	637	1	469.15	No eligible purchase in more than 180 days; Only one eligible purchase; No eligible purchase in the last 180 days; Fewer than three active months in the last twelve months
2858	CUST-02858	Jacksonville	FL	Organic Search	High Risk	90	1	Standard Intervention	572	1	468.95	No eligible purchase in more than 180 days; Only one eligible purchase; No eligible purchase in the last 180 days; Fewer than three active months in the last twelve months
918	CUST-00918	San Diego	CA	Organic Search	High Risk	90	1	Standard Intervention	660	1	468.88	No eligible purchase in more than 180 days; Only one eligible purchase; No eligible purchase in the last 180 days; Fewer than three active months in the last twelve months
7626	CUST-07626	Atlanta	GA	Social Media	High Risk	90	1	Standard Intervention	587	1	467.35	No eligible purchase in more than 180 days; Only one eligible purchase; No eligible purchase in the last 180 days; Fewer than three active months in the last twelve months
47	CUST-00047	Miami	FL	Organic Search	High Risk	90	1	Standard Intervention	719	1	466.94	No eligible purchase in more than 180 days; Only one eligible purchase; No eligible purchase in the last 180 days; Fewer than three active months in the last twelve months
2173	CUST-02173	San Jose	CA	Social Media	High Risk	90	1	Standard Intervention	591	1	466.54	No eligible purchase in more than 180 days; Only one eligible purchase; No eligible purchase in the last 180 days; Fewer than three active months in the last twelve months
5982	CUST-05982	Columbus	OH	Social Media	High Risk	90	1	Standard Intervention	707	1	465.12	No eligible purchase in more than 180 days; Only one eligible purchase; No eligible purchase in the last 180 days; Fewer than three active months in the last twelve months
7443	CUST-07443	San Diego	CA	Referral	High Risk	90	1	Standard Intervention	601	1	464.77	No eligible purchase in more than 180 days; Only one eligible purchase; No eligible purchase in the last 180 days; Fewer than three active months in the last twelve months
2582	CUST-02582	Seattle	WA	Organic Search	High Risk	90	1	Standard Intervention	728	1	464.04	No eligible purchase in more than 180 days; Only one eligible purchase; No eligible purchase in the last 180 days; Fewer than three active months in the last twelve months
1392	CUST-01392	Charlotte	NC	Direct	High Risk	90	1	Standard Intervention	544	1	463.71	No eligible purchase in more than 180 days; Only one eligible purchase; No eligible purchase in the last 180 days; Fewer than three active months in the last twelve months
4099	CUST-04099	Dallas	TX	Referral	High Risk	90	1	Standard Intervention	726	1	463.12	No eligible purchase in more than 180 days; Only one eligible purchase; No eligible purchase in the last 180 days; Fewer than three active months in the last twelve months
6532	CUST-06532	Nashville	TN	Organic Search	High Risk	90	1	Standard Intervention	648	1	460.76	No eligible purchase in more than 180 days; Only one eligible purchase; No eligible purchase in the last 180 days; Fewer than three active months in the last twelve months
4220	CUST-04220	Portland	OR	Email	High Risk	90	1	Standard Intervention	656	1	457.84	No eligible purchase in more than 180 days; Only one eligible purchase; No eligible purchase in the last 180 days; Fewer than three active months in the last twelve months
6855	CUST-06855	Nashville	TN	Social Media	High Risk	90	1	Standard Intervention	718	1	457.80	No eligible purchase in more than 180 days; Only one eligible purchase; No eligible purchase in the last 180 days; Fewer than three active months in the last twelve months
2225	CUST-02225	Washington	DC	Organic Search	High Risk	90	1	Standard Intervention	628	1	457.67	No eligible purchase in more than 180 days; Only one eligible purchase; No eligible purchase in the last 180 days; Fewer than three active months in the last twelve months
34	CUST-00034	Las Vegas	NV	Organic Search	High Risk	90	1	Standard Intervention	675	1	456.87	No eligible purchase in more than 180 days; Only one eligible purchase; No eligible purchase in the last 180 days; Fewer than three active months in the last twelve months
1340	CUST-01340	Charlotte	NC	Social Media	High Risk	90	1	Standard Intervention	679	1	455.47	No eligible purchase in more than 180 days; Only one eligible purchase; No eligible purchase in the last 180 days; Fewer than three active months in the last twelve months
4584	CUST-04584	Atlanta	GA	Organic Search	High Risk	90	1	Standard Intervention	330	1	455.45	No eligible purchase in more than 180 days; Only one eligible purchase; No eligible purchase in the last 180 days; Fewer than three active months in the last twelve months
7564	CUST-07564	Chicago	IL	Social Media	High Risk	90	1	Standard Intervention	675	1	454.78	No eligible purchase in more than 180 days; Only one eligible purchase; No eligible purchase in the last 180 days; Fewer than three active months in the last twelve months
7984	CUST-07984	Dallas	TX	Organic Search	High Risk	90	1	Standard Intervention	558	1	453.04	No eligible purchase in more than 180 days; Only one eligible purchase; No eligible purchase in the last 180 days; Fewer than three active months in the last twelve months
6531	CUST-06531	Charlotte	NC	Direct	High Risk	90	1	Standard Intervention	575	1	451.32	No eligible purchase in more than 180 days; Only one eligible purchase; No eligible purchase in the last 180 days; Fewer than three active months in the last twelve months
5027	CUST-05027	Denver	CO	Paid Search	High Risk	90	1	Standard Intervention	618	1	450.22	No eligible purchase in more than 180 days; Only one eligible purchase; No eligible purchase in the last 180 days; Fewer than three active months in the last twelve months
7214	CUST-07214	Seattle	WA	Social Media	High Risk	90	1	Standard Intervention	714	1	449.10	No eligible purchase in more than 180 days; Only one eligible purchase; No eligible purchase in the last 180 days; Fewer than three active months in the last twelve months
1647	CUST-01647	Austin	TX	Paid Search	High Risk	90	1	Standard Intervention	562	1	448.83	No eligible purchase in more than 180 days; Only one eligible purchase; No eligible purchase in the last 180 days; Fewer than three active months in the last twelve months
2513	CUST-02513	Miami	FL	Organic Search	High Risk	90	1	Standard Intervention	605	1	446.74	No eligible purchase in more than 180 days; Only one eligible purchase; No eligible purchase in the last 180 days; Fewer than three active months in the last twelve months
3594	CUST-03594	Las Vegas	NV	Paid Search	High Risk	90	1	Standard Intervention	245	1	446.65	No eligible purchase in more than 180 days; Only one eligible purchase; No eligible purchase in the last 180 days; Fewer than three active months in the last twelve months
1836	CUST-01836	Dallas	TX	Organic Search	High Risk	90	1	Standard Intervention	694	1	445.21	No eligible purchase in more than 180 days; Only one eligible purchase; No eligible purchase in the last 180 days; Fewer than three active months in the last twelve months
4724	CUST-04724	Portland	OR	Direct	High Risk	90	1	Standard Intervention	579	1	444.75	No eligible purchase in more than 180 days; Only one eligible purchase; No eligible purchase in the last 180 days; Fewer than three active months in the last twelve months
1265	CUST-01265	Boston	MA	Email	High Risk	90	1	Standard Intervention	655	1	442.69	No eligible purchase in more than 180 days; Only one eligible purchase; No eligible purchase in the last 180 days; Fewer than three active months in the last twelve months
7929	CUST-07929	New York	NY	Paid Search	High Risk	90	1	Standard Intervention	514	1	441.58	No eligible purchase in more than 180 days; Only one eligible purchase; No eligible purchase in the last 180 days; Fewer than three active months in the last twelve months
196	CUST-00196	San Diego	CA	Paid Search	High Risk	90	1	Standard Intervention	682	1	439.63	No eligible purchase in more than 180 days; Only one eligible purchase; No eligible purchase in the last 180 days; Fewer than three active months in the last twelve months
3354	CUST-03354	San Diego	CA	Organic Search	High Risk	90	1	Standard Intervention	658	1	438.74	No eligible purchase in more than 180 days; Only one eligible purchase; No eligible purchase in the last 180 days; Fewer than three active months in the last twelve months
7345	CUST-07345	Philadelphia	PA	Referral	High Risk	90	1	Standard Intervention	680	1	436.18	No eligible purchase in more than 180 days; Only one eligible purchase; No eligible purchase in the last 180 days; Fewer than three active months in the last twelve months
1168	CUST-01168	San Antonio	TX	Direct	High Risk	90	1	Standard Intervention	355	1	436.07	No eligible purchase in more than 180 days; Only one eligible purchase; No eligible purchase in the last 180 days; Fewer than three active months in the last twelve months
2350	CUST-02350	New York	NY	Organic Search	High Risk	90	1	Standard Intervention	626	1	435.92	No eligible purchase in more than 180 days; Only one eligible purchase; No eligible purchase in the last 180 days; Fewer than three active months in the last twelve months
6089	CUST-06089	Boston	MA	Paid Search	High Risk	90	1	Standard Intervention	196	1	435.35	No eligible purchase in more than 180 days; Only one eligible purchase; No eligible purchase in the last 180 days; Fewer than three active months in the last twelve months
7218	CUST-07218	San Jose	CA	Direct	High Risk	90	1	Standard Intervention	590	1	434.35	No eligible purchase in more than 180 days; Only one eligible purchase; No eligible purchase in the last 180 days; Fewer than three active months in the last twelve months
4232	CUST-04232	Philadelphia	PA	Organic Search	High Risk	90	1	Standard Intervention	576	1	432.11	No eligible purchase in more than 180 days; Only one eligible purchase; No eligible purchase in the last 180 days; Fewer than three active months in the last twelve months
4030	CUST-04030	Portland	OR	Organic Search	High Risk	90	1	Standard Intervention	648	1	431.08	No eligible purchase in more than 180 days; Only one eligible purchase; No eligible purchase in the last 180 days; Fewer than three active months in the last twelve months
1593	CUST-01593	Seattle	WA	Organic Search	High Risk	90	1	Standard Intervention	650	1	430.47	No eligible purchase in more than 180 days; Only one eligible purchase; No eligible purchase in the last 180 days; Fewer than three active months in the last twelve months
1299	CUST-01299	Chicago	IL	Paid Search	High Risk	90	1	Standard Intervention	703	1	429.66	No eligible purchase in more than 180 days; Only one eligible purchase; No eligible purchase in the last 180 days; Fewer than three active months in the last twelve months
154	CUST-00154	Dallas	TX	Organic Search	High Risk	90	1	Standard Intervention	672	1	428.23	No eligible purchase in more than 180 days; Only one eligible purchase; No eligible purchase in the last 180 days; Fewer than three active months in the last twelve months
6527	CUST-06527	Miami	FL	Organic Search	High Risk	90	1	Standard Intervention	452	1	428.16	No eligible purchase in more than 180 days; Only one eligible purchase; No eligible purchase in the last 180 days; Fewer than three active months in the last twelve months
3227	CUST-03227	San Diego	CA	Organic Search	High Risk	90	1	Standard Intervention	669	1	427.57	No eligible purchase in more than 180 days; Only one eligible purchase; No eligible purchase in the last 180 days; Fewer than three active months in the last twelve months
5235	CUST-05235	Nashville	TN	Referral	High Risk	90	1	Standard Intervention	565	1	426.88	No eligible purchase in more than 180 days; Only one eligible purchase; No eligible purchase in the last 180 days; Fewer than three active months in the last twelve months
7490	CUST-07490	San Jose	CA	Social Media	High Risk	90	1	Standard Intervention	671	1	425.97	No eligible purchase in more than 180 days; Only one eligible purchase; No eligible purchase in the last 180 days; Fewer than three active months in the last twelve months
4718	CUST-04718	Chicago	IL	Organic Search	High Risk	90	1	Standard Intervention	657	1	425.64	No eligible purchase in more than 180 days; Only one eligible purchase; No eligible purchase in the last 180 days; Fewer than three active months in the last twelve months
507	CUST-00507	Washington	DC	Organic Search	High Risk	90	1	Standard Intervention	230	1	424.06	No eligible purchase in more than 180 days; Only one eligible purchase; No eligible purchase in the last 180 days; Fewer than three active months in the last twelve months
6160	CUST-06160	New York	NY	Organic Search	High Risk	90	1	Standard Intervention	665	1	422.09	No eligible purchase in more than 180 days; Only one eligible purchase; No eligible purchase in the last 180 days; Fewer than three active months in the last twelve months
5712	CUST-05712	Chicago	IL	Paid Search	High Risk	90	1	Standard Intervention	686	1	420.83	No eligible purchase in more than 180 days; Only one eligible purchase; No eligible purchase in the last 180 days; Fewer than three active months in the last twelve months
4972	CUST-04972	Austin	TX	Paid Search	High Risk	90	1	Standard Intervention	696	1	420.66	No eligible purchase in more than 180 days; Only one eligible purchase; No eligible purchase in the last 180 days; Fewer than three active months in the last twelve months
4806	CUST-04806	Atlanta	GA	Referral	High Risk	90	1	Standard Intervention	726	1	417.75	No eligible purchase in more than 180 days; Only one eligible purchase; No eligible purchase in the last 180 days; Fewer than three active months in the last twelve months
2450	CUST-02450	Dallas	TX	Referral	High Risk	90	1	Standard Intervention	672	1	417.44	No eligible purchase in more than 180 days; Only one eligible purchase; No eligible purchase in the last 180 days; Fewer than three active months in the last twelve months
6854	CUST-06854	Fort Worth	TX	Referral	High Risk	90	1	Standard Intervention	577	1	415.87	No eligible purchase in more than 180 days; Only one eligible purchase; No eligible purchase in the last 180 days; Fewer than three active months in the last twelve months
5749	CUST-05749	Denver	CO	Direct	High Risk	90	1	Standard Intervention	224	1	415.53	No eligible purchase in more than 180 days; Only one eligible purchase; No eligible purchase in the last 180 days; Fewer than three active months in the last twelve months
3724	CUST-03724	San Diego	CA	Direct	High Risk	90	1	Standard Intervention	585	1	413.49	No eligible purchase in more than 180 days; Only one eligible purchase; No eligible purchase in the last 180 days; Fewer than three active months in the last twelve months
6494	CUST-06494	Seattle	WA	Social Media	High Risk	90	1	Standard Intervention	689	1	412.98	No eligible purchase in more than 180 days; Only one eligible purchase; No eligible purchase in the last 180 days; Fewer than three active months in the last twelve months
2089	CUST-02089	Boston	MA	Referral	High Risk	90	1	Standard Intervention	671	1	412.95	No eligible purchase in more than 180 days; Only one eligible purchase; No eligible purchase in the last 180 days; Fewer than three active months in the last twelve months
7877	CUST-07877	Miami	FL	Paid Search	High Risk	90	1	Standard Intervention	625	1	412.94	No eligible purchase in more than 180 days; Only one eligible purchase; No eligible purchase in the last 180 days; Fewer than three active months in the last twelve months
5777	CUST-05777	Nashville	TN	Organic Search	High Risk	90	1	Standard Intervention	680	1	411.40	No eligible purchase in more than 180 days; Only one eligible purchase; No eligible purchase in the last 180 days; Fewer than three active months in the last twelve months
1211	CUST-01211	Dallas	TX	Social Media	High Risk	90	1	Standard Intervention	589	1	410.92	No eligible purchase in more than 180 days; Only one eligible purchase; No eligible purchase in the last 180 days; Fewer than three active months in the last twelve months
3896	CUST-03896	Atlanta	GA	Referral	High Risk	90	1	Standard Intervention	625	1	410.92	No eligible purchase in more than 180 days; Only one eligible purchase; No eligible purchase in the last 180 days; Fewer than three active months in the last twelve months
6513	CUST-06513	Charlotte	NC	Organic Search	High Risk	90	1	Standard Intervention	635	1	410.20	No eligible purchase in more than 180 days; Only one eligible purchase; No eligible purchase in the last 180 days; Fewer than three active months in the last twelve months
7799	CUST-07799	New York	NY	Referral	High Risk	90	1	Standard Intervention	550	1	409.12	No eligible purchase in more than 180 days; Only one eligible purchase; No eligible purchase in the last 180 days; Fewer than three active months in the last twelve months
6989	CUST-06989	New York	NY	Direct	High Risk	90	1	Standard Intervention	677	1	405.07	No eligible purchase in more than 180 days; Only one eligible purchase; No eligible purchase in the last 180 days; Fewer than three active months in the last twelve months
969	CUST-00969	Philadelphia	PA	Social Media	High Risk	90	1	Standard Intervention	369	1	403.96	No eligible purchase in more than 180 days; Only one eligible purchase; No eligible purchase in the last 180 days; Fewer than three active months in the last twelve months
1968	CUST-01968	Seattle	WA	Organic Search	High Risk	90	1	Standard Intervention	666	1	401.80	No eligible purchase in more than 180 days; Only one eligible purchase; No eligible purchase in the last 180 days; Fewer than three active months in the last twelve months
1975	CUST-01975	Phoenix	AZ	Organic Search	High Risk	90	1	Standard Intervention	620	1	400.20	No eligible purchase in more than 180 days; Only one eligible purchase; No eligible purchase in the last 180 days; Fewer than three active months in the last twelve months
3289	CUST-03289	San Diego	CA	Email	High Risk	90	1	Standard Intervention	433	1	399.78	No eligible purchase in more than 180 days; Only one eligible purchase; No eligible purchase in the last 180 days; Fewer than three active months in the last twelve months
1145	CUST-01145	Los Angeles	CA	Paid Search	High Risk	90	1	Standard Intervention	701	1	398.69	No eligible purchase in more than 180 days; Only one eligible purchase; No eligible purchase in the last 180 days; Fewer than three active months in the last twelve months
3428	CUST-03428	Dallas	TX	Referral	High Risk	90	1	Standard Intervention	583	1	398.56	No eligible purchase in more than 180 days; Only one eligible purchase; No eligible purchase in the last 180 days; Fewer than three active months in the last twelve months
369	CUST-00369	Los Angeles	CA	Organic Search	High Risk	90	1	Standard Intervention	243	1	396.95	No eligible purchase in more than 180 days; Only one eligible purchase; No eligible purchase in the last 180 days; Fewer than three active months in the last twelve months
5723	CUST-05723	San Antonio	TX	Email	High Risk	90	1	Standard Intervention	644	1	396.63	No eligible purchase in more than 180 days; Only one eligible purchase; No eligible purchase in the last 180 days; Fewer than three active months in the last twelve months
2934	CUST-02934	Denver	CO	Direct	High Risk	90	1	Standard Intervention	655	1	395.97	No eligible purchase in more than 180 days; Only one eligible purchase; No eligible purchase in the last 180 days; Fewer than three active months in the last twelve months
229	CUST-00229	Portland	OR	Social Media	High Risk	90	1	Standard Intervention	574	1	395.31	No eligible purchase in more than 180 days; Only one eligible purchase; No eligible purchase in the last 180 days; Fewer than three active months in the last twelve months
6641	CUST-06641	San Diego	CA	Email	High Risk	90	1	Standard Intervention	629	1	395.25	No eligible purchase in more than 180 days; Only one eligible purchase; No eligible purchase in the last 180 days; Fewer than three active months in the last twelve months
4132	CUST-04132	Portland	OR	Email	High Risk	90	1	Standard Intervention	623	1	393.60	No eligible purchase in more than 180 days; Only one eligible purchase; No eligible purchase in the last 180 days; Fewer than three active months in the last twelve months
614	CUST-00614	Phoenix	AZ	Organic Search	High Risk	90	1	Standard Intervention	409	1	393.22	No eligible purchase in more than 180 days; Only one eligible purchase; No eligible purchase in the last 180 days; Fewer than three active months in the last twelve months
5909	CUST-05909	Fort Worth	TX	Direct	High Risk	90	1	Standard Intervention	667	1	393.06	No eligible purchase in more than 180 days; Only one eligible purchase; No eligible purchase in the last 180 days; Fewer than three active months in the last twelve months
1294	CUST-01294	Atlanta	GA	Social Media	High Risk	90	1	Standard Intervention	574	1	391.47	No eligible purchase in more than 180 days; Only one eligible purchase; No eligible purchase in the last 180 days; Fewer than three active months in the last twelve months
7397	CUST-07397	San Antonio	TX	Email	High Risk	90	1	Standard Intervention	701	1	391.38	No eligible purchase in more than 180 days; Only one eligible purchase; No eligible purchase in the last 180 days; Fewer than three active months in the last twelve months
5532	CUST-05532	New York	NY	Social Media	High Risk	90	1	Standard Intervention	580	1	383.76	No eligible purchase in more than 180 days; Only one eligible purchase; No eligible purchase in the last 180 days; Fewer than three active months in the last twelve months
8000	CUST-08000	Miami	FL	Social Media	High Risk	90	1	Standard Intervention	472	1	382.77	No eligible purchase in more than 180 days; Only one eligible purchase; No eligible purchase in the last 180 days; Fewer than three active months in the last twelve months
715	CUST-00715	San Diego	CA	Referral	High Risk	90	1	Standard Intervention	231	1	380.57	No eligible purchase in more than 180 days; Only one eligible purchase; No eligible purchase in the last 180 days; Fewer than three active months in the last twelve months
3020	CUST-03020	Charlotte	NC	Paid Search	High Risk	90	1	Standard Intervention	243	1	379.62	No eligible purchase in more than 180 days; Only one eligible purchase; No eligible purchase in the last 180 days; Fewer than three active months in the last twelve months
2901	CUST-02901	Nashville	TN	Paid Search	High Risk	90	1	Standard Intervention	704	1	378.70	No eligible purchase in more than 180 days; Only one eligible purchase; No eligible purchase in the last 180 days; Fewer than three active months in the last twelve months
2918	CUST-02918	Philadelphia	PA	Social Media	High Risk	90	1	Standard Intervention	330	1	375.10	No eligible purchase in more than 180 days; Only one eligible purchase; No eligible purchase in the last 180 days; Fewer than three active months in the last twelve months
7144	CUST-07144	Fort Worth	TX	Social Media	High Risk	90	1	Standard Intervention	261	1	374.10	No eligible purchase in more than 180 days; Only one eligible purchase; No eligible purchase in the last 180 days; Fewer than three active months in the last twelve months
1005	CUST-01005	Jacksonville	FL	Organic Search	High Risk	90	1	Standard Intervention	558	1	373.18	No eligible purchase in more than 180 days; Only one eligible purchase; No eligible purchase in the last 180 days; Fewer than three active months in the last twelve months
1843	CUST-01843	San Jose	CA	Referral	High Risk	90	1	Standard Intervention	638	1	373.08	No eligible purchase in more than 180 days; Only one eligible purchase; No eligible purchase in the last 180 days; Fewer than three active months in the last twelve months
7009	CUST-07009	San Diego	CA	Email	High Risk	90	1	Standard Intervention	647	1	372.23	No eligible purchase in more than 180 days; Only one eligible purchase; No eligible purchase in the last 180 days; Fewer than three active months in the last twelve months
1225	CUST-01225	San Antonio	TX	Organic Search	High Risk	90	1	Standard Intervention	552	1	372.16	No eligible purchase in more than 180 days; Only one eligible purchase; No eligible purchase in the last 180 days; Fewer than three active months in the last twelve months
3813	CUST-03813	Boston	MA	Paid Search	High Risk	90	1	Standard Intervention	520	1	371.78	No eligible purchase in more than 180 days; Only one eligible purchase; No eligible purchase in the last 180 days; Fewer than three active months in the last twelve months
3940	CUST-03940	Portland	OR	Email	High Risk	90	1	Standard Intervention	655	1	369.14	No eligible purchase in more than 180 days; Only one eligible purchase; No eligible purchase in the last 180 days; Fewer than three active months in the last twelve months
7407	CUST-07407	Portland	OR	Social Media	High Risk	90	1	Standard Intervention	658	1	367.00	No eligible purchase in more than 180 days; Only one eligible purchase; No eligible purchase in the last 180 days; Fewer than three active months in the last twelve months
5501	CUST-05501	Jacksonville	FL	Organic Search	High Risk	90	1	Standard Intervention	640	1	366.30	No eligible purchase in more than 180 days; Only one eligible purchase; No eligible purchase in the last 180 days; Fewer than three active months in the last twelve months
3066	CUST-03066	Dallas	TX	Paid Search	High Risk	90	1	Standard Intervention	286	1	363.34	No eligible purchase in more than 180 days; Only one eligible purchase; No eligible purchase in the last 180 days; Fewer than three active months in the last twelve months
570	CUST-00570	Columbus	OH	Direct	High Risk	90	1	Standard Intervention	281	1	360.18	No eligible purchase in more than 180 days; Only one eligible purchase; No eligible purchase in the last 180 days; Fewer than three active months in the last twelve months
1479	CUST-01479	Boston	MA	Email	High Risk	90	1	Standard Intervention	580	1	360.18	No eligible purchase in more than 180 days; Only one eligible purchase; No eligible purchase in the last 180 days; Fewer than three active months in the last twelve months
6654	CUST-06654	Las Vegas	NV	Direct	High Risk	90	1	Standard Intervention	585	1	359.79	No eligible purchase in more than 180 days; Only one eligible purchase; No eligible purchase in the last 180 days; Fewer than three active months in the last twelve months
5207	CUST-05207	San Jose	CA	Paid Search	High Risk	90	1	Standard Intervention	647	1	357.72	No eligible purchase in more than 180 days; Only one eligible purchase; No eligible purchase in the last 180 days; Fewer than three active months in the last twelve months
4777	CUST-04777	Nashville	TN	Direct	High Risk	90	1	Standard Intervention	692	1	357.65	No eligible purchase in more than 180 days; Only one eligible purchase; No eligible purchase in the last 180 days; Fewer than three active months in the last twelve months
5425	CUST-05425	Las Vegas	NV	Organic Search	High Risk	90	1	Standard Intervention	645	1	355.88	No eligible purchase in more than 180 days; Only one eligible purchase; No eligible purchase in the last 180 days; Fewer than three active months in the last twelve months
5916	CUST-05916	Charlotte	NC	Email	High Risk	90	1	Standard Intervention	493	1	355.69	No eligible purchase in more than 180 days; Only one eligible purchase; No eligible purchase in the last 180 days; Fewer than three active months in the last twelve months
5822	CUST-05822	Denver	CO	Direct	High Risk	90	1	Standard Intervention	694	1	355.31	No eligible purchase in more than 180 days; Only one eligible purchase; No eligible purchase in the last 180 days; Fewer than three active months in the last twelve months
1449	CUST-01449	Los Angeles	CA	Organic Search	High Risk	90	1	Standard Intervention	669	1	352.40	No eligible purchase in more than 180 days; Only one eligible purchase; No eligible purchase in the last 180 days; Fewer than three active months in the last twelve months
2995	CUST-02995	San Antonio	TX	Paid Search	High Risk	90	1	Standard Intervention	664	1	351.41	No eligible purchase in more than 180 days; Only one eligible purchase; No eligible purchase in the last 180 days; Fewer than three active months in the last twelve months
4413	CUST-04413	Dallas	TX	Social Media	High Risk	90	1	Standard Intervention	574	1	350.58	No eligible purchase in more than 180 days; Only one eligible purchase; No eligible purchase in the last 180 days; Fewer than three active months in the last twelve months
5226	CUST-05226	Philadelphia	PA	Social Media	High Risk	90	1	Standard Intervention	699	1	350.08	No eligible purchase in more than 180 days; Only one eligible purchase; No eligible purchase in the last 180 days; Fewer than three active months in the last twelve months
2497	CUST-02497	Boston	MA	Social Media	High Risk	90	1	Standard Intervention	705	1	349.71	No eligible purchase in more than 180 days; Only one eligible purchase; No eligible purchase in the last 180 days; Fewer than three active months in the last twelve months
6297	CUST-06297	Atlanta	GA	Direct	High Risk	90	1	Standard Intervention	578	1	345.06	No eligible purchase in more than 180 days; Only one eligible purchase; No eligible purchase in the last 180 days; Fewer than three active months in the last twelve months
4260	CUST-04260	Jacksonville	FL	Paid Search	High Risk	90	1	Standard Intervention	604	1	344.51	No eligible purchase in more than 180 days; Only one eligible purchase; No eligible purchase in the last 180 days; Fewer than three active months in the last twelve months
7733	CUST-07733	Fort Worth	TX	Organic Search	High Risk	90	1	Standard Intervention	715	1	343.46	No eligible purchase in more than 180 days; Only one eligible purchase; No eligible purchase in the last 180 days; Fewer than three active months in the last twelve months
2150	CUST-02150	Charlotte	NC	Organic Search	High Risk	90	1	Standard Intervention	244	1	343.13	No eligible purchase in more than 180 days; Only one eligible purchase; No eligible purchase in the last 180 days; Fewer than three active months in the last twelve months
4961	CUST-04961	Phoenix	AZ	Organic Search	High Risk	90	1	Standard Intervention	715	1	342.81	No eligible purchase in more than 180 days; Only one eligible purchase; No eligible purchase in the last 180 days; Fewer than three active months in the last twelve months
2126	CUST-02126	New York	NY	Organic Search	High Risk	90	1	Standard Intervention	552	1	341.89	No eligible purchase in more than 180 days; Only one eligible purchase; No eligible purchase in the last 180 days; Fewer than three active months in the last twelve months
4919	CUST-04919	Los Angeles	CA	Paid Search	High Risk	90	1	Standard Intervention	585	1	341.51	No eligible purchase in more than 180 days; Only one eligible purchase; No eligible purchase in the last 180 days; Fewer than three active months in the last twelve months
4620	CUST-04620	New York	NY	Paid Search	High Risk	90	1	Standard Intervention	610	1	337.68	No eligible purchase in more than 180 days; Only one eligible purchase; No eligible purchase in the last 180 days; Fewer than three active months in the last twelve months
4715	CUST-04715	Dallas	TX	Organic Search	High Risk	90	1	Standard Intervention	676	1	336.28	No eligible purchase in more than 180 days; Only one eligible purchase; No eligible purchase in the last 180 days; Fewer than three active months in the last twelve months
2979	CUST-02979	Chicago	IL	Email	High Risk	90	1	Standard Intervention	299	1	335.32	No eligible purchase in more than 180 days; Only one eligible purchase; No eligible purchase in the last 180 days; Fewer than three active months in the last twelve months
1720	CUST-01720	New York	NY	Paid Search	High Risk	90	1	Standard Intervention	587	1	335.25	No eligible purchase in more than 180 days; Only one eligible purchase; No eligible purchase in the last 180 days; Fewer than three active months in the last twelve months
3473	CUST-03473	Chicago	IL	Paid Search	High Risk	90	1	Standard Intervention	437	1	333.15	No eligible purchase in more than 180 days; Only one eligible purchase; No eligible purchase in the last 180 days; Fewer than three active months in the last twelve months
2791	CUST-02791	Columbus	OH	Direct	High Risk	90	1	Standard Intervention	669	1	332.27	No eligible purchase in more than 180 days; Only one eligible purchase; No eligible purchase in the last 180 days; Fewer than three active months in the last twelve months
5943	CUST-05943	Fort Worth	TX	Referral	High Risk	90	1	Standard Intervention	582	1	330.72	No eligible purchase in more than 180 days; Only one eligible purchase; No eligible purchase in the last 180 days; Fewer than three active months in the last twelve months
3756	CUST-03756	Nashville	TN	Social Media	High Risk	90	1	Standard Intervention	726	1	330.32	No eligible purchase in more than 180 days; Only one eligible purchase; No eligible purchase in the last 180 days; Fewer than three active months in the last twelve months
6478	CUST-06478	Los Angeles	CA	Referral	High Risk	90	1	Standard Intervention	660	1	329.12	No eligible purchase in more than 180 days; Only one eligible purchase; No eligible purchase in the last 180 days; Fewer than three active months in the last twelve months
1835	CUST-01835	San Diego	CA	Social Media	High Risk	90	1	Standard Intervention	347	1	328.12	No eligible purchase in more than 180 days; Only one eligible purchase; No eligible purchase in the last 180 days; Fewer than three active months in the last twelve months
5601	CUST-05601	Phoenix	AZ	Social Media	High Risk	90	1	Standard Intervention	633	1	324.26	No eligible purchase in more than 180 days; Only one eligible purchase; No eligible purchase in the last 180 days; Fewer than three active months in the last twelve months
4281	CUST-04281	Phoenix	AZ	Organic Search	High Risk	90	1	Standard Intervention	660	1	323.52	No eligible purchase in more than 180 days; Only one eligible purchase; No eligible purchase in the last 180 days; Fewer than three active months in the last twelve months
7282	CUST-07282	Los Angeles	CA	Referral	High Risk	90	1	Standard Intervention	434	1	322.91	No eligible purchase in more than 180 days; Only one eligible purchase; No eligible purchase in the last 180 days; Fewer than three active months in the last twelve months
7051	CUST-07051	Philadelphia	PA	Organic Search	High Risk	90	1	Standard Intervention	414	1	322.72	No eligible purchase in more than 180 days; Only one eligible purchase; No eligible purchase in the last 180 days; Fewer than three active months in the last twelve months
4183	CUST-04183	San Jose	CA	Direct	High Risk	90	1	Standard Intervention	704	1	320.46	No eligible purchase in more than 180 days; Only one eligible purchase; No eligible purchase in the last 180 days; Fewer than three active months in the last twelve months
3027	CUST-03027	Houston	TX	Referral	High Risk	90	1	Standard Intervention	560	1	318.73	No eligible purchase in more than 180 days; Only one eligible purchase; No eligible purchase in the last 180 days; Fewer than three active months in the last twelve months
2389	CUST-02389	Phoenix	AZ	Paid Search	High Risk	90	1	Standard Intervention	601	1	318.49	No eligible purchase in more than 180 days; Only one eligible purchase; No eligible purchase in the last 180 days; Fewer than three active months in the last twelve months
314	CUST-00314	Denver	CO	Email	High Risk	90	1	Standard Intervention	624	1	316.77	No eligible purchase in more than 180 days; Only one eligible purchase; No eligible purchase in the last 180 days; Fewer than three active months in the last twelve months
3623	CUST-03623	Boston	MA	Email	High Risk	90	1	Standard Intervention	601	1	316.27	No eligible purchase in more than 180 days; Only one eligible purchase; No eligible purchase in the last 180 days; Fewer than three active months in the last twelve months
366	CUST-00366	Fort Worth	TX	Social Media	High Risk	90	1	Standard Intervention	577	1	310.38	No eligible purchase in more than 180 days; Only one eligible purchase; No eligible purchase in the last 180 days; Fewer than three active months in the last twelve months
4265	CUST-04265	Philadelphia	PA	Social Media	High Risk	90	1	Standard Intervention	589	1	310.18	No eligible purchase in more than 180 days; Only one eligible purchase; No eligible purchase in the last 180 days; Fewer than three active months in the last twelve months
3237	CUST-03237	Charlotte	NC	Paid Search	High Risk	90	1	Standard Intervention	635	1	307.32	No eligible purchase in more than 180 days; Only one eligible purchase; No eligible purchase in the last 180 days; Fewer than three active months in the last twelve months
3108	CUST-03108	Phoenix	AZ	Organic Search	High Risk	90	1	Standard Intervention	701	1	306.73	No eligible purchase in more than 180 days; Only one eligible purchase; No eligible purchase in the last 180 days; Fewer than three active months in the last twelve months
6324	CUST-06324	San Jose	CA	Social Media	High Risk	90	1	Standard Intervention	624	1	305.96	No eligible purchase in more than 180 days; Only one eligible purchase; No eligible purchase in the last 180 days; Fewer than three active months in the last twelve months
7908	CUST-07908	Fort Worth	TX	Organic Search	High Risk	90	1	Standard Intervention	688	1	305.89	No eligible purchase in more than 180 days; Only one eligible purchase; No eligible purchase in the last 180 days; Fewer than three active months in the last twelve months
7392	CUST-07392	Portland	OR	Paid Search	High Risk	90	1	Standard Intervention	602	1	305.46	No eligible purchase in more than 180 days; Only one eligible purchase; No eligible purchase in the last 180 days; Fewer than three active months in the last twelve months
7193	CUST-07193	San Antonio	TX	Direct	High Risk	90	1	Standard Intervention	604	1	304.20	No eligible purchase in more than 180 days; Only one eligible purchase; No eligible purchase in the last 180 days; Fewer than three active months in the last twelve months
764	CUST-00764	Atlanta	GA	Direct	High Risk	90	1	Standard Intervention	418	1	303.84	No eligible purchase in more than 180 days; Only one eligible purchase; No eligible purchase in the last 180 days; Fewer than three active months in the last twelve months
3084	CUST-03084	Philadelphia	PA	Social Media	High Risk	90	1	Standard Intervention	699	1	303.62	No eligible purchase in more than 180 days; Only one eligible purchase; No eligible purchase in the last 180 days; Fewer than three active months in the last twelve months
7366	CUST-07366	Fort Worth	TX	Paid Search	High Risk	90	1	Standard Intervention	303	1	300.83	No eligible purchase in more than 180 days; Only one eligible purchase; No eligible purchase in the last 180 days; Fewer than three active months in the last twelve months
2327	CUST-02327	Nashville	TN	Organic Search	High Risk	90	1	Standard Intervention	724	1	300.80	No eligible purchase in more than 180 days; Only one eligible purchase; No eligible purchase in the last 180 days; Fewer than three active months in the last twelve months
1979	CUST-01979	Los Angeles	CA	Organic Search	High Risk	90	1	Standard Intervention	556	1	299.26	No eligible purchase in more than 180 days; Only one eligible purchase; No eligible purchase in the last 180 days; Fewer than three active months in the last twelve months
5319	CUST-05319	Los Angeles	CA	Social Media	High Risk	90	1	Standard Intervention	683	1	298.26	No eligible purchase in more than 180 days; Only one eligible purchase; No eligible purchase in the last 180 days; Fewer than three active months in the last twelve months
2963	CUST-02963	Jacksonville	FL	Direct	High Risk	90	1	Standard Intervention	562	1	298.18	No eligible purchase in more than 180 days; Only one eligible purchase; No eligible purchase in the last 180 days; Fewer than three active months in the last twelve months
554	CUST-00554	Los Angeles	CA	Organic Search	High Risk	90	1	Standard Intervention	609	1	297.18	No eligible purchase in more than 180 days; Only one eligible purchase; No eligible purchase in the last 180 days; Fewer than three active months in the last twelve months
6790	CUST-06790	San Diego	CA	Organic Search	High Risk	90	1	Standard Intervention	477	1	295.54	No eligible purchase in more than 180 days; Only one eligible purchase; No eligible purchase in the last 180 days; Fewer than three active months in the last twelve months
6374	CUST-06374	San Jose	CA	Referral	High Risk	90	1	Standard Intervention	581	1	294.82	No eligible purchase in more than 180 days; Only one eligible purchase; No eligible purchase in the last 180 days; Fewer than three active months in the last twelve months
3151	CUST-03151	Columbus	OH	Email	High Risk	90	1	Standard Intervention	610	1	294.46	No eligible purchase in more than 180 days; Only one eligible purchase; No eligible purchase in the last 180 days; Fewer than three active months in the last twelve months
830	CUST-00830	Philadelphia	PA	Direct	High Risk	90	1	Standard Intervention	594	1	294.09	No eligible purchase in more than 180 days; Only one eligible purchase; No eligible purchase in the last 180 days; Fewer than three active months in the last twelve months
2067	CUST-02067	Phoenix	AZ	Referral	High Risk	90	1	Standard Intervention	633	1	293.85	No eligible purchase in more than 180 days; Only one eligible purchase; No eligible purchase in the last 180 days; Fewer than three active months in the last twelve months
3912	CUST-03912	Nashville	TN	Referral	High Risk	90	1	Standard Intervention	272	1	292.36	No eligible purchase in more than 180 days; Only one eligible purchase; No eligible purchase in the last 180 days; Fewer than three active months in the last twelve months
4911	CUST-04911	Los Angeles	CA	Organic Search	High Risk	90	1	Standard Intervention	586	1	292.25	No eligible purchase in more than 180 days; Only one eligible purchase; No eligible purchase in the last 180 days; Fewer than three active months in the last twelve months
1096	CUST-01096	San Jose	CA	Social Media	High Risk	90	1	Standard Intervention	625	1	292.24	No eligible purchase in more than 180 days; Only one eligible purchase; No eligible purchase in the last 180 days; Fewer than three active months in the last twelve months
1878	CUST-01878	Seattle	WA	Email	High Risk	90	1	Standard Intervention	649	1	291.21	No eligible purchase in more than 180 days; Only one eligible purchase; No eligible purchase in the last 180 days; Fewer than three active months in the last twelve months
1985	CUST-01985	Portland	OR	Paid Search	High Risk	90	1	Standard Intervention	692	1	290.79	No eligible purchase in more than 180 days; Only one eligible purchase; No eligible purchase in the last 180 days; Fewer than three active months in the last twelve months
2708	CUST-02708	Columbus	OH	Social Media	High Risk	90	1	Standard Intervention	697	1	290.79	No eligible purchase in more than 180 days; Only one eligible purchase; No eligible purchase in the last 180 days; Fewer than three active months in the last twelve months
3951	CUST-03951	Nashville	TN	Paid Search	High Risk	90	1	Standard Intervention	655	1	290.50	No eligible purchase in more than 180 days; Only one eligible purchase; No eligible purchase in the last 180 days; Fewer than three active months in the last twelve months
1620	CUST-01620	San Antonio	TX	Referral	High Risk	90	1	Standard Intervention	681	1	289.54	No eligible purchase in more than 180 days; Only one eligible purchase; No eligible purchase in the last 180 days; Fewer than three active months in the last twelve months
1555	CUST-01555	Jacksonville	FL	Email	High Risk	90	1	Standard Intervention	666	1	288.94	No eligible purchase in more than 180 days; Only one eligible purchase; No eligible purchase in the last 180 days; Fewer than three active months in the last twelve months
691	CUST-00691	Philadelphia	PA	Paid Search	High Risk	90	1	Standard Intervention	612	1	287.38	No eligible purchase in more than 180 days; Only one eligible purchase; No eligible purchase in the last 180 days; Fewer than three active months in the last twelve months
7211	CUST-07211	Houston	TX	Paid Search	High Risk	90	1	Standard Intervention	565	1	286.97	No eligible purchase in more than 180 days; Only one eligible purchase; No eligible purchase in the last 180 days; Fewer than three active months in the last twelve months
704	CUST-00704	Nashville	TN	Email	High Risk	90	1	Standard Intervention	715	1	286.68	No eligible purchase in more than 180 days; Only one eligible purchase; No eligible purchase in the last 180 days; Fewer than three active months in the last twelve months
4060	CUST-04060	San Jose	CA	Referral	High Risk	90	1	Standard Intervention	550	1	286.34	No eligible purchase in more than 180 days; Only one eligible purchase; No eligible purchase in the last 180 days; Fewer than three active months in the last twelve months
666	CUST-00666	Washington	DC	Organic Search	High Risk	90	1	Standard Intervention	655	1	284.48	No eligible purchase in more than 180 days; Only one eligible purchase; No eligible purchase in the last 180 days; Fewer than three active months in the last twelve months
4164	CUST-04164	Phoenix	AZ	Social Media	High Risk	90	1	Standard Intervention	349	1	282.06	No eligible purchase in more than 180 days; Only one eligible purchase; No eligible purchase in the last 180 days; Fewer than three active months in the last twelve months
5784	CUST-05784	Los Angeles	CA	Paid Search	High Risk	90	1	Standard Intervention	242	1	278.47	No eligible purchase in more than 180 days; Only one eligible purchase; No eligible purchase in the last 180 days; Fewer than three active months in the last twelve months
3349	CUST-03349	Jacksonville	FL	Organic Search	High Risk	90	1	Standard Intervention	678	1	277.04	No eligible purchase in more than 180 days; Only one eligible purchase; No eligible purchase in the last 180 days; Fewer than three active months in the last twelve months
2703	CUST-02703	New York	NY	Direct	High Risk	90	1	Standard Intervention	665	1	276.14	No eligible purchase in more than 180 days; Only one eligible purchase; No eligible purchase in the last 180 days; Fewer than three active months in the last twelve months
1637	CUST-01637	Los Angeles	CA	Social Media	High Risk	90	1	Standard Intervention	569	1	274.06	No eligible purchase in more than 180 days; Only one eligible purchase; No eligible purchase in the last 180 days; Fewer than three active months in the last twelve months
2219	CUST-02219	Phoenix	AZ	Organic Search	High Risk	90	1	Standard Intervention	637	1	272.08	No eligible purchase in more than 180 days; Only one eligible purchase; No eligible purchase in the last 180 days; Fewer than three active months in the last twelve months
6568	CUST-06568	Los Angeles	CA	Email	High Risk	90	1	Standard Intervention	649	1	266.88	No eligible purchase in more than 180 days; Only one eligible purchase; No eligible purchase in the last 180 days; Fewer than three active months in the last twelve months
1094	CUST-01094	San Antonio	TX	Social Media	High Risk	90	1	Standard Intervention	705	1	264.62	No eligible purchase in more than 180 days; Only one eligible purchase; No eligible purchase in the last 180 days; Fewer than three active months in the last twelve months
7448	CUST-07448	Chicago	IL	Email	High Risk	90	1	Standard Intervention	618	1	263.53	No eligible purchase in more than 180 days; Only one eligible purchase; No eligible purchase in the last 180 days; Fewer than three active months in the last twelve months
1890	CUST-01890	Houston	TX	Social Media	High Risk	90	1	Standard Intervention	666	1	260.51	No eligible purchase in more than 180 days; Only one eligible purchase; No eligible purchase in the last 180 days; Fewer than three active months in the last twelve months
6128	CUST-06128	Chicago	IL	Email	High Risk	90	1	Standard Intervention	590	1	260.43	No eligible purchase in more than 180 days; Only one eligible purchase; No eligible purchase in the last 180 days; Fewer than three active months in the last twelve months
4050	CUST-04050	San Diego	CA	Email	High Risk	90	1	Standard Intervention	551	1	260.10	No eligible purchase in more than 180 days; Only one eligible purchase; No eligible purchase in the last 180 days; Fewer than three active months in the last twelve months
825	CUST-00825	Chicago	IL	Paid Search	High Risk	90	1	Standard Intervention	583	1	258.45	No eligible purchase in more than 180 days; Only one eligible purchase; No eligible purchase in the last 180 days; Fewer than three active months in the last twelve months
3993	CUST-03993	Chicago	IL	Paid Search	High Risk	90	1	Standard Intervention	585	1	256.03	No eligible purchase in more than 180 days; Only one eligible purchase; No eligible purchase in the last 180 days; Fewer than three active months in the last twelve months
2245	CUST-02245	Dallas	TX	Email	High Risk	90	1	Standard Intervention	316	1	255.75	No eligible purchase in more than 180 days; Only one eligible purchase; No eligible purchase in the last 180 days; Fewer than three active months in the last twelve months
6361	CUST-06361	Nashville	TN	Referral	High Risk	90	1	Standard Intervention	617	1	253.08	No eligible purchase in more than 180 days; Only one eligible purchase; No eligible purchase in the last 180 days; Fewer than three active months in the last twelve months
96	CUST-00096	Chicago	IL	Organic Search	High Risk	90	1	Standard Intervention	512	1	252.08	No eligible purchase in more than 180 days; Only one eligible purchase; No eligible purchase in the last 180 days; Fewer than three active months in the last twelve months
5956	CUST-05956	New York	NY	Email	High Risk	90	1	Standard Intervention	653	1	251.86	No eligible purchase in more than 180 days; Only one eligible purchase; No eligible purchase in the last 180 days; Fewer than three active months in the last twelve months
3719	CUST-03719	Houston	TX	Referral	High Risk	90	1	Standard Intervention	285	1	251.79	No eligible purchase in more than 180 days; Only one eligible purchase; No eligible purchase in the last 180 days; Fewer than three active months in the last twelve months
4002	CUST-04002	Chicago	IL	Email	High Risk	90	1	Standard Intervention	559	1	251.35	No eligible purchase in more than 180 days; Only one eligible purchase; No eligible purchase in the last 180 days; Fewer than three active months in the last twelve months
7846	CUST-07846	Philadelphia	PA	Social Media	High Risk	90	1	Standard Intervention	584	1	250.80	No eligible purchase in more than 180 days; Only one eligible purchase; No eligible purchase in the last 180 days; Fewer than three active months in the last twelve months
7678	CUST-07678	Charlotte	NC	Direct	High Risk	90	1	Standard Intervention	620	1	247.93	No eligible purchase in more than 180 days; Only one eligible purchase; No eligible purchase in the last 180 days; Fewer than three active months in the last twelve months
2679	CUST-02679	San Antonio	TX	Paid Search	High Risk	90	1	Standard Intervention	689	1	245.25	No eligible purchase in more than 180 days; Only one eligible purchase; No eligible purchase in the last 180 days; Fewer than three active months in the last twelve months
3745	CUST-03745	Los Angeles	CA	Organic Search	High Risk	90	1	Standard Intervention	613	1	244.37	No eligible purchase in more than 180 days; Only one eligible purchase; No eligible purchase in the last 180 days; Fewer than three active months in the last twelve months
4111	CUST-04111	Denver	CO	Referral	High Risk	90	1	Standard Intervention	663	1	244.03	No eligible purchase in more than 180 days; Only one eligible purchase; No eligible purchase in the last 180 days; Fewer than three active months in the last twelve months
3558	CUST-03558	Chicago	IL	Email	High Risk	90	1	Standard Intervention	303	1	241.29	No eligible purchase in more than 180 days; Only one eligible purchase; No eligible purchase in the last 180 days; Fewer than three active months in the last twelve months
5203	CUST-05203	Las Vegas	NV	Social Media	High Risk	90	1	Standard Intervention	622	1	240.13	No eligible purchase in more than 180 days; Only one eligible purchase; No eligible purchase in the last 180 days; Fewer than three active months in the last twelve months
744	CUST-00744	San Jose	CA	Paid Search	High Risk	90	1	Standard Intervention	676	1	239.78	No eligible purchase in more than 180 days; Only one eligible purchase; No eligible purchase in the last 180 days; Fewer than three active months in the last twelve months
6186	CUST-06186	Chicago	IL	Paid Search	High Risk	90	1	Standard Intervention	604	1	239.28	No eligible purchase in more than 180 days; Only one eligible purchase; No eligible purchase in the last 180 days; Fewer than three active months in the last twelve months
1966	CUST-01966	Seattle	WA	Organic Search	High Risk	90	1	Standard Intervention	659	1	235.68	No eligible purchase in more than 180 days; Only one eligible purchase; No eligible purchase in the last 180 days; Fewer than three active months in the last twelve months
6931	CUST-06931	Las Vegas	NV	Email	High Risk	90	1	Standard Intervention	273	1	235.37	No eligible purchase in more than 180 days; Only one eligible purchase; No eligible purchase in the last 180 days; Fewer than three active months in the last twelve months
267	CUST-00267	Phoenix	AZ	Organic Search	High Risk	90	1	Standard Intervention	710	1	234.78	No eligible purchase in more than 180 days; Only one eligible purchase; No eligible purchase in the last 180 days; Fewer than three active months in the last twelve months
4575	CUST-04575	Jacksonville	FL	Paid Search	High Risk	90	1	Standard Intervention	259	1	234.17	No eligible purchase in more than 180 days; Only one eligible purchase; No eligible purchase in the last 180 days; Fewer than three active months in the last twelve months
1043	CUST-01043	Nashville	TN	Organic Search	High Risk	90	1	Standard Intervention	400	1	234.09	No eligible purchase in more than 180 days; Only one eligible purchase; No eligible purchase in the last 180 days; Fewer than three active months in the last twelve months
3760	CUST-03760	Washington	DC	Paid Search	High Risk	90	1	Standard Intervention	577	1	231.68	No eligible purchase in more than 180 days; Only one eligible purchase; No eligible purchase in the last 180 days; Fewer than three active months in the last twelve months
7708	CUST-07708	Fort Worth	TX	Organic Search	High Risk	90	1	Standard Intervention	597	1	231.09	No eligible purchase in more than 180 days; Only one eligible purchase; No eligible purchase in the last 180 days; Fewer than three active months in the last twelve months
931	CUST-00931	Jacksonville	FL	Direct	High Risk	90	1	Standard Intervention	675	1	230.51	No eligible purchase in more than 180 days; Only one eligible purchase; No eligible purchase in the last 180 days; Fewer than three active months in the last twelve months
4818	CUST-04818	Charlotte	NC	Paid Search	High Risk	90	1	Standard Intervention	393	1	229.77	No eligible purchase in more than 180 days; Only one eligible purchase; No eligible purchase in the last 180 days; Fewer than three active months in the last twelve months
3021	CUST-03021	Nashville	TN	Social Media	High Risk	90	1	Standard Intervention	699	1	227.90	No eligible purchase in more than 180 days; Only one eligible purchase; No eligible purchase in the last 180 days; Fewer than three active months in the last twelve months
4348	CUST-04348	Miami	FL	Email	High Risk	90	1	Standard Intervention	632	1	227.26	No eligible purchase in more than 180 days; Only one eligible purchase; No eligible purchase in the last 180 days; Fewer than three active months in the last twelve months
3848	CUST-03848	Las Vegas	NV	Paid Search	High Risk	90	1	Standard Intervention	615	1	221.37	No eligible purchase in more than 180 days; Only one eligible purchase; No eligible purchase in the last 180 days; Fewer than three active months in the last twelve months
6337	CUST-06337	Houston	TX	Organic Search	High Risk	90	1	Standard Intervention	656	1	220.45	No eligible purchase in more than 180 days; Only one eligible purchase; No eligible purchase in the last 180 days; Fewer than three active months in the last twelve months
6538	CUST-06538	Las Vegas	NV	Email	High Risk	90	1	Standard Intervention	423	1	219.88	No eligible purchase in more than 180 days; Only one eligible purchase; No eligible purchase in the last 180 days; Fewer than three active months in the last twelve months
3499	CUST-03499	Los Angeles	CA	Social Media	High Risk	90	1	Standard Intervention	643	1	219.61	No eligible purchase in more than 180 days; Only one eligible purchase; No eligible purchase in the last 180 days; Fewer than three active months in the last twelve months
5162	CUST-05162	Los Angeles	CA	Social Media	High Risk	90	1	Standard Intervention	660	1	218.97	No eligible purchase in more than 180 days; Only one eligible purchase; No eligible purchase in the last 180 days; Fewer than three active months in the last twelve months
7262	CUST-07262	Portland	OR	Paid Search	High Risk	90	1	Standard Intervention	649	1	218.79	No eligible purchase in more than 180 days; Only one eligible purchase; No eligible purchase in the last 180 days; Fewer than three active months in the last twelve months
4881	CUST-04881	Boston	MA	Email	High Risk	90	1	Standard Intervention	564	1	218.40	No eligible purchase in more than 180 days; Only one eligible purchase; No eligible purchase in the last 180 days; Fewer than three active months in the last twelve months
5223	CUST-05223	Phoenix	AZ	Referral	High Risk	90	1	Standard Intervention	279	1	215.22	No eligible purchase in more than 180 days; Only one eligible purchase; No eligible purchase in the last 180 days; Fewer than three active months in the last twelve months
5146	CUST-05146	Austin	TX	Paid Search	High Risk	90	1	Standard Intervention	599	1	208.26	No eligible purchase in more than 180 days; Only one eligible purchase; No eligible purchase in the last 180 days; Fewer than three active months in the last twelve months
935	CUST-00935	Los Angeles	CA	Paid Search	High Risk	90	1	Standard Intervention	544	1	207.00	No eligible purchase in more than 180 days; Only one eligible purchase; No eligible purchase in the last 180 days; Fewer than three active months in the last twelve months
3572	CUST-03572	Las Vegas	NV	Social Media	High Risk	90	1	Standard Intervention	650	1	201.51	No eligible purchase in more than 180 days; Only one eligible purchase; No eligible purchase in the last 180 days; Fewer than three active months in the last twelve months
1436	CUST-01436	San Jose	CA	Direct	High Risk	90	1	Standard Intervention	655	1	201.08	No eligible purchase in more than 180 days; Only one eligible purchase; No eligible purchase in the last 180 days; Fewer than three active months in the last twelve months
6299	CUST-06299	Charlotte	NC	Organic Search	High Risk	90	1	Standard Intervention	636	1	201.08	No eligible purchase in more than 180 days; Only one eligible purchase; No eligible purchase in the last 180 days; Fewer than three active months in the last twelve months
6561	CUST-06561	San Diego	CA	Email	High Risk	90	1	Standard Intervention	664	1	201.08	No eligible purchase in more than 180 days; Only one eligible purchase; No eligible purchase in the last 180 days; Fewer than three active months in the last twelve months
5575	CUST-05575	Chicago	IL	Paid Search	High Risk	90	1	Standard Intervention	685	1	200.97	No eligible purchase in more than 180 days; Only one eligible purchase; No eligible purchase in the last 180 days; Fewer than three active months in the last twelve months
7818	CUST-07818	Chicago	IL	Organic Search	High Risk	90	1	Standard Intervention	679	1	200.10	No eligible purchase in more than 180 days; Only one eligible purchase; No eligible purchase in the last 180 days; Fewer than three active months in the last twelve months
5150	CUST-05150	San Jose	CA	Paid Search	High Risk	90	1	Standard Intervention	593	1	199.50	No eligible purchase in more than 180 days; Only one eligible purchase; No eligible purchase in the last 180 days; Fewer than three active months in the last twelve months
5167	CUST-05167	Phoenix	AZ	Social Media	High Risk	90	1	Standard Intervention	596	1	195.73	No eligible purchase in more than 180 days; Only one eligible purchase; No eligible purchase in the last 180 days; Fewer than three active months in the last twelve months
1499	CUST-01499	Houston	TX	Paid Search	High Risk	90	1	Standard Intervention	301	1	193.92	No eligible purchase in more than 180 days; Only one eligible purchase; No eligible purchase in the last 180 days; Fewer than three active months in the last twelve months
5348	CUST-05348	Houston	TX	Direct	High Risk	90	1	Standard Intervention	717	1	193.86	No eligible purchase in more than 180 days; Only one eligible purchase; No eligible purchase in the last 180 days; Fewer than three active months in the last twelve months
4903	CUST-04903	Las Vegas	NV	Social Media	High Risk	90	1	Standard Intervention	598	1	193.50	No eligible purchase in more than 180 days; Only one eligible purchase; No eligible purchase in the last 180 days; Fewer than three active months in the last twelve months
2097	CUST-02097	Jacksonville	FL	Organic Search	High Risk	90	1	Standard Intervention	561	1	192.08	No eligible purchase in more than 180 days; Only one eligible purchase; No eligible purchase in the last 180 days; Fewer than three active months in the last twelve months
1251	CUST-01251	Charlotte	NC	Paid Search	High Risk	90	1	Standard Intervention	252	1	191.09	No eligible purchase in more than 180 days; Only one eligible purchase; No eligible purchase in the last 180 days; Fewer than three active months in the last twelve months
1267	CUST-01267	Philadelphia	PA	Organic Search	High Risk	90	1	Standard Intervention	299	1	189.36	No eligible purchase in more than 180 days; Only one eligible purchase; No eligible purchase in the last 180 days; Fewer than three active months in the last twelve months
2400	CUST-02400	New York	NY	Organic Search	High Risk	90	1	Standard Intervention	609	1	189.36	No eligible purchase in more than 180 days; Only one eligible purchase; No eligible purchase in the last 180 days; Fewer than three active months in the last twelve months
5628	CUST-05628	Phoenix	AZ	Social Media	High Risk	90	1	Standard Intervention	592	1	185.21	No eligible purchase in more than 180 days; Only one eligible purchase; No eligible purchase in the last 180 days; Fewer than three active months in the last twelve months
7244	CUST-07244	Dallas	TX	Paid Search	High Risk	90	1	Standard Intervention	682	1	184.20	No eligible purchase in more than 180 days; Only one eligible purchase; No eligible purchase in the last 180 days; Fewer than three active months in the last twelve months
7200	CUST-07200	New York	NY	Direct	High Risk	90	1	Standard Intervention	552	1	183.43	No eligible purchase in more than 180 days; Only one eligible purchase; No eligible purchase in the last 180 days; Fewer than three active months in the last twelve months
3393	CUST-03393	Charlotte	NC	Social Media	High Risk	90	1	Standard Intervention	703	1	182.80	No eligible purchase in more than 180 days; Only one eligible purchase; No eligible purchase in the last 180 days; Fewer than three active months in the last twelve months
4456	CUST-04456	San Diego	CA	Organic Search	High Risk	90	1	Standard Intervention	590	1	182.14	No eligible purchase in more than 180 days; Only one eligible purchase; No eligible purchase in the last 180 days; Fewer than three active months in the last twelve months
315	CUST-00315	New York	NY	Email	High Risk	90	1	Standard Intervention	682	1	181.78	No eligible purchase in more than 180 days; Only one eligible purchase; No eligible purchase in the last 180 days; Fewer than three active months in the last twelve months
2688	CUST-02688	Austin	TX	Direct	High Risk	90	1	Standard Intervention	698	1	179.28	No eligible purchase in more than 180 days; Only one eligible purchase; No eligible purchase in the last 180 days; Fewer than three active months in the last twelve months
778	CUST-00778	Portland	OR	Organic Search	High Risk	90	1	Standard Intervention	597	1	176.63	No eligible purchase in more than 180 days; Only one eligible purchase; No eligible purchase in the last 180 days; Fewer than three active months in the last twelve months
5766	CUST-05766	Austin	TX	Email	High Risk	90	1	Standard Intervention	211	1	175.29	No eligible purchase in more than 180 days; Only one eligible purchase; No eligible purchase in the last 180 days; Fewer than three active months in the last twelve months
7304	CUST-07304	Houston	TX	Social Media	High Risk	90	1	Standard Intervention	560	1	172.70	No eligible purchase in more than 180 days; Only one eligible purchase; No eligible purchase in the last 180 days; Fewer than three active months in the last twelve months
520	CUST-00520	Portland	OR	Paid Search	High Risk	90	1	Standard Intervention	695	1	168.74	No eligible purchase in more than 180 days; Only one eligible purchase; No eligible purchase in the last 180 days; Fewer than three active months in the last twelve months
7757	CUST-07757	Philadelphia	PA	Paid Search	High Risk	90	1	Standard Intervention	668	1	168.35	No eligible purchase in more than 180 days; Only one eligible purchase; No eligible purchase in the last 180 days; Fewer than three active months in the last twelve months
3700	CUST-03700	Fort Worth	TX	Referral	High Risk	90	1	Standard Intervention	601	1	166.84	No eligible purchase in more than 180 days; Only one eligible purchase; No eligible purchase in the last 180 days; Fewer than three active months in the last twelve months
2922	CUST-02922	Los Angeles	CA	Organic Search	High Risk	90	1	Standard Intervention	587	1	166.56	No eligible purchase in more than 180 days; Only one eligible purchase; No eligible purchase in the last 180 days; Fewer than three active months in the last twelve months
1523	CUST-01523	Seattle	WA	Direct	High Risk	90	1	Standard Intervention	722	1	165.09	No eligible purchase in more than 180 days; Only one eligible purchase; No eligible purchase in the last 180 days; Fewer than three active months in the last twelve months
7133	CUST-07133	Boston	MA	Paid Search	High Risk	90	1	Standard Intervention	625	1	164.78	No eligible purchase in more than 180 days; Only one eligible purchase; No eligible purchase in the last 180 days; Fewer than three active months in the last twelve months
750	CUST-00750	New York	NY	Referral	High Risk	90	1	Standard Intervention	589	1	164.73	No eligible purchase in more than 180 days; Only one eligible purchase; No eligible purchase in the last 180 days; Fewer than three active months in the last twelve months
1610	CUST-01610	Columbus	OH	Direct	High Risk	90	1	Standard Intervention	613	1	164.70	No eligible purchase in more than 180 days; Only one eligible purchase; No eligible purchase in the last 180 days; Fewer than three active months in the last twelve months
7449	CUST-07449	Portland	OR	Email	High Risk	90	1	Standard Intervention	644	1	162.62	No eligible purchase in more than 180 days; Only one eligible purchase; No eligible purchase in the last 180 days; Fewer than three active months in the last twelve months
6016	CUST-06016	Austin	TX	Organic Search	High Risk	90	1	Standard Intervention	553	1	161.30	No eligible purchase in more than 180 days; Only one eligible purchase; No eligible purchase in the last 180 days; Fewer than three active months in the last twelve months
801	CUST-00801	Chicago	IL	Referral	High Risk	90	1	Standard Intervention	568	1	159.52	No eligible purchase in more than 180 days; Only one eligible purchase; No eligible purchase in the last 180 days; Fewer than three active months in the last twelve months
3091	CUST-03091	San Jose	CA	Social Media	High Risk	90	1	Standard Intervention	645	1	159.24	No eligible purchase in more than 180 days; Only one eligible purchase; No eligible purchase in the last 180 days; Fewer than three active months in the last twelve months
1345	CUST-01345	Jacksonville	FL	Direct	High Risk	90	1	Standard Intervention	594	1	156.76	No eligible purchase in more than 180 days; Only one eligible purchase; No eligible purchase in the last 180 days; Fewer than three active months in the last twelve months
5109	CUST-05109	Chicago	IL	Referral	High Risk	90	1	Standard Intervention	297	1	156.75	No eligible purchase in more than 180 days; Only one eligible purchase; No eligible purchase in the last 180 days; Fewer than three active months in the last twelve months
5485	CUST-05485	Chicago	IL	Organic Search	High Risk	90	1	Standard Intervention	183	1	156.75	No eligible purchase in more than 180 days; Only one eligible purchase; No eligible purchase in the last 180 days; Fewer than three active months in the last twelve months
4544	CUST-04544	Seattle	WA	Referral	High Risk	90	1	Standard Intervention	668	1	152.32	No eligible purchase in more than 180 days; Only one eligible purchase; No eligible purchase in the last 180 days; Fewer than three active months in the last twelve months
5783	CUST-05783	Boston	MA	Social Media	High Risk	90	1	Standard Intervention	608	1	148.72	No eligible purchase in more than 180 days; Only one eligible purchase; No eligible purchase in the last 180 days; Fewer than three active months in the last twelve months
1426	CUST-01426	San Jose	CA	Email	High Risk	90	1	Standard Intervention	587	1	146.52	No eligible purchase in more than 180 days; Only one eligible purchase; No eligible purchase in the last 180 days; Fewer than three active months in the last twelve months
603	CUST-00603	New York	NY	Referral	High Risk	90	1	Standard Intervention	546	1	143.06	No eligible purchase in more than 180 days; Only one eligible purchase; No eligible purchase in the last 180 days; Fewer than three active months in the last twelve months
3862	CUST-03862	Seattle	WA	Paid Search	High Risk	90	1	Standard Intervention	590	1	143.06	No eligible purchase in more than 180 days; Only one eligible purchase; No eligible purchase in the last 180 days; Fewer than three active months in the last twelve months
2693	CUST-02693	Columbus	OH	Referral	High Risk	90	1	Standard Intervention	667	1	142.85	No eligible purchase in more than 180 days; Only one eligible purchase; No eligible purchase in the last 180 days; Fewer than three active months in the last twelve months
986	CUST-00986	New York	NY	Referral	High Risk	90	1	Standard Intervention	647	1	142.79	No eligible purchase in more than 180 days; Only one eligible purchase; No eligible purchase in the last 180 days; Fewer than three active months in the last twelve months
1399	CUST-01399	Philadelphia	PA	Organic Search	High Risk	90	1	Standard Intervention	480	1	142.79	No eligible purchase in more than 180 days; Only one eligible purchase; No eligible purchase in the last 180 days; Fewer than three active months in the last twelve months
3805	CUST-03805	Boston	MA	Social Media	High Risk	90	1	Standard Intervention	577	1	141.40	No eligible purchase in more than 180 days; Only one eligible purchase; No eligible purchase in the last 180 days; Fewer than three active months in the last twelve months
3835	CUST-03835	Austin	TX	Paid Search	High Risk	90	1	Standard Intervention	622	1	135.01	No eligible purchase in more than 180 days; Only one eligible purchase; No eligible purchase in the last 180 days; Fewer than three active months in the last twelve months
3963	CUST-03963	San Antonio	TX	Direct	High Risk	90	1	Standard Intervention	581	1	134.10	No eligible purchase in more than 180 days; Only one eligible purchase; No eligible purchase in the last 180 days; Fewer than three active months in the last twelve months
5619	CUST-05619	Houston	TX	Email	High Risk	90	1	Standard Intervention	569	1	133.21	No eligible purchase in more than 180 days; Only one eligible purchase; No eligible purchase in the last 180 days; Fewer than three active months in the last twelve months
2496	CUST-02496	Denver	CO	Organic Search	High Risk	90	1	Standard Intervention	642	1	132.29	No eligible purchase in more than 180 days; Only one eligible purchase; No eligible purchase in the last 180 days; Fewer than three active months in the last twelve months
7081	CUST-07081	Atlanta	GA	Organic Search	High Risk	90	1	Standard Intervention	634	1	131.04	No eligible purchase in more than 180 days; Only one eligible purchase; No eligible purchase in the last 180 days; Fewer than three active months in the last twelve months
1121	CUST-01121	Portland	OR	Paid Search	High Risk	90	1	Standard Intervention	590	1	128.75	No eligible purchase in more than 180 days; Only one eligible purchase; No eligible purchase in the last 180 days; Fewer than three active months in the last twelve months
1694	CUST-01694	Dallas	TX	Organic Search	High Risk	90	1	Standard Intervention	359	1	122.70	No eligible purchase in more than 180 days; Only one eligible purchase; No eligible purchase in the last 180 days; Fewer than three active months in the last twelve months
287	CUST-00287	Philadelphia	PA	Paid Search	High Risk	90	1	Standard Intervention	650	1	119.00	No eligible purchase in more than 180 days; Only one eligible purchase; No eligible purchase in the last 180 days; Fewer than three active months in the last twelve months
7166	CUST-07166	Houston	TX	Social Media	High Risk	90	1	Standard Intervention	715	1	116.46	No eligible purchase in more than 180 days; Only one eligible purchase; No eligible purchase in the last 180 days; Fewer than three active months in the last twelve months
4850	CUST-04850	Los Angeles	CA	Social Media	High Risk	90	1	Standard Intervention	637	1	115.71	No eligible purchase in more than 180 days; Only one eligible purchase; No eligible purchase in the last 180 days; Fewer than three active months in the last twelve months
7579	CUST-07579	Portland	OR	Direct	High Risk	90	1	Standard Intervention	554	1	110.59	No eligible purchase in more than 180 days; Only one eligible purchase; No eligible purchase in the last 180 days; Fewer than three active months in the last twelve months
3976	CUST-03976	Chicago	IL	Social Media	High Risk	90	1	Standard Intervention	561	1	109.98	No eligible purchase in more than 180 days; Only one eligible purchase; No eligible purchase in the last 180 days; Fewer than three active months in the last twelve months
7616	CUST-07616	Chicago	IL	Direct	High Risk	90	1	Standard Intervention	206	1	109.94	No eligible purchase in more than 180 days; Only one eligible purchase; No eligible purchase in the last 180 days; Fewer than three active months in the last twelve months
3148	CUST-03148	Miami	FL	Organic Search	High Risk	90	1	Standard Intervention	678	1	109.78	No eligible purchase in more than 180 days; Only one eligible purchase; No eligible purchase in the last 180 days; Fewer than three active months in the last twelve months
7231	CUST-07231	Houston	TX	Email	High Risk	90	1	Standard Intervention	638	1	108.98	No eligible purchase in more than 180 days; Only one eligible purchase; No eligible purchase in the last 180 days; Fewer than three active months in the last twelve months
6998	CUST-06998	Charlotte	NC	Social Media	High Risk	90	1	Standard Intervention	702	1	106.50	No eligible purchase in more than 180 days; Only one eligible purchase; No eligible purchase in the last 180 days; Fewer than three active months in the last twelve months
2375	CUST-02375	Chicago	IL	Social Media	High Risk	90	1	Standard Intervention	643	1	100.54	No eligible purchase in more than 180 days; Only one eligible purchase; No eligible purchase in the last 180 days; Fewer than three active months in the last twelve months
4106	CUST-04106	Seattle	WA	Social Media	High Risk	90	1	Standard Intervention	695	1	99.91	No eligible purchase in more than 180 days; Only one eligible purchase; No eligible purchase in the last 180 days; Fewer than three active months in the last twelve months
2164	CUST-02164	Austin	TX	Social Media	High Risk	90	1	Standard Intervention	566	1	99.24	No eligible purchase in more than 180 days; Only one eligible purchase; No eligible purchase in the last 180 days; Fewer than three active months in the last twelve months
6035	CUST-06035	Austin	TX	Organic Search	High Risk	90	1	Standard Intervention	609	1	98.40	No eligible purchase in more than 180 days; Only one eligible purchase; No eligible purchase in the last 180 days; Fewer than three active months in the last twelve months
3714	CUST-03714	Dallas	TX	Organic Search	High Risk	90	1	Standard Intervention	593	1	96.93	No eligible purchase in more than 180 days; Only one eligible purchase; No eligible purchase in the last 180 days; Fewer than three active months in the last twelve months
4932	CUST-04932	Los Angeles	CA	Organic Search	High Risk	90	1	Standard Intervention	581	1	95.51	No eligible purchase in more than 180 days; Only one eligible purchase; No eligible purchase in the last 180 days; Fewer than three active months in the last twelve months
7602	CUST-07602	Atlanta	GA	Organic Search	High Risk	90	1	Standard Intervention	730	1	95.42	No eligible purchase in more than 180 days; Only one eligible purchase; No eligible purchase in the last 180 days; Fewer than three active months in the last twelve months
4307	CUST-04307	Los Angeles	CA	Direct	High Risk	90	1	Standard Intervention	715	1	93.99	No eligible purchase in more than 180 days; Only one eligible purchase; No eligible purchase in the last 180 days; Fewer than three active months in the last twelve months
455	CUST-00455	New York	NY	Direct	High Risk	90	1	Standard Intervention	694	1	93.25	No eligible purchase in more than 180 days; Only one eligible purchase; No eligible purchase in the last 180 days; Fewer than three active months in the last twelve months
6117	CUST-06117	New York	NY	Email	High Risk	90	1	Standard Intervention	592	1	92.46	No eligible purchase in more than 180 days; Only one eligible purchase; No eligible purchase in the last 180 days; Fewer than three active months in the last twelve months
1885	CUST-01885	Dallas	TX	Direct	High Risk	90	1	Standard Intervention	574	1	92.26	No eligible purchase in more than 180 days; Only one eligible purchase; No eligible purchase in the last 180 days; Fewer than three active months in the last twelve months
7286	CUST-07286	Chicago	IL	Organic Search	High Risk	90	1	Standard Intervention	581	1	91.96	No eligible purchase in more than 180 days; Only one eligible purchase; No eligible purchase in the last 180 days; Fewer than three active months in the last twelve months
6481	CUST-06481	Los Angeles	CA	Referral	High Risk	90	1	Standard Intervention	690	1	88.33	No eligible purchase in more than 180 days; Only one eligible purchase; No eligible purchase in the last 180 days; Fewer than three active months in the last twelve months
3168	CUST-03168	Charlotte	NC	Direct	High Risk	90	1	Standard Intervention	565	1	86.61	No eligible purchase in more than 180 days; Only one eligible purchase; No eligible purchase in the last 180 days; Fewer than three active months in the last twelve months
2540	CUST-02540	Denver	CO	Email	High Risk	90	1	Standard Intervention	683	1	82.28	No eligible purchase in more than 180 days; Only one eligible purchase; No eligible purchase in the last 180 days; Fewer than three active months in the last twelve months
1021	CUST-01021	Los Angeles	CA	Social Media	High Risk	90	1	Standard Intervention	477	1	81.78	No eligible purchase in more than 180 days; Only one eligible purchase; No eligible purchase in the last 180 days; Fewer than three active months in the last twelve months
1816	CUST-01816	Fort Worth	TX	Paid Search	High Risk	90	1	Standard Intervention	584	1	78.30	No eligible purchase in more than 180 days; Only one eligible purchase; No eligible purchase in the last 180 days; Fewer than three active months in the last twelve months
708	CUST-00708	Charlotte	NC	Email	High Risk	90	1	Standard Intervention	453	1	74.26	No eligible purchase in more than 180 days; Only one eligible purchase; No eligible purchase in the last 180 days; Fewer than three active months in the last twelve months
4485	CUST-04485	Houston	TX	Social Media	High Risk	90	1	Standard Intervention	227	1	73.79	No eligible purchase in more than 180 days; Only one eligible purchase; No eligible purchase in the last 180 days; Fewer than three active months in the last twelve months
2281	CUST-02281	Boston	MA	Paid Search	High Risk	90	1	Standard Intervention	590	1	73.62	No eligible purchase in more than 180 days; Only one eligible purchase; No eligible purchase in the last 180 days; Fewer than three active months in the last twelve months
3633	CUST-03633	Austin	TX	Direct	High Risk	90	1	Standard Intervention	669	1	73.36	No eligible purchase in more than 180 days; Only one eligible purchase; No eligible purchase in the last 180 days; Fewer than three active months in the last twelve months
5362	CUST-05362	Atlanta	GA	Paid Search	High Risk	90	1	Standard Intervention	364	1	72.30	No eligible purchase in more than 180 days; Only one eligible purchase; No eligible purchase in the last 180 days; Fewer than three active months in the last twelve months
6913	CUST-06913	Philadelphia	PA	Social Media	High Risk	90	1	Standard Intervention	583	1	66.60	No eligible purchase in more than 180 days; Only one eligible purchase; No eligible purchase in the last 180 days; Fewer than three active months in the last twelve months
4102	CUST-04102	Atlanta	GA	Social Media	High Risk	90	1	Standard Intervention	569	1	65.99	No eligible purchase in more than 180 days; Only one eligible purchase; No eligible purchase in the last 180 days; Fewer than three active months in the last twelve months
663	CUST-00663	Charlotte	NC	Social Media	High Risk	90	1	Standard Intervention	710	1	65.72	No eligible purchase in more than 180 days; Only one eligible purchase; No eligible purchase in the last 180 days; Fewer than three active months in the last twelve months
6518	CUST-06518	San Diego	CA	Organic Search	High Risk	90	1	Standard Intervention	607	1	64.70	No eligible purchase in more than 180 days; Only one eligible purchase; No eligible purchase in the last 180 days; Fewer than three active months in the last twelve months
5972	CUST-05972	Columbus	OH	Direct	High Risk	90	1	Standard Intervention	617	1	62.58	No eligible purchase in more than 180 days; Only one eligible purchase; No eligible purchase in the last 180 days; Fewer than three active months in the last twelve months
730	CUST-00730	Philadelphia	PA	Organic Search	High Risk	90	1	Standard Intervention	644	1	61.78	No eligible purchase in more than 180 days; Only one eligible purchase; No eligible purchase in the last 180 days; Fewer than three active months in the last twelve months
5840	CUST-05840	Charlotte	NC	Social Media	High Risk	90	1	Standard Intervention	187	1	52.58	No eligible purchase in more than 180 days; Only one eligible purchase; No eligible purchase in the last 180 days; Fewer than three active months in the last twelve months
5165	CUST-05165	Boston	MA	Paid Search	High Risk	90	1	Standard Intervention	564	1	48.66	No eligible purchase in more than 180 days; Only one eligible purchase; No eligible purchase in the last 180 days; Fewer than three active months in the last twelve months
6402	CUST-06402	San Jose	CA	Direct	High Risk	90	1	Standard Intervention	614	1	48.57	No eligible purchase in more than 180 days; Only one eligible purchase; No eligible purchase in the last 180 days; Fewer than three active months in the last twelve months
3792	CUST-03792	Phoenix	AZ	Social Media	High Risk	90	1	Standard Intervention	216	1	45.98	No eligible purchase in more than 180 days; Only one eligible purchase; No eligible purchase in the last 180 days; Fewer than three active months in the last twelve months
7959	CUST-07959	San Jose	CA	Paid Search	High Risk	90	1	Standard Intervention	621	1	42.70	No eligible purchase in more than 180 days; Only one eligible purchase; No eligible purchase in the last 180 days; Fewer than three active months in the last twelve months
2091	CUST-02091	Jacksonville	FL	Paid Search	High Risk	90	1	Standard Intervention	653	1	36.66	No eligible purchase in more than 180 days; Only one eligible purchase; No eligible purchase in the last 180 days; Fewer than three active months in the last twelve months
5620	CUST-05620	Phoenix	AZ	Referral	High Risk	90	1	Standard Intervention	660	1	25.62	No eligible purchase in more than 180 days; Only one eligible purchase; No eligible purchase in the last 180 days; Fewer than three active months in the last twelve months
1273	CUST-01273	Chicago	IL	Social Media	High Risk	90	1	Standard Intervention	724	1	23.68	No eligible purchase in more than 180 days; Only one eligible purchase; No eligible purchase in the last 180 days; Fewer than three active months in the last twelve months
7446	CUST-07446	San Jose	CA	Email	High Risk	90	1	Standard Intervention	204	1	22.50	No eligible purchase in more than 180 days; Only one eligible purchase; No eligible purchase in the last 180 days; Fewer than three active months in the last twelve months
6713	CUST-06713	Charlotte	NC	Social Media	High Risk	90	1	Standard Intervention	188	1	21.72	No eligible purchase in more than 180 days; Only one eligible purchase; No eligible purchase in the last 180 days; Fewer than three active months in the last twelve months
6308	CUST-06308	Chicago	IL	Direct	High Risk	90	1	Standard Intervention	410	1	14.26	No eligible purchase in more than 180 days; Only one eligible purchase; No eligible purchase in the last 180 days; Fewer than three active months in the last twelve months
4755	CUST-04755	Denver	CO	Paid Search	High Risk	90	1	Standard Intervention	637	1	12.22	No eligible purchase in more than 180 days; Only one eligible purchase; No eligible purchase in the last 180 days; Fewer than three active months in the last twelve months
3614	CUST-03614	Dallas	TX	Social Media	High Risk	83	1	High Value Intervention	227	5	14203.14	No eligible purchase in more than 180 days; Overdue versus historical purchase cadence; No eligible purchase in the last 180 days
5886	CUST-05886	Philadelphia	PA	Referral	High Risk	83	1	High Value Intervention	273	5	11042.53	No eligible purchase in more than 180 days; Overdue versus historical purchase cadence; No eligible purchase in the last 180 days
1315	CUST-01315	Chicago	IL	Direct	High Risk	83	1	High Value Intervention	228	5	10053.07	No eligible purchase in more than 180 days; Overdue versus historical purchase cadence; No eligible purchase in the last 180 days; Fewer than three active months in the last twelve months
2101	CUST-02101	San Diego	CA	Paid Search	High Risk	83	1	Standard Intervention	325	5	7491.48	No eligible purchase in more than 180 days; Overdue versus historical purchase cadence; No eligible purchase in the last 180 days; Fewer than three active months in the last twelve months
3985	CUST-03985	Dallas	TX	Paid Search	High Risk	83	1	Standard Intervention	402	4	5503.08	No eligible purchase in more than 180 days; Overdue versus historical purchase cadence; No eligible purchase in the last 180 days; Fewer than three active months in the last twelve months
5007	CUST-05007	Philadelphia	PA	Organic Search	High Risk	83	1	Standard Intervention	190	5	3549.45	No eligible purchase in more than 180 days; Overdue versus historical purchase cadence; No eligible purchase in the last 180 days
3861	CUST-03861	Austin	TX	Paid Search	High Risk	83	1	Standard Intervention	227	4	2273.85	No eligible purchase in more than 180 days; Overdue versus historical purchase cadence; No eligible purchase in the last 180 days
2672	CUST-02672	San Antonio	TX	Organic Search	High Risk	82	1	High Value Intervention	240	2	11804.68	No eligible purchase in more than 180 days; Purchase cadence deterioration; No eligible purchase in the last 180 days; Fewer than three active months in the last twelve months
5995	CUST-05995	Dallas	TX	Direct	High Risk	82	1	High Value Intervention	206	2	8075.39	No eligible purchase in more than 180 days; Purchase cadence deterioration; No eligible purchase in the last 180 days; Fewer than three active months in the last twelve months
7239	CUST-07239	Columbus	OH	Direct	High Risk	82	1	Standard Intervention	372	2	6519.29	No eligible purchase in more than 180 days; Purchase cadence deterioration; No eligible purchase in the last 180 days; Fewer than three active months in the last twelve months
6666	CUST-06666	Chicago	IL	Organic Search	High Risk	82	1	Standard Intervention	327	2	6091.68	No eligible purchase in more than 180 days; Purchase cadence deterioration; No eligible purchase in the last 180 days; Fewer than three active months in the last twelve months
6981	CUST-06981	Washington	DC	Paid Search	High Risk	82	1	Standard Intervention	182	2	5769.06	No eligible purchase in more than 180 days; Purchase cadence deterioration; No eligible purchase in the last 180 days; Fewer than three active months in the last twelve months
7220	CUST-07220	Dallas	TX	Paid Search	High Risk	82	1	Standard Intervention	243	2	5348.12	No eligible purchase in more than 180 days; Purchase cadence deterioration; No eligible purchase in the last 180 days; Fewer than three active months in the last twelve months
4531	CUST-04531	Washington	DC	Organic Search	High Risk	82	1	Standard Intervention	318	2	4969.17	No eligible purchase in more than 180 days; Purchase cadence deterioration; No eligible purchase in the last 180 days; Fewer than three active months in the last twelve months
5230	CUST-05230	Charlotte	NC	Social Media	High Risk	82	1	Standard Intervention	234	2	4947.73	No eligible purchase in more than 180 days; Purchase cadence deterioration; No eligible purchase in the last 180 days; Fewer than three active months in the last twelve months
4322	CUST-04322	Boston	MA	Direct	High Risk	82	1	Standard Intervention	344	2	4848.34	No eligible purchase in more than 180 days; Purchase cadence deterioration; No eligible purchase in the last 180 days; Fewer than three active months in the last twelve months
1183	CUST-01183	Philadelphia	PA	Social Media	High Risk	82	1	Standard Intervention	219	2	4700.72	No eligible purchase in more than 180 days; Purchase cadence deterioration; No eligible purchase in the last 180 days; Fewer than three active months in the last twelve months
82	CUST-00082	Houston	TX	Organic Search	High Risk	82	1	Standard Intervention	238	2	4610.14	No eligible purchase in more than 180 days; Purchase cadence deterioration; No eligible purchase in the last 180 days; Fewer than three active months in the last twelve months
4747	CUST-04747	Phoenix	AZ	Organic Search	High Risk	82	1	Standard Intervention	359	2	4561.74	No eligible purchase in more than 180 days; Purchase cadence deterioration; No eligible purchase in the last 180 days; Fewer than three active months in the last twelve months
3274	CUST-03274	Chicago	IL	Email	High Risk	82	1	Standard Intervention	306	2	4296.83	No eligible purchase in more than 180 days; Purchase cadence deterioration; No eligible purchase in the last 180 days; Fewer than three active months in the last twelve months
5361	CUST-05361	Columbus	OH	Direct	High Risk	82	1	Standard Intervention	196	2	4221.18	No eligible purchase in more than 180 days; Purchase cadence deterioration; No eligible purchase in the last 180 days; Fewer than three active months in the last twelve months
4080	CUST-04080	San Antonio	TX	Organic Search	High Risk	82	1	Standard Intervention	452	2	4154.48	No eligible purchase in more than 180 days; Purchase cadence deterioration; No eligible purchase in the last 180 days; Fewer than three active months in the last twelve months
3928	CUST-03928	Charlotte	NC	Paid Search	High Risk	82	1	Standard Intervention	206	2	4151.27	No eligible purchase in more than 180 days; Purchase cadence deterioration; No eligible purchase in the last 180 days; Fewer than three active months in the last twelve months
6659	CUST-06659	Jacksonville	FL	Direct	High Risk	82	1	Standard Intervention	380	2	3773.75	No eligible purchase in more than 180 days; Purchase cadence deterioration; No eligible purchase in the last 180 days; Fewer than three active months in the last twelve months
7657	CUST-07657	Houston	TX	Organic Search	High Risk	82	1	Standard Intervention	287	2	3603.71	No eligible purchase in more than 180 days; Purchase cadence deterioration; No eligible purchase in the last 180 days; Fewer than three active months in the last twelve months
571	CUST-00571	Seattle	WA	Referral	High Risk	82	1	Standard Intervention	383	2	3562.58	No eligible purchase in more than 180 days; Purchase cadence deterioration; No eligible purchase in the last 180 days; Fewer than three active months in the last twelve months
6530	CUST-06530	Atlanta	GA	Referral	High Risk	82	1	Standard Intervention	313	2	3494.58	No eligible purchase in more than 180 days; Purchase cadence deterioration; No eligible purchase in the last 180 days; Fewer than three active months in the last twelve months
1134	CUST-01134	Seattle	WA	Social Media	High Risk	82	1	Standard Intervention	261	2	3473.43	No eligible purchase in more than 180 days; Purchase cadence deterioration; No eligible purchase in the last 180 days; Fewer than three active months in the last twelve months
6039	CUST-06039	Charlotte	NC	Direct	High Risk	82	1	Standard Intervention	243	2	3396.16	No eligible purchase in more than 180 days; Purchase cadence deterioration; No eligible purchase in the last 180 days; Fewer than three active months in the last twelve months
1217	CUST-01217	Washington	DC	Paid Search	High Risk	82	1	Standard Intervention	266	2	3285.85	No eligible purchase in more than 180 days; Purchase cadence deterioration; No eligible purchase in the last 180 days; Fewer than three active months in the last twelve months
4899	CUST-04899	Dallas	TX	Social Media	High Risk	82	1	Standard Intervention	318	2	3192.81	No eligible purchase in more than 180 days; Purchase cadence deterioration; No eligible purchase in the last 180 days; Fewer than three active months in the last twelve months
7795	CUST-07795	Atlanta	GA	Social Media	High Risk	82	1	Standard Intervention	194	2	3183.24	No eligible purchase in more than 180 days; Purchase cadence deterioration; No eligible purchase in the last 180 days; Fewer than three active months in the last twelve months
1550	CUST-01550	Atlanta	GA	Organic Search	High Risk	82	1	Standard Intervention	259	2	3004.07	No eligible purchase in more than 180 days; Purchase cadence deterioration; No eligible purchase in the last 180 days; Fewer than three active months in the last twelve months
4128	CUST-04128	Denver	CO	Paid Search	High Risk	82	1	Standard Intervention	191	2	2656.65	No eligible purchase in more than 180 days; Purchase cadence deterioration; No eligible purchase in the last 180 days; Fewer than three active months in the last twelve months
535	CUST-00535	Dallas	TX	Direct	High Risk	82	1	Standard Intervention	197	2	2600.47	No eligible purchase in more than 180 days; Purchase cadence deterioration; No eligible purchase in the last 180 days; Fewer than three active months in the last twelve months
5123	CUST-05123	San Diego	CA	Organic Search	High Risk	82	1	Standard Intervention	196	2	2336.66	No eligible purchase in more than 180 days; Purchase cadence deterioration; No eligible purchase in the last 180 days; Fewer than three active months in the last twelve months
5309	CUST-05309	Philadelphia	PA	Organic Search	High Risk	82	1	Standard Intervention	191	2	2317.34	No eligible purchase in more than 180 days; Purchase cadence deterioration; No eligible purchase in the last 180 days; Fewer than three active months in the last twelve months
3162	CUST-03162	Seattle	WA	Email	High Risk	82	1	Standard Intervention	331	2	2269.57	No eligible purchase in more than 180 days; Purchase cadence deterioration; No eligible purchase in the last 180 days; Fewer than three active months in the last twelve months
1339	CUST-01339	Denver	CO	Paid Search	High Risk	82	1	Standard Intervention	370	2	2261.35	No eligible purchase in more than 180 days; Purchase cadence deterioration; No eligible purchase in the last 180 days; Fewer than three active months in the last twelve months
966	CUST-00966	Las Vegas	NV	Social Media	High Risk	82	1	Standard Intervention	348	2	2258.50	No eligible purchase in more than 180 days; Purchase cadence deterioration; No eligible purchase in the last 180 days; Fewer than three active months in the last twelve months
4048	CUST-04048	Austin	TX	Social Media	High Risk	82	1	Standard Intervention	187	2	2153.36	No eligible purchase in more than 180 days; Purchase cadence deterioration; No eligible purchase in the last 180 days; Fewer than three active months in the last twelve months
4312	CUST-04312	Charlotte	NC	Email	High Risk	82	1	Standard Intervention	209	2	2071.78	No eligible purchase in more than 180 days; Purchase cadence deterioration; No eligible purchase in the last 180 days; Fewer than three active months in the last twelve months
5103	CUST-05103	Portland	OR	Direct	High Risk	82	1	Standard Intervention	289	2	2033.25	No eligible purchase in more than 180 days; Purchase cadence deterioration; No eligible purchase in the last 180 days; Fewer than three active months in the last twelve months
261	CUST-00261	Washington	DC	Organic Search	High Risk	82	1	Standard Intervention	188	2	2021.99	No eligible purchase in more than 180 days; Purchase cadence deterioration; No eligible purchase in the last 180 days; Fewer than three active months in the last twelve months
959	CUST-00959	Charlotte	NC	Email	High Risk	82	1	Standard Intervention	318	2	1985.49	No eligible purchase in more than 180 days; Purchase cadence deterioration; No eligible purchase in the last 180 days; Fewer than three active months in the last twelve months
7831	CUST-07831	Philadelphia	PA	Paid Search	High Risk	82	1	Standard Intervention	243	2	1835.87	No eligible purchase in more than 180 days; Purchase cadence deterioration; No eligible purchase in the last 180 days; Fewer than three active months in the last twelve months
1515	CUST-01515	Philadelphia	PA	Social Media	High Risk	82	1	Standard Intervention	214	2	1830.93	No eligible purchase in more than 180 days; Purchase cadence deterioration; No eligible purchase in the last 180 days; Fewer than three active months in the last twelve months
5465	CUST-05465	San Diego	CA	Organic Search	High Risk	82	1	Standard Intervention	349	2	1772.86	No eligible purchase in more than 180 days; Purchase cadence deterioration; No eligible purchase in the last 180 days; Fewer than three active months in the last twelve months
4942	CUST-04942	San Jose	CA	Social Media	High Risk	82	1	Standard Intervention	198	2	1748.33	No eligible purchase in more than 180 days; Purchase cadence deterioration; No eligible purchase in the last 180 days; Fewer than three active months in the last twelve months
3412	CUST-03412	Houston	TX	Paid Search	High Risk	82	1	Standard Intervention	439	2	1646.61	No eligible purchase in more than 180 days; Purchase cadence deterioration; No eligible purchase in the last 180 days; Fewer than three active months in the last twelve months
7636	CUST-07636	Boston	MA	Email	High Risk	82	1	Standard Intervention	189	2	1619.01	No eligible purchase in more than 180 days; Purchase cadence deterioration; No eligible purchase in the last 180 days; Fewer than three active months in the last twelve months
7140	CUST-07140	Seattle	WA	Organic Search	High Risk	82	1	Standard Intervention	259	2	1584.10	No eligible purchase in more than 180 days; Purchase cadence deterioration; No eligible purchase in the last 180 days; Fewer than three active months in the last twelve months
7066	CUST-07066	Denver	CO	Email	High Risk	82	1	Standard Intervention	221	2	1515.65	No eligible purchase in more than 180 days; Purchase cadence deterioration; No eligible purchase in the last 180 days; Fewer than three active months in the last twelve months
393	CUST-00393	Nashville	TN	Organic Search	High Risk	82	1	Standard Intervention	227	2	1494.03	No eligible purchase in more than 180 days; Purchase cadence deterioration; No eligible purchase in the last 180 days; Fewer than three active months in the last twelve months
891	CUST-00891	New York	NY	Social Media	High Risk	82	1	Standard Intervention	454	2	1325.63	No eligible purchase in more than 180 days; Purchase cadence deterioration; No eligible purchase in the last 180 days; Fewer than three active months in the last twelve months
2803	CUST-02803	Las Vegas	NV	Paid Search	High Risk	82	1	Standard Intervention	247	2	1178.91	No eligible purchase in more than 180 days; Purchase cadence deterioration; No eligible purchase in the last 180 days; Fewer than three active months in the last twelve months
7428	CUST-07428	Dallas	TX	Paid Search	High Risk	82	1	Standard Intervention	280	2	1114.56	No eligible purchase in more than 180 days; Purchase cadence deterioration; No eligible purchase in the last 180 days; Fewer than three active months in the last twelve months
6500	CUST-06500	Los Angeles	CA	Email	High Risk	82	1	Standard Intervention	304	2	1094.72	No eligible purchase in more than 180 days; Purchase cadence deterioration; No eligible purchase in the last 180 days; Fewer than three active months in the last twelve months
5021	CUST-05021	San Antonio	TX	Email	High Risk	82	1	Standard Intervention	190	2	1054.26	No eligible purchase in more than 180 days; Purchase cadence deterioration; No eligible purchase in the last 180 days; Fewer than three active months in the last twelve months
7903	CUST-07903	New York	NY	Paid Search	High Risk	82	1	Standard Intervention	187	2	1016.88	No eligible purchase in more than 180 days; Purchase cadence deterioration; No eligible purchase in the last 180 days; Fewer than three active months in the last twelve months
7353	CUST-07353	Los Angeles	CA	Organic Search	High Risk	82	1	Standard Intervention	370	2	958.00	No eligible purchase in more than 180 days; Purchase cadence deterioration; No eligible purchase in the last 180 days; Fewer than three active months in the last twelve months
4519	CUST-04519	Las Vegas	NV	Social Media	High Risk	82	1	Standard Intervention	239	2	930.16	No eligible purchase in more than 180 days; Purchase cadence deterioration; No eligible purchase in the last 180 days; Fewer than three active months in the last twelve months
2964	CUST-02964	Las Vegas	NV	Paid Search	High Risk	82	1	Standard Intervention	223	2	820.02	No eligible purchase in more than 180 days; Purchase cadence deterioration; No eligible purchase in the last 180 days; Fewer than three active months in the last twelve months
880	CUST-00880	Los Angeles	CA	Direct	High Risk	82	1	Standard Intervention	232	2	813.32	No eligible purchase in more than 180 days; Purchase cadence deterioration; No eligible purchase in the last 180 days; Fewer than three active months in the last twelve months
4992	CUST-04992	Seattle	WA	Email	High Risk	82	1	Standard Intervention	245	2	807.21	No eligible purchase in more than 180 days; Purchase cadence deterioration; No eligible purchase in the last 180 days; Fewer than three active months in the last twelve months
582	CUST-00582	Jacksonville	FL	Direct	High Risk	82	1	Standard Intervention	433	2	758.25	No eligible purchase in more than 180 days; Purchase cadence deterioration; No eligible purchase in the last 180 days; Fewer than three active months in the last twelve months
7174	CUST-07174	Chicago	IL	Paid Search	High Risk	82	1	Standard Intervention	254	2	647.08	No eligible purchase in more than 180 days; Purchase cadence deterioration; No eligible purchase in the last 180 days; Fewer than three active months in the last twelve months
6026	CUST-06026	Houston	TX	Social Media	High Risk	82	1	Standard Intervention	214	2	640.85	No eligible purchase in more than 180 days; Purchase cadence deterioration; No eligible purchase in the last 180 days; Fewer than three active months in the last twelve months
4833	CUST-04833	San Jose	CA	Social Media	High Risk	82	1	Standard Intervention	252	2	446.62	No eligible purchase in more than 180 days; Purchase cadence deterioration; No eligible purchase in the last 180 days; Fewer than three active months in the last twelve months
5490	CUST-05490	Dallas	TX	Referral	High Risk	81	0	Standard Intervention	180	2	2189.24	No eligible purchase in more than 90 days; Overdue versus historical purchase cadence; No eligible purchase in the last 180 days; Fewer than three active months in the last twelve months
4267	CUST-04267	Houston	TX	Referral	High Risk	80	0	Standard Intervention	180	1	1240.21	No eligible purchase in more than 90 days; Only one eligible purchase; No eligible purchase in the last 180 days; Fewer than three active months in the last twelve months
762	CUST-00762	New York	NY	Paid Search	High Risk	80	0	Standard Intervention	180	1	622.49	No eligible purchase in more than 90 days; Only one eligible purchase; No eligible purchase in the last 180 days; Fewer than three active months in the last twelve months
4441	CUST-04441	Charlotte	NC	Email	High Risk	77	0	High Value Intervention	167	2	8179.03	No eligible purchase in more than 90 days; Overdue versus historical purchase cadence; Fewer than three active months in the last twelve months
6408	CUST-06408	San Diego	CA	Referral	High Risk	77	0	Standard Intervention	159	2	7713.26	No eligible purchase in more than 90 days; Overdue versus historical purchase cadence; Fewer than three active months in the last twelve months
4334	CUST-04334	New York	NY	Email	High Risk	77	0	Standard Intervention	154	2	5854.62	No eligible purchase in more than 90 days; Overdue versus historical purchase cadence; Fewer than three active months in the last twelve months
260	CUST-00260	Seattle	WA	Referral	High Risk	77	0	Standard Intervention	172	2	5643.36	No eligible purchase in more than 90 days; Overdue versus historical purchase cadence; Fewer than three active months in the last twelve months
1714	CUST-01714	New York	NY	Paid Search	High Risk	77	0	Standard Intervention	149	2	5547.32	No eligible purchase in more than 90 days; Overdue versus historical purchase cadence; Fewer than three active months in the last twelve months
2296	CUST-02296	Houston	TX	Paid Search	High Risk	77	0	Standard Intervention	162	2	5449.62	No eligible purchase in more than 90 days; Overdue versus historical purchase cadence; Fewer than three active months in the last twelve months
7681	CUST-07681	Philadelphia	PA	Email	High Risk	77	0	Standard Intervention	167	2	4739.96	No eligible purchase in more than 90 days; Overdue versus historical purchase cadence; Fewer than three active months in the last twelve months
3003	CUST-03003	Columbus	OH	Social Media	High Risk	77	0	Standard Intervention	150	2	4664.95	No eligible purchase in more than 90 days; Overdue versus historical purchase cadence; Fewer than three active months in the last twelve months
3573	CUST-03573	Los Angeles	CA	Organic Search	High Risk	77	0	Standard Intervention	177	2	4552.78	No eligible purchase in more than 90 days; Overdue versus historical purchase cadence; Fewer than three active months in the last twelve months
1200	CUST-01200	San Antonio	TX	Organic Search	High Risk	77	0	Standard Intervention	155	2	4222.21	No eligible purchase in more than 90 days; Overdue versus historical purchase cadence; Fewer than three active months in the last twelve months
307	CUST-00307	Boston	MA	Organic Search	High Risk	77	0	Standard Intervention	164	2	4116.06	No eligible purchase in more than 90 days; Overdue versus historical purchase cadence; Fewer than three active months in the last twelve months
1448	CUST-01448	Columbus	OH	Referral	High Risk	77	0	Standard Intervention	176	2	3862.88	No eligible purchase in more than 90 days; Overdue versus historical purchase cadence; Fewer than three active months in the last twelve months
7437	CUST-07437	New York	NY	Direct	High Risk	77	0	Standard Intervention	170	2	3716.58	No eligible purchase in more than 90 days; Overdue versus historical purchase cadence; Fewer than three active months in the last twelve months
4356	CUST-04356	Denver	CO	Paid Search	High Risk	77	0	Standard Intervention	177	2	3628.39	No eligible purchase in more than 90 days; Overdue versus historical purchase cadence; Fewer than three active months in the last twelve months
4386	CUST-04386	San Jose	CA	Email	High Risk	77	0	Standard Intervention	155	2	3605.80	No eligible purchase in more than 90 days; Overdue versus historical purchase cadence; Fewer than three active months in the last twelve months
5113	CUST-05113	Charlotte	NC	Referral	High Risk	77	0	Standard Intervention	161	2	3492.98	No eligible purchase in more than 90 days; Overdue versus historical purchase cadence; Fewer than three active months in the last twelve months
4624	CUST-04624	Charlotte	NC	Referral	High Risk	77	0	Standard Intervention	171	2	3469.05	No eligible purchase in more than 90 days; Overdue versus historical purchase cadence; Fewer than three active months in the last twelve months
7890	CUST-07890	Columbus	OH	Direct	High Risk	77	0	Standard Intervention	170	2	3410.59	No eligible purchase in more than 90 days; Overdue versus historical purchase cadence; Fewer than three active months in the last twelve months
3480	CUST-03480	Fort Worth	TX	Email	High Risk	77	0	Standard Intervention	159	2	3381.28	No eligible purchase in more than 90 days; Overdue versus historical purchase cadence; Fewer than three active months in the last twelve months
2100	CUST-02100	Las Vegas	NV	Social Media	High Risk	77	0	Standard Intervention	171	2	3291.19	No eligible purchase in more than 90 days; Overdue versus historical purchase cadence; Fewer than three active months in the last twelve months
231	CUST-00231	Austin	TX	Paid Search	High Risk	77	0	Standard Intervention	170	2	3009.86	No eligible purchase in more than 90 days; Overdue versus historical purchase cadence; Fewer than three active months in the last twelve months
1264	CUST-01264	Boston	MA	Email	High Risk	77	0	Standard Intervention	168	2	2956.97	No eligible purchase in more than 90 days; Overdue versus historical purchase cadence; Fewer than three active months in the last twelve months
1074	CUST-01074	Denver	CO	Social Media	High Risk	77	0	Standard Intervention	163	2	2925.24	No eligible purchase in more than 90 days; Overdue versus historical purchase cadence; Fewer than three active months in the last twelve months
7006	CUST-07006	Denver	CO	Social Media	High Risk	77	0	Standard Intervention	177	2	2684.56	No eligible purchase in more than 90 days; Overdue versus historical purchase cadence; Fewer than three active months in the last twelve months
2523	CUST-02523	Las Vegas	NV	Organic Search	High Risk	77	0	Standard Intervention	164	2	2621.01	No eligible purchase in more than 90 days; Overdue versus historical purchase cadence; Fewer than three active months in the last twelve months
6846	CUST-06846	San Diego	CA	Direct	High Risk	77	0	Standard Intervention	163	2	2437.90	No eligible purchase in more than 90 days; Overdue versus historical purchase cadence; Fewer than three active months in the last twelve months
831	CUST-00831	Atlanta	GA	Social Media	High Risk	77	0	Standard Intervention	174	2	2390.32	No eligible purchase in more than 90 days; Overdue versus historical purchase cadence; Fewer than three active months in the last twelve months
7307	CUST-07307	Miami	FL	Paid Search	High Risk	77	0	Standard Intervention	153	2	2340.20	No eligible purchase in more than 90 days; Overdue versus historical purchase cadence; Fewer than three active months in the last twelve months
6395	CUST-06395	New York	NY	Email	High Risk	77	0	Standard Intervention	165	2	2319.56	No eligible purchase in more than 90 days; Overdue versus historical purchase cadence; Fewer than three active months in the last twelve months
5228	CUST-05228	Fort Worth	TX	Social Media	High Risk	77	0	Standard Intervention	162	2	2191.56	No eligible purchase in more than 90 days; Overdue versus historical purchase cadence; Fewer than three active months in the last twelve months
84	CUST-00084	Philadelphia	PA	Organic Search	High Risk	77	0	Standard Intervention	173	2	2177.14	No eligible purchase in more than 90 days; Overdue versus historical purchase cadence; Fewer than three active months in the last twelve months
906	CUST-00906	Miami	FL	Social Media	High Risk	77	0	Standard Intervention	175	2	2122.88	No eligible purchase in more than 90 days; Overdue versus historical purchase cadence; Fewer than three active months in the last twelve months
884	CUST-00884	Phoenix	AZ	Organic Search	High Risk	77	0	Standard Intervention	150	2	2111.00	No eligible purchase in more than 90 days; Overdue versus historical purchase cadence; Fewer than three active months in the last twelve months
2003	CUST-02003	Fort Worth	TX	Social Media	High Risk	77	0	Standard Intervention	176	2	2074.82	No eligible purchase in more than 90 days; Overdue versus historical purchase cadence; Fewer than three active months in the last twelve months
6238	CUST-06238	San Antonio	TX	Paid Search	High Risk	77	0	Standard Intervention	151	2	1876.70	No eligible purchase in more than 90 days; Overdue versus historical purchase cadence; Fewer than three active months in the last twelve months
2702	CUST-02702	Austin	TX	Organic Search	High Risk	77	0	Standard Intervention	159	2	1837.86	No eligible purchase in more than 90 days; Overdue versus historical purchase cadence; Fewer than three active months in the last twelve months
133	CUST-00133	Austin	TX	Organic Search	High Risk	77	0	Standard Intervention	168	2	1807.04	No eligible purchase in more than 90 days; Overdue versus historical purchase cadence; Fewer than three active months in the last twelve months
2660	CUST-02660	Philadelphia	PA	Direct	High Risk	77	0	Standard Intervention	168	2	1765.34	No eligible purchase in more than 90 days; Overdue versus historical purchase cadence; Fewer than three active months in the last twelve months
4769	CUST-04769	Charlotte	NC	Referral	High Risk	77	0	Standard Intervention	164	2	1703.97	No eligible purchase in more than 90 days; Overdue versus historical purchase cadence; Fewer than three active months in the last twelve months
3631	CUST-03631	Philadelphia	PA	Direct	High Risk	77	0	Standard Intervention	164	2	1703.73	No eligible purchase in more than 90 days; Overdue versus historical purchase cadence; Fewer than three active months in the last twelve months
2381	CUST-02381	Austin	TX	Social Media	High Risk	77	0	Standard Intervention	164	2	1694.75	No eligible purchase in more than 90 days; Overdue versus historical purchase cadence; Fewer than three active months in the last twelve months
1860	CUST-01860	Charlotte	NC	Direct	High Risk	77	0	Standard Intervention	172	2	1678.10	No eligible purchase in more than 90 days; Overdue versus historical purchase cadence; Fewer than three active months in the last twelve months
252	CUST-00252	New York	NY	Social Media	High Risk	77	0	Standard Intervention	172	2	1619.67	No eligible purchase in more than 90 days; Overdue versus historical purchase cadence; Fewer than three active months in the last twelve months
4122	CUST-04122	Fort Worth	TX	Paid Search	High Risk	77	0	Standard Intervention	178	2	1521.25	No eligible purchase in more than 90 days; Overdue versus historical purchase cadence; Fewer than three active months in the last twelve months
214	CUST-00214	Denver	CO	Social Media	High Risk	77	0	Standard Intervention	172	2	1485.69	No eligible purchase in more than 90 days; Overdue versus historical purchase cadence; Fewer than three active months in the last twelve months
6924	CUST-06924	New York	NY	Social Media	High Risk	77	0	Standard Intervention	157	2	1262.73	No eligible purchase in more than 90 days; Overdue versus historical purchase cadence; Fewer than three active months in the last twelve months
6461	CUST-06461	Atlanta	GA	Referral	High Risk	77	0	Standard Intervention	172	2	1038.11	No eligible purchase in more than 90 days; Overdue versus historical purchase cadence; Fewer than three active months in the last twelve months
5993	CUST-05993	Phoenix	AZ	Referral	High Risk	77	0	Standard Intervention	174	2	1016.75	No eligible purchase in more than 90 days; Overdue versus historical purchase cadence; Fewer than three active months in the last twelve months
7853	CUST-07853	Charlotte	NC	Social Media	High Risk	77	0	Standard Intervention	167	2	988.89	No eligible purchase in more than 90 days; Overdue versus historical purchase cadence; Fewer than three active months in the last twelve months
6195	CUST-06195	Dallas	TX	Social Media	High Risk	77	0	Standard Intervention	162	2	830.12	No eligible purchase in more than 90 days; Overdue versus historical purchase cadence; Fewer than three active months in the last twelve months
7633	CUST-07633	New York	NY	Email	High Risk	77	0	Standard Intervention	171	2	828.93	No eligible purchase in more than 90 days; Overdue versus historical purchase cadence; Fewer than three active months in the last twelve months
1120	CUST-01120	Boston	MA	Direct	High Risk	76	0	High Value Intervention	98	1	9060.45	No eligible purchase in more than 90 days; Only one eligible purchase; Fewer than three active months in the last twelve months
5075	CUST-05075	Fort Worth	TX	Social Media	High Risk	76	0	Standard Intervention	135	1	7021.02	No eligible purchase in more than 90 days; Only one eligible purchase; Fewer than three active months in the last twelve months
2341	CUST-02341	Philadelphia	PA	Social Media	High Risk	76	0	Standard Intervention	112	1	6320.65	No eligible purchase in more than 90 days; Only one eligible purchase; Fewer than three active months in the last twelve months
2870	CUST-02870	Jacksonville	FL	Organic Search	High Risk	76	0	Standard Intervention	129	1	6149.17	No eligible purchase in more than 90 days; Only one eligible purchase; Fewer than three active months in the last twelve months
6660	CUST-06660	Washington	DC	Email	High Risk	76	0	Standard Intervention	115	1	6139.05	No eligible purchase in more than 90 days; Only one eligible purchase; Fewer than three active months in the last twelve months
421	CUST-00421	Columbus	OH	Paid Search	High Risk	76	0	Standard Intervention	131	1	5102.05	No eligible purchase in more than 90 days; Only one eligible purchase; Fewer than three active months in the last twelve months
6723	CUST-06723	Los Angeles	CA	Email	High Risk	76	0	Standard Intervention	174	1	4925.44	No eligible purchase in more than 90 days; Only one eligible purchase; Fewer than three active months in the last twelve months
7411	CUST-07411	New York	NY	Paid Search	High Risk	76	0	Standard Intervention	161	1	4859.66	No eligible purchase in more than 90 days; Only one eligible purchase; Fewer than three active months in the last twelve months
4744	CUST-04744	New York	NY	Paid Search	High Risk	76	0	Standard Intervention	103	1	4845.96	No eligible purchase in more than 90 days; Only one eligible purchase; Fewer than three active months in the last twelve months
7067	CUST-07067	Houston	TX	Social Media	High Risk	76	0	Standard Intervention	159	1	4411.84	No eligible purchase in more than 90 days; Only one eligible purchase; Fewer than three active months in the last twelve months
539	CUST-00539	Phoenix	AZ	Email	High Risk	76	0	Standard Intervention	114	1	4306.59	No eligible purchase in more than 90 days; Only one eligible purchase; Fewer than three active months in the last twelve months
658	CUST-00658	Las Vegas	NV	Direct	High Risk	76	0	Standard Intervention	96	1	4246.75	No eligible purchase in more than 90 days; Only one eligible purchase; Fewer than three active months in the last twelve months
4536	CUST-04536	Nashville	TN	Direct	High Risk	76	0	Standard Intervention	133	1	4103.41	No eligible purchase in more than 90 days; Only one eligible purchase; Fewer than three active months in the last twelve months
1351	CUST-01351	Philadelphia	PA	Social Media	High Risk	76	0	Standard Intervention	99	1	4065.21	No eligible purchase in more than 90 days; Only one eligible purchase; Fewer than three active months in the last twelve months
4970	CUST-04970	Los Angeles	CA	Social Media	High Risk	76	0	Standard Intervention	144	1	3844.44	No eligible purchase in more than 90 days; Only one eligible purchase; Fewer than three active months in the last twelve months
6298	CUST-06298	Atlanta	GA	Organic Search	High Risk	76	0	Standard Intervention	150	1	3743.83	No eligible purchase in more than 90 days; Only one eligible purchase; Fewer than three active months in the last twelve months
2035	CUST-02035	Chicago	IL	Social Media	High Risk	76	0	Standard Intervention	137	1	3676.86	No eligible purchase in more than 90 days; Only one eligible purchase; Fewer than three active months in the last twelve months
2374	CUST-02374	San Jose	CA	Organic Search	High Risk	76	0	Standard Intervention	114	1	3612.06	No eligible purchase in more than 90 days; Only one eligible purchase; Fewer than three active months in the last twelve months
1284	CUST-01284	San Diego	CA	Email	High Risk	76	0	Standard Intervention	99	1	3606.15	No eligible purchase in more than 90 days; Only one eligible purchase; Fewer than three active months in the last twelve months
5341	CUST-05341	Seattle	WA	Direct	High Risk	76	0	Standard Intervention	105	1	3535.39	No eligible purchase in more than 90 days; Only one eligible purchase; Fewer than three active months in the last twelve months
2470	CUST-02470	Houston	TX	Social Media	High Risk	76	0	Standard Intervention	103	1	3449.83	No eligible purchase in more than 90 days; Only one eligible purchase; Fewer than three active months in the last twelve months
3325	CUST-03325	Portland	OR	Organic Search	High Risk	76	0	Standard Intervention	173	1	3346.94	No eligible purchase in more than 90 days; Only one eligible purchase; Fewer than three active months in the last twelve months
6253	CUST-06253	Washington	DC	Direct	High Risk	76	0	Standard Intervention	121	1	3248.14	No eligible purchase in more than 90 days; Only one eligible purchase; Fewer than three active months in the last twelve months
7460	CUST-07460	Seattle	WA	Social Media	High Risk	76	0	Standard Intervention	115	1	3189.24	No eligible purchase in more than 90 days; Only one eligible purchase; Fewer than three active months in the last twelve months
550	CUST-00550	Portland	OR	Direct	High Risk	76	0	Standard Intervention	108	1	3177.72	No eligible purchase in more than 90 days; Only one eligible purchase; Fewer than three active months in the last twelve months
5325	CUST-05325	Houston	TX	Referral	High Risk	76	0	Standard Intervention	122	1	3082.24	No eligible purchase in more than 90 days; Only one eligible purchase; Fewer than three active months in the last twelve months
7046	CUST-07046	Los Angeles	CA	Direct	High Risk	76	0	Standard Intervention	96	1	3015.91	No eligible purchase in more than 90 days; Only one eligible purchase; Fewer than three active months in the last twelve months
3807	CUST-03807	Los Angeles	CA	Direct	High Risk	76	0	Standard Intervention	145	1	3002.65	No eligible purchase in more than 90 days; Only one eligible purchase; Fewer than three active months in the last twelve months
1119	CUST-01119	Washington	DC	Organic Search	High Risk	76	0	Standard Intervention	166	1	2985.60	No eligible purchase in more than 90 days; Only one eligible purchase; Fewer than three active months in the last twelve months
7386	CUST-07386	Philadelphia	PA	Paid Search	High Risk	76	0	Standard Intervention	111	1	2978.57	No eligible purchase in more than 90 days; Only one eligible purchase; Fewer than three active months in the last twelve months
5471	CUST-05471	New York	NY	Organic Search	High Risk	76	0	Standard Intervention	119	1	2813.84	No eligible purchase in more than 90 days; Only one eligible purchase; Fewer than three active months in the last twelve months
1941	CUST-01941	Phoenix	AZ	Social Media	High Risk	76	0	Standard Intervention	167	1	2812.13	No eligible purchase in more than 90 days; Only one eligible purchase; Fewer than three active months in the last twelve months
7199	CUST-07199	Denver	CO	Email	High Risk	76	0	Standard Intervention	120	1	2780.84	No eligible purchase in more than 90 days; Only one eligible purchase; Fewer than three active months in the last twelve months
5833	CUST-05833	San Jose	CA	Referral	High Risk	76	0	Standard Intervention	135	1	2762.07	No eligible purchase in more than 90 days; Only one eligible purchase; Fewer than three active months in the last twelve months
827	CUST-00827	Atlanta	GA	Paid Search	High Risk	76	0	Standard Intervention	105	1	2671.44	No eligible purchase in more than 90 days; Only one eligible purchase; Fewer than three active months in the last twelve months
3101	CUST-03101	Phoenix	AZ	Email	High Risk	76	0	Standard Intervention	137	1	2595.52	No eligible purchase in more than 90 days; Only one eligible purchase; Fewer than three active months in the last twelve months
6613	CUST-06613	Denver	CO	Email	High Risk	76	0	Standard Intervention	126	1	2535.68	No eligible purchase in more than 90 days; Only one eligible purchase; Fewer than three active months in the last twelve months
2175	CUST-02175	Miami	FL	Paid Search	High Risk	76	0	Standard Intervention	136	1	2491.58	No eligible purchase in more than 90 days; Only one eligible purchase; Fewer than three active months in the last twelve months
2116	CUST-02116	Philadelphia	PA	Referral	High Risk	76	0	Standard Intervention	144	1	2481.55	No eligible purchase in more than 90 days; Only one eligible purchase; Fewer than three active months in the last twelve months
5321	CUST-05321	Columbus	OH	Email	High Risk	76	0	Standard Intervention	146	1	2448.64	No eligible purchase in more than 90 days; Only one eligible purchase; Fewer than three active months in the last twelve months
5375	CUST-05375	Houston	TX	Email	High Risk	76	0	Standard Intervention	108	1	2438.17	No eligible purchase in more than 90 days; Only one eligible purchase; Fewer than three active months in the last twelve months
5578	CUST-05578	Austin	TX	Direct	High Risk	76	0	Standard Intervention	130	1	2428.43	No eligible purchase in more than 90 days; Only one eligible purchase; Fewer than three active months in the last twelve months
6676	CUST-06676	Houston	TX	Organic Search	High Risk	76	0	Standard Intervention	107	1	2322.98	No eligible purchase in more than 90 days; Only one eligible purchase; Fewer than three active months in the last twelve months
682	CUST-00682	Boston	MA	Direct	High Risk	76	0	Standard Intervention	113	1	2314.31	No eligible purchase in more than 90 days; Only one eligible purchase; Fewer than three active months in the last twelve months
7444	CUST-07444	Charlotte	NC	Organic Search	High Risk	76	0	Standard Intervention	100	1	2207.70	No eligible purchase in more than 90 days; Only one eligible purchase; Fewer than three active months in the last twelve months
908	CUST-00908	Houston	TX	Paid Search	High Risk	76	0	Standard Intervention	127	1	2181.68	No eligible purchase in more than 90 days; Only one eligible purchase; Fewer than three active months in the last twelve months
1206	CUST-01206	Philadelphia	PA	Referral	High Risk	76	0	Standard Intervention	138	1	2120.00	No eligible purchase in more than 90 days; Only one eligible purchase; Fewer than three active months in the last twelve months
6270	CUST-06270	Fort Worth	TX	Organic Search	High Risk	76	0	Standard Intervention	131	1	2091.77	No eligible purchase in more than 90 days; Only one eligible purchase; Fewer than three active months in the last twelve months
3401	CUST-03401	Charlotte	NC	Referral	High Risk	76	0	Standard Intervention	158	1	2079.53	No eligible purchase in more than 90 days; Only one eligible purchase; Fewer than three active months in the last twelve months
1590	CUST-01590	Houston	TX	Social Media	High Risk	76	0	Standard Intervention	110	1	1963.00	No eligible purchase in more than 90 days; Only one eligible purchase; Fewer than three active months in the last twelve months
5528	CUST-05528	Las Vegas	NV	Referral	High Risk	76	0	Standard Intervention	124	1	1926.35	No eligible purchase in more than 90 days; Only one eligible purchase; Fewer than three active months in the last twelve months
7741	CUST-07741	New York	NY	Email	High Risk	76	0	Standard Intervention	112	1	1862.83	No eligible purchase in more than 90 days; Only one eligible purchase; Fewer than three active months in the last twelve months
2646	CUST-02646	New York	NY	Social Media	High Risk	76	0	Standard Intervention	109	1	1860.00	No eligible purchase in more than 90 days; Only one eligible purchase; Fewer than three active months in the last twelve months
6405	CUST-06405	Los Angeles	CA	Direct	High Risk	76	0	Standard Intervention	94	1	1858.25	No eligible purchase in more than 90 days; Only one eligible purchase; Fewer than three active months in the last twelve months
2246	CUST-02246	Seattle	WA	Referral	High Risk	76	0	Standard Intervention	143	1	1841.21	No eligible purchase in more than 90 days; Only one eligible purchase; Fewer than three active months in the last twelve months
2329	CUST-02329	Dallas	TX	Social Media	High Risk	76	0	Standard Intervention	152	1	1807.16	No eligible purchase in more than 90 days; Only one eligible purchase; Fewer than three active months in the last twelve months
1749	CUST-01749	Houston	TX	Organic Search	High Risk	76	0	Standard Intervention	124	1	1792.22	No eligible purchase in more than 90 days; Only one eligible purchase; Fewer than three active months in the last twelve months
1606	CUST-01606	Washington	DC	Direct	High Risk	76	0	Standard Intervention	168	1	1765.22	No eligible purchase in more than 90 days; Only one eligible purchase; Fewer than three active months in the last twelve months
3109	CUST-03109	San Diego	CA	Email	High Risk	76	0	Standard Intervention	96	1	1727.01	No eligible purchase in more than 90 days; Only one eligible purchase; Fewer than three active months in the last twelve months
5373	CUST-05373	Las Vegas	NV	Organic Search	High Risk	76	0	Standard Intervention	126	1	1716.64	No eligible purchase in more than 90 days; Only one eligible purchase; Fewer than three active months in the last twelve months
2599	CUST-02599	Dallas	TX	Email	High Risk	76	0	Standard Intervention	142	1	1708.08	No eligible purchase in more than 90 days; Only one eligible purchase; Fewer than three active months in the last twelve months
7351	CUST-07351	Chicago	IL	Direct	High Risk	76	0	Standard Intervention	139	1	1696.53	No eligible purchase in more than 90 days; Only one eligible purchase; Fewer than three active months in the last twelve months
6810	CUST-06810	New York	NY	Organic Search	High Risk	76	0	Standard Intervention	114	1	1679.15	No eligible purchase in more than 90 days; Only one eligible purchase; Fewer than three active months in the last twelve months
2595	CUST-02595	San Antonio	TX	Social Media	High Risk	76	0	Standard Intervention	171	1	1620.77	No eligible purchase in more than 90 days; Only one eligible purchase; Fewer than three active months in the last twelve months
2274	CUST-02274	Houston	TX	Organic Search	High Risk	76	0	Standard Intervention	165	1	1620.60	No eligible purchase in more than 90 days; Only one eligible purchase; Fewer than three active months in the last twelve months
7325	CUST-07325	Philadelphia	PA	Organic Search	High Risk	76	0	Standard Intervention	131	1	1582.18	No eligible purchase in more than 90 days; Only one eligible purchase; Fewer than three active months in the last twelve months
7365	CUST-07365	Miami	FL	Direct	High Risk	76	0	Standard Intervention	102	1	1572.96	No eligible purchase in more than 90 days; Only one eligible purchase; Fewer than three active months in the last twelve months
4889	CUST-04889	New York	NY	Email	High Risk	76	0	Standard Intervention	136	1	1572.01	No eligible purchase in more than 90 days; Only one eligible purchase; Fewer than three active months in the last twelve months
4703	CUST-04703	Atlanta	GA	Social Media	High Risk	76	0	Standard Intervention	137	1	1562.07	No eligible purchase in more than 90 days; Only one eligible purchase; Fewer than three active months in the last twelve months
6939	CUST-06939	Los Angeles	CA	Social Media	High Risk	76	0	Standard Intervention	164	1	1547.52	No eligible purchase in more than 90 days; Only one eligible purchase; Fewer than three active months in the last twelve months
767	CUST-00767	Los Angeles	CA	Referral	High Risk	76	0	Standard Intervention	123	1	1525.52	No eligible purchase in more than 90 days; Only one eligible purchase; Fewer than three active months in the last twelve months
1603	CUST-01603	Austin	TX	Organic Search	High Risk	76	0	Standard Intervention	176	1	1521.22	No eligible purchase in more than 90 days; Only one eligible purchase; Fewer than three active months in the last twelve months
7803	CUST-07803	Dallas	TX	Paid Search	High Risk	76	0	Standard Intervention	177	1	1519.00	No eligible purchase in more than 90 days; Only one eligible purchase; Fewer than three active months in the last twelve months
3326	CUST-03326	Washington	DC	Direct	High Risk	76	0	Standard Intervention	125	1	1498.85	No eligible purchase in more than 90 days; Only one eligible purchase; Fewer than three active months in the last twelve months
2687	CUST-02687	San Antonio	TX	Referral	High Risk	76	0	Standard Intervention	112	1	1497.40	No eligible purchase in more than 90 days; Only one eligible purchase; Fewer than three active months in the last twelve months
4929	CUST-04929	New York	NY	Direct	High Risk	76	0	Standard Intervention	129	1	1471.40	No eligible purchase in more than 90 days; Only one eligible purchase; Fewer than three active months in the last twelve months
5205	CUST-05205	Seattle	WA	Organic Search	High Risk	76	0	Standard Intervention	111	1	1457.74	No eligible purchase in more than 90 days; Only one eligible purchase; Fewer than three active months in the last twelve months
6386	CUST-06386	Boston	MA	Email	High Risk	76	0	Standard Intervention	158	1	1453.00	No eligible purchase in more than 90 days; Only one eligible purchase; Fewer than three active months in the last twelve months
5615	CUST-05615	Nashville	TN	Referral	High Risk	76	0	Standard Intervention	95	1	1443.34	No eligible purchase in more than 90 days; Only one eligible purchase; Fewer than three active months in the last twelve months
2465	CUST-02465	San Antonio	TX	Organic Search	High Risk	76	0	Standard Intervention	152	1	1412.06	No eligible purchase in more than 90 days; Only one eligible purchase; Fewer than three active months in the last twelve months
2551	CUST-02551	Houston	TX	Social Media	High Risk	76	0	Standard Intervention	128	1	1401.58	No eligible purchase in more than 90 days; Only one eligible purchase; Fewer than three active months in the last twelve months
7619	CUST-07619	Fort Worth	TX	Direct	High Risk	76	0	Standard Intervention	114	1	1369.31	No eligible purchase in more than 90 days; Only one eligible purchase; Fewer than three active months in the last twelve months
579	CUST-00579	Los Angeles	CA	Social Media	High Risk	76	0	Standard Intervention	177	1	1323.10	No eligible purchase in more than 90 days; Only one eligible purchase; Fewer than three active months in the last twelve months
4830	CUST-04830	Columbus	OH	Social Media	High Risk	76	0	Standard Intervention	107	1	1318.02	No eligible purchase in more than 90 days; Only one eligible purchase; Fewer than three active months in the last twelve months
6228	CUST-06228	Boston	MA	Paid Search	High Risk	76	0	Standard Intervention	144	1	1317.94	No eligible purchase in more than 90 days; Only one eligible purchase; Fewer than three active months in the last twelve months
269	CUST-00269	New York	NY	Paid Search	High Risk	76	0	Standard Intervention	105	1	1305.00	No eligible purchase in more than 90 days; Only one eligible purchase; Fewer than three active months in the last twelve months
914	CUST-00914	Seattle	WA	Organic Search	High Risk	76	0	Standard Intervention	111	1	1298.85	No eligible purchase in more than 90 days; Only one eligible purchase; Fewer than three active months in the last twelve months
137	CUST-00137	New York	NY	Organic Search	High Risk	76	0	Standard Intervention	144	1	1290.11	No eligible purchase in more than 90 days; Only one eligible purchase; Fewer than three active months in the last twelve months
235	CUST-00235	Los Angeles	CA	Paid Search	High Risk	76	0	Standard Intervention	123	1	1288.90	No eligible purchase in more than 90 days; Only one eligible purchase; Fewer than three active months in the last twelve months
4861	CUST-04861	Charlotte	NC	Paid Search	High Risk	76	0	Standard Intervention	128	1	1281.73	No eligible purchase in more than 90 days; Only one eligible purchase; Fewer than three active months in the last twelve months
3489	CUST-03489	Denver	CO	Paid Search	High Risk	76	0	Standard Intervention	108	1	1274.20	No eligible purchase in more than 90 days; Only one eligible purchase; Fewer than three active months in the last twelve months
1922	CUST-01922	Phoenix	AZ	Organic Search	High Risk	76	0	Standard Intervention	170	1	1273.30	No eligible purchase in more than 90 days; Only one eligible purchase; Fewer than three active months in the last twelve months
5216	CUST-05216	Los Angeles	CA	Paid Search	High Risk	76	0	Standard Intervention	104	1	1224.27	No eligible purchase in more than 90 days; Only one eligible purchase; Fewer than three active months in the last twelve months
4993	CUST-04993	Miami	FL	Email	High Risk	76	0	Standard Intervention	106	1	1218.38	No eligible purchase in more than 90 days; Only one eligible purchase; Fewer than three active months in the last twelve months
5699	CUST-05699	New York	NY	Referral	High Risk	76	0	Standard Intervention	157	1	1201.15	No eligible purchase in more than 90 days; Only one eligible purchase; Fewer than three active months in the last twelve months
7897	CUST-07897	Columbus	OH	Organic Search	High Risk	76	0	Standard Intervention	132	1	1164.84	No eligible purchase in more than 90 days; Only one eligible purchase; Fewer than three active months in the last twelve months
5086	CUST-05086	New York	NY	Social Media	High Risk	76	0	Standard Intervention	104	1	1137.46	No eligible purchase in more than 90 days; Only one eligible purchase; Fewer than three active months in the last twelve months
5039	CUST-05039	Austin	TX	Email	High Risk	76	0	Standard Intervention	168	1	1108.49	No eligible purchase in more than 90 days; Only one eligible purchase; Fewer than three active months in the last twelve months
7425	CUST-07425	Fort Worth	TX	Paid Search	High Risk	76	0	Standard Intervention	137	1	1099.05	No eligible purchase in more than 90 days; Only one eligible purchase; Fewer than three active months in the last twelve months
4811	CUST-04811	Washington	DC	Social Media	High Risk	76	0	Standard Intervention	130	1	1086.73	No eligible purchase in more than 90 days; Only one eligible purchase; Fewer than three active months in the last twelve months
1122	CUST-01122	Columbus	OH	Social Media	High Risk	76	0	Standard Intervention	126	1	1072.51	No eligible purchase in more than 90 days; Only one eligible purchase; Fewer than three active months in the last twelve months
6367	CUST-06367	Atlanta	GA	Social Media	High Risk	76	0	Standard Intervention	100	1	1070.73	No eligible purchase in more than 90 days; Only one eligible purchase; Fewer than three active months in the last twelve months
281	CUST-00281	Austin	TX	Paid Search	High Risk	76	0	Standard Intervention	148	1	1062.67	No eligible purchase in more than 90 days; Only one eligible purchase; Fewer than three active months in the last twelve months
5818	CUST-05818	Houston	TX	Social Media	High Risk	76	0	Standard Intervention	172	1	1046.09	No eligible purchase in more than 90 days; Only one eligible purchase; Fewer than three active months in the last twelve months
4957	CUST-04957	Jacksonville	FL	Paid Search	High Risk	76	0	Standard Intervention	109	1	1039.94	No eligible purchase in more than 90 days; Only one eligible purchase; Fewer than three active months in the last twelve months
7525	CUST-07525	San Jose	CA	Direct	High Risk	76	0	Standard Intervention	111	1	1031.09	No eligible purchase in more than 90 days; Only one eligible purchase; Fewer than three active months in the last twelve months
905	CUST-00905	Atlanta	GA	Email	High Risk	76	0	Standard Intervention	141	1	1029.99	No eligible purchase in more than 90 days; Only one eligible purchase; Fewer than three active months in the last twelve months
623	CUST-00623	Jacksonville	FL	Organic Search	High Risk	76	0	Standard Intervention	143	1	1027.76	No eligible purchase in more than 90 days; Only one eligible purchase; Fewer than three active months in the last twelve months
7149	CUST-07149	Philadelphia	PA	Direct	High Risk	76	0	Standard Intervention	164	1	1027.76	No eligible purchase in more than 90 days; Only one eligible purchase; Fewer than three active months in the last twelve months
7458	CUST-07458	Columbus	OH	Organic Search	High Risk	76	0	Standard Intervention	106	1	1011.08	No eligible purchase in more than 90 days; Only one eligible purchase; Fewer than three active months in the last twelve months
297	CUST-00297	Portland	OR	Paid Search	High Risk	76	0	Standard Intervention	144	1	999.58	No eligible purchase in more than 90 days; Only one eligible purchase; Fewer than three active months in the last twelve months
523	CUST-00523	New York	NY	Paid Search	High Risk	76	0	Standard Intervention	99	1	996.27	No eligible purchase in more than 90 days; Only one eligible purchase; Fewer than three active months in the last twelve months
434	CUST-00434	San Diego	CA	Paid Search	High Risk	76	0	Standard Intervention	99	1	992.64	No eligible purchase in more than 90 days; Only one eligible purchase; Fewer than three active months in the last twelve months
4408	CUST-04408	Jacksonville	FL	Social Media	High Risk	76	0	Standard Intervention	116	1	977.59	No eligible purchase in more than 90 days; Only one eligible purchase; Fewer than three active months in the last twelve months
2656	CUST-02656	Houston	TX	Organic Search	High Risk	76	0	Standard Intervention	112	1	971.65	No eligible purchase in more than 90 days; Only one eligible purchase; Fewer than three active months in the last twelve months
2872	CUST-02872	Chicago	IL	Social Media	High Risk	76	0	Standard Intervention	93	1	970.24	No eligible purchase in more than 90 days; Only one eligible purchase; Fewer than three active months in the last twelve months
3319	CUST-03319	New York	NY	Referral	High Risk	76	0	Standard Intervention	119	1	957.88	No eligible purchase in more than 90 days; Only one eligible purchase; Fewer than three active months in the last twelve months
4687	CUST-04687	Fort Worth	TX	Social Media	High Risk	76	0	Standard Intervention	104	1	934.73	No eligible purchase in more than 90 days; Only one eligible purchase; Fewer than three active months in the last twelve months
6165	CUST-06165	Seattle	WA	Paid Search	High Risk	76	0	Standard Intervention	101	1	921.92	No eligible purchase in more than 90 days; Only one eligible purchase; Fewer than three active months in the last twelve months
7014	CUST-07014	Austin	TX	Social Media	High Risk	76	0	Standard Intervention	128	1	901.50	No eligible purchase in more than 90 days; Only one eligible purchase; Fewer than three active months in the last twelve months
3457	CUST-03457	Denver	CO	Organic Search	High Risk	76	0	Standard Intervention	104	1	853.42	No eligible purchase in more than 90 days; Only one eligible purchase; Fewer than three active months in the last twelve months
797	CUST-00797	Seattle	WA	Social Media	High Risk	76	0	Standard Intervention	112	1	847.87	No eligible purchase in more than 90 days; Only one eligible purchase; Fewer than three active months in the last twelve months
1372	CUST-01372	Jacksonville	FL	Organic Search	High Risk	76	0	Standard Intervention	106	1	847.39	No eligible purchase in more than 90 days; Only one eligible purchase; Fewer than three active months in the last twelve months
6929	CUST-06929	Houston	TX	Social Media	High Risk	76	0	Standard Intervention	116	1	821.26	No eligible purchase in more than 90 days; Only one eligible purchase; Fewer than three active months in the last twelve months
16	CUST-00016	Houston	TX	Referral	High Risk	76	0	Standard Intervention	142	1	817.06	No eligible purchase in more than 90 days; Only one eligible purchase; Fewer than three active months in the last twelve months
7601	CUST-07601	Los Angeles	CA	Email	High Risk	76	0	Standard Intervention	132	1	798.28	No eligible purchase in more than 90 days; Only one eligible purchase; Fewer than three active months in the last twelve months
1246	CUST-01246	Denver	CO	Paid Search	High Risk	76	0	Standard Intervention	111	1	751.43	No eligible purchase in more than 90 days; Only one eligible purchase; Fewer than three active months in the last twelve months
2926	CUST-02926	Miami	FL	Paid Search	High Risk	76	0	Standard Intervention	113	1	733.55	No eligible purchase in more than 90 days; Only one eligible purchase; Fewer than three active months in the last twelve months
1331	CUST-01331	San Antonio	TX	Social Media	High Risk	76	0	Standard Intervention	146	1	730.56	No eligible purchase in more than 90 days; Only one eligible purchase; Fewer than three active months in the last twelve months
7820	CUST-07820	Jacksonville	FL	Direct	High Risk	76	0	Standard Intervention	110	1	728.29	No eligible purchase in more than 90 days; Only one eligible purchase; Fewer than three active months in the last twelve months
6077	CUST-06077	New York	NY	Referral	High Risk	76	0	Standard Intervention	127	1	703.35	No eligible purchase in more than 90 days; Only one eligible purchase; Fewer than three active months in the last twelve months
1676	CUST-01676	Los Angeles	CA	Email	High Risk	76	0	Standard Intervention	157	1	693.96	No eligible purchase in more than 90 days; Only one eligible purchase; Fewer than three active months in the last twelve months
7003	CUST-07003	Charlotte	NC	Paid Search	High Risk	76	0	Standard Intervention	163	1	675.76	No eligible purchase in more than 90 days; Only one eligible purchase; Fewer than three active months in the last twelve months
4844	CUST-04844	Columbus	OH	Organic Search	High Risk	76	0	Standard Intervention	155	1	670.75	No eligible purchase in more than 90 days; Only one eligible purchase; Fewer than three active months in the last twelve months
3007	CUST-03007	Portland	OR	Email	High Risk	76	0	Standard Intervention	144	1	668.03	No eligible purchase in more than 90 days; Only one eligible purchase; Fewer than three active months in the last twelve months
3277	CUST-03277	Nashville	TN	Social Media	High Risk	76	0	Standard Intervention	101	1	663.89	No eligible purchase in more than 90 days; Only one eligible purchase; Fewer than three active months in the last twelve months
2668	CUST-02668	New York	NY	Social Media	High Risk	76	0	Standard Intervention	122	1	646.98	No eligible purchase in more than 90 days; Only one eligible purchase; Fewer than three active months in the last twelve months
2136	CUST-02136	Washington	DC	Email	High Risk	76	0	Standard Intervention	167	1	643.35	No eligible purchase in more than 90 days; Only one eligible purchase; Fewer than three active months in the last twelve months
6477	CUST-06477	Chicago	IL	Paid Search	High Risk	76	0	Standard Intervention	171	1	640.31	No eligible purchase in more than 90 days; Only one eligible purchase; Fewer than three active months in the last twelve months
2980	CUST-02980	Los Angeles	CA	Paid Search	High Risk	76	0	Standard Intervention	98	1	624.85	No eligible purchase in more than 90 days; Only one eligible purchase; Fewer than three active months in the last twelve months
4539	CUST-04539	Denver	CO	Social Media	High Risk	76	0	Standard Intervention	111	1	615.38	No eligible purchase in more than 90 days; Only one eligible purchase; Fewer than three active months in the last twelve months
4097	CUST-04097	Portland	OR	Email	High Risk	76	0	Standard Intervention	132	1	604.26	No eligible purchase in more than 90 days; Only one eligible purchase; Fewer than three active months in the last twelve months
3667	CUST-03667	Fort Worth	TX	Email	High Risk	76	0	Standard Intervention	167	1	559.57	No eligible purchase in more than 90 days; Only one eligible purchase; Fewer than three active months in the last twelve months
6441	CUST-06441	Dallas	TX	Social Media	High Risk	76	0	Standard Intervention	176	1	550.62	No eligible purchase in more than 90 days; Only one eligible purchase; Fewer than three active months in the last twelve months
5199	CUST-05199	Houston	TX	Organic Search	High Risk	76	0	Standard Intervention	101	1	541.48	No eligible purchase in more than 90 days; Only one eligible purchase; Fewer than three active months in the last twelve months
4760	CUST-04760	Portland	OR	Paid Search	High Risk	76	0	Standard Intervention	105	1	534.28	No eligible purchase in more than 90 days; Only one eligible purchase; Fewer than three active months in the last twelve months
6046	CUST-06046	San Antonio	TX	Email	High Risk	76	0	Standard Intervention	98	1	530.84	No eligible purchase in more than 90 days; Only one eligible purchase; Fewer than three active months in the last twelve months
4986	CUST-04986	Jacksonville	FL	Paid Search	High Risk	76	0	Standard Intervention	156	1	519.23	No eligible purchase in more than 90 days; Only one eligible purchase; Fewer than three active months in the last twelve months
255	CUST-00255	Austin	TX	Social Media	High Risk	76	0	Standard Intervention	170	1	511.46	No eligible purchase in more than 90 days; Only one eligible purchase; Fewer than three active months in the last twelve months
1477	CUST-01477	Philadelphia	PA	Social Media	High Risk	76	0	Standard Intervention	135	1	497.43	No eligible purchase in more than 90 days; Only one eligible purchase; Fewer than three active months in the last twelve months
5160	CUST-05160	Houston	TX	Email	High Risk	76	0	Standard Intervention	166	1	490.06	No eligible purchase in more than 90 days; Only one eligible purchase; Fewer than three active months in the last twelve months
3083	CUST-03083	Nashville	TN	Social Media	High Risk	76	0	Standard Intervention	151	1	477.30	No eligible purchase in more than 90 days; Only one eligible purchase; Fewer than three active months in the last twelve months
3720	CUST-03720	Denver	CO	Organic Search	High Risk	76	0	Standard Intervention	157	1	477.30	No eligible purchase in more than 90 days; Only one eligible purchase; Fewer than three active months in the last twelve months
7677	CUST-07677	Los Angeles	CA	Paid Search	High Risk	76	0	Standard Intervention	117	1	463.42	No eligible purchase in more than 90 days; Only one eligible purchase; Fewer than three active months in the last twelve months
248	CUST-00248	Charlotte	NC	Organic Search	High Risk	76	0	Standard Intervention	142	1	454.35	No eligible purchase in more than 90 days; Only one eligible purchase; Fewer than three active months in the last twelve months
1338	CUST-01338	Fort Worth	TX	Social Media	High Risk	76	0	Standard Intervention	131	1	452.71	No eligible purchase in more than 90 days; Only one eligible purchase; Fewer than three active months in the last twelve months
3900	CUST-03900	Columbus	OH	Paid Search	High Risk	76	0	Standard Intervention	159	1	410.54	No eligible purchase in more than 90 days; Only one eligible purchase; Fewer than three active months in the last twelve months
6218	CUST-06218	Phoenix	AZ	Paid Search	High Risk	76	0	Standard Intervention	94	1	410.53	No eligible purchase in more than 90 days; Only one eligible purchase; Fewer than three active months in the last twelve months
4514	CUST-04514	Los Angeles	CA	Direct	High Risk	76	0	Standard Intervention	157	1	405.09	No eligible purchase in more than 90 days; Only one eligible purchase; Fewer than three active months in the last twelve months
6704	CUST-06704	Washington	DC	Organic Search	High Risk	76	0	Standard Intervention	117	1	391.52	No eligible purchase in more than 90 days; Only one eligible purchase; Fewer than three active months in the last twelve months
1319	CUST-01319	New York	NY	Direct	High Risk	76	0	Standard Intervention	142	1	391.09	No eligible purchase in more than 90 days; Only one eligible purchase; Fewer than three active months in the last twelve months
2787	CUST-02787	Charlotte	NC	Social Media	High Risk	76	0	Standard Intervention	147	1	390.92	No eligible purchase in more than 90 days; Only one eligible purchase; Fewer than three active months in the last twelve months
7906	CUST-07906	Chicago	IL	Social Media	High Risk	76	0	Standard Intervention	118	1	367.40	No eligible purchase in more than 90 days; Only one eligible purchase; Fewer than three active months in the last twelve months
2115	CUST-02115	Chicago	IL	Email	High Risk	76	0	Standard Intervention	107	1	346.02	No eligible purchase in more than 90 days; Only one eligible purchase; Fewer than three active months in the last twelve months
634	CUST-00634	Seattle	WA	Social Media	High Risk	76	0	Standard Intervention	100	1	344.24	No eligible purchase in more than 90 days; Only one eligible purchase; Fewer than three active months in the last twelve months
4748	CUST-04748	Denver	CO	Email	High Risk	76	0	Standard Intervention	155	1	341.06	No eligible purchase in more than 90 days; Only one eligible purchase; Fewer than three active months in the last twelve months
2486	CUST-02486	Fort Worth	TX	Paid Search	High Risk	76	0	Standard Intervention	109	1	332.97	No eligible purchase in more than 90 days; Only one eligible purchase; Fewer than three active months in the last twelve months
2435	CUST-02435	Jacksonville	FL	Organic Search	High Risk	76	0	Standard Intervention	124	1	323.55	No eligible purchase in more than 90 days; Only one eligible purchase; Fewer than three active months in the last twelve months
7412	CUST-07412	Columbus	OH	Social Media	High Risk	76	0	Standard Intervention	95	1	318.20	No eligible purchase in more than 90 days; Only one eligible purchase; Fewer than three active months in the last twelve months
277	CUST-00277	Phoenix	AZ	Social Media	High Risk	76	0	Standard Intervention	161	1	313.81	No eligible purchase in more than 90 days; Only one eligible purchase; Fewer than three active months in the last twelve months
7780	CUST-07780	Los Angeles	CA	Email	High Risk	76	0	Standard Intervention	91	1	312.74	No eligible purchase in more than 90 days; Only one eligible purchase; Fewer than three active months in the last twelve months
684	CUST-00684	Dallas	TX	Organic Search	High Risk	76	0	Standard Intervention	145	1	301.81	No eligible purchase in more than 90 days; Only one eligible purchase; Fewer than three active months in the last twelve months
3689	CUST-03689	Fort Worth	TX	Social Media	High Risk	76	0	Standard Intervention	117	1	273.61	No eligible purchase in more than 90 days; Only one eligible purchase; Fewer than three active months in the last twelve months
5479	CUST-05479	Phoenix	AZ	Paid Search	High Risk	76	0	Standard Intervention	116	1	272.61	No eligible purchase in more than 90 days; Only one eligible purchase; Fewer than three active months in the last twelve months
3058	CUST-03058	San Antonio	TX	Direct	High Risk	76	0	Standard Intervention	125	1	259.85	No eligible purchase in more than 90 days; Only one eligible purchase; Fewer than three active months in the last twelve months
1322	CUST-01322	Fort Worth	TX	Paid Search	High Risk	76	0	Standard Intervention	155	1	256.23	No eligible purchase in more than 90 days; Only one eligible purchase; Fewer than three active months in the last twelve months
1280	CUST-01280	Seattle	WA	Organic Search	High Risk	76	0	Standard Intervention	138	1	254.41	No eligible purchase in more than 90 days; Only one eligible purchase; Fewer than three active months in the last twelve months
3981	CUST-03981	Los Angeles	CA	Organic Search	High Risk	76	0	Standard Intervention	105	1	236.71	No eligible purchase in more than 90 days; Only one eligible purchase; Fewer than three active months in the last twelve months
2760	CUST-02760	San Antonio	TX	Social Media	High Risk	76	0	Standard Intervention	142	1	234.00	No eligible purchase in more than 90 days; Only one eligible purchase; Fewer than three active months in the last twelve months
1869	CUST-01869	Nashville	TN	Direct	High Risk	76	0	Standard Intervention	123	1	230.48	No eligible purchase in more than 90 days; Only one eligible purchase; Fewer than three active months in the last twelve months
497	CUST-00497	Denver	CO	Paid Search	High Risk	76	0	Standard Intervention	131	1	225.43	No eligible purchase in more than 90 days; Only one eligible purchase; Fewer than three active months in the last twelve months
836	CUST-00836	Jacksonville	FL	Organic Search	High Risk	76	0	Standard Intervention	112	1	191.73	No eligible purchase in more than 90 days; Only one eligible purchase; Fewer than three active months in the last twelve months
3380	CUST-03380	Washington	DC	Direct	High Risk	76	0	Standard Intervention	126	1	163.10	No eligible purchase in more than 90 days; Only one eligible purchase; Fewer than three active months in the last twelve months
1651	CUST-01651	Las Vegas	NV	Paid Search	High Risk	76	0	Standard Intervention	157	1	150.05	No eligible purchase in more than 90 days; Only one eligible purchase; Fewer than three active months in the last twelve months
2516	CUST-02516	Houston	TX	Paid Search	High Risk	76	0	Standard Intervention	166	1	138.63	No eligible purchase in more than 90 days; Only one eligible purchase; Fewer than three active months in the last twelve months
771	CUST-00771	New York	NY	Direct	High Risk	76	0	Standard Intervention	167	1	122.23	No eligible purchase in more than 90 days; Only one eligible purchase; Fewer than three active months in the last twelve months
5525	CUST-05525	Washington	DC	Social Media	High Risk	76	0	Standard Intervention	114	1	99.45	No eligible purchase in more than 90 days; Only one eligible purchase; Fewer than three active months in the last twelve months
7940	CUST-07940	Jacksonville	FL	Referral	High Risk	76	0	Standard Intervention	110	1	88.56	No eligible purchase in more than 90 days; Only one eligible purchase; Fewer than three active months in the last twelve months
5141	CUST-05141	Chicago	IL	Email	High Risk	76	0	Standard Intervention	138	1	80.49	No eligible purchase in more than 90 days; Only one eligible purchase; Fewer than three active months in the last twelve months
1992	CUST-01992	Houston	TX	Referral	High Risk	76	0	Standard Intervention	144	1	77.22	No eligible purchase in more than 90 days; Only one eligible purchase; Fewer than three active months in the last twelve months
7947	CUST-07947	Washington	DC	Paid Search	High Risk	76	0	Standard Intervention	163	1	73.69	No eligible purchase in more than 90 days; Only one eligible purchase; Fewer than three active months in the last twelve months
2806	CUST-02806	Philadelphia	PA	Organic Search	High Risk	76	0	Standard Intervention	142	1	52.62	No eligible purchase in more than 90 days; Only one eligible purchase; Fewer than three active months in the last twelve months
4686	CUST-04686	Nashville	TN	Organic Search	High Risk	75	1	High Value Intervention	238	14	28201.28	No eligible purchase in more than 180 days; Overdue versus historical purchase cadence; No eligible purchase in the last 180 days
7596	CUST-07596	Seattle	WA	Social Media	High Risk	75	1	High Value Intervention	254	8	25411.94	No eligible purchase in more than 180 days; Overdue versus historical purchase cadence; No eligible purchase in the last 180 days; Fewer than three active months in the last twelve months
7943	CUST-07943	Philadelphia	PA	Social Media	High Risk	75	1	High Value Intervention	184	7	24763.15	No eligible purchase in more than 180 days; Overdue versus historical purchase cadence; No eligible purchase in the last 180 days
4571	CUST-04571	Phoenix	AZ	Paid Search	High Risk	75	1	High Value Intervention	185	8	23198.19	No eligible purchase in more than 180 days; Overdue versus historical purchase cadence; No eligible purchase in the last 180 days
7603	CUST-07603	Boston	MA	Direct	High Risk	75	1	High Value Intervention	183	8	21273.82	No eligible purchase in more than 180 days; Overdue versus historical purchase cadence; No eligible purchase in the last 180 days
4804	CUST-04804	Austin	TX	Social Media	High Risk	75	1	High Value Intervention	199	7	21122.46	No eligible purchase in more than 180 days; Overdue versus historical purchase cadence; No eligible purchase in the last 180 days; Fewer than three active months in the last twelve months
6799	CUST-06799	Portland	OR	Email	High Risk	75	1	High Value Intervention	217	6	21035.25	No eligible purchase in more than 180 days; Overdue versus historical purchase cadence; No eligible purchase in the last 180 days; Fewer than three active months in the last twelve months
2874	CUST-02874	New York	NY	Social Media	High Risk	75	1	High Value Intervention	287	8	18519.35	No eligible purchase in more than 180 days; Overdue versus historical purchase cadence; No eligible purchase in the last 180 days; Fewer than three active months in the last twelve months
1744	CUST-01744	Washington	DC	Social Media	High Risk	75	1	High Value Intervention	261	7	18254.82	No eligible purchase in more than 180 days; Overdue versus historical purchase cadence; No eligible purchase in the last 180 days
6749	CUST-06749	Miami	FL	Organic Search	High Risk	75	1	High Value Intervention	218	7	17834.99	No eligible purchase in more than 180 days; Overdue versus historical purchase cadence; No eligible purchase in the last 180 days
7555	CUST-07555	Boston	MA	Email	High Risk	75	1	High Value Intervention	205	7	17834.70	No eligible purchase in more than 180 days; Overdue versus historical purchase cadence; No eligible purchase in the last 180 days
7253	CUST-07253	Las Vegas	NV	Organic Search	High Risk	75	1	High Value Intervention	185	14	17711.45	No eligible purchase in more than 180 days; Overdue versus historical purchase cadence; No eligible purchase in the last 180 days
7821	CUST-07821	Denver	CO	Referral	High Risk	75	1	High Value Intervention	210	8	17474.87	No eligible purchase in more than 180 days; Overdue versus historical purchase cadence; No eligible purchase in the last 180 days
1704	CUST-01704	New York	NY	Social Media	High Risk	75	1	High Value Intervention	238	8	17451.26	No eligible purchase in more than 180 days; Overdue versus historical purchase cadence; No eligible purchase in the last 180 days
3235	CUST-03235	Fort Worth	TX	Email	High Risk	75	1	High Value Intervention	187	7	16929.19	No eligible purchase in more than 180 days; Overdue versus historical purchase cadence; No eligible purchase in the last 180 days
2534	CUST-02534	Washington	DC	Organic Search	High Risk	75	1	High Value Intervention	256	8	16915.74	No eligible purchase in more than 180 days; Overdue versus historical purchase cadence; No eligible purchase in the last 180 days; Fewer than three active months in the last twelve months
3178	CUST-03178	Austin	TX	Organic Search	High Risk	75	1	High Value Intervention	289	6	16654.81	No eligible purchase in more than 180 days; Overdue versus historical purchase cadence; No eligible purchase in the last 180 days; Fewer than three active months in the last twelve months
2917	CUST-02917	Phoenix	AZ	Paid Search	High Risk	75	1	High Value Intervention	321	8	15518.48	No eligible purchase in more than 180 days; Overdue versus historical purchase cadence; No eligible purchase in the last 180 days; Fewer than three active months in the last twelve months
3405	CUST-03405	Seattle	WA	Social Media	High Risk	75	1	High Value Intervention	220	7	15513.92	No eligible purchase in more than 180 days; Overdue versus historical purchase cadence; No eligible purchase in the last 180 days; Fewer than three active months in the last twelve months
1192	CUST-01192	Charlotte	NC	Social Media	High Risk	75	1	High Value Intervention	311	6	15396.52	No eligible purchase in more than 180 days; Overdue versus historical purchase cadence; No eligible purchase in the last 180 days; Fewer than three active months in the last twelve months
5537	CUST-05537	Philadelphia	PA	Organic Search	High Risk	75	1	High Value Intervention	214	8	15374.10	No eligible purchase in more than 180 days; Overdue versus historical purchase cadence; No eligible purchase in the last 180 days
7164	CUST-07164	Philadelphia	PA	Organic Search	High Risk	75	1	High Value Intervention	309	8	14702.56	No eligible purchase in more than 180 days; Overdue versus historical purchase cadence; No eligible purchase in the last 180 days; Fewer than three active months in the last twelve months
5631	CUST-05631	New York	NY	Email	High Risk	75	1	High Value Intervention	307	8	14613.34	No eligible purchase in more than 180 days; Overdue versus historical purchase cadence; No eligible purchase in the last 180 days; Fewer than three active months in the last twelve months
7022	CUST-07022	New York	NY	Paid Search	High Risk	75	1	High Value Intervention	311	7	14591.35	No eligible purchase in more than 180 days; Overdue versus historical purchase cadence; No eligible purchase in the last 180 days; Fewer than three active months in the last twelve months
6914	CUST-06914	Denver	CO	Referral	High Risk	75	1	High Value Intervention	271	8	14413.35	No eligible purchase in more than 180 days; Overdue versus historical purchase cadence; No eligible purchase in the last 180 days; Fewer than three active months in the last twelve months
94	CUST-00094	Miami	FL	Referral	High Risk	75	1	High Value Intervention	189	7	14061.08	No eligible purchase in more than 180 days; Overdue versus historical purchase cadence; No eligible purchase in the last 180 days
5191	CUST-05191	Chicago	IL	Direct	High Risk	75	1	High Value Intervention	186	6	13723.37	No eligible purchase in more than 180 days; Overdue versus historical purchase cadence; No eligible purchase in the last 180 days
1347	CUST-01347	Houston	TX	Paid Search	High Risk	75	1	High Value Intervention	200	8	13500.11	No eligible purchase in more than 180 days; Overdue versus historical purchase cadence; No eligible purchase in the last 180 days
2279	CUST-02279	Los Angeles	CA	Organic Search	High Risk	75	1	High Value Intervention	187	7	13473.96	No eligible purchase in more than 180 days; Overdue versus historical purchase cadence; No eligible purchase in the last 180 days
4901	CUST-04901	Los Angeles	CA	Social Media	High Risk	75	1	High Value Intervention	257	8	13444.83	No eligible purchase in more than 180 days; Overdue versus historical purchase cadence; No eligible purchase in the last 180 days
6694	CUST-06694	Los Angeles	CA	Email	High Risk	75	1	High Value Intervention	255	8	13343.24	No eligible purchase in more than 180 days; Overdue versus historical purchase cadence; No eligible purchase in the last 180 days; Fewer than three active months in the last twelve months
5198	CUST-05198	Nashville	TN	Organic Search	High Risk	75	1	High Value Intervention	301	8	13294.86	No eligible purchase in more than 180 days; Overdue versus historical purchase cadence; No eligible purchase in the last 180 days; Fewer than three active months in the last twelve months
7613	CUST-07613	Boston	MA	Referral	High Risk	75	1	High Value Intervention	310	7	13185.14	No eligible purchase in more than 180 days; Overdue versus historical purchase cadence; No eligible purchase in the last 180 days; Fewer than three active months in the last twelve months
187	CUST-00187	Washington	DC	Paid Search	High Risk	75	1	High Value Intervention	183	7	12654.36	No eligible purchase in more than 180 days; Overdue versus historical purchase cadence; No eligible purchase in the last 180 days
319	CUST-00319	New York	NY	Paid Search	High Risk	75	1	High Value Intervention	239	8	12512.37	No eligible purchase in more than 180 days; Overdue versus historical purchase cadence; No eligible purchase in the last 180 days; Fewer than three active months in the last twelve months
968	CUST-00968	Chicago	IL	Referral	High Risk	75	1	High Value Intervention	196	8	12451.68	No eligible purchase in more than 180 days; Overdue versus historical purchase cadence; No eligible purchase in the last 180 days
7295	CUST-07295	Chicago	IL	Referral	High Risk	75	1	High Value Intervention	211	6	12427.20	No eligible purchase in more than 180 days; Overdue versus historical purchase cadence; No eligible purchase in the last 180 days
4285	CUST-04285	New York	NY	Organic Search	High Risk	75	1	High Value Intervention	210	7	12326.71	No eligible purchase in more than 180 days; Overdue versus historical purchase cadence; No eligible purchase in the last 180 days; Fewer than three active months in the last twelve months
7198	CUST-07198	Portland	OR	Paid Search	High Risk	75	1	High Value Intervention	228	8	12272.94	No eligible purchase in more than 180 days; Overdue versus historical purchase cadence; No eligible purchase in the last 180 days; Fewer than three active months in the last twelve months
3606	CUST-03606	New York	NY	Organic Search	High Risk	75	1	High Value Intervention	283	7	12174.87	No eligible purchase in more than 180 days; Overdue versus historical purchase cadence; No eligible purchase in the last 180 days; Fewer than three active months in the last twelve months
5286	CUST-05286	Los Angeles	CA	Social Media	High Risk	75	1	High Value Intervention	186	8	12171.56	No eligible purchase in more than 180 days; Overdue versus historical purchase cadence; No eligible purchase in the last 180 days
3233	CUST-03233	New York	NY	Organic Search	High Risk	75	1	High Value Intervention	183	6	12123.53	No eligible purchase in more than 180 days; Overdue versus historical purchase cadence; No eligible purchase in the last 180 days
3551	CUST-03551	Dallas	TX	Email	High Risk	75	1	High Value Intervention	237	7	11859.39	No eligible purchase in more than 180 days; Overdue versus historical purchase cadence; No eligible purchase in the last 180 days; Fewer than three active months in the last twelve months
2135	CUST-02135	Los Angeles	CA	Paid Search	High Risk	75	1	High Value Intervention	227	8	11838.02	No eligible purchase in more than 180 days; Overdue versus historical purchase cadence; No eligible purchase in the last 180 days; Fewer than three active months in the last twelve months
6565	CUST-06565	Miami	FL	Paid Search	High Risk	75	1	High Value Intervention	311	8	11759.63	No eligible purchase in more than 180 days; Overdue versus historical purchase cadence; No eligible purchase in the last 180 days; Fewer than three active months in the last twelve months
3343	CUST-03343	Columbus	OH	Direct	High Risk	75	1	High Value Intervention	224	7	11664.36	No eligible purchase in more than 180 days; Overdue versus historical purchase cadence; No eligible purchase in the last 180 days; Fewer than three active months in the last twelve months
6345	CUST-06345	Philadelphia	PA	Direct	High Risk	75	1	High Value Intervention	297	7	11645.17	No eligible purchase in more than 180 days; Overdue versus historical purchase cadence; No eligible purchase in the last 180 days; Fewer than three active months in the last twelve months
5973	CUST-05973	San Antonio	TX	Paid Search	High Risk	75	1	High Value Intervention	220	7	11610.95	No eligible purchase in more than 180 days; Overdue versus historical purchase cadence; No eligible purchase in the last 180 days
3164	CUST-03164	Portland	OR	Direct	High Risk	75	1	High Value Intervention	225	7	11554.96	No eligible purchase in more than 180 days; Overdue versus historical purchase cadence; No eligible purchase in the last 180 days; Fewer than three active months in the last twelve months
1465	CUST-01465	San Diego	CA	Paid Search	High Risk	75	1	High Value Intervention	281	6	11228.71	No eligible purchase in more than 180 days; Overdue versus historical purchase cadence; No eligible purchase in the last 180 days; Fewer than three active months in the last twelve months
6755	CUST-06755	Atlanta	GA	Social Media	High Risk	75	1	High Value Intervention	214	8	11055.17	No eligible purchase in more than 180 days; Overdue versus historical purchase cadence; No eligible purchase in the last 180 days
3250	CUST-03250	San Jose	CA	Organic Search	High Risk	75	1	High Value Intervention	219	8	11042.50	No eligible purchase in more than 180 days; Overdue versus historical purchase cadence; No eligible purchase in the last 180 days; Fewer than three active months in the last twelve months
7699	CUST-07699	Phoenix	AZ	Organic Search	High Risk	75	1	High Value Intervention	291	7	10686.70	No eligible purchase in more than 180 days; Overdue versus historical purchase cadence; No eligible purchase in the last 180 days; Fewer than three active months in the last twelve months
3318	CUST-03318	Columbus	OH	Organic Search	High Risk	75	1	High Value Intervention	242	6	10547.92	No eligible purchase in more than 180 days; Overdue versus historical purchase cadence; No eligible purchase in the last 180 days
3582	CUST-03582	Dallas	TX	Email	High Risk	75	1	High Value Intervention	271	7	10527.55	No eligible purchase in more than 180 days; Overdue versus historical purchase cadence; No eligible purchase in the last 180 days; Fewer than three active months in the last twelve months
6504	CUST-06504	New York	NY	Organic Search	High Risk	75	1	High Value Intervention	196	8	10526.98	No eligible purchase in more than 180 days; Overdue versus historical purchase cadence; No eligible purchase in the last 180 days
4357	CUST-04357	Seattle	WA	Social Media	High Risk	75	1	High Value Intervention	214	7	10457.12	No eligible purchase in more than 180 days; Overdue versus historical purchase cadence; No eligible purchase in the last 180 days; Fewer than three active months in the last twelve months
6784	CUST-06784	Los Angeles	CA	Email	High Risk	75	1	High Value Intervention	217	8	10404.64	No eligible purchase in more than 180 days; Overdue versus historical purchase cadence; No eligible purchase in the last 180 days
5588	CUST-05588	Las Vegas	NV	Paid Search	High Risk	75	1	High Value Intervention	221	8	10394.74	No eligible purchase in more than 180 days; Overdue versus historical purchase cadence; No eligible purchase in the last 180 days
2557	CUST-02557	Philadelphia	PA	Paid Search	High Risk	75	1	High Value Intervention	199	6	10364.12	No eligible purchase in more than 180 days; Overdue versus historical purchase cadence; No eligible purchase in the last 180 days
1847	CUST-01847	Phoenix	AZ	Email	High Risk	75	1	High Value Intervention	363	6	10282.89	No eligible purchase in more than 180 days; Overdue versus historical purchase cadence; No eligible purchase in the last 180 days; Fewer than three active months in the last twelve months
5347	CUST-05347	Fort Worth	TX	Direct	High Risk	75	1	High Value Intervention	282	8	10229.09	No eligible purchase in more than 180 days; Overdue versus historical purchase cadence; No eligible purchase in the last 180 days; Fewer than three active months in the last twelve months
5444	CUST-05444	Phoenix	AZ	Direct	High Risk	75	1	High Value Intervention	199	7	10102.14	No eligible purchase in more than 180 days; Overdue versus historical purchase cadence; No eligible purchase in the last 180 days
7494	CUST-07494	Atlanta	GA	Paid Search	High Risk	75	1	High Value Intervention	439	6	9964.98	No eligible purchase in more than 180 days; Overdue versus historical purchase cadence; No eligible purchase in the last 180 days; Fewer than three active months in the last twelve months
4538	CUST-04538	Houston	TX	Email	High Risk	75	1	High Value Intervention	234	7	9939.59	No eligible purchase in more than 180 days; Overdue versus historical purchase cadence; No eligible purchase in the last 180 days; Fewer than three active months in the last twelve months
5658	CUST-05658	Fort Worth	TX	Social Media	High Risk	75	1	High Value Intervention	197	7	9844.03	No eligible purchase in more than 180 days; Overdue versus historical purchase cadence; No eligible purchase in the last 180 days; Fewer than three active months in the last twelve months
5913	CUST-05913	San Antonio	TX	Paid Search	High Risk	75	1	High Value Intervention	228	7	9655.46	No eligible purchase in more than 180 days; Overdue versus historical purchase cadence; No eligible purchase in the last 180 days
853	CUST-00853	Columbus	OH	Organic Search	High Risk	75	1	High Value Intervention	270	7	9444.45	No eligible purchase in more than 180 days; Overdue versus historical purchase cadence; No eligible purchase in the last 180 days
7036	CUST-07036	Washington	DC	Social Media	High Risk	75	1	High Value Intervention	199	8	9419.26	No eligible purchase in more than 180 days; Overdue versus historical purchase cadence; No eligible purchase in the last 180 days
6586	CUST-06586	Atlanta	GA	Paid Search	High Risk	75	1	High Value Intervention	225	7	9319.56	No eligible purchase in more than 180 days; Overdue versus historical purchase cadence; No eligible purchase in the last 180 days; Fewer than three active months in the last twelve months
2577	CUST-02577	Philadelphia	PA	Social Media	High Risk	75	1	High Value Intervention	195	6	9299.65	No eligible purchase in more than 180 days; Overdue versus historical purchase cadence; No eligible purchase in the last 180 days
179	CUST-00179	Phoenix	AZ	Email	High Risk	75	1	High Value Intervention	268	7	9292.86	No eligible purchase in more than 180 days; Overdue versus historical purchase cadence; No eligible purchase in the last 180 days; Fewer than three active months in the last twelve months
2789	CUST-02789	Denver	CO	Referral	High Risk	75	1	High Value Intervention	250	8	9164.06	No eligible purchase in more than 180 days; Overdue versus historical purchase cadence; No eligible purchase in the last 180 days; Fewer than three active months in the last twelve months
5422	CUST-05422	Boston	MA	Organic Search	High Risk	75	1	High Value Intervention	204	8	9032.15	No eligible purchase in more than 180 days; Overdue versus historical purchase cadence; No eligible purchase in the last 180 days
2975	CUST-02975	Houston	TX	Social Media	High Risk	75	1	High Value Intervention	392	7	8794.67	No eligible purchase in more than 180 days; Overdue versus historical purchase cadence; No eligible purchase in the last 180 days; Fewer than three active months in the last twelve months
7069	CUST-07069	New York	NY	Organic Search	High Risk	75	1	High Value Intervention	246	6	8745.05	No eligible purchase in more than 180 days; Overdue versus historical purchase cadence; No eligible purchase in the last 180 days
6115	CUST-06115	Chicago	IL	Referral	High Risk	75	1	High Value Intervention	268	7	8464.71	No eligible purchase in more than 180 days; Overdue versus historical purchase cadence; No eligible purchase in the last 180 days
7770	CUST-07770	Nashville	TN	Organic Search	High Risk	75	1	High Value Intervention	266	6	8377.68	No eligible purchase in more than 180 days; Overdue versus historical purchase cadence; No eligible purchase in the last 180 days
1283	CUST-01283	Denver	CO	Social Media	High Risk	75	1	High Value Intervention	280	6	8373.60	No eligible purchase in more than 180 days; Overdue versus historical purchase cadence; No eligible purchase in the last 180 days; Fewer than three active months in the last twelve months
4884	CUST-04884	Houston	TX	Email	High Risk	75	1	High Value Intervention	244	7	8341.73	No eligible purchase in more than 180 days; Overdue versus historical purchase cadence; No eligible purchase in the last 180 days; Fewer than three active months in the last twelve months
1729	CUST-01729	Dallas	TX	Social Media	High Risk	75	1	High Value Intervention	192	7	8330.03	No eligible purchase in more than 180 days; Overdue versus historical purchase cadence; No eligible purchase in the last 180 days
7294	CUST-07294	Jacksonville	FL	Referral	High Risk	75	1	High Value Intervention	181	6	8193.15	No eligible purchase in more than 180 days; Overdue versus historical purchase cadence; No eligible purchase in the last 180 days; Fewer than three active months in the last twelve months
5967	CUST-05967	Los Angeles	CA	Paid Search	High Risk	75	1	High Value Intervention	213	8	8098.05	No eligible purchase in more than 180 days; Overdue versus historical purchase cadence; No eligible purchase in the last 180 days
7396	CUST-07396	Los Angeles	CA	Organic Search	High Risk	75	1	High Value Intervention	203	7	8068.67	No eligible purchase in more than 180 days; Overdue versus historical purchase cadence; No eligible purchase in the last 180 days
7835	CUST-07835	San Jose	CA	Organic Search	High Risk	75	1	Standard Intervention	248	6	8009.58	No eligible purchase in more than 180 days; Overdue versus historical purchase cadence; No eligible purchase in the last 180 days; Fewer than three active months in the last twelve months
1841	CUST-01841	Seattle	WA	Email	High Risk	75	1	Standard Intervention	183	7	7994.04	No eligible purchase in more than 180 days; Overdue versus historical purchase cadence; No eligible purchase in the last 180 days
4837	CUST-04837	Columbus	OH	Referral	High Risk	75	1	Standard Intervention	344	7	7882.95	No eligible purchase in more than 180 days; Overdue versus historical purchase cadence; No eligible purchase in the last 180 days; Fewer than three active months in the last twelve months
4077	CUST-04077	New York	NY	Organic Search	High Risk	75	1	Standard Intervention	272	6	7642.08	No eligible purchase in more than 180 days; Overdue versus historical purchase cadence; No eligible purchase in the last 180 days
7921	CUST-07921	Houston	TX	Organic Search	High Risk	75	1	Standard Intervention	369	6	7535.12	No eligible purchase in more than 180 days; Overdue versus historical purchase cadence; No eligible purchase in the last 180 days; Fewer than three active months in the last twelve months
6634	CUST-06634	Washington	DC	Paid Search	High Risk	75	1	Standard Intervention	244	8	7377.23	No eligible purchase in more than 180 days; Overdue versus historical purchase cadence; No eligible purchase in the last 180 days
6710	CUST-06710	Chicago	IL	Direct	High Risk	75	1	Standard Intervention	185	7	7246.30	No eligible purchase in more than 180 days; Overdue versus historical purchase cadence; No eligible purchase in the last 180 days; Fewer than three active months in the last twelve months
1634	CUST-01634	San Diego	CA	Paid Search	High Risk	75	1	Standard Intervention	314	6	7229.29	No eligible purchase in more than 180 days; Overdue versus historical purchase cadence; No eligible purchase in the last 180 days; Fewer than three active months in the last twelve months
3513	CUST-03513	San Jose	CA	Paid Search	High Risk	75	1	Standard Intervention	184	7	7186.87	No eligible purchase in more than 180 days; Overdue versus historical purchase cadence; No eligible purchase in the last 180 days
7499	CUST-07499	New York	NY	Social Media	High Risk	75	1	Standard Intervention	219	8	7033.80	No eligible purchase in more than 180 days; Overdue versus historical purchase cadence; No eligible purchase in the last 180 days
3317	CUST-03317	Chicago	IL	Referral	High Risk	75	1	Standard Intervention	227	7	7027.50	No eligible purchase in more than 180 days; Overdue versus historical purchase cadence; No eligible purchase in the last 180 days
5081	CUST-05081	New York	NY	Email	High Risk	75	1	Standard Intervention	267	7	6983.89	No eligible purchase in more than 180 days; Overdue versus historical purchase cadence; No eligible purchase in the last 180 days; Fewer than three active months in the last twelve months
1856	CUST-01856	Atlanta	GA	Paid Search	High Risk	75	1	Standard Intervention	320	6	6912.85	No eligible purchase in more than 180 days; Overdue versus historical purchase cadence; No eligible purchase in the last 180 days; Fewer than three active months in the last twelve months
4003	CUST-04003	New York	NY	Email	High Risk	75	1	Standard Intervention	281	6	6779.99	No eligible purchase in more than 180 days; Overdue versus historical purchase cadence; No eligible purchase in the last 180 days; Fewer than three active months in the last twelve months
1595	CUST-01595	Nashville	TN	Email	High Risk	75	1	Standard Intervention	382	7	6688.95	No eligible purchase in more than 180 days; Overdue versus historical purchase cadence; No eligible purchase in the last 180 days; Fewer than three active months in the last twelve months
1875	CUST-01875	Washington	DC	Paid Search	High Risk	75	1	Standard Intervention	187	8	6644.81	No eligible purchase in more than 180 days; Overdue versus historical purchase cadence; No eligible purchase in the last 180 days
1822	CUST-01822	Miami	FL	Paid Search	High Risk	75	1	Standard Intervention	344	6	6501.80	No eligible purchase in more than 180 days; Overdue versus historical purchase cadence; No eligible purchase in the last 180 days; Fewer than three active months in the last twelve months
6034	CUST-06034	Miami	FL	Organic Search	High Risk	75	1	Standard Intervention	330	8	6387.81	No eligible purchase in more than 180 days; Overdue versus historical purchase cadence; No eligible purchase in the last 180 days; Fewer than three active months in the last twelve months
7892	CUST-07892	Las Vegas	NV	Paid Search	High Risk	75	1	Standard Intervention	274	6	6345.57	No eligible purchase in more than 180 days; Overdue versus historical purchase cadence; No eligible purchase in the last 180 days; Fewer than three active months in the last twelve months
3669	CUST-03669	San Antonio	TX	Email	High Risk	75	1	Standard Intervention	216	6	6039.16	No eligible purchase in more than 180 days; Overdue versus historical purchase cadence; No eligible purchase in the last 180 days; Fewer than three active months in the last twelve months
5737	CUST-05737	Los Angeles	CA	Paid Search	High Risk	75	1	Standard Intervention	232	6	5932.86	No eligible purchase in more than 180 days; Overdue versus historical purchase cadence; No eligible purchase in the last 180 days; Fewer than three active months in the last twelve months
4378	CUST-04378	Chicago	IL	Direct	High Risk	75	1	Standard Intervention	215	7	5785.97	No eligible purchase in more than 180 days; Overdue versus historical purchase cadence; No eligible purchase in the last 180 days
6496	CUST-06496	Seattle	WA	Direct	High Risk	75	1	Standard Intervention	240	7	5371.97	No eligible purchase in more than 180 days; Overdue versus historical purchase cadence; No eligible purchase in the last 180 days; Fewer than three active months in the last twelve months
7465	CUST-07465	Las Vegas	NV	Social Media	High Risk	75	1	Standard Intervention	286	7	5296.07	No eligible purchase in more than 180 days; Overdue versus historical purchase cadence; No eligible purchase in the last 180 days; Fewer than three active months in the last twelve months
4374	CUST-04374	New York	NY	Referral	High Risk	75	1	Standard Intervention	227	7	4923.65	No eligible purchase in more than 180 days; Overdue versus historical purchase cadence; No eligible purchase in the last 180 days
3793	CUST-03793	Washington	DC	Paid Search	High Risk	75	1	Standard Intervention	238	6	4690.36	No eligible purchase in more than 180 days; Overdue versus historical purchase cadence; No eligible purchase in the last 180 days; Fewer than three active months in the last twelve months
3722	CUST-03722	Atlanta	GA	Organic Search	High Risk	75	1	Standard Intervention	231	6	4658.35	No eligible purchase in more than 180 days; Overdue versus historical purchase cadence; No eligible purchase in the last 180 days
7944	CUST-07944	Philadelphia	PA	Social Media	High Risk	75	1	Standard Intervention	387	6	4179.80	No eligible purchase in more than 180 days; Overdue versus historical purchase cadence; No eligible purchase in the last 180 days; Fewer than three active months in the last twelve months
3819	CUST-03819	Washington	DC	Email	High Risk	75	1	Standard Intervention	269	7	2999.48	No eligible purchase in more than 180 days; Overdue versus historical purchase cadence; No eligible purchase in the last 180 days; Fewer than three active months in the last twelve months
4328	CUST-04328	Washington	DC	Email	High Risk	75	1	Standard Intervention	356	6	2431.21	No eligible purchase in more than 180 days; Overdue versus historical purchase cadence; No eligible purchase in the last 180 days; Fewer than three active months in the last twelve months
1840	CUST-01840	Los Angeles	CA	Paid Search	High Risk	74	1	High Value Intervention	216	5	10313.02	No eligible purchase in more than 180 days; Purchase cadence deterioration; No eligible purchase in the last 180 days; Fewer than three active months in the last twelve months
2555	CUST-02555	San Antonio	TX	Direct	High Risk	74	1	High Value Intervention	242	2	9326.75	No eligible purchase in more than 180 days; No eligible purchase in the last 180 days; Fewer than three active months in the last twelve months
7528	CUST-07528	Boston	MA	Social Media	High Risk	74	1	Standard Intervention	289	2	7757.20	No eligible purchase in more than 180 days; No eligible purchase in the last 180 days; Fewer than three active months in the last twelve months
3543	CUST-03543	San Jose	CA	Paid Search	High Risk	74	1	Standard Intervention	230	2	7366.94	No eligible purchase in more than 180 days; No eligible purchase in the last 180 days; Fewer than three active months in the last twelve months
2194	CUST-02194	Boston	MA	Email	High Risk	74	1	Standard Intervention	205	5	7021.96	No eligible purchase in more than 180 days; Purchase cadence deterioration; No eligible purchase in the last 180 days
5750	CUST-05750	San Jose	CA	Email	High Risk	74	1	Standard Intervention	189	2	6842.46	No eligible purchase in more than 180 days; No eligible purchase in the last 180 days; Fewer than three active months in the last twelve months
589	CUST-00589	Chicago	IL	Referral	High Risk	74	1	Standard Intervention	185	5	6463.04	No eligible purchase in more than 180 days; Purchase cadence deterioration; No eligible purchase in the last 180 days; Fewer than three active months in the last twelve months
7865	CUST-07865	Columbus	OH	Organic Search	High Risk	74	1	Standard Intervention	256	2	6315.35	No eligible purchase in more than 180 days; No eligible purchase in the last 180 days; Fewer than three active months in the last twelve months
7473	CUST-07473	San Antonio	TX	Paid Search	High Risk	74	1	Standard Intervention	251	2	5421.31	No eligible purchase in more than 180 days; No eligible purchase in the last 180 days; Fewer than three active months in the last twelve months
1766	CUST-01766	San Antonio	TX	Direct	High Risk	74	1	Standard Intervention	277	2	5343.96	No eligible purchase in more than 180 days; No eligible purchase in the last 180 days; Fewer than three active months in the last twelve months
120	CUST-00120	Chicago	IL	Organic Search	High Risk	74	1	Standard Intervention	352	2	5113.74	No eligible purchase in more than 180 days; No eligible purchase in the last 180 days; Fewer than three active months in the last twelve months
5351	CUST-05351	Houston	TX	Paid Search	High Risk	74	1	Standard Intervention	228	2	5093.83	No eligible purchase in more than 180 days; No eligible purchase in the last 180 days; Fewer than three active months in the last twelve months
811	CUST-00811	Denver	CO	Direct	High Risk	74	1	Standard Intervention	230	2	4942.57	No eligible purchase in more than 180 days; No eligible purchase in the last 180 days; Fewer than three active months in the last twelve months
2442	CUST-02442	Washington	DC	Paid Search	High Risk	74	1	Standard Intervention	369	2	4586.97	No eligible purchase in more than 180 days; No eligible purchase in the last 180 days; Fewer than three active months in the last twelve months
7426	CUST-07426	Jacksonville	FL	Direct	High Risk	74	1	Standard Intervention	190	2	4484.04	No eligible purchase in more than 180 days; No eligible purchase in the last 180 days; Fewer than three active months in the last twelve months
1752	CUST-01752	Denver	CO	Social Media	High Risk	74	1	Standard Intervention	202	2	4083.52	No eligible purchase in more than 180 days; No eligible purchase in the last 180 days; Fewer than three active months in the last twelve months
1038	CUST-01038	San Antonio	TX	Paid Search	High Risk	74	1	Standard Intervention	271	2	4059.40	No eligible purchase in more than 180 days; No eligible purchase in the last 180 days; Fewer than three active months in the last twelve months
317	CUST-00317	Boston	MA	Organic Search	High Risk	74	1	Standard Intervention	222	5	4021.04	No eligible purchase in more than 180 days; Purchase cadence deterioration; No eligible purchase in the last 180 days; Fewer than three active months in the last twelve months
3923	CUST-03923	Jacksonville	FL	Direct	High Risk	74	1	Standard Intervention	372	2	3993.29	No eligible purchase in more than 180 days; No eligible purchase in the last 180 days; Fewer than three active months in the last twelve months
7588	CUST-07588	Houston	TX	Organic Search	High Risk	74	1	Standard Intervention	215	2	3958.35	No eligible purchase in more than 180 days; No eligible purchase in the last 180 days; Fewer than three active months in the last twelve months
7229	CUST-07229	Charlotte	NC	Organic Search	High Risk	74	1	Standard Intervention	307	2	3956.92	No eligible purchase in more than 180 days; No eligible purchase in the last 180 days; Fewer than three active months in the last twelve months
6803	CUST-06803	Houston	TX	Referral	High Risk	74	1	Standard Intervention	255	2	3956.74	No eligible purchase in more than 180 days; No eligible purchase in the last 180 days; Fewer than three active months in the last twelve months
3725	CUST-03725	Columbus	OH	Organic Search	High Risk	74	1	Standard Intervention	357	2	3953.21	No eligible purchase in more than 180 days; No eligible purchase in the last 180 days; Fewer than three active months in the last twelve months
2276	CUST-02276	Dallas	TX	Direct	High Risk	74	1	Standard Intervention	181	2	3728.64	No eligible purchase in more than 180 days; No eligible purchase in the last 180 days; Fewer than three active months in the last twelve months
3913	CUST-03913	San Diego	CA	Email	High Risk	74	1	Standard Intervention	391	2	3267.31	No eligible purchase in more than 180 days; No eligible purchase in the last 180 days; Fewer than three active months in the last twelve months
3525	CUST-03525	Houston	TX	Organic Search	High Risk	74	1	Standard Intervention	192	2	3255.39	No eligible purchase in more than 180 days; No eligible purchase in the last 180 days; Fewer than three active months in the last twelve months
2892	CUST-02892	Houston	TX	Email	High Risk	74	1	Standard Intervention	218	2	3194.43	No eligible purchase in more than 180 days; No eligible purchase in the last 180 days; Fewer than three active months in the last twelve months
1662	CUST-01662	Fort Worth	TX	Email	High Risk	74	1	Standard Intervention	184	2	3121.36	No eligible purchase in more than 180 days; No eligible purchase in the last 180 days; Fewer than three active months in the last twelve months
2241	CUST-02241	Los Angeles	CA	Referral	High Risk	74	1	Standard Intervention	225	2	2996.06	No eligible purchase in more than 180 days; No eligible purchase in the last 180 days; Fewer than three active months in the last twelve months
4843	CUST-04843	Portland	OR	Referral	High Risk	74	1	Standard Intervention	282	2	2957.66	No eligible purchase in more than 180 days; No eligible purchase in the last 180 days; Fewer than three active months in the last twelve months
5765	CUST-05765	San Diego	CA	Email	High Risk	74	1	Standard Intervention	355	2	2885.08	No eligible purchase in more than 180 days; No eligible purchase in the last 180 days; Fewer than three active months in the last twelve months
3397	CUST-03397	Fort Worth	TX	Referral	High Risk	74	1	Standard Intervention	304	2	2840.30	No eligible purchase in more than 180 days; No eligible purchase in the last 180 days; Fewer than three active months in the last twelve months
3452	CUST-03452	San Diego	CA	Referral	High Risk	74	1	Standard Intervention	393	2	2761.45	No eligible purchase in more than 180 days; No eligible purchase in the last 180 days; Fewer than three active months in the last twelve months
6028	CUST-06028	New York	NY	Social Media	High Risk	74	1	Standard Intervention	308	2	2749.28	No eligible purchase in more than 180 days; No eligible purchase in the last 180 days; Fewer than three active months in the last twelve months
4152	CUST-04152	New York	NY	Direct	High Risk	74	1	Standard Intervention	238	2	2741.46	No eligible purchase in more than 180 days; No eligible purchase in the last 180 days; Fewer than three active months in the last twelve months
4765	CUST-04765	Chicago	IL	Paid Search	High Risk	74	1	Standard Intervention	231	2	2721.84	No eligible purchase in more than 180 days; No eligible purchase in the last 180 days; Fewer than three active months in the last twelve months
6446	CUST-06446	San Antonio	TX	Social Media	High Risk	74	1	Standard Intervention	307	2	2689.54	No eligible purchase in more than 180 days; No eligible purchase in the last 180 days; Fewer than three active months in the last twelve months
453	CUST-00453	Columbus	OH	Direct	High Risk	74	1	Standard Intervention	206	2	2617.59	No eligible purchase in more than 180 days; No eligible purchase in the last 180 days; Fewer than three active months in the last twelve months
1363	CUST-01363	Denver	CO	Paid Search	High Risk	74	1	Standard Intervention	210	2	2571.92	No eligible purchase in more than 180 days; No eligible purchase in the last 180 days; Fewer than three active months in the last twelve months
4849	CUST-04849	Portland	OR	Organic Search	High Risk	74	1	Standard Intervention	251	2	2555.07	No eligible purchase in more than 180 days; No eligible purchase in the last 180 days; Fewer than three active months in the last twelve months
4823	CUST-04823	Seattle	WA	Paid Search	High Risk	74	1	Standard Intervention	245	2	2510.17	No eligible purchase in more than 180 days; No eligible purchase in the last 180 days; Fewer than three active months in the last twelve months
1741	CUST-01741	Dallas	TX	Paid Search	High Risk	74	1	Standard Intervention	324	2	2502.08	No eligible purchase in more than 180 days; No eligible purchase in the last 180 days; Fewer than three active months in the last twelve months
2177	CUST-02177	Boston	MA	Social Media	High Risk	74	1	Standard Intervention	221	2	2434.98	No eligible purchase in more than 180 days; No eligible purchase in the last 180 days; Fewer than three active months in the last twelve months
6346	CUST-06346	Houston	TX	Organic Search	High Risk	74	1	Standard Intervention	229	2	2424.03	No eligible purchase in more than 180 days; No eligible purchase in the last 180 days; Fewer than three active months in the last twelve months
1467	CUST-01467	Las Vegas	NV	Paid Search	High Risk	74	1	Standard Intervention	338	2	2297.73	No eligible purchase in more than 180 days; No eligible purchase in the last 180 days; Fewer than three active months in the last twelve months
999	CUST-00999	Portland	OR	Social Media	High Risk	74	1	Standard Intervention	287	2	2196.66	No eligible purchase in more than 180 days; No eligible purchase in the last 180 days; Fewer than three active months in the last twelve months
488	CUST-00488	Miami	FL	Paid Search	High Risk	74	1	Standard Intervention	239	2	2175.48	No eligible purchase in more than 180 days; No eligible purchase in the last 180 days; Fewer than three active months in the last twelve months
6717	CUST-06717	Fort Worth	TX	Organic Search	High Risk	74	1	Standard Intervention	204	2	2150.82	No eligible purchase in more than 180 days; No eligible purchase in the last 180 days; Fewer than three active months in the last twelve months
4319	CUST-04319	Seattle	WA	Email	High Risk	74	1	Standard Intervention	387	2	2136.90	No eligible purchase in more than 180 days; No eligible purchase in the last 180 days; Fewer than three active months in the last twelve months
6671	CUST-06671	Houston	TX	Direct	High Risk	74	1	Standard Intervention	252	2	2117.50	No eligible purchase in more than 180 days; No eligible purchase in the last 180 days; Fewer than three active months in the last twelve months
377	CUST-00377	Columbus	OH	Direct	High Risk	74	1	Standard Intervention	237	2	2075.08	No eligible purchase in more than 180 days; No eligible purchase in the last 180 days; Fewer than three active months in the last twelve months
1666	CUST-01666	Atlanta	GA	Email	High Risk	74	1	Standard Intervention	324	2	2049.93	No eligible purchase in more than 180 days; No eligible purchase in the last 180 days; Fewer than three active months in the last twelve months
7322	CUST-07322	Philadelphia	PA	Social Media	High Risk	74	1	Standard Intervention	199	2	1999.63	No eligible purchase in more than 180 days; No eligible purchase in the last 180 days; Fewer than three active months in the last twelve months
5839	CUST-05839	Columbus	OH	Email	High Risk	74	1	Standard Intervention	277	2	1965.78	No eligible purchase in more than 180 days; No eligible purchase in the last 180 days; Fewer than three active months in the last twelve months
5641	CUST-05641	Atlanta	GA	Referral	High Risk	74	1	Standard Intervention	302	2	1862.39	No eligible purchase in more than 180 days; No eligible purchase in the last 180 days; Fewer than three active months in the last twelve months
4664	CUST-04664	Washington	DC	Organic Search	High Risk	74	1	Standard Intervention	351	2	1807.28	No eligible purchase in more than 180 days; No eligible purchase in the last 180 days; Fewer than three active months in the last twelve months
1947	CUST-01947	Los Angeles	CA	Email	High Risk	74	1	Standard Intervention	402	2	1746.06	No eligible purchase in more than 180 days; No eligible purchase in the last 180 days; Fewer than three active months in the last twelve months
1790	CUST-01790	Phoenix	AZ	Organic Search	High Risk	74	1	Standard Intervention	314	2	1736.18	No eligible purchase in more than 180 days; No eligible purchase in the last 180 days; Fewer than three active months in the last twelve months
2537	CUST-02537	Portland	OR	Social Media	High Risk	74	1	Standard Intervention	182	2	1588.97	No eligible purchase in more than 180 days; No eligible purchase in the last 180 days; Fewer than three active months in the last twelve months
1618	CUST-01618	New York	NY	Direct	High Risk	74	1	Standard Intervention	206	2	1544.47	No eligible purchase in more than 180 days; No eligible purchase in the last 180 days; Fewer than three active months in the last twelve months
7557	CUST-07557	Houston	TX	Organic Search	High Risk	74	1	Standard Intervention	364	2	1504.05	No eligible purchase in more than 180 days; No eligible purchase in the last 180 days; Fewer than three active months in the last twelve months
7213	CUST-07213	Phoenix	AZ	Organic Search	High Risk	74	1	Standard Intervention	200	2	1500.20	No eligible purchase in more than 180 days; No eligible purchase in the last 180 days; Fewer than three active months in the last twelve months
6563	CUST-06563	Miami	FL	Paid Search	High Risk	74	1	Standard Intervention	227	2	1454.33	No eligible purchase in more than 180 days; No eligible purchase in the last 180 days; Fewer than three active months in the last twelve months
5067	CUST-05067	Atlanta	GA	Referral	High Risk	74	1	Standard Intervention	241	2	1452.69	No eligible purchase in more than 180 days; No eligible purchase in the last 180 days; Fewer than three active months in the last twelve months
2642	CUST-02642	Columbus	OH	Social Media	High Risk	74	1	Standard Intervention	196	2	1449.93	No eligible purchase in more than 180 days; No eligible purchase in the last 180 days; Fewer than three active months in the last twelve months
4278	CUST-04278	Columbus	OH	Email	High Risk	74	1	Standard Intervention	301	2	1422.57	No eligible purchase in more than 180 days; No eligible purchase in the last 180 days; Fewer than three active months in the last twelve months
1158	CUST-01158	Columbus	OH	Social Media	High Risk	74	1	Standard Intervention	265	2	1331.96	No eligible purchase in more than 180 days; No eligible purchase in the last 180 days; Fewer than three active months in the last twelve months
820	CUST-00820	Columbus	OH	Social Media	High Risk	74	1	Standard Intervention	368	2	1263.17	No eligible purchase in more than 180 days; No eligible purchase in the last 180 days; Fewer than three active months in the last twelve months
5900	CUST-05900	Washington	DC	Email	High Risk	74	1	Standard Intervention	243	2	1248.54	No eligible purchase in more than 180 days; No eligible purchase in the last 180 days; Fewer than three active months in the last twelve months
3268	CUST-03268	Atlanta	GA	Organic Search	High Risk	74	1	Standard Intervention	250	2	1228.55	No eligible purchase in more than 180 days; No eligible purchase in the last 180 days; Fewer than three active months in the last twelve months
7743	CUST-07743	Charlotte	NC	Email	High Risk	74	1	Standard Intervention	296	2	1216.95	No eligible purchase in more than 180 days; No eligible purchase in the last 180 days; Fewer than three active months in the last twelve months
6861	CUST-06861	Columbus	OH	Email	High Risk	74	1	Standard Intervention	194	2	1103.96	No eligible purchase in more than 180 days; No eligible purchase in the last 180 days; Fewer than three active months in the last twelve months
6570	CUST-06570	Las Vegas	NV	Paid Search	High Risk	74	1	Standard Intervention	193	2	1093.84	No eligible purchase in more than 180 days; No eligible purchase in the last 180 days; Fewer than three active months in the last twelve months
6079	CUST-06079	Los Angeles	CA	Social Media	High Risk	74	1	Standard Intervention	204	2	832.63	No eligible purchase in more than 180 days; No eligible purchase in the last 180 days; Fewer than three active months in the last twelve months
4657	CUST-04657	Nashville	TN	Social Media	High Risk	74	1	Standard Intervention	242	2	826.73	No eligible purchase in more than 180 days; No eligible purchase in the last 180 days; Fewer than three active months in the last twelve months
2015	CUST-02015	San Diego	CA	Organic Search	High Risk	74	1	Standard Intervention	341	2	823.24	No eligible purchase in more than 180 days; No eligible purchase in the last 180 days; Fewer than three active months in the last twelve months
5480	CUST-05480	Denver	CO	Paid Search	High Risk	74	1	Standard Intervention	201	2	670.02	No eligible purchase in more than 180 days; No eligible purchase in the last 180 days; Fewer than three active months in the last twelve months
4508	CUST-04508	Chicago	IL	Organic Search	High Risk	74	1	Standard Intervention	284	2	369.59	No eligible purchase in more than 180 days; No eligible purchase in the last 180 days; Fewer than three active months in the last twelve months
748	CUST-00748	Las Vegas	NV	Paid Search	High Risk	74	1	Standard Intervention	236	2	350.06	No eligible purchase in more than 180 days; No eligible purchase in the last 180 days; Fewer than three active months in the last twelve months
4008	CUST-04008	Jacksonville	FL	Social Media	Medium Risk	69	0	High Value Intervention	164	5	10161.56	No eligible purchase in more than 90 days; Overdue versus historical purchase cadence
5884	CUST-05884	New York	NY	Email	Medium Risk	69	0	Standard Intervention	120	5	7580.21	No eligible purchase in more than 90 days; Overdue versus historical purchase cadence
6824	CUST-06824	New York	NY	Organic Search	Medium Risk	69	0	Standard Intervention	129	4	5053.40	No eligible purchase in more than 90 days; Overdue versus historical purchase cadence
2492	CUST-02492	Seattle	WA	Social Media	Medium Risk	68	0	Standard Intervention	150	2	6523.36	No eligible purchase in more than 90 days; Purchase cadence deterioration; Fewer than three active months in the last twelve months
518	CUST-00518	Las Vegas	NV	Direct	Medium Risk	68	0	Standard Intervention	145	2	5414.52	No eligible purchase in more than 90 days; Purchase cadence deterioration; Fewer than three active months in the last twelve months
3230	CUST-03230	Los Angeles	CA	Direct	Medium Risk	68	0	Standard Intervention	174	2	5378.12	No eligible purchase in more than 90 days; Purchase cadence deterioration; Fewer than three active months in the last twelve months
7436	CUST-07436	Los Angeles	CA	Social Media	Medium Risk	68	0	Standard Intervention	132	2	5321.22	No eligible purchase in more than 90 days; Purchase cadence deterioration; Fewer than three active months in the last twelve months
207	CUST-00207	Chicago	IL	Organic Search	Medium Risk	68	0	Standard Intervention	160	2	4656.64	No eligible purchase in more than 90 days; Purchase cadence deterioration; Fewer than three active months in the last twelve months
3149	CUST-03149	Portland	OR	Social Media	Medium Risk	68	0	Standard Intervention	176	2	4550.63	No eligible purchase in more than 90 days; Purchase cadence deterioration; Fewer than three active months in the last twelve months
414	CUST-00414	Boston	MA	Organic Search	Medium Risk	68	0	Standard Intervention	172	2	4339.68	No eligible purchase in more than 90 days; Purchase cadence deterioration; Fewer than three active months in the last twelve months
7463	CUST-07463	Charlotte	NC	Email	Medium Risk	68	0	Standard Intervention	147	2	4172.62	No eligible purchase in more than 90 days; Purchase cadence deterioration; Fewer than three active months in the last twelve months
22	CUST-00022	Houston	TX	Email	Medium Risk	68	0	Standard Intervention	151	2	3559.08	No eligible purchase in more than 90 days; Purchase cadence deterioration; Fewer than three active months in the last twelve months
4602	CUST-04602	Columbus	OH	Social Media	Medium Risk	68	0	Standard Intervention	148	2	3015.05	No eligible purchase in more than 90 days; Purchase cadence deterioration; Fewer than three active months in the last twelve months
2967	CUST-02967	Portland	OR	Email	Medium Risk	68	0	Standard Intervention	152	2	2918.24	No eligible purchase in more than 90 days; Purchase cadence deterioration; Fewer than three active months in the last twelve months
167	CUST-00167	Boston	MA	Social Media	Medium Risk	68	0	Standard Intervention	156	2	2870.84	No eligible purchase in more than 90 days; Purchase cadence deterioration; Fewer than three active months in the last twelve months
5405	CUST-05405	Dallas	TX	Direct	Medium Risk	68	0	Standard Intervention	178	2	2830.25	No eligible purchase in more than 90 days; Purchase cadence deterioration; Fewer than three active months in the last twelve months
5302	CUST-05302	Chicago	IL	Referral	Medium Risk	68	0	Standard Intervention	138	2	2609.21	No eligible purchase in more than 90 days; Purchase cadence deterioration; Fewer than three active months in the last twelve months
6219	CUST-06219	Washington	DC	Email	Medium Risk	68	0	Standard Intervention	176	2	2398.80	No eligible purchase in more than 90 days; Purchase cadence deterioration; Fewer than three active months in the last twelve months
4161	CUST-04161	Miami	FL	Email	Medium Risk	68	0	Standard Intervention	137	2	2240.33	No eligible purchase in more than 90 days; Purchase cadence deterioration; Fewer than three active months in the last twelve months
4043	CUST-04043	Dallas	TX	Paid Search	Medium Risk	68	0	Standard Intervention	149	2	1782.78	No eligible purchase in more than 90 days; Purchase cadence deterioration; Fewer than three active months in the last twelve months
7974	CUST-07974	New York	NY	Paid Search	Medium Risk	68	0	Standard Intervention	139	2	1635.20	No eligible purchase in more than 90 days; Purchase cadence deterioration; Fewer than three active months in the last twelve months
1656	CUST-01656	San Antonio	TX	Referral	Medium Risk	68	0	Standard Intervention	178	2	1575.87	No eligible purchase in more than 90 days; Purchase cadence deterioration; Fewer than three active months in the last twelve months
686	CUST-00686	Jacksonville	FL	Email	Medium Risk	68	0	Standard Intervention	150	2	1561.25	No eligible purchase in more than 90 days; Purchase cadence deterioration; Fewer than three active months in the last twelve months
3232	CUST-03232	Phoenix	AZ	Organic Search	Medium Risk	68	0	Standard Intervention	162	2	1504.91	No eligible purchase in more than 90 days; Purchase cadence deterioration; Fewer than three active months in the last twelve months
2365	CUST-02365	Las Vegas	NV	Organic Search	Medium Risk	68	0	Standard Intervention	159	2	1480.95	No eligible purchase in more than 90 days; Purchase cadence deterioration; Fewer than three active months in the last twelve months
7108	CUST-07108	Los Angeles	CA	Referral	Medium Risk	68	0	Standard Intervention	172	2	1355.95	No eligible purchase in more than 90 days; Purchase cadence deterioration; Fewer than three active months in the last twelve months
2830	CUST-02830	Columbus	OH	Organic Search	Medium Risk	68	0	Standard Intervention	152	2	1260.15	No eligible purchase in more than 90 days; Purchase cadence deterioration; Fewer than three active months in the last twelve months
86	CUST-00086	Houston	TX	Organic Search	Medium Risk	68	0	Standard Intervention	171	2	1046.48	No eligible purchase in more than 90 days; Purchase cadence deterioration; Fewer than three active months in the last twelve months
726	CUST-00726	Los Angeles	CA	Social Media	Medium Risk	68	0	Standard Intervention	155	2	1027.52	No eligible purchase in more than 90 days; Purchase cadence deterioration; Fewer than three active months in the last twelve months
3351	CUST-03351	Los Angeles	CA	Referral	Medium Risk	68	0	Standard Intervention	157	2	873.83	No eligible purchase in more than 90 days; Purchase cadence deterioration; Fewer than three active months in the last twelve months
4069	CUST-04069	Atlanta	GA	Email	Medium Risk	68	0	Standard Intervention	145	2	760.71	No eligible purchase in more than 90 days; Purchase cadence deterioration; Fewer than three active months in the last twelve months
3842	CUST-03842	Columbus	OH	Paid Search	Medium Risk	68	0	Standard Intervention	142	2	752.02	No eligible purchase in more than 90 days; Purchase cadence deterioration; Fewer than three active months in the last twelve months
2353	CUST-02353	Nashville	TN	Referral	Medium Risk	68	0	Standard Intervention	166	2	433.85	No eligible purchase in more than 90 days; Purchase cadence deterioration; Fewer than three active months in the last twelve months
4766	CUST-04766	Houston	TX	Direct	Medium Risk	68	0	Standard Intervention	144	2	299.87	No eligible purchase in more than 90 days; Purchase cadence deterioration; Fewer than three active months in the last twelve months
1433	CUST-01433	Philadelphia	PA	Social Media	Medium Risk	66	0	High Value Intervention	86	1	8595.55	Only one eligible purchase; Fewer than three active months in the last twelve months
2191	CUST-02191	San Antonio	TX	Social Media	Medium Risk	66	1	High Value Intervention	239	2	8471.46	No eligible purchase in more than 180 days; No eligible purchase in the last 180 days; Fewer than three active months in the last twelve months
1577	CUST-01577	Denver	CO	Email	Medium Risk	66	1	High Value Intervention	224	2	8207.79	No eligible purchase in more than 180 days; No eligible purchase in the last 180 days; Fewer than three active months in the last twelve months
2854	CUST-02854	Las Vegas	NV	Paid Search	Medium Risk	66	1	Standard Intervention	231	2	7804.21	No eligible purchase in more than 180 days; No eligible purchase in the last 180 days; Fewer than three active months in the last twelve months
2012	CUST-02012	New York	NY	Referral	Medium Risk	66	1	Standard Intervention	295	2	7405.98	No eligible purchase in more than 180 days; No eligible purchase in the last 180 days; Fewer than three active months in the last twelve months
7148	CUST-07148	Chicago	IL	Social Media	Medium Risk	66	0	Standard Intervention	79	1	7382.02	Only one eligible purchase; Fewer than three active months in the last twelve months
6017	CUST-06017	Boston	MA	Organic Search	Medium Risk	66	1	Standard Intervention	195	2	6879.48	No eligible purchase in more than 180 days; No eligible purchase in the last 180 days; Fewer than three active months in the last twelve months
3038	CUST-03038	Dallas	TX	Organic Search	Medium Risk	66	1	Standard Intervention	224	2	6807.39	No eligible purchase in more than 180 days; No eligible purchase in the last 180 days; Fewer than three active months in the last twelve months
4167	CUST-04167	Fort Worth	TX	Referral	Medium Risk	66	1	Standard Intervention	303	2	6739.31	No eligible purchase in more than 180 days; No eligible purchase in the last 180 days; Fewer than three active months in the last twelve months
7183	CUST-07183	Seattle	WA	Organic Search	Medium Risk	66	1	Standard Intervention	326	2	6653.93	No eligible purchase in more than 180 days; No eligible purchase in the last 180 days; Fewer than three active months in the last twelve months
5762	CUST-05762	Los Angeles	CA	Social Media	Medium Risk	66	1	Standard Intervention	243	2	6266.04	No eligible purchase in more than 180 days; No eligible purchase in the last 180 days; Fewer than three active months in the last twelve months
5904	CUST-05904	Jacksonville	FL	Social Media	Medium Risk	66	1	Standard Intervention	348	2	5986.32	No eligible purchase in more than 180 days; No eligible purchase in the last 180 days; Fewer than three active months in the last twelve months
3765	CUST-03765	Phoenix	AZ	Organic Search	Medium Risk	66	1	Standard Intervention	210	2	5815.20	No eligible purchase in more than 180 days; No eligible purchase in the last 180 days; Fewer than three active months in the last twelve months
6072	CUST-06072	Chicago	IL	Organic Search	Medium Risk	66	1	Standard Intervention	194	2	5464.38	No eligible purchase in more than 180 days; No eligible purchase in the last 180 days; Fewer than three active months in the last twelve months
6909	CUST-06909	Seattle	WA	Organic Search	Medium Risk	66	0	Standard Intervention	84	1	5383.31	Only one eligible purchase; Fewer than three active months in the last twelve months
2401	CUST-02401	Chicago	IL	Social Media	Medium Risk	66	1	Standard Intervention	219	2	5253.59	No eligible purchase in more than 180 days; No eligible purchase in the last 180 days; Fewer than three active months in the last twelve months
495	CUST-00495	Dallas	TX	Email	Medium Risk	66	1	Standard Intervention	205	2	5163.16	No eligible purchase in more than 180 days; No eligible purchase in the last 180 days; Fewer than three active months in the last twelve months
30	CUST-00030	Portland	OR	Organic Search	Medium Risk	66	1	Standard Intervention	277	2	5088.19	No eligible purchase in more than 180 days; No eligible purchase in the last 180 days; Fewer than three active months in the last twelve months
946	CUST-00946	Austin	TX	Organic Search	Medium Risk	66	1	Standard Intervention	199	2	4939.69	No eligible purchase in more than 180 days; No eligible purchase in the last 180 days; Fewer than three active months in the last twelve months
1441	CUST-01441	San Antonio	TX	Organic Search	Medium Risk	66	1	Standard Intervention	254	2	4526.66	No eligible purchase in more than 180 days; No eligible purchase in the last 180 days; Fewer than three active months in the last twelve months
5189	CUST-05189	New York	NY	Paid Search	Medium Risk	66	0	Standard Intervention	87	1	4422.65	Only one eligible purchase; Fewer than three active months in the last twelve months
5143	CUST-05143	Dallas	TX	Referral	Medium Risk	66	1	Standard Intervention	245	2	4261.69	No eligible purchase in more than 180 days; No eligible purchase in the last 180 days; Fewer than three active months in the last twelve months
151	CUST-00151	San Antonio	TX	Direct	Medium Risk	66	1	Standard Intervention	216	2	4207.48	No eligible purchase in more than 180 days; No eligible purchase in the last 180 days; Fewer than three active months in the last twelve months
6907	CUST-06907	Fort Worth	TX	Organic Search	Medium Risk	66	1	Standard Intervention	182	2	3973.88	No eligible purchase in more than 180 days; No eligible purchase in the last 180 days; Fewer than three active months in the last twelve months
1395	CUST-01395	Houston	TX	Organic Search	Medium Risk	66	1	Standard Intervention	256	2	3970.11	No eligible purchase in more than 180 days; No eligible purchase in the last 180 days; Fewer than three active months in the last twelve months
949	CUST-00949	Fort Worth	TX	Social Media	Medium Risk	66	0	Standard Intervention	72	1	3970.08	Only one eligible purchase; Fewer than three active months in the last twelve months
6886	CUST-06886	Philadelphia	PA	Paid Search	Medium Risk	66	1	Standard Intervention	240	2	3927.86	No eligible purchase in more than 180 days; No eligible purchase in the last 180 days; Fewer than three active months in the last twelve months
2190	CUST-02190	Miami	FL	Email	Medium Risk	66	1	Standard Intervention	245	2	3918.59	No eligible purchase in more than 180 days; No eligible purchase in the last 180 days; Fewer than three active months in the last twelve months
5791	CUST-05791	New York	NY	Paid Search	Medium Risk	66	1	Standard Intervention	186	2	3857.99	No eligible purchase in more than 180 days; No eligible purchase in the last 180 days; Fewer than three active months in the last twelve months
5657	CUST-05657	Los Angeles	CA	Social Media	Medium Risk	66	1	Standard Intervention	253	2	3832.20	No eligible purchase in more than 180 days; No eligible purchase in the last 180 days; Fewer than three active months in the last twelve months
1244	CUST-01244	Houston	TX	Paid Search	Medium Risk	66	1	Standard Intervention	184	2	3818.97	No eligible purchase in more than 180 days; No eligible purchase in the last 180 days; Fewer than three active months in the last twelve months
1507	CUST-01507	Seattle	WA	Paid Search	Medium Risk	66	1	Standard Intervention	297	2	3772.62	No eligible purchase in more than 180 days; No eligible purchase in the last 180 days; Fewer than three active months in the last twelve months
258	CUST-00258	Philadelphia	PA	Direct	Medium Risk	66	1	Standard Intervention	300	2	3637.00	No eligible purchase in more than 180 days; No eligible purchase in the last 180 days; Fewer than three active months in the last twelve months
7371	CUST-07371	Chicago	IL	Organic Search	Medium Risk	66	1	Standard Intervention	230	2	3587.33	No eligible purchase in more than 180 days; No eligible purchase in the last 180 days; Fewer than three active months in the last twelve months
3079	CUST-03079	Los Angeles	CA	Social Media	Medium Risk	66	1	Standard Intervention	183	2	3493.74	No eligible purchase in more than 180 days; No eligible purchase in the last 180 days; Fewer than three active months in the last twelve months
2530	CUST-02530	Dallas	TX	Email	Medium Risk	66	0	Standard Intervention	73	1	3368.36	Only one eligible purchase; Fewer than three active months in the last twelve months
1361	CUST-01361	San Antonio	TX	Social Media	Medium Risk	66	1	Standard Intervention	341	2	3246.63	No eligible purchase in more than 180 days; No eligible purchase in the last 180 days; Fewer than three active months in the last twelve months
2307	CUST-02307	Fort Worth	TX	Referral	Medium Risk	66	1	Standard Intervention	212	2	3095.00	No eligible purchase in more than 180 days; No eligible purchase in the last 180 days; Fewer than three active months in the last twelve months
5273	CUST-05273	Fort Worth	TX	Referral	Medium Risk	66	0	Standard Intervention	71	1	3061.16	Only one eligible purchase; Fewer than three active months in the last twelve months
3469	CUST-03469	Fort Worth	TX	Paid Search	Medium Risk	66	1	Standard Intervention	219	2	3049.86	No eligible purchase in more than 180 days; No eligible purchase in the last 180 days; Fewer than three active months in the last twelve months
659	CUST-00659	Chicago	IL	Organic Search	Medium Risk	66	1	Standard Intervention	185	2	3048.03	No eligible purchase in more than 180 days; No eligible purchase in the last 180 days; Fewer than three active months in the last twelve months
4275	CUST-04275	New York	NY	Paid Search	Medium Risk	66	1	Standard Intervention	218	2	3023.76	No eligible purchase in more than 180 days; No eligible purchase in the last 180 days; Fewer than three active months in the last twelve months
6136	CUST-06136	Philadelphia	PA	Organic Search	Medium Risk	66	1	Standard Intervention	244	2	3006.89	No eligible purchase in more than 180 days; No eligible purchase in the last 180 days; Fewer than three active months in the last twelve months
3189	CUST-03189	Columbus	OH	Direct	Medium Risk	66	1	Standard Intervention	192	2	2999.41	No eligible purchase in more than 180 days; No eligible purchase in the last 180 days; Fewer than three active months in the last twelve months
5452	CUST-05452	Nashville	TN	Social Media	Medium Risk	66	1	Standard Intervention	211	2	2838.79	No eligible purchase in more than 180 days; No eligible purchase in the last 180 days; Fewer than three active months in the last twelve months
5666	CUST-05666	San Jose	CA	Paid Search	Medium Risk	66	0	Standard Intervention	63	1	2837.18	Only one eligible purchase; Fewer than three active months in the last twelve months
746	CUST-00746	Chicago	IL	Social Media	Medium Risk	66	0	Standard Intervention	75	1	2816.47	Only one eligible purchase; Fewer than three active months in the last twelve months
7563	CUST-07563	Austin	TX	Social Media	Medium Risk	66	0	Standard Intervention	77	1	2766.22	Only one eligible purchase; Fewer than three active months in the last twelve months
5303	CUST-05303	Fort Worth	TX	Social Media	Medium Risk	66	1	Standard Intervention	271	2	2761.92	No eligible purchase in more than 180 days; No eligible purchase in the last 180 days; Fewer than three active months in the last twelve months
7232	CUST-07232	Washington	DC	Referral	Medium Risk	66	1	Standard Intervention	288	2	2742.73	No eligible purchase in more than 180 days; No eligible purchase in the last 180 days; Fewer than three active months in the last twelve months
514	CUST-00514	Washington	DC	Paid Search	Medium Risk	66	0	Standard Intervention	78	1	2623.99	Only one eligible purchase; Fewer than three active months in the last twelve months
1616	CUST-01616	Los Angeles	CA	Direct	Medium Risk	66	0	Standard Intervention	70	1	2613.65	Only one eligible purchase; Fewer than three active months in the last twelve months
2837	CUST-02837	Phoenix	AZ	Social Media	Medium Risk	66	1	Standard Intervention	204	2	2574.52	No eligible purchase in more than 180 days; No eligible purchase in the last 180 days; Fewer than three active months in the last twelve months
1212	CUST-01212	Austin	TX	Organic Search	Medium Risk	66	0	Standard Intervention	77	1	2556.19	Only one eligible purchase; Fewer than three active months in the last twelve months
202	CUST-00202	New York	NY	Organic Search	Medium Risk	66	1	Standard Intervention	211	2	2545.28	No eligible purchase in more than 180 days; No eligible purchase in the last 180 days; Fewer than three active months in the last twelve months
19	CUST-00019	Phoenix	AZ	Organic Search	Medium Risk	66	1	Standard Intervention	202	2	2504.55	No eligible purchase in more than 180 days; No eligible purchase in the last 180 days; Fewer than three active months in the last twelve months
1004	CUST-01004	Austin	TX	Email	Medium Risk	66	1	Standard Intervention	245	2	2484.54	No eligible purchase in more than 180 days; No eligible purchase in the last 180 days; Fewer than three active months in the last twelve months
4663	CUST-04663	Chicago	IL	Direct	Medium Risk	66	1	Standard Intervention	269	2	2477.90	No eligible purchase in more than 180 days; No eligible purchase in the last 180 days; Fewer than three active months in the last twelve months
3947	CUST-03947	Austin	TX	Direct	Medium Risk	66	0	Standard Intervention	74	1	2454.10	Only one eligible purchase; Fewer than three active months in the last twelve months
2722	CUST-02722	San Diego	CA	Paid Search	Medium Risk	66	0	Standard Intervention	86	1	2431.31	Only one eligible purchase; Fewer than three active months in the last twelve months
3979	CUST-03979	Austin	TX	Direct	Medium Risk	66	1	Standard Intervention	182	2	2428.35	No eligible purchase in more than 180 days; No eligible purchase in the last 180 days; Fewer than three active months in the last twelve months
3062	CUST-03062	Phoenix	AZ	Direct	Medium Risk	66	0	Standard Intervention	84	1	2376.60	Only one eligible purchase; Fewer than three active months in the last twelve months
7450	CUST-07450	Columbus	OH	Organic Search	Medium Risk	66	1	Standard Intervention	266	2	2362.27	No eligible purchase in more than 180 days; No eligible purchase in the last 180 days; Fewer than three active months in the last twelve months
6157	CUST-06157	Charlotte	NC	Email	Medium Risk	66	1	Standard Intervention	348	2	2286.31	No eligible purchase in more than 180 days; No eligible purchase in the last 180 days; Fewer than three active months in the last twelve months
6577	CUST-06577	Nashville	TN	Direct	Medium Risk	66	0	Standard Intervention	74	1	2278.60	Only one eligible purchase; Fewer than three active months in the last twelve months
5865	CUST-05865	Los Angeles	CA	Paid Search	Medium Risk	66	1	Standard Intervention	234	2	2253.64	No eligible purchase in more than 180 days; No eligible purchase in the last 180 days; Fewer than three active months in the last twelve months
3337	CUST-03337	Austin	TX	Social Media	Medium Risk	66	1	Standard Intervention	203	2	2241.16	No eligible purchase in more than 180 days; No eligible purchase in the last 180 days; Fewer than three active months in the last twelve months
7145	CUST-07145	New York	NY	Email	Medium Risk	66	0	Standard Intervention	83	1	2222.45	Only one eligible purchase; Fewer than three active months in the last twelve months
6300	CUST-06300	Charlotte	NC	Email	Medium Risk	66	0	Standard Intervention	77	1	2221.95	Only one eligible purchase; Fewer than three active months in the last twelve months
4758	CUST-04758	San Jose	CA	Email	Medium Risk	66	0	Standard Intervention	66	1	2214.47	Only one eligible purchase; Fewer than three active months in the last twelve months
5464	CUST-05464	Seattle	WA	Organic Search	Medium Risk	66	1	Standard Intervention	235	2	2208.35	No eligible purchase in more than 180 days; No eligible purchase in the last 180 days; Fewer than three active months in the last twelve months
3818	CUST-03818	Boston	MA	Organic Search	Medium Risk	66	1	Standard Intervention	204	2	2191.48	No eligible purchase in more than 180 days; No eligible purchase in the last 180 days; Fewer than three active months in the last twelve months
2141	CUST-02141	Los Angeles	CA	Email	Medium Risk	66	1	Standard Intervention	231	2	2170.56	No eligible purchase in more than 180 days; No eligible purchase in the last 180 days; Fewer than three active months in the last twelve months
4739	CUST-04739	Portland	OR	Social Media	Medium Risk	66	1	Standard Intervention	252	2	2155.03	No eligible purchase in more than 180 days; No eligible purchase in the last 180 days; Fewer than three active months in the last twelve months
3828	CUST-03828	Atlanta	GA	Direct	Medium Risk	66	1	Standard Intervention	221	2	2132.51	No eligible purchase in more than 180 days; No eligible purchase in the last 180 days; Fewer than three active months in the last twelve months
6962	CUST-06962	San Antonio	TX	Email	Medium Risk	66	1	Standard Intervention	218	2	2106.82	No eligible purchase in more than 180 days; No eligible purchase in the last 180 days; Fewer than three active months in the last twelve months
6616	CUST-06616	Philadelphia	PA	Direct	Medium Risk	66	1	Standard Intervention	209	2	2061.33	No eligible purchase in more than 180 days; No eligible purchase in the last 180 days; Fewer than three active months in the last twelve months
153	CUST-00153	Fort Worth	TX	Social Media	Medium Risk	66	1	Standard Intervention	269	2	2057.90	No eligible purchase in more than 180 days; No eligible purchase in the last 180 days; Fewer than three active months in the last twelve months
2758	CUST-02758	Fort Worth	TX	Paid Search	Medium Risk	66	1	Standard Intervention	246	2	2009.75	No eligible purchase in more than 180 days; No eligible purchase in the last 180 days; Fewer than three active months in the last twelve months
5049	CUST-05049	Portland	OR	Social Media	Medium Risk	66	1	Standard Intervention	305	2	1962.32	No eligible purchase in more than 180 days; No eligible purchase in the last 180 days; Fewer than three active months in the last twelve months
1648	CUST-01648	New York	NY	Referral	Medium Risk	66	0	Standard Intervention	64	1	1960.39	Only one eligible purchase; Fewer than three active months in the last twelve months
6987	CUST-06987	Houston	TX	Direct	Medium Risk	66	0	Standard Intervention	72	1	1954.53	Only one eligible purchase; Fewer than three active months in the last twelve months
2842	CUST-02842	Portland	OR	Email	Medium Risk	66	1	Standard Intervention	196	2	1950.66	No eligible purchase in more than 180 days; No eligible purchase in the last 180 days; Fewer than three active months in the last twelve months
4773	CUST-04773	Fort Worth	TX	Organic Search	Medium Risk	66	1	Standard Intervention	272	2	1946.66	No eligible purchase in more than 180 days; No eligible purchase in the last 180 days; Fewer than three active months in the last twelve months
1440	CUST-01440	Charlotte	NC	Organic Search	Medium Risk	66	1	Standard Intervention	223	2	1942.85	No eligible purchase in more than 180 days; No eligible purchase in the last 180 days; Fewer than three active months in the last twelve months
1942	CUST-01942	San Antonio	TX	Paid Search	Medium Risk	66	1	Standard Intervention	284	2	1909.12	No eligible purchase in more than 180 days; No eligible purchase in the last 180 days; Fewer than three active months in the last twelve months
2188	CUST-02188	Dallas	TX	Organic Search	Medium Risk	66	1	Standard Intervention	201	2	1713.37	No eligible purchase in more than 180 days; No eligible purchase in the last 180 days; Fewer than three active months in the last twelve months
2877	CUST-02877	San Jose	CA	Email	Medium Risk	66	1	Standard Intervention	240	2	1712.09	No eligible purchase in more than 180 days; No eligible purchase in the last 180 days; Fewer than three active months in the last twelve months
7318	CUST-07318	Los Angeles	CA	Social Media	Medium Risk	66	0	Standard Intervention	63	1	1680.04	Only one eligible purchase; Fewer than three active months in the last twelve months
7258	CUST-07258	San Diego	CA	Paid Search	Medium Risk	66	0	Standard Intervention	73	1	1668.42	Only one eligible purchase; Fewer than three active months in the last twelve months
3440	CUST-03440	Jacksonville	FL	Email	Medium Risk	66	1	Standard Intervention	199	2	1663.50	No eligible purchase in more than 180 days; No eligible purchase in the last 180 days; Fewer than three active months in the last twelve months
3983	CUST-03983	Los Angeles	CA	Organic Search	Medium Risk	66	0	Standard Intervention	83	1	1628.03	Only one eligible purchase; Fewer than three active months in the last twelve months
683	CUST-00683	Fort Worth	TX	Paid Search	Medium Risk	66	0	Standard Intervention	78	1	1621.37	Only one eligible purchase; Fewer than three active months in the last twelve months
1518	CUST-01518	Houston	TX	Paid Search	Medium Risk	66	0	Standard Intervention	76	1	1618.88	Only one eligible purchase; Fewer than three active months in the last twelve months
3654	CUST-03654	Phoenix	AZ	Email	Medium Risk	66	0	Standard Intervention	67	1	1555.66	Only one eligible purchase; Fewer than three active months in the last twelve months
7147	CUST-07147	Denver	CO	Social Media	Medium Risk	66	1	Standard Intervention	233	2	1544.51	No eligible purchase in more than 180 days; No eligible purchase in the last 180 days; Fewer than three active months in the last twelve months
5672	CUST-05672	Portland	OR	Organic Search	Medium Risk	66	1	Standard Intervention	235	2	1506.20	No eligible purchase in more than 180 days; No eligible purchase in the last 180 days; Fewer than three active months in the last twelve months
1627	CUST-01627	Houston	TX	Email	Medium Risk	66	1	Standard Intervention	211	2	1491.65	No eligible purchase in more than 180 days; No eligible purchase in the last 180 days; Fewer than three active months in the last twelve months
2977	CUST-02977	San Antonio	TX	Organic Search	Medium Risk	66	0	Standard Intervention	65	1	1489.36	Only one eligible purchase; Fewer than three active months in the last twelve months
6506	CUST-06506	Denver	CO	Organic Search	Medium Risk	66	0	Standard Intervention	83	1	1485.02	Only one eligible purchase; Fewer than three active months in the last twelve months
7173	CUST-07173	Houston	TX	Social Media	Medium Risk	66	0	Standard Intervention	62	1	1478.19	Only one eligible purchase; Fewer than three active months in the last twelve months
1730	CUST-01730	Denver	CO	Organic Search	Medium Risk	66	1	Standard Intervention	238	2	1466.00	No eligible purchase in more than 180 days; No eligible purchase in the last 180 days; Fewer than three active months in the last twelve months
6882	CUST-06882	San Antonio	TX	Paid Search	Medium Risk	66	0	Standard Intervention	89	1	1420.67	Only one eligible purchase; Fewer than three active months in the last twelve months
580	CUST-00580	San Diego	CA	Organic Search	Medium Risk	66	1	Standard Intervention	190	2	1409.95	No eligible purchase in more than 180 days; No eligible purchase in the last 180 days; Fewer than three active months in the last twelve months
5802	CUST-05802	Las Vegas	NV	Organic Search	Medium Risk	66	0	Standard Intervention	84	1	1400.70	Only one eligible purchase; Fewer than three active months in the last twelve months
1326	CUST-01326	Charlotte	NC	Social Media	Medium Risk	66	0	Standard Intervention	72	1	1376.33	Only one eligible purchase; Fewer than three active months in the last twelve months
2300	CUST-02300	Charlotte	NC	Referral	Medium Risk	66	0	Standard Intervention	80	1	1312.28	Only one eligible purchase; Fewer than three active months in the last twelve months
4083	CUST-04083	Denver	CO	Paid Search	Medium Risk	66	0	Standard Intervention	66	1	1303.40	Only one eligible purchase; Fewer than three active months in the last twelve months
3804	CUST-03804	Charlotte	NC	Direct	Medium Risk	66	1	Standard Intervention	198	2	1294.99	No eligible purchase in more than 180 days; No eligible purchase in the last 180 days; Fewer than three active months in the last twelve months
2891	CUST-02891	Houston	TX	Organic Search	Medium Risk	66	1	Standard Intervention	295	2	1284.80	No eligible purchase in more than 180 days; No eligible purchase in the last 180 days; Fewer than three active months in the last twelve months
1560	CUST-01560	Seattle	WA	Direct	Medium Risk	66	0	Standard Intervention	87	1	1251.49	Only one eligible purchase; Fewer than three active months in the last twelve months
5087	CUST-05087	Charlotte	NC	Social Media	Medium Risk	66	0	Standard Intervention	89	1	1242.50	Only one eligible purchase; Fewer than three active months in the last twelve months
3054	CUST-03054	Chicago	IL	Social Media	Medium Risk	66	1	Standard Intervention	182	2	1231.75	No eligible purchase in more than 180 days; No eligible purchase in the last 180 days; Fewer than three active months in the last twelve months
3023	CUST-03023	Miami	FL	Paid Search	Medium Risk	66	1	Standard Intervention	222	2	1222.49	No eligible purchase in more than 180 days; No eligible purchase in the last 180 days; Fewer than three active months in the last twelve months
1495	CUST-01495	Philadelphia	PA	Organic Search	Medium Risk	66	0	Standard Intervention	73	1	1183.04	Only one eligible purchase; Fewer than three active months in the last twelve months
7364	CUST-07364	New York	NY	Direct	Medium Risk	66	1	Standard Intervention	191	2	1175.82	No eligible purchase in more than 180 days; No eligible purchase in the last 180 days; Fewer than three active months in the last twelve months
2783	CUST-02783	Jacksonville	FL	Referral	Medium Risk	66	1	Standard Intervention	182	2	1151.29	No eligible purchase in more than 180 days; No eligible purchase in the last 180 days; Fewer than three active months in the last twelve months
6429	CUST-06429	Miami	FL	Direct	Medium Risk	66	0	Standard Intervention	88	1	1146.18	Only one eligible purchase; Fewer than three active months in the last twelve months
6347	CUST-06347	Miami	FL	Social Media	Medium Risk	66	1	Standard Intervention	220	2	1127.17	No eligible purchase in more than 180 days; No eligible purchase in the last 180 days; Fewer than three active months in the last twelve months
6458	CUST-06458	Los Angeles	CA	Organic Search	Medium Risk	66	1	Standard Intervention	240	2	1122.62	No eligible purchase in more than 180 days; No eligible purchase in the last 180 days; Fewer than three active months in the last twelve months
1500	CUST-01500	Philadelphia	PA	Direct	Medium Risk	66	0	Standard Intervention	66	1	1104.98	Only one eligible purchase; Fewer than three active months in the last twelve months
2278	CUST-02278	Atlanta	GA	Paid Search	Medium Risk	66	0	Standard Intervention	90	1	1100.51	Only one eligible purchase; Fewer than three active months in the last twelve months
5424	CUST-05424	Los Angeles	CA	Organic Search	Medium Risk	66	1	Standard Intervention	196	2	1094.33	No eligible purchase in more than 180 days; No eligible purchase in the last 180 days; Fewer than three active months in the last twelve months
3887	CUST-03887	Chicago	IL	Email	Medium Risk	66	0	Standard Intervention	63	1	1062.66	Only one eligible purchase; Fewer than three active months in the last twelve months
6851	CUST-06851	Atlanta	GA	Paid Search	Medium Risk	66	0	Standard Intervention	76	1	1055.62	Only one eligible purchase; Fewer than three active months in the last twelve months
6553	CUST-06553	Houston	TX	Organic Search	Medium Risk	66	0	Standard Intervention	74	1	1019.43	Only one eligible purchase; Fewer than three active months in the last twelve months
2082	CUST-02082	Jacksonville	FL	Referral	Medium Risk	66	0	Standard Intervention	89	1	1016.70	Only one eligible purchase; Fewer than three active months in the last twelve months
4172	CUST-04172	Houston	TX	Social Media	Medium Risk	66	1	Standard Intervention	202	2	983.93	No eligible purchase in more than 180 days; No eligible purchase in the last 180 days; Fewer than three active months in the last twelve months
6739	CUST-06739	Jacksonville	FL	Organic Search	Medium Risk	66	0	Standard Intervention	76	1	938.38	Only one eligible purchase; Fewer than three active months in the last twelve months
5085	CUST-05085	Chicago	IL	Organic Search	Medium Risk	66	0	Standard Intervention	83	1	931.66	Only one eligible purchase; Fewer than three active months in the last twelve months
4822	CUST-04822	Chicago	IL	Paid Search	Medium Risk	66	0	Standard Intervention	62	1	930.70	Only one eligible purchase; Fewer than three active months in the last twelve months
2070	CUST-02070	San Diego	CA	Paid Search	Medium Risk	66	0	Standard Intervention	90	1	924.66	Only one eligible purchase; Fewer than three active months in the last twelve months
2885	CUST-02885	Fort Worth	TX	Social Media	Medium Risk	66	0	Standard Intervention	90	1	919.61	Only one eligible purchase; Fewer than three active months in the last twelve months
3191	CUST-03191	Houston	TX	Referral	Medium Risk	66	0	Standard Intervention	85	1	918.77	Only one eligible purchase; Fewer than three active months in the last twelve months
4761	CUST-04761	Miami	FL	Organic Search	Medium Risk	66	1	Standard Intervention	230	2	893.78	No eligible purchase in more than 180 days; No eligible purchase in the last 180 days; Fewer than three active months in the last twelve months
1037	CUST-01037	Houston	TX	Email	Medium Risk	66	0	Standard Intervention	73	1	859.94	Only one eligible purchase; Fewer than three active months in the last twelve months
6406	CUST-06406	Miami	FL	Referral	Medium Risk	66	0	Standard Intervention	69	1	807.71	Only one eligible purchase; Fewer than three active months in the last twelve months
2968	CUST-02968	Atlanta	GA	Email	Medium Risk	66	0	Standard Intervention	64	1	770.11	Only one eligible purchase; Fewer than three active months in the last twelve months
5180	CUST-05180	Houston	TX	Organic Search	Medium Risk	66	1	Standard Intervention	202	2	746.06	No eligible purchase in more than 180 days; No eligible purchase in the last 180 days; Fewer than three active months in the last twelve months
5128	CUST-05128	Denver	CO	Paid Search	Medium Risk	66	0	Standard Intervention	82	1	738.73	Only one eligible purchase; Fewer than three active months in the last twelve months
2866	CUST-02866	Los Angeles	CA	Email	Medium Risk	66	0	Standard Intervention	78	1	724.38	Only one eligible purchase; Fewer than three active months in the last twelve months
3536	CUST-03536	Charlotte	NC	Organic Search	Medium Risk	66	0	Standard Intervention	78	1	697.01	Only one eligible purchase; Fewer than three active months in the last twelve months
5572	CUST-05572	San Diego	CA	Referral	Medium Risk	66	0	Standard Intervention	73	1	652.04	Only one eligible purchase; Fewer than three active months in the last twelve months
4576	CUST-04576	San Antonio	TX	Social Media	Medium Risk	66	0	Standard Intervention	79	1	641.74	Only one eligible purchase; Fewer than three active months in the last twelve months
1170	CUST-01170	Boston	MA	Paid Search	Medium Risk	66	0	Standard Intervention	72	1	632.42	Only one eligible purchase; Fewer than three active months in the last twelve months
590	CUST-00590	Seattle	WA	Paid Search	Medium Risk	66	1	Standard Intervention	193	2	628.47	No eligible purchase in more than 180 days; No eligible purchase in the last 180 days; Fewer than three active months in the last twelve months
7989	CUST-07989	Austin	TX	Organic Search	Medium Risk	66	1	Standard Intervention	206	2	614.60	No eligible purchase in more than 180 days; No eligible purchase in the last 180 days; Fewer than three active months in the last twelve months
675	CUST-00675	Portland	OR	Paid Search	Medium Risk	66	0	Standard Intervention	88	1	574.48	Only one eligible purchase; Fewer than three active months in the last twelve months
4361	CUST-04361	San Jose	CA	Direct	Medium Risk	66	1	Standard Intervention	288	2	563.70	No eligible purchase in more than 180 days; No eligible purchase in the last 180 days; Fewer than three active months in the last twelve months
2451	CUST-02451	San Diego	CA	Direct	Medium Risk	66	0	Standard Intervention	79	1	557.49	Only one eligible purchase; Fewer than three active months in the last twelve months
596	CUST-00596	Austin	TX	Referral	Medium Risk	66	0	Standard Intervention	62	1	523.76	Only one eligible purchase; Fewer than three active months in the last twelve months
2456	CUST-02456	Las Vegas	NV	Organic Search	Medium Risk	66	0	Standard Intervention	73	1	517.79	Only one eligible purchase; Fewer than three active months in the last twelve months
4905	CUST-04905	Los Angeles	CA	Organic Search	Medium Risk	66	0	Standard Intervention	70	1	508.80	Only one eligible purchase; Fewer than three active months in the last twelve months
5701	CUST-05701	San Antonio	TX	Social Media	Medium Risk	66	1	Standard Intervention	185	2	505.75	No eligible purchase in more than 180 days; No eligible purchase in the last 180 days; Fewer than three active months in the last twelve months
3376	CUST-03376	Philadelphia	PA	Referral	Medium Risk	66	0	Standard Intervention	86	1	456.33	Only one eligible purchase; Fewer than three active months in the last twelve months
1673	CUST-01673	Charlotte	NC	Social Media	Medium Risk	66	0	Standard Intervention	69	1	455.03	Only one eligible purchase; Fewer than three active months in the last twelve months
4157	CUST-04157	Los Angeles	CA	Social Media	Medium Risk	66	1	Standard Intervention	263	2	451.70	No eligible purchase in more than 180 days; No eligible purchase in the last 180 days; Fewer than three active months in the last twelve months
4988	CUST-04988	Charlotte	NC	Organic Search	Medium Risk	66	0	Standard Intervention	69	1	442.35	Only one eligible purchase; Fewer than three active months in the last twelve months
3463	CUST-03463	Houston	TX	Email	Medium Risk	66	0	Standard Intervention	82	1	431.47	Only one eligible purchase; Fewer than three active months in the last twelve months
6447	CUST-06447	San Jose	CA	Social Media	Medium Risk	66	0	Standard Intervention	69	1	416.56	Only one eligible purchase; Fewer than three active months in the last twelve months
3688	CUST-03688	New York	NY	Organic Search	Medium Risk	66	0	Standard Intervention	88	1	399.47	Only one eligible purchase; Fewer than three active months in the last twelve months
6550	CUST-06550	Los Angeles	CA	Social Media	Medium Risk	66	0	Standard Intervention	86	1	395.31	Only one eligible purchase; Fewer than three active months in the last twelve months
5219	CUST-05219	Austin	TX	Organic Search	Medium Risk	66	0	Standard Intervention	74	1	392.79	Only one eligible purchase; Fewer than three active months in the last twelve months
2052	CUST-02052	Austin	TX	Referral	Medium Risk	66	0	Standard Intervention	74	1	381.20	Only one eligible purchase; Fewer than three active months in the last twelve months
1496	CUST-01496	Las Vegas	NV	Organic Search	Medium Risk	66	0	Standard Intervention	85	1	347.72	Only one eligible purchase; Fewer than three active months in the last twelve months
107	CUST-00107	Los Angeles	CA	Referral	Medium Risk	66	0	Standard Intervention	85	1	345.36	Only one eligible purchase; Fewer than three active months in the last twelve months
551	CUST-00551	Seattle	WA	Referral	Medium Risk	66	0	Standard Intervention	64	1	259.83	Only one eligible purchase; Fewer than three active months in the last twelve months
2594	CUST-02594	Philadelphia	PA	Social Media	Medium Risk	66	0	Standard Intervention	71	1	258.05	Only one eligible purchase; Fewer than three active months in the last twelve months
4096	CUST-04096	San Antonio	TX	Social Media	Medium Risk	66	0	Standard Intervention	78	1	254.48	Only one eligible purchase; Fewer than three active months in the last twelve months
1383	CUST-01383	Charlotte	NC	Referral	Medium Risk	66	0	Standard Intervention	74	1	221.40	Only one eligible purchase; Fewer than three active months in the last twelve months
4492	CUST-04492	San Diego	CA	Social Media	Medium Risk	66	0	Standard Intervention	77	1	197.20	Only one eligible purchase; Fewer than three active months in the last twelve months
2677	CUST-02677	Phoenix	AZ	Referral	Medium Risk	66	0	Standard Intervention	85	1	195.09	Only one eligible purchase; Fewer than three active months in the last twelve months
3849	CUST-03849	Jacksonville	FL	Email	Medium Risk	66	1	Standard Intervention	208	2	184.29	No eligible purchase in more than 180 days; No eligible purchase in the last 180 days; Fewer than three active months in the last twelve months
7640	CUST-07640	San Antonio	TX	Organic Search	Medium Risk	66	0	Standard Intervention	61	1	181.78	Only one eligible purchase; Fewer than three active months in the last twelve months
1396	CUST-01396	Dallas	TX	Email	Medium Risk	66	0	Standard Intervention	86	1	171.59	Only one eligible purchase; Fewer than three active months in the last twelve months
4350	CUST-04350	San Antonio	TX	Email	Medium Risk	66	0	Standard Intervention	83	1	53.46	Only one eligible purchase; Fewer than three active months in the last twelve months
620	CUST-00620	New York	NY	Referral	Medium Risk	65	0	High Value Intervention	180	8	13437.91	No eligible purchase in more than 90 days; Overdue versus historical purchase cadence; No eligible purchase in the last 180 days
4395	CUST-04395	Los Angeles	CA	Social Media	Medium Risk	65	0	High Value Intervention	180	8	12138.04	No eligible purchase in more than 90 days; Overdue versus historical purchase cadence; No eligible purchase in the last 180 days; Fewer than three active months in the last twelve months
6888	CUST-06888	San Antonio	TX	Referral	Medium Risk	65	0	Standard Intervention	180	7	7915.11	No eligible purchase in more than 90 days; Overdue versus historical purchase cadence; No eligible purchase in the last 180 days; Fewer than three active months in the last twelve months
4171	CUST-04171	Philadelphia	PA	Social Media	Medium Risk	63	0	High Value Intervention	111	5	8635.65	No eligible purchase in more than 90 days; Overdue versus historical purchase cadence
3310	CUST-03310	Chicago	IL	Social Media	Medium Risk	63	0	Standard Intervention	93	5	7953.70	No eligible purchase in more than 90 days; Overdue versus historical purchase cadence
1390	CUST-01390	New York	NY	Direct	Medium Risk	63	0	Standard Intervention	98	4	7679.33	No eligible purchase in more than 90 days; Overdue versus historical purchase cadence
3941	CUST-03941	Houston	TX	Direct	Medium Risk	61	0	High Value Intervention	142	13	33871.72	No eligible purchase in more than 90 days; Overdue versus historical purchase cadence
2133	CUST-02133	Fort Worth	TX	Direct	Medium Risk	61	0	High Value Intervention	138	14	29501.98	No eligible purchase in more than 90 days; Overdue versus historical purchase cadence
588	CUST-00588	Boston	MA	Paid Search	Medium Risk	61	0	High Value Intervention	96	12	29482.20	No eligible purchase in more than 90 days; Overdue versus historical purchase cadence
3894	CUST-03894	San Antonio	TX	Direct	Medium Risk	61	0	High Value Intervention	105	12	27960.37	No eligible purchase in more than 90 days; Overdue versus historical purchase cadence
5624	CUST-05624	San Antonio	TX	Paid Search	Medium Risk	61	0	High Value Intervention	131	14	23314.49	No eligible purchase in more than 90 days; Overdue versus historical purchase cadence
6533	CUST-06533	San Jose	CA	Direct	Medium Risk	61	0	High Value Intervention	162	8	21250.64	No eligible purchase in more than 90 days; Overdue versus historical purchase cadence; Fewer than three active months in the last twelve months
7885	CUST-07885	San Diego	CA	Paid Search	Medium Risk	61	0	High Value Intervention	114	6	21213.90	No eligible purchase in more than 90 days; Overdue versus historical purchase cadence
3959	CUST-03959	New York	NY	Social Media	Medium Risk	61	0	High Value Intervention	140	8	21018.64	No eligible purchase in more than 90 days; Overdue versus historical purchase cadence
335	CUST-00335	Jacksonville	FL	Referral	Medium Risk	61	0	High Value Intervention	167	10	20445.21	No eligible purchase in more than 90 days; Overdue versus historical purchase cadence
674	CUST-00674	Chicago	IL	Paid Search	Medium Risk	61	0	High Value Intervention	165	7	19417.63	No eligible purchase in more than 90 days; Overdue versus historical purchase cadence
5333	CUST-05333	Houston	TX	Direct	Medium Risk	61	0	High Value Intervention	144	7	18875.12	No eligible purchase in more than 90 days; Overdue versus historical purchase cadence
2524	CUST-02524	Seattle	WA	Social Media	Medium Risk	61	0	High Value Intervention	175	7	18797.22	No eligible purchase in more than 90 days; Overdue versus historical purchase cadence; Fewer than three active months in the last twelve months
2820	CUST-02820	Dallas	TX	Social Media	Medium Risk	61	0	High Value Intervention	114	7	18066.78	No eligible purchase in more than 90 days; Overdue versus historical purchase cadence
2814	CUST-02814	New York	NY	Organic Search	Medium Risk	61	0	High Value Intervention	160	8	18028.01	No eligible purchase in more than 90 days; Overdue versus historical purchase cadence
7701	CUST-07701	San Diego	CA	Paid Search	Medium Risk	61	0	High Value Intervention	119	8	17516.90	No eligible purchase in more than 90 days; Overdue versus historical purchase cadence
6021	CUST-06021	San Jose	CA	Direct	Medium Risk	61	0	High Value Intervention	126	7	17275.20	No eligible purchase in more than 90 days; Overdue versus historical purchase cadence
5564	CUST-05564	San Jose	CA	Social Media	Medium Risk	61	0	High Value Intervention	148	8	17163.42	No eligible purchase in more than 90 days; Overdue versus historical purchase cadence
6051	CUST-06051	Chicago	IL	Paid Search	Medium Risk	61	0	High Value Intervention	170	8	16730.78	No eligible purchase in more than 90 days; Overdue versus historical purchase cadence
2884	CUST-02884	Los Angeles	CA	Email	Medium Risk	61	0	High Value Intervention	134	8	16230.35	No eligible purchase in more than 90 days; Overdue versus historical purchase cadence
3152	CUST-03152	Chicago	IL	Email	Medium Risk	61	0	High Value Intervention	164	11	16206.30	No eligible purchase in more than 90 days; Overdue versus historical purchase cadence
3773	CUST-03773	Denver	CO	Organic Search	Medium Risk	61	0	High Value Intervention	160	11	16173.91	No eligible purchase in more than 90 days; Overdue versus historical purchase cadence; Fewer than three active months in the last twelve months
2180	CUST-02180	Phoenix	AZ	Paid Search	Medium Risk	61	0	High Value Intervention	137	11	16013.85	No eligible purchase in more than 90 days; Overdue versus historical purchase cadence
3276	CUST-03276	Seattle	WA	Organic Search	Medium Risk	61	0	High Value Intervention	154	7	15530.73	No eligible purchase in more than 90 days; Overdue versus historical purchase cadence
7409	CUST-07409	Philadelphia	PA	Organic Search	Medium Risk	61	0	High Value Intervention	159	7	14985.41	No eligible purchase in more than 90 days; Overdue versus historical purchase cadence
1592	CUST-01592	Columbus	OH	Referral	Medium Risk	61	0	High Value Intervention	156	8	14929.76	No eligible purchase in more than 90 days; Overdue versus historical purchase cadence
7056	CUST-07056	Denver	CO	Organic Search	Medium Risk	61	0	High Value Intervention	97	11	14614.84	No eligible purchase in more than 90 days; Overdue versus historical purchase cadence
1365	CUST-01365	Philadelphia	PA	Email	Medium Risk	61	0	High Value Intervention	177	14	14006.00	No eligible purchase in more than 90 days; Overdue versus historical purchase cadence
7039	CUST-07039	San Jose	CA	Paid Search	Medium Risk	61	0	High Value Intervention	116	7	13702.74	No eligible purchase in more than 90 days; Overdue versus historical purchase cadence
39	CUST-00039	Seattle	WA	Paid Search	Medium Risk	61	0	High Value Intervention	161	8	13556.96	No eligible purchase in more than 90 days; Overdue versus historical purchase cadence; Fewer than three active months in the last twelve months
7920	CUST-07920	Los Angeles	CA	Direct	Medium Risk	61	0	High Value Intervention	170	12	13373.72	No eligible purchase in more than 90 days; Overdue versus historical purchase cadence; Fewer than three active months in the last twelve months
1909	CUST-01909	Jacksonville	FL	Organic Search	Medium Risk	61	0	High Value Intervention	162	11	12974.53	No eligible purchase in more than 90 days; Overdue versus historical purchase cadence
5250	CUST-05250	Washington	DC	Paid Search	Medium Risk	61	0	High Value Intervention	168	7	12941.30	No eligible purchase in more than 90 days; Overdue versus historical purchase cadence
4294	CUST-04294	Houston	TX	Organic Search	Medium Risk	61	0	High Value Intervention	156	7	12574.61	No eligible purchase in more than 90 days; Overdue versus historical purchase cadence
3188	CUST-03188	Philadelphia	PA	Paid Search	Medium Risk	61	0	High Value Intervention	131	8	12368.75	No eligible purchase in more than 90 days; Overdue versus historical purchase cadence
5928	CUST-05928	Phoenix	AZ	Social Media	Medium Risk	61	0	High Value Intervention	128	7	12192.33	No eligible purchase in more than 90 days; Overdue versus historical purchase cadence
6602	CUST-06602	Chicago	IL	Organic Search	Medium Risk	61	0	High Value Intervention	162	7	11649.41	No eligible purchase in more than 90 days; Overdue versus historical purchase cadence
4086	CUST-04086	Philadelphia	PA	Organic Search	Medium Risk	61	0	High Value Intervention	174	7	11536.40	No eligible purchase in more than 90 days; Overdue versus historical purchase cadence
2498	CUST-02498	Fort Worth	TX	Direct	Medium Risk	61	0	High Value Intervention	173	8	11366.83	No eligible purchase in more than 90 days; Overdue versus historical purchase cadence
3937	CUST-03937	Austin	TX	Paid Search	Medium Risk	61	0	High Value Intervention	105	8	11350.69	No eligible purchase in more than 90 days; Overdue versus historical purchase cadence
7763	CUST-07763	Miami	FL	Social Media	Medium Risk	61	0	High Value Intervention	132	7	11012.94	No eligible purchase in more than 90 days; Overdue versus historical purchase cadence
7645	CUST-07645	Charlotte	NC	Organic Search	Medium Risk	61	0	High Value Intervention	179	12	10875.69	No eligible purchase in more than 90 days; Overdue versus historical purchase cadence
4130	CUST-04130	Dallas	TX	Organic Search	Medium Risk	61	0	High Value Intervention	143	6	10661.29	No eligible purchase in more than 90 days; Overdue versus historical purchase cadence
3517	CUST-03517	Dallas	TX	Direct	Medium Risk	61	0	High Value Intervention	161	8	10380.05	No eligible purchase in more than 90 days; Overdue versus historical purchase cadence
5911	CUST-05911	Washington	DC	Organic Search	Medium Risk	61	0	High Value Intervention	135	6	10268.87	No eligible purchase in more than 90 days; Overdue versus historical purchase cadence
978	CUST-00978	Atlanta	GA	Organic Search	Medium Risk	61	0	High Value Intervention	156	7	10253.64	No eligible purchase in more than 90 days; Overdue versus historical purchase cadence
7417	CUST-07417	Houston	TX	Organic Search	Medium Risk	61	0	High Value Intervention	146	6	10197.84	No eligible purchase in more than 90 days; Overdue versus historical purchase cadence
5807	CUST-05807	Phoenix	AZ	Paid Search	Medium Risk	61	0	High Value Intervention	172	7	10032.62	No eligible purchase in more than 90 days; Overdue versus historical purchase cadence
2207	CUST-02207	Austin	TX	Email	Medium Risk	61	0	High Value Intervention	167	7	9882.21	No eligible purchase in more than 90 days; Overdue versus historical purchase cadence
5717	CUST-05717	Boston	MA	Direct	Medium Risk	61	0	High Value Intervention	153	12	9703.81	No eligible purchase in more than 90 days; Overdue versus historical purchase cadence
5727	CUST-05727	Houston	TX	Organic Search	Medium Risk	61	0	High Value Intervention	127	7	9267.21	No eligible purchase in more than 90 days; Overdue versus historical purchase cadence
6256	CUST-06256	Jacksonville	FL	Email	Medium Risk	61	0	High Value Intervention	117	7	9259.10	No eligible purchase in more than 90 days; Overdue versus historical purchase cadence
1123	CUST-01123	Phoenix	AZ	Referral	Medium Risk	61	0	High Value Intervention	166	7	8726.61	No eligible purchase in more than 90 days; Overdue versus historical purchase cadence; Fewer than three active months in the last twelve months
7222	CUST-07222	Jacksonville	FL	Organic Search	Medium Risk	61	0	High Value Intervention	171	7	8653.81	No eligible purchase in more than 90 days; Overdue versus historical purchase cadence; Fewer than three active months in the last twelve months
3059	CUST-03059	Denver	CO	Direct	Medium Risk	61	0	High Value Intervention	167	8	8461.36	No eligible purchase in more than 90 days; Overdue versus historical purchase cadence
6018	CUST-06018	San Diego	CA	Organic Search	Medium Risk	61	0	High Value Intervention	115	8	8403.98	No eligible purchase in more than 90 days; Overdue versus historical purchase cadence
5661	CUST-05661	Columbus	OH	Organic Search	Medium Risk	61	0	High Value Intervention	147	7	8047.31	No eligible purchase in more than 90 days; Overdue versus historical purchase cadence
7341	CUST-07341	Phoenix	AZ	Social Media	Medium Risk	61	0	Standard Intervention	176	6	7873.63	No eligible purchase in more than 90 days; Overdue versus historical purchase cadence
3014	CUST-03014	San Jose	CA	Direct	Medium Risk	61	0	Standard Intervention	159	8	7767.72	No eligible purchase in more than 90 days; Overdue versus historical purchase cadence
5788	CUST-05788	San Antonio	TX	Email	Medium Risk	61	0	Standard Intervention	154	8	7623.99	No eligible purchase in more than 90 days; Overdue versus historical purchase cadence
813	CUST-00813	Fort Worth	TX	Organic Search	Medium Risk	61	0	Standard Intervention	126	6	7613.64	No eligible purchase in more than 90 days; Overdue versus historical purchase cadence
4497	CUST-04497	Los Angeles	CA	Referral	Medium Risk	61	0	Standard Intervention	143	13	7152.44	No eligible purchase in more than 90 days; Overdue versus historical purchase cadence
5211	CUST-05211	Charlotte	NC	Organic Search	Medium Risk	61	0	Standard Intervention	132	8	7081.43	No eligible purchase in more than 90 days; Overdue versus historical purchase cadence
4404	CUST-04404	Charlotte	NC	Social Media	Medium Risk	61	0	Standard Intervention	133	7	7070.08	No eligible purchase in more than 90 days; Overdue versus historical purchase cadence
3777	CUST-03777	Portland	OR	Referral	Medium Risk	61	0	Standard Intervention	161	8	7059.08	No eligible purchase in more than 90 days; Overdue versus historical purchase cadence
1501	CUST-01501	Fort Worth	TX	Organic Search	Medium Risk	61	0	Standard Intervention	158	8	6551.35	No eligible purchase in more than 90 days; Overdue versus historical purchase cadence
6756	CUST-06756	San Diego	CA	Organic Search	Medium Risk	61	0	Standard Intervention	176	7	6509.17	No eligible purchase in more than 90 days; Overdue versus historical purchase cadence
342	CUST-00342	Las Vegas	NV	Email	Medium Risk	61	0	Standard Intervention	162	6	6416.20	No eligible purchase in more than 90 days; Overdue versus historical purchase cadence
6252	CUST-06252	Los Angeles	CA	Organic Search	Medium Risk	61	0	Standard Intervention	167	7	6315.76	No eligible purchase in more than 90 days; Overdue versus historical purchase cadence; Fewer than three active months in the last twelve months
3333	CUST-03333	Houston	TX	Social Media	Medium Risk	61	0	Standard Intervention	126	7	6223.53	No eligible purchase in more than 90 days; Overdue versus historical purchase cadence
1906	CUST-01906	Miami	FL	Social Media	Medium Risk	61	0	Standard Intervention	151	7	5065.85	No eligible purchase in more than 90 days; Overdue versus historical purchase cadence
2931	CUST-02931	Boston	MA	Paid Search	Medium Risk	61	0	Standard Intervention	105	8	5015.13	No eligible purchase in more than 90 days; Overdue versus historical purchase cadence
772	CUST-00772	New York	NY	Organic Search	Medium Risk	61	0	Standard Intervention	157	8	4922.93	No eligible purchase in more than 90 days; Overdue versus historical purchase cadence
3561	CUST-03561	San Diego	CA	Organic Search	Medium Risk	61	0	Standard Intervention	137	7	4590.45	No eligible purchase in more than 90 days; Overdue versus historical purchase cadence; Fewer than three active months in the last twelve months
5257	CUST-05257	Philadelphia	PA	Social Media	Medium Risk	61	0	Standard Intervention	161	8	4429.28	No eligible purchase in more than 90 days; Overdue versus historical purchase cadence
3560	CUST-03560	Boston	MA	Organic Search	Medium Risk	61	0	Standard Intervention	136	6	3962.14	No eligible purchase in more than 90 days; Overdue versus historical purchase cadence
6589	CUST-06589	Seattle	WA	Direct	Medium Risk	61	0	Standard Intervention	96	7	3148.51	No eligible purchase in more than 90 days; Overdue versus historical purchase cadence
5255	CUST-05255	New York	NY	Organic Search	Medium Risk	60	0	High Value Intervention	143	5	19576.91	No eligible purchase in more than 90 days; Purchase cadence deterioration
4586	CUST-04586	Fort Worth	TX	Direct	Medium Risk	60	0	High Value Intervention	156	2	12044.30	No eligible purchase in more than 90 days; Fewer than three active months in the last twelve months
2124	CUST-02124	San Jose	CA	Paid Search	Medium Risk	60	0	High Value Intervention	141	5	9315.15	No eligible purchase in more than 90 days; Purchase cadence deterioration
1098	CUST-01098	Houston	TX	Social Media	Medium Risk	60	0	High Value Intervention	163	5	8815.30	No eligible purchase in more than 90 days; Purchase cadence deterioration; Fewer than three active months in the last twelve months
285	CUST-00285	San Antonio	TX	Direct	Medium Risk	60	0	High Value Intervention	142	2	8058.51	No eligible purchase in more than 90 days; Fewer than three active months in the last twelve months
3260	CUST-03260	Los Angeles	CA	Paid Search	Medium Risk	60	0	Standard Intervention	163	2	7347.88	No eligible purchase in more than 90 days; Fewer than three active months in the last twelve months
5366	CUST-05366	New York	NY	Social Media	Medium Risk	60	0	Standard Intervention	119	2	6766.91	No eligible purchase in more than 90 days; Fewer than three active months in the last twelve months
3514	CUST-03514	Houston	TX	Social Media	Medium Risk	60	0	Standard Intervention	159	2	6182.41	No eligible purchase in more than 90 days; Fewer than three active months in the last twelve months
5355	CUST-05355	Washington	DC	Paid Search	Medium Risk	60	0	Standard Intervention	146	2	6119.73	No eligible purchase in more than 90 days; Fewer than three active months in the last twelve months
974	CUST-00974	Dallas	TX	Email	Medium Risk	60	0	Standard Intervention	135	2	5629.86	No eligible purchase in more than 90 days; Fewer than three active months in the last twelve months
503	CUST-00503	Jacksonville	FL	Direct	Medium Risk	60	0	Standard Intervention	179	2	5585.48	No eligible purchase in more than 90 days; Fewer than three active months in the last twelve months
5519	CUST-05519	Nashville	TN	Social Media	Medium Risk	60	0	Standard Intervention	154	2	5487.07	No eligible purchase in more than 90 days; Fewer than three active months in the last twelve months
1201	CUST-01201	San Diego	CA	Organic Search	Medium Risk	60	0	Standard Intervention	136	2	5446.24	No eligible purchase in more than 90 days; Fewer than three active months in the last twelve months
91	CUST-00091	Phoenix	AZ	Organic Search	Medium Risk	60	0	Standard Intervention	122	2	5107.74	No eligible purchase in more than 90 days; Fewer than three active months in the last twelve months
1231	CUST-01231	San Jose	CA	Referral	Medium Risk	60	0	Standard Intervention	137	2	4977.16	No eligible purchase in more than 90 days; Fewer than three active months in the last twelve months
2357	CUST-02357	San Jose	CA	Email	Medium Risk	60	0	Standard Intervention	179	2	4947.94	No eligible purchase in more than 90 days; Fewer than three active months in the last twelve months
5961	CUST-05961	Los Angeles	CA	Social Media	Medium Risk	60	0	Standard Intervention	154	3	4436.14	No eligible purchase in more than 90 days; Purchase cadence deterioration
2927	CUST-02927	Denver	CO	Referral	Medium Risk	60	0	Standard Intervention	137	2	3987.71	No eligible purchase in more than 90 days; Fewer than three active months in the last twelve months
677	CUST-00677	San Jose	CA	Direct	Medium Risk	60	0	Standard Intervention	147	2	3868.68	No eligible purchase in more than 90 days; Fewer than three active months in the last twelve months
4075	CUST-04075	Austin	TX	Social Media	Medium Risk	60	0	Standard Intervention	177	2	3717.55	No eligible purchase in more than 90 days; Fewer than three active months in the last twelve months
6467	CUST-06467	New York	NY	Direct	Medium Risk	60	0	Standard Intervention	117	2	3485.74	No eligible purchase in more than 90 days; Fewer than three active months in the last twelve months
3859	CUST-03859	Los Angeles	CA	Organic Search	Medium Risk	60	0	Standard Intervention	111	2	3335.13	No eligible purchase in more than 90 days; Fewer than three active months in the last twelve months
2579	CUST-02579	Phoenix	AZ	Referral	Medium Risk	60	0	Standard Intervention	112	2	3275.77	No eligible purchase in more than 90 days; Fewer than three active months in the last twelve months
209	CUST-00209	Charlotte	NC	Direct	Medium Risk	60	0	Standard Intervention	126	2	2936.82	No eligible purchase in more than 90 days; Fewer than three active months in the last twelve months
754	CUST-00754	Washington	DC	Organic Search	Medium Risk	60	0	Standard Intervention	141	2	2872.51	No eligible purchase in more than 90 days; Fewer than three active months in the last twelve months
3116	CUST-03116	San Antonio	TX	Social Media	Medium Risk	60	0	Standard Intervention	166	2	2855.25	No eligible purchase in more than 90 days; Fewer than three active months in the last twelve months
2952	CUST-02952	Denver	CO	Email	Medium Risk	60	0	Standard Intervention	152	2	2801.27	No eligible purchase in more than 90 days; Fewer than three active months in the last twelve months
28	CUST-00028	Los Angeles	CA	Paid Search	Medium Risk	60	0	Standard Intervention	131	2	2768.74	No eligible purchase in more than 90 days; Fewer than three active months in the last twelve months
6986	CUST-06986	Los Angeles	CA	Social Media	Medium Risk	60	0	Standard Intervention	146	2	2673.53	No eligible purchase in more than 90 days; Fewer than three active months in the last twelve months
500	CUST-00500	Houston	TX	Paid Search	Medium Risk	60	0	Standard Intervention	123	2	2541.94	No eligible purchase in more than 90 days; Fewer than three active months in the last twelve months
2684	CUST-02684	Philadelphia	PA	Social Media	Medium Risk	60	0	Standard Intervention	147	2	2528.86	No eligible purchase in more than 90 days; Fewer than three active months in the last twelve months
5847	CUST-05847	Dallas	TX	Email	Medium Risk	60	0	Standard Intervention	124	2	2453.66	No eligible purchase in more than 90 days; Fewer than three active months in the last twelve months
492	CUST-00492	Houston	TX	Email	Medium Risk	60	0	Standard Intervention	123	2	2453.58	No eligible purchase in more than 90 days; Fewer than three active months in the last twelve months
2038	CUST-02038	Jacksonville	FL	Paid Search	Medium Risk	60	0	Standard Intervention	146	2	2392.45	No eligible purchase in more than 90 days; Fewer than three active months in the last twelve months
5328	CUST-05328	Los Angeles	CA	Paid Search	Medium Risk	60	0	Standard Intervention	139	2	2327.54	No eligible purchase in more than 90 days; Fewer than three active months in the last twelve months
2794	CUST-02794	Portland	OR	Organic Search	Medium Risk	60	0	Standard Intervention	164	2	2322.09	No eligible purchase in more than 90 days; Fewer than three active months in the last twelve months
2933	CUST-02933	Dallas	TX	Social Media	Medium Risk	60	0	Standard Intervention	110	2	2248.29	No eligible purchase in more than 90 days; Fewer than three active months in the last twelve months
6663	CUST-06663	Seattle	WA	Social Media	Medium Risk	60	0	Standard Intervention	121	2	2244.71	No eligible purchase in more than 90 days; Fewer than three active months in the last twelve months
5232	CUST-05232	Columbus	OH	Direct	Medium Risk	60	0	Standard Intervention	156	2	2224.55	No eligible purchase in more than 90 days; Fewer than three active months in the last twelve months
4349	CUST-04349	Seattle	WA	Social Media	Medium Risk	60	0	Standard Intervention	139	2	2132.42	No eligible purchase in more than 90 days; Fewer than three active months in the last twelve months
7881	CUST-07881	Houston	TX	Referral	Medium Risk	60	0	Standard Intervention	139	2	2114.23	No eligible purchase in more than 90 days; Fewer than three active months in the last twelve months
4577	CUST-04577	Fort Worth	TX	Organic Search	Medium Risk	60	0	Standard Intervention	123	2	2010.77	No eligible purchase in more than 90 days; Fewer than three active months in the last twelve months
4924	CUST-04924	Los Angeles	CA	Referral	Medium Risk	60	0	Standard Intervention	116	2	1984.24	No eligible purchase in more than 90 days; Fewer than three active months in the last twelve months
6703	CUST-06703	Boston	MA	Paid Search	Medium Risk	60	0	Standard Intervention	140	2	1954.05	No eligible purchase in more than 90 days; Fewer than three active months in the last twelve months
4922	CUST-04922	Austin	TX	Organic Search	Medium Risk	60	0	Standard Intervention	111	2	1945.18	No eligible purchase in more than 90 days; Fewer than three active months in the last twelve months
6181	CUST-06181	San Jose	CA	Organic Search	Medium Risk	60	0	Standard Intervention	168	2	1912.45	No eligible purchase in more than 90 days; Fewer than three active months in the last twelve months
6725	CUST-06725	San Jose	CA	Paid Search	Medium Risk	60	0	Standard Intervention	111	2	1768.93	No eligible purchase in more than 90 days; Fewer than three active months in the last twelve months
1623	CUST-01623	Houston	TX	Organic Search	Medium Risk	60	0	Standard Intervention	140	2	1646.42	No eligible purchase in more than 90 days; Fewer than three active months in the last twelve months
2306	CUST-02306	New York	NY	Referral	Medium Risk	60	0	Standard Intervention	137	2	1493.38	No eligible purchase in more than 90 days; Fewer than three active months in the last twelve months
1374	CUST-01374	Las Vegas	NV	Referral	Medium Risk	60	0	Standard Intervention	150	2	1395.67	No eligible purchase in more than 90 days; Fewer than three active months in the last twelve months
1904	CUST-01904	Atlanta	GA	Paid Search	Medium Risk	60	0	Standard Intervention	110	2	1384.95	No eligible purchase in more than 90 days; Fewer than three active months in the last twelve months
5908	CUST-05908	Fort Worth	TX	Referral	Medium Risk	60	0	Standard Intervention	127	2	1375.39	No eligible purchase in more than 90 days; Fewer than three active months in the last twelve months
7	CUST-00007	Columbus	OH	Paid Search	Medium Risk	60	0	Standard Intervention	137	2	1368.78	No eligible purchase in more than 90 days; Fewer than three active months in the last twelve months
7194	CUST-07194	Boston	MA	Referral	Medium Risk	60	0	Standard Intervention	118	2	1355.62	No eligible purchase in more than 90 days; Fewer than three active months in the last twelve months
3028	CUST-03028	Fort Worth	TX	Direct	Medium Risk	60	0	Standard Intervention	145	2	1323.01	No eligible purchase in more than 90 days; Fewer than three active months in the last twelve months
5862	CUST-05862	Chicago	IL	Social Media	Medium Risk	60	0	Standard Intervention	143	2	1318.17	No eligible purchase in more than 90 days; Fewer than three active months in the last twelve months
2473	CUST-02473	Columbus	OH	Direct	Medium Risk	60	0	Standard Intervention	135	2	1312.72	No eligible purchase in more than 90 days; Fewer than three active months in the last twelve months
2439	CUST-02439	Los Angeles	CA	Referral	Medium Risk	60	0	Standard Intervention	138	2	1184.72	No eligible purchase in more than 90 days; Fewer than three active months in the last twelve months
4338	CUST-04338	Austin	TX	Referral	Medium Risk	60	0	Standard Intervention	172	2	1147.81	No eligible purchase in more than 90 days; Fewer than three active months in the last twelve months
5461	CUST-05461	New York	NY	Social Media	Medium Risk	60	0	Standard Intervention	173	2	1125.13	No eligible purchase in more than 90 days; Fewer than three active months in the last twelve months
1427	CUST-01427	Dallas	TX	Direct	Medium Risk	60	0	Standard Intervention	177	2	987.72	No eligible purchase in more than 90 days; Fewer than three active months in the last twelve months
3491	CUST-03491	Phoenix	AZ	Direct	Medium Risk	60	0	Standard Intervention	125	2	961.34	No eligible purchase in more than 90 days; Fewer than three active months in the last twelve months
5443	CUST-05443	Chicago	IL	Referral	Medium Risk	60	0	Standard Intervention	113	2	845.59	No eligible purchase in more than 90 days; Fewer than three active months in the last twelve months
2242	CUST-02242	Houston	TX	Organic Search	Medium Risk	60	0	Standard Intervention	147	2	567.99	No eligible purchase in more than 90 days; Fewer than three active months in the last twelve months
2030	CUST-02030	Dallas	TX	Social Media	Medium Risk	58	0	High Value Intervention	148	13	36392.87	No eligible purchase in more than 90 days; Overdue versus historical purchase cadence
5346	CUST-05346	Phoenix	AZ	Organic Search	Medium Risk	58	0	High Value Intervention	166	8	25815.80	No eligible purchase in more than 90 days; Overdue versus historical purchase cadence
1689	CUST-01689	Austin	TX	Referral	Medium Risk	58	0	High Value Intervention	159	13	25557.21	No eligible purchase in more than 90 days; Overdue versus historical purchase cadence
6744	CUST-06744	Philadelphia	PA	Organic Search	Medium Risk	58	0	High Value Intervention	155	8	23767.33	No eligible purchase in more than 90 days; Overdue versus historical purchase cadence
4462	CUST-04462	San Antonio	TX	Paid Search	Medium Risk	58	0	High Value Intervention	124	12	22862.15	No eligible purchase in more than 90 days; Overdue versus historical purchase cadence
2650	CUST-02650	Seattle	WA	Email	Medium Risk	58	0	High Value Intervention	146	12	21570.18	No eligible purchase in more than 90 days; Overdue versus historical purchase cadence
3655	CUST-03655	San Diego	CA	Paid Search	Medium Risk	58	0	High Value Intervention	139	6	19306.69	No eligible purchase in more than 90 days; Overdue versus historical purchase cadence
4037	CUST-04037	Denver	CO	Organic Search	Medium Risk	58	0	High Value Intervention	149	7	18750.92	No eligible purchase in more than 90 days; Overdue versus historical purchase cadence
6921	CUST-06921	Boston	MA	Social Media	Medium Risk	58	0	High Value Intervention	146	12	18650.70	No eligible purchase in more than 90 days; Overdue versus historical purchase cadence
5288	CUST-05288	Phoenix	AZ	Referral	Medium Risk	58	0	High Value Intervention	134	12	18412.89	No eligible purchase in more than 90 days; Overdue versus historical purchase cadence
3664	CUST-03664	Charlotte	NC	Direct	Medium Risk	58	0	High Value Intervention	100	7	17089.75	No eligible purchase in more than 90 days; Overdue versus historical purchase cadence
4295	CUST-04295	Seattle	WA	Email	Medium Risk	58	0	High Value Intervention	153	8	16254.12	No eligible purchase in more than 90 days; Overdue versus historical purchase cadence
237	CUST-00237	Fort Worth	TX	Direct	Medium Risk	58	0	High Value Intervention	168	7	15876.15	No eligible purchase in more than 90 days; Overdue versus historical purchase cadence
2847	CUST-02847	Los Angeles	CA	Referral	Medium Risk	58	0	High Value Intervention	129	7	15823.40	No eligible purchase in more than 90 days; Overdue versus historical purchase cadence
3693	CUST-03693	Los Angeles	CA	Paid Search	Medium Risk	58	0	High Value Intervention	143	7	15046.49	No eligible purchase in more than 90 days; Overdue versus historical purchase cadence
4317	CUST-04317	Phoenix	AZ	Referral	Medium Risk	58	0	High Value Intervention	104	11	14602.09	No eligible purchase in more than 90 days; Overdue versus historical purchase cadence
5454	CUST-05454	Atlanta	GA	Social Media	Medium Risk	58	0	High Value Intervention	141	13	14485.24	No eligible purchase in more than 90 days; Overdue versus historical purchase cadence
4321	CUST-04321	New York	NY	Organic Search	Medium Risk	58	0	High Value Intervention	115	8	14395.28	No eligible purchase in more than 90 days; Overdue versus historical purchase cadence
1176	CUST-01176	Chicago	IL	Organic Search	Medium Risk	58	0	High Value Intervention	146	8	14190.30	No eligible purchase in more than 90 days; Overdue versus historical purchase cadence
2297	CUST-02297	New York	NY	Paid Search	Medium Risk	58	0	High Value Intervention	162	8	14005.29	No eligible purchase in more than 90 days; Overdue versus historical purchase cadence
6774	CUST-06774	Charlotte	NC	Social Media	Medium Risk	58	0	High Value Intervention	95	8	13864.31	No eligible purchase in more than 90 days; Overdue versus historical purchase cadence
7158	CUST-07158	Dallas	TX	Email	Medium Risk	58	0	High Value Intervention	145	7	13588.49	No eligible purchase in more than 90 days; Overdue versus historical purchase cadence
7495	CUST-07495	San Antonio	TX	Email	Medium Risk	58	0	High Value Intervention	113	13	13221.56	No eligible purchase in more than 90 days; Overdue versus historical purchase cadence
4298	CUST-04298	Las Vegas	NV	Direct	Medium Risk	58	0	High Value Intervention	95	8	13111.75	No eligible purchase in more than 90 days; Overdue versus historical purchase cadence
6416	CUST-06416	New York	NY	Direct	Medium Risk	58	0	High Value Intervention	101	8	13071.58	No eligible purchase in more than 90 days; Overdue versus historical purchase cadence
5164	CUST-05164	Fort Worth	TX	Direct	Medium Risk	58	0	High Value Intervention	174	8	12897.15	No eligible purchase in more than 90 days; Overdue versus historical purchase cadence
5816	CUST-05816	Dallas	TX	Paid Search	Medium Risk	58	0	High Value Intervention	95	13	12868.40	No eligible purchase in more than 90 days; Overdue versus historical purchase cadence
7224	CUST-07224	New York	NY	Social Media	Medium Risk	58	0	High Value Intervention	129	7	12628.56	No eligible purchase in more than 90 days; Overdue versus historical purchase cadence
4105	CUST-04105	Fort Worth	TX	Paid Search	Medium Risk	58	0	High Value Intervention	105	6	11764.71	No eligible purchase in more than 90 days; Overdue versus historical purchase cadence
5156	CUST-05156	Jacksonville	FL	Organic Search	Medium Risk	58	0	High Value Intervention	114	8	11464.42	No eligible purchase in more than 90 days; Overdue versus historical purchase cadence
3676	CUST-03676	Philadelphia	PA	Direct	Medium Risk	58	0	High Value Intervention	118	8	11458.56	No eligible purchase in more than 90 days; Overdue versus historical purchase cadence
6486	CUST-06486	San Diego	CA	Direct	Medium Risk	58	0	High Value Intervention	102	8	11426.95	No eligible purchase in more than 90 days; Overdue versus historical purchase cadence
7680	CUST-07680	Denver	CO	Social Media	Medium Risk	58	0	High Value Intervention	156	8	11400.90	No eligible purchase in more than 90 days; Overdue versus historical purchase cadence
412	CUST-00412	Los Angeles	CA	Organic Search	Medium Risk	58	0	High Value Intervention	161	7	11180.26	No eligible purchase in more than 90 days; Overdue versus historical purchase cadence
7667	CUST-07667	Denver	CO	Paid Search	Medium Risk	58	0	High Value Intervention	120	7	11084.70	No eligible purchase in more than 90 days; Overdue versus historical purchase cadence
1276	CUST-01276	Columbus	OH	Social Media	Medium Risk	58	0	High Value Intervention	149	7	10858.02	No eligible purchase in more than 90 days; Overdue versus historical purchase cadence
812	CUST-00812	Los Angeles	CA	Direct	Medium Risk	58	0	High Value Intervention	95	6	10546.25	No eligible purchase in more than 90 days; Overdue versus historical purchase cadence
3471	CUST-03471	Houston	TX	Email	Medium Risk	58	0	High Value Intervention	108	8	10127.94	No eligible purchase in more than 90 days; Overdue versus historical purchase cadence
7445	CUST-07445	Seattle	WA	Email	Medium Risk	58	0	High Value Intervention	107	7	9994.73	No eligible purchase in more than 90 days; Overdue versus historical purchase cadence
7442	CUST-07442	Charlotte	NC	Organic Search	Medium Risk	58	0	High Value Intervention	166	12	9802.46	No eligible purchase in more than 90 days; Overdue versus historical purchase cadence
5486	CUST-05486	Dallas	TX	Organic Search	Medium Risk	58	0	High Value Intervention	167	8	9790.68	No eligible purchase in more than 90 days; Overdue versus historical purchase cadence; Fewer than three active months in the last twelve months
4678	CUST-04678	Philadelphia	PA	Organic Search	Medium Risk	58	0	High Value Intervention	115	6	9762.64	No eligible purchase in more than 90 days; Overdue versus historical purchase cadence
4597	CUST-04597	Jacksonville	FL	Referral	Medium Risk	58	0	High Value Intervention	102	8	9640.48	No eligible purchase in more than 90 days; Overdue versus historical purchase cadence
6444	CUST-06444	Houston	TX	Social Media	Medium Risk	58	0	High Value Intervention	135	8	9119.97	No eligible purchase in more than 90 days; Overdue versus historical purchase cadence
3966	CUST-03966	Portland	OR	Referral	Medium Risk	58	0	High Value Intervention	91	8	9018.66	No eligible purchase in more than 90 days; Overdue versus historical purchase cadence
457	CUST-00457	Seattle	WA	Paid Search	Medium Risk	58	0	High Value Intervention	149	8	8686.65	No eligible purchase in more than 90 days; Overdue versus historical purchase cadence
3392	CUST-03392	Chicago	IL	Direct	Medium Risk	58	0	High Value Intervention	174	8	8547.49	No eligible purchase in more than 90 days; Overdue versus historical purchase cadence; Fewer than three active months in the last twelve months
6422	CUST-06422	Atlanta	GA	Direct	Medium Risk	58	0	Standard Intervention	158	7	8004.28	No eligible purchase in more than 90 days; Overdue versus historical purchase cadence
1952	CUST-01952	Las Vegas	NV	Referral	Medium Risk	58	0	Standard Intervention	128	8	7887.50	No eligible purchase in more than 90 days; Overdue versus historical purchase cadence
5946	CUST-05946	Charlotte	NC	Social Media	Medium Risk	58	0	Standard Intervention	159	7	7727.12	No eligible purchase in more than 90 days; Overdue versus historical purchase cadence
148	CUST-00148	Los Angeles	CA	Paid Search	Medium Risk	58	0	Standard Intervention	136	6	7663.15	No eligible purchase in more than 90 days; Overdue versus historical purchase cadence
7650	CUST-07650	Phoenix	AZ	Social Media	Medium Risk	58	0	Standard Intervention	157	8	7379.82	No eligible purchase in more than 90 days; Overdue versus historical purchase cadence
921	CUST-00921	Nashville	TN	Direct	Medium Risk	58	0	Standard Intervention	113	8	6802.62	No eligible purchase in more than 90 days; Overdue versus historical purchase cadence
7703	CUST-07703	Portland	OR	Direct	Medium Risk	58	0	Standard Intervention	121	8	6788.46	No eligible purchase in more than 90 days; Overdue versus historical purchase cadence
2636	CUST-02636	Chicago	IL	Direct	Medium Risk	58	0	Standard Intervention	136	6	6772.41	No eligible purchase in more than 90 days; Overdue versus historical purchase cadence; Fewer than three active months in the last twelve months
163	CUST-00163	Nashville	TN	Paid Search	Medium Risk	58	0	Standard Intervention	121	6	6755.73	No eligible purchase in more than 90 days; Overdue versus historical purchase cadence
6005	CUST-06005	Austin	TX	Organic Search	Medium Risk	58	0	Standard Intervention	147	8	6628.92	No eligible purchase in more than 90 days; Overdue versus historical purchase cadence
5474	CUST-05474	Portland	OR	Paid Search	Medium Risk	58	0	Standard Intervention	120	8	6526.31	No eligible purchase in more than 90 days; Overdue versus historical purchase cadence
360	CUST-00360	San Diego	CA	Organic Search	Medium Risk	58	0	Standard Intervention	95	6	6419.48	No eligible purchase in more than 90 days; Overdue versus historical purchase cadence
1626	CUST-01626	New York	NY	Paid Search	Medium Risk	58	0	Standard Intervention	104	6	6332.94	No eligible purchase in more than 90 days; Overdue versus historical purchase cadence
5438	CUST-05438	Washington	DC	Paid Search	Medium Risk	58	0	Standard Intervention	99	8	6023.97	No eligible purchase in more than 90 days; Overdue versus historical purchase cadence
7186	CUST-07186	Dallas	TX	Organic Search	Medium Risk	58	0	Standard Intervention	113	7	5156.13	No eligible purchase in more than 90 days; Overdue versus historical purchase cadence
6058	CUST-06058	New York	NY	Referral	Medium Risk	58	0	Standard Intervention	98	8	4177.89	No eligible purchase in more than 90 days; Overdue versus historical purchase cadence
6657	CUST-06657	Miami	FL	Organic Search	Medium Risk	58	0	Standard Intervention	95	6	3066.87	No eligible purchase in more than 90 days; Overdue versus historical purchase cadence
7878	CUST-07878	Miami	FL	Organic Search	Medium Risk	56	0	Standard Intervention	180	2	6222.92	No eligible purchase in more than 90 days; No eligible purchase in the last 180 days; Fewer than three active months in the last twelve months
3247	CUST-03247	Miami	FL	Social Media	Medium Risk	56	0	Standard Intervention	56	1	5072.09	Only one eligible purchase; Fewer than three active months in the last twelve months
7317	CUST-07317	San Jose	CA	Organic Search	Medium Risk	56	0	Standard Intervention	48	1	4179.36	Only one eligible purchase; Fewer than three active months in the last twelve months
4250	CUST-04250	Houston	TX	Referral	Medium Risk	56	0	Standard Intervention	38	1	4011.78	Only one eligible purchase; Fewer than three active months in the last twelve months
5437	CUST-05437	Portland	OR	Paid Search	Medium Risk	56	0	Standard Intervention	55	1	3911.61	Only one eligible purchase; Fewer than three active months in the last twelve months
6381	CUST-06381	San Jose	CA	Email	Medium Risk	56	0	Standard Intervention	54	1	3702.09	Only one eligible purchase; Fewer than three active months in the last twelve months
4359	CUST-04359	San Diego	CA	Email	Medium Risk	56	0	Standard Intervention	59	1	3554.57	Only one eligible purchase; Fewer than three active months in the last twelve months
6922	CUST-06922	Charlotte	NC	Social Media	Medium Risk	56	0	Standard Intervention	31	1	3514.41	Only one eligible purchase; Fewer than three active months in the last twelve months
8	CUST-00008	San Diego	CA	Social Media	Medium Risk	56	0	Standard Intervention	59	1	3360.53	Only one eligible purchase; Fewer than three active months in the last twelve months
7549	CUST-07549	Boston	MA	Organic Search	Medium Risk	56	0	Standard Intervention	40	1	3336.62	Only one eligible purchase; Fewer than three active months in the last twelve months
3016	CUST-03016	Los Angeles	CA	Email	Medium Risk	56	0	Standard Intervention	38	1	3228.01	Only one eligible purchase; Fewer than three active months in the last twelve months
2644	CUST-02644	Phoenix	AZ	Social Media	Medium Risk	56	0	Standard Intervention	50	1	3141.44	Only one eligible purchase; Fewer than three active months in the last twelve months
2220	CUST-02220	New York	NY	Organic Search	Medium Risk	56	0	Standard Intervention	37	1	3106.78	Only one eligible purchase; Fewer than three active months in the last twelve months
3190	CUST-03190	Charlotte	NC	Referral	Medium Risk	56	0	Standard Intervention	33	1	3025.04	Only one eligible purchase; Fewer than three active months in the last twelve months
313	CUST-00313	Fort Worth	TX	Referral	Medium Risk	56	0	Standard Intervention	36	1	2957.01	Only one eligible purchase; Fewer than three active months in the last twelve months
5740	CUST-05740	New York	NY	Paid Search	Medium Risk	56	0	Standard Intervention	41	1	2923.13	Only one eligible purchase; Fewer than three active months in the last twelve months
3072	CUST-03072	Los Angeles	CA	Organic Search	Medium Risk	56	0	Standard Intervention	46	1	2873.44	Only one eligible purchase; Fewer than three active months in the last twelve months
6363	CUST-06363	Chicago	IL	Direct	Medium Risk	56	0	Standard Intervention	48	1	2804.86	Only one eligible purchase; Fewer than three active months in the last twelve months
7299	CUST-07299	San Antonio	TX	Paid Search	Medium Risk	56	0	Standard Intervention	46	1	2654.41	Only one eligible purchase; Fewer than three active months in the last twelve months
5468	CUST-05468	Charlotte	NC	Direct	Medium Risk	56	0	Standard Intervention	57	1	2539.06	Only one eligible purchase; Fewer than three active months in the last twelve months
3814	CUST-03814	San Diego	CA	Email	Medium Risk	56	0	Standard Intervention	59	1	2485.53	Only one eligible purchase; Fewer than three active months in the last twelve months
5932	CUST-05932	Fort Worth	TX	Paid Search	Medium Risk	56	0	Standard Intervention	41	1	2335.80	Only one eligible purchase; Fewer than three active months in the last twelve months
6492	CUST-06492	New York	NY	Email	Medium Risk	56	0	Standard Intervention	45	1	2331.52	Only one eligible purchase; Fewer than three active months in the last twelve months
7880	CUST-07880	Houston	TX	Referral	Medium Risk	56	0	Standard Intervention	47	1	2267.69	Only one eligible purchase; Fewer than three active months in the last twelve months
3586	CUST-03586	Dallas	TX	Direct	Medium Risk	56	0	Standard Intervention	46	1	2216.88	Only one eligible purchase; Fewer than three active months in the last twelve months
385	CUST-00385	Chicago	IL	Referral	Medium Risk	56	0	Standard Intervention	34	1	2211.38	Only one eligible purchase; Fewer than three active months in the last twelve months
1821	CUST-01821	Houston	TX	Social Media	Medium Risk	56	0	Standard Intervention	56	1	2132.15	Only one eligible purchase; Fewer than three active months in the last twelve months
5118	CUST-05118	Jacksonville	FL	Organic Search	Medium Risk	56	0	Standard Intervention	34	1	2078.24	Only one eligible purchase; Fewer than three active months in the last twelve months
7455	CUST-07455	Washington	DC	Organic Search	Medium Risk	56	0	Standard Intervention	50	1	2024.27	Only one eligible purchase; Fewer than three active months in the last twelve months
2932	CUST-02932	Dallas	TX	Social Media	Medium Risk	56	0	Standard Intervention	52	1	2020.51	Only one eligible purchase; Fewer than three active months in the last twelve months
220	CUST-00220	Houston	TX	Referral	Medium Risk	56	0	Standard Intervention	46	1	2004.13	Only one eligible purchase; Fewer than three active months in the last twelve months
7713	CUST-07713	Columbus	OH	Referral	Medium Risk	56	0	Standard Intervention	40	1	1901.63	Only one eligible purchase; Fewer than three active months in the last twelve months
768	CUST-00768	Nashville	TN	Social Media	Medium Risk	56	0	Standard Intervention	44	1	1862.67	Only one eligible purchase; Fewer than three active months in the last twelve months
6388	CUST-06388	Seattle	WA	Direct	Medium Risk	56	0	Standard Intervention	32	1	1861.94	Only one eligible purchase; Fewer than three active months in the last twelve months
4799	CUST-04799	San Diego	CA	Direct	Medium Risk	56	0	Standard Intervention	44	1	1828.96	Only one eligible purchase; Fewer than three active months in the last twelve months
2218	CUST-02218	New York	NY	Social Media	Medium Risk	56	0	Standard Intervention	59	1	1825.29	Only one eligible purchase; Fewer than three active months in the last twelve months
3583	CUST-03583	Denver	CO	Social Media	Medium Risk	56	0	Standard Intervention	52	1	1719.02	Only one eligible purchase; Fewer than three active months in the last twelve months
2062	CUST-02062	Philadelphia	PA	Referral	Medium Risk	56	0	Standard Intervention	55	1	1706.72	Only one eligible purchase; Fewer than three active months in the last twelve months
1733	CUST-01733	San Diego	CA	Paid Search	Medium Risk	56	0	Standard Intervention	35	1	1661.60	Only one eligible purchase; Fewer than three active months in the last twelve months
1425	CUST-01425	Las Vegas	NV	Email	Medium Risk	56	0	Standard Intervention	57	1	1655.07	Only one eligible purchase; Fewer than three active months in the last twelve months
5917	CUST-05917	Columbus	OH	Referral	Medium Risk	56	0	Standard Intervention	37	1	1587.98	Only one eligible purchase; Fewer than three active months in the last twelve months
702	CUST-00702	Miami	FL	Referral	Medium Risk	56	0	Standard Intervention	40	1	1564.08	Only one eligible purchase; Fewer than three active months in the last twelve months
7537	CUST-07537	San Diego	CA	Email	Medium Risk	56	0	Standard Intervention	45	1	1560.35	Only one eligible purchase; Fewer than three active months in the last twelve months
6371	CUST-06371	Chicago	IL	Organic Search	Medium Risk	56	0	Standard Intervention	60	1	1457.97	Only one eligible purchase; Fewer than three active months in the last twelve months
4974	CUST-04974	Phoenix	AZ	Social Media	Medium Risk	56	0	Standard Intervention	37	1	1439.61	Only one eligible purchase; Fewer than three active months in the last twelve months
6130	CUST-06130	Columbus	OH	Social Media	Medium Risk	56	0	Standard Intervention	55	1	1382.03	Only one eligible purchase; Fewer than three active months in the last twelve months
2580	CUST-02580	Jacksonville	FL	Referral	Medium Risk	56	0	Standard Intervention	42	1	1320.78	Only one eligible purchase; Fewer than three active months in the last twelve months
6730	CUST-06730	New York	NY	Organic Search	Medium Risk	56	0	Standard Intervention	46	1	1306.53	Only one eligible purchase; Fewer than three active months in the last twelve months
2079	CUST-02079	Columbus	OH	Social Media	Medium Risk	56	0	Standard Intervention	31	1	1291.66	Only one eligible purchase; Fewer than three active months in the last twelve months
5812	CUST-05812	Seattle	WA	Direct	Medium Risk	56	0	Standard Intervention	53	1	1286.14	Only one eligible purchase; Fewer than three active months in the last twelve months
619	CUST-00619	San Antonio	TX	Social Media	Medium Risk	56	0	Standard Intervention	58	1	1286.02	Only one eligible purchase; Fewer than three active months in the last twelve months
3739	CUST-03739	Columbus	OH	Direct	Medium Risk	56	0	Standard Intervention	45	1	1270.02	Only one eligible purchase; Fewer than three active months in the last twelve months
2773	CUST-02773	Portland	OR	Social Media	Medium Risk	56	0	Standard Intervention	31	1	1256.69	Only one eligible purchase; Fewer than three active months in the last twelve months
3301	CUST-03301	Austin	TX	Referral	Medium Risk	56	0	Standard Intervention	46	1	1239.31	Only one eligible purchase; Fewer than three active months in the last twelve months
5778	CUST-05778	San Diego	CA	Paid Search	Medium Risk	56	0	Standard Intervention	52	1	1214.25	Only one eligible purchase; Fewer than three active months in the last twelve months
5368	CUST-05368	Phoenix	AZ	Paid Search	Medium Risk	56	0	Standard Intervention	41	1	1171.55	Only one eligible purchase; Fewer than three active months in the last twelve months
5322	CUST-05322	Nashville	TN	Organic Search	Medium Risk	56	0	Standard Intervention	49	1	1162.57	Only one eligible purchase; Fewer than three active months in the last twelve months
4801	CUST-04801	San Antonio	TX	Organic Search	Medium Risk	56	0	Standard Intervention	38	1	1148.32	Only one eligible purchase; Fewer than three active months in the last twelve months
5126	CUST-05126	Phoenix	AZ	Referral	Medium Risk	56	0	Standard Intervention	59	1	1138.71	Only one eligible purchase; Fewer than three active months in the last twelve months
1358	CUST-01358	Columbus	OH	Paid Search	Medium Risk	56	0	Standard Intervention	54	1	1109.64	Only one eligible purchase; Fewer than three active months in the last twelve months
785	CUST-00785	New York	NY	Referral	Medium Risk	56	0	Standard Intervention	31	1	1098.16	Only one eligible purchase; Fewer than three active months in the last twelve months
5676	CUST-05676	Charlotte	NC	Social Media	Medium Risk	56	0	Standard Intervention	56	1	1095.72	Only one eligible purchase; Fewer than three active months in the last twelve months
835	CUST-00835	Jacksonville	FL	Paid Search	Medium Risk	56	0	Standard Intervention	60	1	1086.05	Only one eligible purchase; Fewer than three active months in the last twelve months
378	CUST-00378	Los Angeles	CA	Social Media	Medium Risk	56	0	Standard Intervention	57	1	1077.11	Only one eligible purchase; Fewer than three active months in the last twelve months
3683	CUST-03683	Dallas	TX	Organic Search	Medium Risk	56	0	Standard Intervention	47	1	1052.44	Only one eligible purchase; Fewer than three active months in the last twelve months
251	CUST-00251	Los Angeles	CA	Paid Search	Medium Risk	56	0	Standard Intervention	33	1	1012.42	Only one eligible purchase; Fewer than three active months in the last twelve months
3638	CUST-03638	Philadelphia	PA	Social Media	Medium Risk	56	0	Standard Intervention	55	1	986.47	Only one eligible purchase; Fewer than three active months in the last twelve months
4710	CUST-04710	Dallas	TX	Referral	Medium Risk	56	0	Standard Intervention	42	1	864.93	Only one eligible purchase; Fewer than three active months in the last twelve months
2930	CUST-02930	Austin	TX	Paid Search	Medium Risk	56	0	Standard Intervention	41	1	854.10	Only one eligible purchase; Fewer than three active months in the last twelve months
4665	CUST-04665	Charlotte	NC	Social Media	Medium Risk	56	0	Standard Intervention	59	1	837.96	Only one eligible purchase; Fewer than three active months in the last twelve months
1289	CUST-01289	Austin	TX	Paid Search	Medium Risk	56	0	Standard Intervention	39	1	833.80	Only one eligible purchase; Fewer than three active months in the last twelve months
4018	CUST-04018	Los Angeles	CA	Referral	Medium Risk	56	0	Standard Intervention	52	1	832.23	Only one eligible purchase; Fewer than three active months in the last twelve months
77	CUST-00077	Las Vegas	NV	Paid Search	Medium Risk	56	0	Standard Intervention	34	1	799.62	Only one eligible purchase; Fewer than three active months in the last twelve months
3653	CUST-03653	Miami	FL	Organic Search	Medium Risk	56	0	Standard Intervention	37	1	796.25	Only one eligible purchase; Fewer than three active months in the last twelve months
6106	CUST-06106	Charlotte	NC	Direct	Medium Risk	56	0	Standard Intervention	57	1	787.15	Only one eligible purchase; Fewer than three active months in the last twelve months
322	CUST-00322	Las Vegas	NV	Organic Search	Medium Risk	56	0	Standard Intervention	51	1	774.66	Only one eligible purchase; Fewer than three active months in the last twelve months
7233	CUST-07233	New York	NY	Email	Medium Risk	56	0	Standard Intervention	53	1	768.29	Only one eligible purchase; Fewer than three active months in the last twelve months
6584	CUST-06584	Chicago	IL	Paid Search	Medium Risk	56	0	Standard Intervention	46	1	750.81	Only one eligible purchase; Fewer than three active months in the last twelve months
7498	CUST-07498	San Jose	CA	Referral	Medium Risk	56	0	Standard Intervention	45	1	684.92	Only one eligible purchase; Fewer than three active months in the last twelve months
458	CUST-00458	Dallas	TX	Paid Search	Medium Risk	56	0	Standard Intervention	57	1	664.00	Only one eligible purchase; Fewer than three active months in the last twelve months
448	CUST-00448	Phoenix	AZ	Email	Medium Risk	56	0	Standard Intervention	41	1	658.96	Only one eligible purchase; Fewer than three active months in the last twelve months
2462	CUST-02462	New York	NY	Organic Search	Medium Risk	56	0	Standard Intervention	34	1	644.65	Only one eligible purchase; Fewer than three active months in the last twelve months
4954	CUST-04954	Jacksonville	FL	Organic Search	Medium Risk	56	0	Standard Intervention	56	1	641.30	Only one eligible purchase; Fewer than three active months in the last twelve months
7004	CUST-07004	Washington	DC	Social Media	Medium Risk	56	0	Standard Intervention	32	1	629.00	Only one eligible purchase; Fewer than three active months in the last twelve months
3925	CUST-03925	Houston	TX	Email	Medium Risk	56	0	Standard Intervention	57	1	606.62	Only one eligible purchase; Fewer than three active months in the last twelve months
2413	CUST-02413	New York	NY	Direct	Medium Risk	56	0	Standard Intervention	34	1	569.80	Only one eligible purchase; Fewer than three active months in the last twelve months
7168	CUST-07168	Atlanta	GA	Direct	Medium Risk	56	0	Standard Intervention	37	1	566.62	Only one eligible purchase; Fewer than three active months in the last twelve months
1144	CUST-01144	Fort Worth	TX	Organic Search	Medium Risk	56	0	Standard Intervention	41	1	564.63	Only one eligible purchase; Fewer than three active months in the last twelve months
6127	CUST-06127	Atlanta	GA	Referral	Medium Risk	56	0	Standard Intervention	36	1	543.35	Only one eligible purchase; Fewer than three active months in the last twelve months
3368	CUST-03368	Denver	CO	Organic Search	Medium Risk	56	0	Standard Intervention	50	1	543.03	Only one eligible purchase; Fewer than three active months in the last twelve months
5042	CUST-05042	Seattle	WA	Direct	Medium Risk	56	0	Standard Intervention	35	1	532.89	Only one eligible purchase; Fewer than three active months in the last twelve months
2036	CUST-02036	Los Angeles	CA	Paid Search	Medium Risk	56	0	Standard Intervention	53	1	529.96	Only one eligible purchase; Fewer than three active months in the last twelve months
1091	CUST-01091	Charlotte	NC	Direct	Medium Risk	56	0	Standard Intervention	34	1	451.13	Only one eligible purchase; Fewer than three active months in the last twelve months
6920	CUST-06920	Los Angeles	CA	Organic Search	Medium Risk	56	0	Standard Intervention	40	1	441.86	Only one eligible purchase; Fewer than three active months in the last twelve months
6551	CUST-06551	Fort Worth	TX	Paid Search	Medium Risk	56	0	Standard Intervention	51	1	432.43	Only one eligible purchase; Fewer than three active months in the last twelve months
7673	CUST-07673	Philadelphia	PA	Email	Medium Risk	56	0	Standard Intervention	44	1	426.60	Only one eligible purchase; Fewer than three active months in the last twelve months
6741	CUST-06741	Jacksonville	FL	Organic Search	Medium Risk	56	0	Standard Intervention	34	1	389.49	Only one eligible purchase; Fewer than three active months in the last twelve months
101	CUST-00101	Boston	MA	Referral	Medium Risk	56	0	Standard Intervention	55	1	349.71	Only one eligible purchase; Fewer than three active months in the last twelve months
2550	CUST-02550	Boston	MA	Email	Medium Risk	56	0	Standard Intervention	41	1	334.85	Only one eligible purchase; Fewer than three active months in the last twelve months
6863	CUST-06863	Los Angeles	CA	Direct	Medium Risk	56	0	Standard Intervention	180	2	323.18	No eligible purchase in more than 90 days; No eligible purchase in the last 180 days; Fewer than three active months in the last twelve months
775	CUST-00775	Columbus	OH	Organic Search	Medium Risk	56	0	Standard Intervention	50	1	301.56	Only one eligible purchase; Fewer than three active months in the last twelve months
5730	CUST-05730	Seattle	WA	Organic Search	Medium Risk	56	0	Standard Intervention	39	1	276.46	Only one eligible purchase; Fewer than three active months in the last twelve months
3588	CUST-03588	Houston	TX	Paid Search	Medium Risk	56	0	Standard Intervention	48	1	266.71	Only one eligible purchase; Fewer than three active months in the last twelve months
2048	CUST-02048	Philadelphia	PA	Direct	Medium Risk	56	0	Standard Intervention	35	1	260.10	Only one eligible purchase; Fewer than three active months in the last twelve months
7965	CUST-07965	Seattle	WA	Email	Medium Risk	56	0	Standard Intervention	44	1	244.55	Only one eligible purchase; Fewer than three active months in the last twelve months
4820	CUST-04820	Los Angeles	CA	Direct	Medium Risk	56	0	Standard Intervention	34	1	236.81	Only one eligible purchase; Fewer than three active months in the last twelve months
1596	CUST-01596	Las Vegas	NV	Paid Search	Medium Risk	56	0	Standard Intervention	38	1	234.63	Only one eligible purchase; Fewer than three active months in the last twelve months
3641	CUST-03641	Chicago	IL	Organic Search	Medium Risk	56	0	Standard Intervention	58	1	233.85	Only one eligible purchase; Fewer than three active months in the last twelve months
3408	CUST-03408	Austin	TX	Direct	Medium Risk	56	0	Standard Intervention	39	1	221.21	Only one eligible purchase; Fewer than three active months in the last twelve months
383	CUST-00383	San Jose	CA	Direct	Medium Risk	56	0	Standard Intervention	32	1	208.89	Only one eligible purchase; Fewer than three active months in the last twelve months
6263	CUST-06263	Miami	FL	Organic Search	Medium Risk	56	0	Standard Intervention	50	1	203.86	Only one eligible purchase; Fewer than three active months in the last twelve months
7843	CUST-07843	Boston	MA	Social Media	Medium Risk	56	0	Standard Intervention	52	1	192.89	Only one eligible purchase; Fewer than three active months in the last twelve months
911	CUST-00911	Jacksonville	FL	Referral	Medium Risk	56	0	Standard Intervention	46	1	185.49	Only one eligible purchase; Fewer than three active months in the last twelve months
2834	CUST-02834	Dallas	TX	Referral	Medium Risk	56	0	Standard Intervention	58	1	136.20	Only one eligible purchase; Fewer than three active months in the last twelve months
7576	CUST-07576	Dallas	TX	Referral	Medium Risk	56	0	Standard Intervention	38	1	122.70	Only one eligible purchase; Fewer than three active months in the last twelve months
1214	CUST-01214	Miami	FL	Paid Search	Medium Risk	56	0	Standard Intervention	49	1	35.96	Only one eligible purchase; Fewer than three active months in the last twelve months
5709	CUST-05709	Washington	DC	Organic Search	Medium Risk	55	0	High Value Intervention	121	14	33945.26	No eligible purchase in more than 90 days; Overdue versus historical purchase cadence
222	CUST-00222	San Diego	CA	Organic Search	Medium Risk	55	0	High Value Intervention	95	14	30921.86	No eligible purchase in more than 90 days; Overdue versus historical purchase cadence
7604	CUST-07604	Denver	CO	Email	Medium Risk	55	0	High Value Intervention	152	13	25483.31	No eligible purchase in more than 90 days; Overdue versus historical purchase cadence
5009	CUST-05009	Columbus	OH	Social Media	Medium Risk	55	0	High Value Intervention	144	14	25406.57	No eligible purchase in more than 90 days; Overdue versus historical purchase cadence
5592	CUST-05592	San Diego	CA	Direct	Medium Risk	55	0	High Value Intervention	98	14	24633.54	No eligible purchase in more than 90 days; Overdue versus historical purchase cadence
3910	CUST-03910	San Antonio	TX	Referral	Medium Risk	55	0	High Value Intervention	104	12	24534.60	No eligible purchase in more than 90 days; Overdue versus historical purchase cadence
4192	CUST-04192	Los Angeles	CA	Referral	Medium Risk	55	0	High Value Intervention	105	7	23293.33	No eligible purchase in more than 90 days; Overdue versus historical purchase cadence
5017	CUST-05017	Phoenix	AZ	Social Media	Medium Risk	55	0	High Value Intervention	147	8	23265.25	No eligible purchase in more than 90 days; Overdue versus historical purchase cadence
1638	CUST-01638	Portland	OR	Email	Medium Risk	55	0	High Value Intervention	119	13	21511.28	No eligible purchase in more than 90 days; Overdue versus historical purchase cadence
2084	CUST-02084	Chicago	IL	Social Media	Medium Risk	55	0	High Value Intervention	102	8	21200.92	No eligible purchase in more than 90 days; Overdue versus historical purchase cadence
1807	CUST-01807	Houston	TX	Organic Search	Medium Risk	55	0	High Value Intervention	110	7	20534.41	No eligible purchase in more than 90 days; Overdue versus historical purchase cadence
7370	CUST-07370	Houston	TX	Organic Search	Medium Risk	55	0	High Value Intervention	102	8	20197.57	No eligible purchase in more than 90 days; Overdue versus historical purchase cadence
4851	CUST-04851	Seattle	WA	Social Media	Medium Risk	55	0	High Value Intervention	91	13	20137.96	No eligible purchase in more than 90 days; Overdue versus historical purchase cadence
781	CUST-00781	Atlanta	GA	Organic Search	Medium Risk	55	0	High Value Intervention	100	7	19353.80	No eligible purchase in more than 90 days; Overdue versus historical purchase cadence
5058	CUST-05058	Chicago	IL	Paid Search	Medium Risk	55	0	High Value Intervention	104	13	17346.42	No eligible purchase in more than 90 days; Overdue versus historical purchase cadence
3409	CUST-03409	Los Angeles	CA	Organic Search	Medium Risk	55	0	High Value Intervention	110	13	17031.01	No eligible purchase in more than 90 days; Overdue versus historical purchase cadence
5293	CUST-05293	Philadelphia	PA	Paid Search	Medium Risk	55	0	High Value Intervention	149	7	16902.67	No eligible purchase in more than 90 days; Overdue versus historical purchase cadence
3453	CUST-03453	New York	NY	Direct	Medium Risk	55	0	High Value Intervention	116	8	16885.44	No eligible purchase in more than 90 days; Overdue versus historical purchase cadence
4059	CUST-04059	Fort Worth	TX	Paid Search	Medium Risk	55	0	High Value Intervention	146	8	16795.01	No eligible purchase in more than 90 days; Overdue versus historical purchase cadence
958	CUST-00958	Philadelphia	PA	Social Media	Medium Risk	55	0	High Value Intervention	92	8	16654.53	No eligible purchase in more than 90 days; Overdue versus historical purchase cadence
5962	CUST-05962	New York	NY	Email	Medium Risk	55	0	High Value Intervention	111	8	16605.61	No eligible purchase in more than 90 days; Overdue versus historical purchase cadence
4291	CUST-04291	Houston	TX	Referral	Medium Risk	55	0	High Value Intervention	136	7	16076.60	No eligible purchase in more than 90 days; Overdue versus historical purchase cadence
3735	CUST-03735	Philadelphia	PA	Email	Medium Risk	55	0	High Value Intervention	128	8	15932.42	No eligible purchase in more than 90 days; Overdue versus historical purchase cadence
4447	CUST-04447	Houston	TX	Paid Search	Medium Risk	55	0	High Value Intervention	120	7	15866.11	No eligible purchase in more than 90 days; Overdue versus historical purchase cadence
7509	CUST-07509	Miami	FL	Referral	Medium Risk	55	0	High Value Intervention	107	7	15760.43	No eligible purchase in more than 90 days; Overdue versus historical purchase cadence
6695	CUST-06695	Houston	TX	Paid Search	Medium Risk	55	0	High Value Intervention	96	7	15440.35	No eligible purchase in more than 90 days; Overdue versus historical purchase cadence
1727	CUST-01727	Seattle	WA	Referral	Medium Risk	55	0	High Value Intervention	119	14	15287.63	No eligible purchase in more than 90 days; Overdue versus historical purchase cadence
4568	CUST-04568	Charlotte	NC	Direct	Medium Risk	55	0	High Value Intervention	111	13	14859.91	No eligible purchase in more than 90 days; Overdue versus historical purchase cadence
1438	CUST-01438	Boston	MA	Paid Search	Medium Risk	55	0	High Value Intervention	94	8	14843.67	No eligible purchase in more than 90 days; Overdue versus historical purchase cadence
557	CUST-00557	Charlotte	NC	Direct	Medium Risk	55	0	High Value Intervention	136	11	14452.22	No eligible purchase in more than 90 days; Overdue versus historical purchase cadence
7842	CUST-07842	Atlanta	GA	Direct	Medium Risk	55	0	High Value Intervention	118	11	14205.22	No eligible purchase in more than 90 days; Overdue versus historical purchase cadence
20	CUST-00020	Portland	OR	Email	Medium Risk	55	0	High Value Intervention	110	7	13965.79	No eligible purchase in more than 90 days; Overdue versus historical purchase cadence
5599	CUST-05599	Denver	CO	Paid Search	Medium Risk	55	0	High Value Intervention	117	12	13824.52	No eligible purchase in more than 90 days; Overdue versus historical purchase cadence
7251	CUST-07251	San Jose	CA	Direct	Medium Risk	55	0	High Value Intervention	101	6	13740.26	No eligible purchase in more than 90 days; Overdue versus historical purchase cadence
3124	CUST-03124	Seattle	WA	Social Media	Medium Risk	55	0	High Value Intervention	149	12	12526.85	No eligible purchase in more than 90 days; Overdue versus historical purchase cadence
1385	CUST-01385	Chicago	IL	Organic Search	Medium Risk	55	0	High Value Intervention	95	7	11940.05	No eligible purchase in more than 90 days; Overdue versus historical purchase cadence
4425	CUST-04425	San Jose	CA	Paid Search	Medium Risk	55	0	High Value Intervention	105	6	11864.11	No eligible purchase in more than 90 days; Overdue versus historical purchase cadence
2428	CUST-02428	Phoenix	AZ	Paid Search	Medium Risk	55	0	High Value Intervention	110	12	11397.59	No eligible purchase in more than 90 days; Overdue versus historical purchase cadence
6045	CUST-06045	San Jose	CA	Email	Medium Risk	55	0	High Value Intervention	109	6	11285.28	No eligible purchase in more than 90 days; Overdue versus historical purchase cadence
4019	CUST-04019	Houston	TX	Direct	Medium Risk	55	0	High Value Intervention	132	7	11186.06	No eligible purchase in more than 90 days; Overdue versus historical purchase cadence
2495	CUST-02495	Columbus	OH	Social Media	Medium Risk	55	0	High Value Intervention	114	12	10688.59	No eligible purchase in more than 90 days; Overdue versus historical purchase cadence
1492	CUST-01492	Houston	TX	Organic Search	Medium Risk	55	0	High Value Intervention	118	11	10543.99	No eligible purchase in more than 90 days; Overdue versus historical purchase cadence
3962	CUST-03962	Phoenix	AZ	Organic Search	Medium Risk	55	0	High Value Intervention	124	13	10514.30	No eligible purchase in more than 90 days; Overdue versus historical purchase cadence
1617	CUST-01617	Phoenix	AZ	Paid Search	Medium Risk	55	0	High Value Intervention	91	7	10445.49	No eligible purchase in more than 90 days; Overdue versus historical purchase cadence
1065	CUST-01065	Houston	TX	Referral	Medium Risk	55	0	High Value Intervention	110	7	10432.47	No eligible purchase in more than 90 days; Overdue versus historical purchase cadence
6445	CUST-06445	Chicago	IL	Direct	Medium Risk	55	0	High Value Intervention	136	6	10226.64	No eligible purchase in more than 90 days; Overdue versus historical purchase cadence
6935	CUST-06935	Austin	TX	Organic Search	Medium Risk	55	0	High Value Intervention	100	8	10169.57	No eligible purchase in more than 90 days; Overdue versus historical purchase cadence
395	CUST-00395	Chicago	IL	Organic Search	Medium Risk	55	0	High Value Intervention	132	8	10127.22	No eligible purchase in more than 90 days; Overdue versus historical purchase cadence
3678	CUST-03678	Boston	MA	Paid Search	Medium Risk	55	0	High Value Intervention	100	7	10074.37	No eligible purchase in more than 90 days; Overdue versus historical purchase cadence
1691	CUST-01691	Dallas	TX	Social Media	Medium Risk	55	0	High Value Intervention	108	6	9896.65	No eligible purchase in more than 90 days; Overdue versus historical purchase cadence
3366	CUST-03366	Philadelphia	PA	Paid Search	Medium Risk	55	0	High Value Intervention	112	7	9832.53	No eligible purchase in more than 90 days; Overdue versus historical purchase cadence
4449	CUST-04449	Jacksonville	FL	Social Media	Medium Risk	55	0	High Value Intervention	115	7	9653.27	No eligible purchase in more than 90 days; Overdue versus historical purchase cadence
3992	CUST-03992	Seattle	WA	Paid Search	Medium Risk	55	0	High Value Intervention	92	8	9571.65	No eligible purchase in more than 90 days; Overdue versus historical purchase cadence
4186	CUST-04186	Jacksonville	FL	Social Media	Medium Risk	55	0	High Value Intervention	103	6	9544.13	No eligible purchase in more than 90 days; Overdue versus historical purchase cadence
3779	CUST-03779	Portland	OR	Organic Search	Medium Risk	55	0	High Value Intervention	109	6	9417.16	No eligible purchase in more than 90 days; Overdue versus historical purchase cadence
3824	CUST-03824	Austin	TX	Organic Search	Medium Risk	55	0	High Value Intervention	97	6	8990.97	No eligible purchase in more than 90 days; Overdue versus historical purchase cadence
907	CUST-00907	Phoenix	AZ	Organic Search	Medium Risk	55	0	High Value Intervention	106	8	8966.64	No eligible purchase in more than 90 days; Overdue versus historical purchase cadence
7824	CUST-07824	Austin	TX	Social Media	Medium Risk	55	0	High Value Intervention	101	8	8855.35	No eligible purchase in more than 90 days; Overdue versus historical purchase cadence
3706	CUST-03706	Seattle	WA	Paid Search	Medium Risk	55	0	High Value Intervention	95	13	8777.54	No eligible purchase in more than 90 days; Overdue versus historical purchase cadence
7128	CUST-07128	Jacksonville	FL	Organic Search	Medium Risk	55	0	High Value Intervention	136	8	8673.82	No eligible purchase in more than 90 days; Overdue versus historical purchase cadence
3535	CUST-03535	Austin	TX	Organic Search	Medium Risk	55	0	High Value Intervention	109	6	8447.35	No eligible purchase in more than 90 days; Overdue versus historical purchase cadence
5318	CUST-05318	Los Angeles	CA	Organic Search	Medium Risk	55	0	High Value Intervention	131	7	8445.75	No eligible purchase in more than 90 days; Overdue versus historical purchase cadence
4397	CUST-04397	Portland	OR	Email	Medium Risk	55	0	High Value Intervention	130	6	8410.01	No eligible purchase in more than 90 days; Overdue versus historical purchase cadence
5786	CUST-05786	Washington	DC	Paid Search	Medium Risk	55	0	High Value Intervention	92	13	8354.17	No eligible purchase in more than 90 days; Overdue versus historical purchase cadence
6036	CUST-06036	Chicago	IL	Email	Medium Risk	55	0	Standard Intervention	150	10	7740.77	No eligible purchase in more than 90 days; Overdue versus historical purchase cadence
2759	CUST-02759	Jacksonville	FL	Paid Search	Medium Risk	55	0	Standard Intervention	129	8	7631.84	No eligible purchase in more than 90 days; Overdue versus historical purchase cadence
5990	CUST-05990	Miami	FL	Paid Search	Medium Risk	55	0	Standard Intervention	113	8	7468.91	No eligible purchase in more than 90 days; Overdue versus historical purchase cadence
4012	CUST-04012	Phoenix	AZ	Email	Medium Risk	55	0	Standard Intervention	92	6	7463.71	No eligible purchase in more than 90 days; Overdue versus historical purchase cadence
1961	CUST-01961	Austin	TX	Social Media	Medium Risk	55	0	Standard Intervention	96	8	6570.22	No eligible purchase in more than 90 days; Overdue versus historical purchase cadence
3627	CUST-03627	Houston	TX	Paid Search	Medium Risk	55	0	Standard Intervention	103	6	6215.14	No eligible purchase in more than 90 days; Overdue versus historical purchase cadence
2458	CUST-02458	Chicago	IL	Organic Search	Medium Risk	55	0	Standard Intervention	112	7	6175.04	No eligible purchase in more than 90 days; Overdue versus historical purchase cadence
5677	CUST-05677	New York	NY	Direct	Medium Risk	55	0	Standard Intervention	105	6	6137.53	No eligible purchase in more than 90 days; Overdue versus historical purchase cadence
5811	CUST-05811	Jacksonville	FL	Paid Search	Medium Risk	55	0	Standard Intervention	95	8	5716.09	No eligible purchase in more than 90 days; Overdue versus historical purchase cadence
44	CUST-00044	Houston	TX	Paid Search	Medium Risk	55	0	Standard Intervention	139	6	5516.84	No eligible purchase in more than 90 days; Overdue versus historical purchase cadence; Fewer than three active months in the last twelve months
7281	CUST-07281	Chicago	IL	Referral	Medium Risk	55	0	Standard Intervention	107	7	5417.40	No eligible purchase in more than 90 days; Overdue versus historical purchase cadence
2223	CUST-02223	Philadelphia	PA	Email	Medium Risk	55	0	Standard Intervention	95	7	3655.33	No eligible purchase in more than 90 days; Overdue versus historical purchase cadence
2844	CUST-02844	Chicago	IL	Organic Search	Medium Risk	53	0	Standard Intervention	65	5	6827.84	Overdue versus historical purchase cadence; Fewer than three active months in the last twelve months
6368	CUST-06368	Phoenix	AZ	Organic Search	Medium Risk	52	0	High Value Intervention	163	6	19283.49	No eligible purchase in more than 90 days; Purchase cadence deterioration; Fewer than three active months in the last twelve months
1020	CUST-01020	San Jose	CA	Organic Search	Medium Risk	52	0	High Value Intervention	148	7	18725.14	No eligible purchase in more than 90 days; Purchase cadence deterioration
106	CUST-00106	Philadelphia	PA	Paid Search	Medium Risk	52	0	High Value Intervention	148	7	18380.44	No eligible purchase in more than 90 days; Purchase cadence deterioration
693	CUST-00693	Houston	TX	Organic Search	Medium Risk	52	0	High Value Intervention	100	13	17681.60	No eligible purchase in more than 90 days; Purchase cadence deterioration; Fewer than three active months in the last twelve months
4774	CUST-04774	Denver	CO	Paid Search	Medium Risk	52	0	High Value Intervention	151	7	16997.50	No eligible purchase in more than 90 days; Purchase cadence deterioration
5172	CUST-05172	Houston	TX	Organic Search	Medium Risk	52	0	High Value Intervention	151	7	16654.14	No eligible purchase in more than 90 days; Purchase cadence deterioration; Fewer than three active months in the last twelve months
7580	CUST-07580	San Jose	CA	Social Media	Medium Risk	52	0	High Value Intervention	108	7	16454.76	No eligible purchase in more than 90 days; Purchase cadence deterioration
789	CUST-00789	Jacksonville	FL	Social Media	Medium Risk	52	0	High Value Intervention	137	7	15683.02	No eligible purchase in more than 90 days; Purchase cadence deterioration
1270	CUST-01270	Washington	DC	Direct	Medium Risk	52	0	High Value Intervention	119	8	15461.31	No eligible purchase in more than 90 days; Purchase cadence deterioration
1308	CUST-01308	Austin	TX	Direct	Medium Risk	52	0	High Value Intervention	158	7	15400.27	No eligible purchase in more than 90 days; Purchase cadence deterioration
4908	CUST-04908	Houston	TX	Direct	Medium Risk	52	0	High Value Intervention	133	8	15113.22	No eligible purchase in more than 90 days; Purchase cadence deterioration
5504	CUST-05504	Atlanta	GA	Paid Search	Medium Risk	52	0	High Value Intervention	131	7	14259.65	No eligible purchase in more than 90 days; Purchase cadence deterioration
1371	CUST-01371	Columbus	OH	Organic Search	Medium Risk	52	0	High Value Intervention	134	8	14159.20	No eligible purchase in more than 90 days; Purchase cadence deterioration
4257	CUST-04257	Austin	TX	Direct	Medium Risk	52	0	High Value Intervention	119	9	13649.39	No eligible purchase in more than 90 days; Purchase cadence deterioration
6053	CUST-06053	Fort Worth	TX	Email	Medium Risk	52	0	High Value Intervention	93	11	13439.75	No eligible purchase in more than 90 days; Purchase cadence deterioration
5752	CUST-05752	New York	NY	Paid Search	Medium Risk	52	0	High Value Intervention	135	8	12901.27	No eligible purchase in more than 90 days; Purchase cadence deterioration
2506	CUST-02506	Charlotte	NC	Referral	Medium Risk	52	0	High Value Intervention	167	6	12614.05	No eligible purchase in more than 90 days; Purchase cadence deterioration; Fewer than three active months in the last twelve months
5206	CUST-05206	San Diego	CA	Paid Search	Medium Risk	52	0	High Value Intervention	136	8	12278.88	No eligible purchase in more than 90 days; Purchase cadence deterioration
3942	CUST-03942	San Jose	CA	Social Media	Medium Risk	52	0	High Value Intervention	154	5	12278.05	No eligible purchase in more than 90 days
6528	CUST-06528	Chicago	IL	Paid Search	Medium Risk	52	0	High Value Intervention	106	2	12197.78	No eligible purchase in more than 90 days; Fewer than three active months in the last twelve months
2832	CUST-02832	Phoenix	AZ	Direct	Medium Risk	52	0	High Value Intervention	158	8	11722.90	No eligible purchase in more than 90 days; Purchase cadence deterioration; Fewer than three active months in the last twelve months
1086	CUST-01086	New York	NY	Email	Medium Risk	52	0	High Value Intervention	162	7	11714.99	No eligible purchase in more than 90 days; Purchase cadence deterioration
3906	CUST-03906	New York	NY	Referral	Medium Risk	52	0	High Value Intervention	175	7	11564.72	No eligible purchase in more than 90 days; Purchase cadence deterioration; Fewer than three active months in the last twelve months
6505	CUST-06505	Denver	CO	Organic Search	Medium Risk	52	0	High Value Intervention	126	8	11358.68	No eligible purchase in more than 90 days; Purchase cadence deterioration
7201	CUST-07201	Seattle	WA	Social Media	Medium Risk	52	0	High Value Intervention	106	5	11295.05	No eligible purchase in more than 90 days
1702	CUST-01702	Miami	FL	Organic Search	Medium Risk	52	0	High Value Intervention	139	8	11243.24	No eligible purchase in more than 90 days; Purchase cadence deterioration; Fewer than three active months in the last twelve months
4272	CUST-04272	Jacksonville	FL	Paid Search	Medium Risk	52	0	High Value Intervention	111	8	11179.89	No eligible purchase in more than 90 days; Purchase cadence deterioration; Fewer than three active months in the last twelve months
7329	CUST-07329	Atlanta	GA	Social Media	Medium Risk	52	0	High Value Intervention	98	8	10974.14	No eligible purchase in more than 90 days; Purchase cadence deterioration
7008	CUST-07008	Philadelphia	PA	Social Media	Medium Risk	52	0	High Value Intervention	135	7	10384.70	No eligible purchase in more than 90 days; Purchase cadence deterioration
467	CUST-00467	Chicago	IL	Direct	Medium Risk	52	0	High Value Intervention	113	4	10374.47	No eligible purchase in more than 90 days
5045	CUST-05045	San Jose	CA	Paid Search	Medium Risk	52	0	High Value Intervention	144	7	10089.29	No eligible purchase in more than 90 days; Purchase cadence deterioration
4384	CUST-04384	New York	NY	Organic Search	Medium Risk	52	0	High Value Intervention	169	7	9640.24	No eligible purchase in more than 90 days; Purchase cadence deterioration; Fewer than three active months in the last twelve months
1422	CUST-01422	Dallas	TX	Referral	Medium Risk	52	0	High Value Intervention	133	7	9607.38	No eligible purchase in more than 90 days; Purchase cadence deterioration
3222	CUST-03222	Portland	OR	Social Media	Medium Risk	52	0	High Value Intervention	100	2	9463.80	No eligible purchase in more than 90 days; Fewer than three active months in the last twelve months
2185	CUST-02185	Las Vegas	NV	Direct	Medium Risk	52	0	High Value Intervention	114	2	9410.17	No eligible purchase in more than 90 days; Fewer than three active months in the last twelve months
5595	CUST-05595	Charlotte	NC	Organic Search	Medium Risk	52	0	High Value Intervention	160	2	9371.38	No eligible purchase in more than 90 days; Fewer than three active months in the last twelve months
725	CUST-00725	Austin	TX	Organic Search	Medium Risk	52	0	High Value Intervention	166	2	9267.39	No eligible purchase in more than 90 days; Fewer than three active months in the last twelve months
7247	CUST-07247	Houston	TX	Social Media	Medium Risk	52	0	High Value Intervention	142	6	9004.94	No eligible purchase in more than 90 days; Purchase cadence deterioration
7932	CUST-07932	Chicago	IL	Direct	Medium Risk	52	0	High Value Intervention	119	2	8766.22	No eligible purchase in more than 90 days; Fewer than three active months in the last twelve months
672	CUST-00672	Los Angeles	CA	Organic Search	Medium Risk	52	0	High Value Intervention	135	7	8727.63	No eligible purchase in more than 90 days; Purchase cadence deterioration; Fewer than three active months in the last twelve months
1674	CUST-01674	Dallas	TX	Paid Search	Medium Risk	52	0	High Value Intervention	146	2	8640.81	No eligible purchase in more than 90 days; Fewer than three active months in the last twelve months
6264	CUST-06264	San Antonio	TX	Paid Search	Medium Risk	52	0	High Value Intervention	108	8	8428.56	No eligible purchase in more than 90 days; Purchase cadence deterioration
7375	CUST-07375	Dallas	TX	Paid Search	Medium Risk	52	0	High Value Intervention	98	2	8267.49	No eligible purchase in more than 90 days; Fewer than three active months in the last twelve months
4980	CUST-04980	Seattle	WA	Organic Search	Medium Risk	52	0	High Value Intervention	160	5	8128.20	No eligible purchase in more than 90 days
4227	CUST-04227	New York	NY	Direct	Medium Risk	52	0	High Value Intervention	164	2	8083.36	No eligible purchase in more than 90 days; Fewer than three active months in the last twelve months
5603	CUST-05603	San Diego	CA	Email	Medium Risk	52	0	Standard Intervention	107	6	8010.37	No eligible purchase in more than 90 days; Purchase cadence deterioration
3989	CUST-03989	New York	NY	Social Media	Medium Risk	52	0	Standard Intervention	150	7	7951.51	No eligible purchase in more than 90 days; Purchase cadence deterioration; Fewer than three active months in the last twelve months
1202	CUST-01202	Columbus	OH	Social Media	Medium Risk	52	0	Standard Intervention	133	2	7861.68	No eligible purchase in more than 90 days; Fewer than three active months in the last twelve months
351	CUST-00351	Los Angeles	CA	Organic Search	Medium Risk	52	0	Standard Intervention	135	2	7851.16	No eligible purchase in more than 90 days; Fewer than three active months in the last twelve months
4565	CUST-04565	Columbus	OH	Referral	Medium Risk	52	0	Standard Intervention	98	2	7805.68	No eligible purchase in more than 90 days; Fewer than three active months in the last twelve months
7935	CUST-07935	Philadelphia	PA	Organic Search	Medium Risk	52	0	Standard Intervention	147	7	7718.62	No eligible purchase in more than 90 days; Purchase cadence deterioration
5114	CUST-05114	Atlanta	GA	Organic Search	Medium Risk	52	0	Standard Intervention	126	2	7712.70	No eligible purchase in more than 90 days; Fewer than three active months in the last twelve months
7670	CUST-07670	Chicago	IL	Organic Search	Medium Risk	52	0	Standard Intervention	139	2	7581.78	No eligible purchase in more than 90 days; Fewer than three active months in the last twelve months
1812	CUST-01812	San Jose	CA	Paid Search	Medium Risk	52	0	Standard Intervention	176	6	7430.66	No eligible purchase in more than 90 days; Purchase cadence deterioration; Fewer than three active months in the last twelve months
1769	CUST-01769	San Diego	CA	Social Media	Medium Risk	52	0	Standard Intervention	96	2	7407.73	No eligible purchase in more than 90 days; Fewer than three active months in the last twelve months
6965	CUST-06965	San Jose	CA	Organic Search	Medium Risk	52	0	Standard Intervention	167	5	7389.26	No eligible purchase in more than 90 days; Fewer than three active months in the last twelve months
3271	CUST-03271	Miami	FL	Direct	Medium Risk	52	0	Standard Intervention	151	2	7336.53	No eligible purchase in more than 90 days; Fewer than three active months in the last twelve months
68	CUST-00068	Phoenix	AZ	Organic Search	Medium Risk	52	0	Standard Intervention	140	7	7077.84	No eligible purchase in more than 90 days; Purchase cadence deterioration
4634	CUST-04634	Los Angeles	CA	Referral	Medium Risk	52	0	Standard Intervention	149	2	7047.71	No eligible purchase in more than 90 days; Fewer than three active months in the last twelve months
4875	CUST-04875	Phoenix	AZ	Organic Search	Medium Risk	52	0	Standard Intervention	109	7	7035.67	No eligible purchase in more than 90 days; Purchase cadence deterioration
1081	CUST-01081	San Jose	CA	Paid Search	Medium Risk	52	0	Standard Intervention	140	2	6954.24	No eligible purchase in more than 90 days; Fewer than three active months in the last twelve months
7102	CUST-07102	Seattle	WA	Social Media	Medium Risk	52	0	Standard Intervention	122	2	6822.88	No eligible purchase in more than 90 days; Fewer than three active months in the last twelve months
1657	CUST-01657	Jacksonville	FL	Organic Search	Medium Risk	52	0	Standard Intervention	114	6	6721.63	No eligible purchase in more than 90 days; Purchase cadence deterioration
5569	CUST-05569	Charlotte	NC	Paid Search	Medium Risk	52	0	Standard Intervention	97	2	6678.33	No eligible purchase in more than 90 days; Fewer than three active months in the last twelve months
975	CUST-00975	Washington	DC	Paid Search	Medium Risk	52	0	Standard Intervention	95	2	6671.97	No eligible purchase in more than 90 days; Fewer than three active months in the last twelve months
1777	CUST-01777	San Diego	CA	Paid Search	Medium Risk	52	0	Standard Intervention	132	7	6522.98	No eligible purchase in more than 90 days; Purchase cadence deterioration; Fewer than three active months in the last twelve months
440	CUST-00440	Denver	CO	Social Media	Medium Risk	52	0	Standard Intervention	101	2	6335.01	No eligible purchase in more than 90 days; Fewer than three active months in the last twelve months
3544	CUST-03544	Fort Worth	TX	Referral	Medium Risk	52	0	Standard Intervention	175	2	6095.50	No eligible purchase in more than 90 days; Fewer than three active months in the last twelve months
4270	CUST-04270	Austin	TX	Paid Search	Medium Risk	52	0	Standard Intervention	149	2	5966.79	No eligible purchase in more than 90 days; Fewer than three active months in the last twelve months
920	CUST-00920	Philadelphia	PA	Organic Search	Medium Risk	52	0	Standard Intervention	100	2	5826.86	No eligible purchase in more than 90 days; Fewer than three active months in the last twelve months
4160	CUST-04160	Portland	OR	Paid Search	Medium Risk	52	0	Standard Intervention	158	6	5751.47	No eligible purchase in more than 90 days; Purchase cadence deterioration
6357	CUST-06357	Dallas	TX	Social Media	Medium Risk	52	0	Standard Intervention	93	2	5650.57	No eligible purchase in more than 90 days; Fewer than three active months in the last twelve months
2774	CUST-02774	Denver	CO	Paid Search	Medium Risk	52	0	Standard Intervention	154	2	5584.14	No eligible purchase in more than 90 days; Fewer than three active months in the last twelve months
2716	CUST-02716	Washington	DC	Paid Search	Medium Risk	52	0	Standard Intervention	152	2	5402.63	No eligible purchase in more than 90 days; Fewer than three active months in the last twelve months
4143	CUST-04143	Las Vegas	NV	Direct	Medium Risk	52	0	Standard Intervention	127	2	5313.20	No eligible purchase in more than 90 days; Fewer than three active months in the last twelve months
3595	CUST-03595	Charlotte	NC	Social Media	Medium Risk	52	0	Standard Intervention	114	7	5300.70	No eligible purchase in more than 90 days; Purchase cadence deterioration
26	CUST-00026	Miami	FL	Direct	Medium Risk	52	0	Standard Intervention	146	2	5179.62	No eligible purchase in more than 90 days; Fewer than three active months in the last twelve months
1972	CUST-01972	Philadelphia	PA	Social Media	Medium Risk	52	0	Standard Intervention	162	2	5150.33	No eligible purchase in more than 90 days; Fewer than three active months in the last twelve months
1489	CUST-01489	Austin	TX	Direct	Medium Risk	52	0	Standard Intervention	101	2	5136.86	No eligible purchase in more than 90 days; Fewer than three active months in the last twelve months
348	CUST-00348	New York	NY	Paid Search	Medium Risk	52	0	Standard Intervention	100	2	5044.41	No eligible purchase in more than 90 days; Fewer than three active months in the last twelve months
4990	CUST-04990	San Antonio	TX	Organic Search	Medium Risk	52	0	Standard Intervention	103	2	4949.98	No eligible purchase in more than 90 days; Fewer than three active months in the last twelve months
1815	CUST-01815	Chicago	IL	Paid Search	Medium Risk	52	0	Standard Intervention	105	2	4908.60	No eligible purchase in more than 90 days; Fewer than three active months in the last twelve months
5099	CUST-05099	Nashville	TN	Social Media	Medium Risk	52	0	Standard Intervention	108	2	4849.16	No eligible purchase in more than 90 days; Fewer than three active months in the last twelve months
5543	CUST-05543	New York	NY	Social Media	Medium Risk	52	0	Standard Intervention	98	2	4818.22	No eligible purchase in more than 90 days; Fewer than three active months in the last twelve months
4807	CUST-04807	Fort Worth	TX	Email	Medium Risk	52	0	Standard Intervention	173	2	4757.20	No eligible purchase in more than 90 days; Fewer than three active months in the last twelve months
3984	CUST-03984	New York	NY	Referral	Medium Risk	52	0	Standard Intervention	147	2	4753.37	No eligible purchase in more than 90 days; Fewer than three active months in the last twelve months
6618	CUST-06618	Las Vegas	NV	Organic Search	Medium Risk	52	0	Standard Intervention	149	2	4630.76	No eligible purchase in more than 90 days; Fewer than three active months in the last twelve months
3635	CUST-03635	Atlanta	GA	Social Media	Medium Risk	52	0	Standard Intervention	126	2	4569.06	No eligible purchase in more than 90 days; Fewer than three active months in the last twelve months
3130	CUST-03130	San Antonio	TX	Referral	Medium Risk	52	0	Standard Intervention	103	2	4542.50	No eligible purchase in more than 90 days; Fewer than three active months in the last twelve months
7573	CUST-07573	Chicago	IL	Organic Search	Medium Risk	52	0	Standard Intervention	133	2	4422.87	No eligible purchase in more than 90 days; Fewer than three active months in the last twelve months
3306	CUST-03306	Columbus	OH	Referral	Medium Risk	52	0	Standard Intervention	104	2	4413.65	No eligible purchase in more than 90 days; Fewer than three active months in the last twelve months
7219	CUST-07219	Los Angeles	CA	Organic Search	Medium Risk	52	0	Standard Intervention	101	2	4407.88	No eligible purchase in more than 90 days; Fewer than three active months in the last twelve months
400	CUST-00400	Charlotte	NC	Paid Search	Medium Risk	52	0	Standard Intervention	96	2	4393.68	No eligible purchase in more than 90 days; Fewer than three active months in the last twelve months
1557	CUST-01557	Houston	TX	Paid Search	Medium Risk	52	0	Standard Intervention	124	2	4350.83	No eligible purchase in more than 90 days; Fewer than three active months in the last twelve months
7886	CUST-07886	Jacksonville	FL	Referral	Medium Risk	52	0	Standard Intervention	94	2	4343.95	No eligible purchase in more than 90 days; Fewer than three active months in the last twelve months
379	CUST-00379	Boston	MA	Direct	Medium Risk	52	0	Standard Intervention	91	2	4317.66	No eligible purchase in more than 90 days; Fewer than three active months in the last twelve months
1568	CUST-01568	Los Angeles	CA	Social Media	Medium Risk	52	0	Standard Intervention	146	2	4293.64	No eligible purchase in more than 90 days; Fewer than three active months in the last twelve months
1356	CUST-01356	Fort Worth	TX	Email	Medium Risk	52	0	Standard Intervention	107	2	4285.71	No eligible purchase in more than 90 days; Fewer than three active months in the last twelve months
6222	CUST-06222	Austin	TX	Email	Medium Risk	52	0	Standard Intervention	104	2	4254.88	No eligible purchase in more than 90 days; Fewer than three active months in the last twelve months
2558	CUST-02558	San Antonio	TX	Social Media	Medium Risk	52	0	Standard Intervention	131	2	4202.96	No eligible purchase in more than 90 days; Fewer than three active months in the last twelve months
4690	CUST-04690	Chicago	IL	Paid Search	Medium Risk	52	0	Standard Intervention	100	2	4164.32	No eligible purchase in more than 90 days; Fewer than three active months in the last twelve months
5266	CUST-05266	Dallas	TX	Organic Search	Medium Risk	52	0	Standard Intervention	98	2	4108.93	No eligible purchase in more than 90 days; Fewer than three active months in the last twelve months
247	CUST-00247	Philadelphia	PA	Email	Medium Risk	52	0	Standard Intervention	141	2	4105.69	No eligible purchase in more than 90 days; Fewer than three active months in the last twelve months
1233	CUST-01233	New York	NY	Referral	Medium Risk	52	0	Standard Intervention	104	2	4031.32	No eligible purchase in more than 90 days; Fewer than three active months in the last twelve months
2764	CUST-02764	Phoenix	AZ	Referral	Medium Risk	52	0	Standard Intervention	151	2	4025.36	No eligible purchase in more than 90 days; Fewer than three active months in the last twelve months
6896	CUST-06896	New York	NY	Paid Search	Medium Risk	52	0	Standard Intervention	114	2	3975.96	No eligible purchase in more than 90 days; Fewer than three active months in the last twelve months
1451	CUST-01451	San Jose	CA	Social Media	Medium Risk	52	0	Standard Intervention	131	2	3962.70	No eligible purchase in more than 90 days; Fewer than three active months in the last twelve months
4283	CUST-04283	San Antonio	TX	Referral	Medium Risk	52	0	Standard Intervention	96	2	3942.11	No eligible purchase in more than 90 days; Fewer than three active months in the last twelve months
7274	CUST-07274	Houston	TX	Email	Medium Risk	52	0	Standard Intervention	102	2	3892.87	No eligible purchase in more than 90 days; Fewer than three active months in the last twelve months
5236	CUST-05236	Houston	TX	Email	Medium Risk	52	0	Standard Intervention	105	2	3870.57	No eligible purchase in more than 90 days; Fewer than three active months in the last twelve months
568	CUST-00568	Boston	MA	Email	Medium Risk	52	0	Standard Intervention	176	2	3774.94	No eligible purchase in more than 90 days; Fewer than three active months in the last twelve months
7717	CUST-07717	Denver	CO	Organic Search	Medium Risk	52	0	Standard Intervention	149	2	3742.22	No eligible purchase in more than 90 days; Fewer than three active months in the last twelve months
7627	CUST-07627	New York	NY	Direct	Medium Risk	52	0	Standard Intervention	159	2	3736.38	No eligible purchase in more than 90 days; Fewer than three active months in the last twelve months
6726	CUST-06726	Las Vegas	NV	Paid Search	Medium Risk	52	0	Standard Intervention	112	2	3735.81	No eligible purchase in more than 90 days; Fewer than three active months in the last twelve months
2853	CUST-02853	Miami	FL	Organic Search	Medium Risk	52	0	Standard Intervention	123	2	3695.80	No eligible purchase in more than 90 days; Fewer than three active months in the last twelve months
4401	CUST-04401	Los Angeles	CA	Social Media	Medium Risk	52	0	Standard Intervention	93	2	3643.99	No eligible purchase in more than 90 days; Fewer than three active months in the last twelve months
2879	CUST-02879	Columbus	OH	Direct	Medium Risk	52	0	Standard Intervention	111	2	3637.70	No eligible purchase in more than 90 days; Fewer than three active months in the last twelve months
3847	CUST-03847	Seattle	WA	Paid Search	Medium Risk	52	0	Standard Intervention	91	2	3615.54	No eligible purchase in more than 90 days; Fewer than three active months in the last twelve months
4406	CUST-04406	Philadelphia	PA	Social Media	Medium Risk	52	0	Standard Intervention	101	2	3609.48	No eligible purchase in more than 90 days; Fewer than three active months in the last twelve months
1082	CUST-01082	Seattle	WA	Referral	Medium Risk	52	0	Standard Intervention	124	2	3536.79	No eligible purchase in more than 90 days; Fewer than three active months in the last twelve months
5825	CUST-05825	Phoenix	AZ	Email	Medium Risk	52	0	Standard Intervention	113	2	3528.65	No eligible purchase in more than 90 days; Fewer than three active months in the last twelve months
7759	CUST-07759	Dallas	TX	Paid Search	Medium Risk	52	0	Standard Intervention	113	2	3528.50	No eligible purchase in more than 90 days; Fewer than three active months in the last twelve months
877	CUST-00877	Los Angeles	CA	Social Media	Medium Risk	52	0	Standard Intervention	94	2	3525.53	No eligible purchase in more than 90 days; Fewer than three active months in the last twelve months
61	CUST-00061	Charlotte	NC	Social Media	Medium Risk	52	0	Standard Intervention	121	2	3492.57	No eligible purchase in more than 90 days; Fewer than three active months in the last twelve months
1526	CUST-01526	Seattle	WA	Social Media	Medium Risk	52	0	Standard Intervention	137	2	3466.26	No eligible purchase in more than 90 days; Fewer than three active months in the last twelve months
7918	CUST-07918	Washington	DC	Social Media	Medium Risk	52	0	Standard Intervention	140	2	3404.51	No eligible purchase in more than 90 days; Fewer than three active months in the last twelve months
7595	CUST-07595	Fort Worth	TX	Organic Search	Medium Risk	52	0	Standard Intervention	158	2	3354.67	No eligible purchase in more than 90 days; Fewer than three active months in the last twelve months
7150	CUST-07150	Houston	TX	Direct	Medium Risk	52	0	Standard Intervention	108	2	3349.56	No eligible purchase in more than 90 days; Fewer than three active months in the last twelve months
2736	CUST-02736	Houston	TX	Social Media	Medium Risk	52	0	Standard Intervention	106	2	3343.82	No eligible purchase in more than 90 days; Fewer than three active months in the last twelve months
991	CUST-00991	Los Angeles	CA	Direct	Medium Risk	52	0	Standard Intervention	151	2	3333.69	No eligible purchase in more than 90 days; Fewer than three active months in the last twelve months
3492	CUST-03492	Seattle	WA	Referral	Medium Risk	52	0	Standard Intervention	103	2	3321.08	No eligible purchase in more than 90 days; Fewer than three active months in the last twelve months
6757	CUST-06757	Los Angeles	CA	Paid Search	Medium Risk	52	0	Standard Intervention	92	2	3281.62	No eligible purchase in more than 90 days; Fewer than three active months in the last twelve months
7111	CUST-07111	Atlanta	GA	Email	Medium Risk	52	0	Standard Intervention	119	2	3208.04	No eligible purchase in more than 90 days; Fewer than three active months in the last twelve months
4101	CUST-04101	Los Angeles	CA	Organic Search	Medium Risk	52	0	Standard Intervention	156	2	3188.63	No eligible purchase in more than 90 days; Fewer than three active months in the last twelve months
4615	CUST-04615	Chicago	IL	Referral	Medium Risk	52	0	Standard Intervention	113	2	3122.07	No eligible purchase in more than 90 days; Fewer than three active months in the last twelve months
3359	CUST-03359	Portland	OR	Organic Search	Medium Risk	52	0	Standard Intervention	105	2	3114.59	No eligible purchase in more than 90 days; Fewer than three active months in the last twelve months
2624	CUST-02624	Seattle	WA	Organic Search	Medium Risk	52	0	Standard Intervention	159	2	3104.94	No eligible purchase in more than 90 days; Fewer than three active months in the last twelve months
5478	CUST-05478	Fort Worth	TX	Direct	Medium Risk	52	0	Standard Intervention	142	2	3092.69	No eligible purchase in more than 90 days; Fewer than three active months in the last twelve months
5224	CUST-05224	New York	NY	Organic Search	Medium Risk	52	0	Standard Intervention	131	2	3091.66	No eligible purchase in more than 90 days; Fewer than three active months in the last twelve months
5863	CUST-05863	Boston	MA	Referral	Medium Risk	52	0	Standard Intervention	108	2	3023.44	No eligible purchase in more than 90 days; Fewer than three active months in the last twelve months
475	CUST-00475	Chicago	IL	Organic Search	Medium Risk	52	0	Standard Intervention	169	2	3019.68	No eligible purchase in more than 90 days; Fewer than three active months in the last twelve months
965	CUST-00965	Nashville	TN	Organic Search	Medium Risk	52	0	Standard Intervention	178	2	3017.47	No eligible purchase in more than 90 days; Fewer than three active months in the last twelve months
2195	CUST-02195	Philadelphia	PA	Direct	Medium Risk	52	0	Standard Intervention	110	2	2982.90	No eligible purchase in more than 90 days; Fewer than three active months in the last twelve months
7736	CUST-07736	Philadelphia	PA	Direct	Medium Risk	52	0	Standard Intervention	127	2	2935.62	No eligible purchase in more than 90 days; Fewer than three active months in the last twelve months
6902	CUST-06902	Philadelphia	PA	Referral	Medium Risk	52	0	Standard Intervention	140	2	2927.04	No eligible purchase in more than 90 days; Fewer than three active months in the last twelve months
6204	CUST-06204	New York	NY	Referral	Medium Risk	52	0	Standard Intervention	117	2	2873.16	No eligible purchase in more than 90 days; Fewer than three active months in the last twelve months
239	CUST-00239	Dallas	TX	Referral	Medium Risk	52	0	Standard Intervention	128	2	2868.13	No eligible purchase in more than 90 days; Fewer than three active months in the last twelve months
4459	CUST-04459	New York	NY	Social Media	Medium Risk	52	0	Standard Intervention	91	2	2782.62	No eligible purchase in more than 90 days; Fewer than three active months in the last twelve months
5926	CUST-05926	New York	NY	Social Media	Medium Risk	52	0	Standard Intervention	96	2	2742.79	No eligible purchase in more than 90 days; Fewer than three active months in the last twelve months
3219	CUST-03219	Chicago	IL	Social Media	Medium Risk	52	0	Standard Intervention	100	2	2685.39	No eligible purchase in more than 90 days; Fewer than three active months in the last twelve months
6814	CUST-06814	Boston	MA	Direct	Medium Risk	52	0	Standard Intervention	178	2	2683.43	No eligible purchase in more than 90 days; Fewer than three active months in the last twelve months
37	CUST-00037	Portland	OR	Direct	Medium Risk	52	0	Standard Intervention	134	2	2668.95	No eligible purchase in more than 90 days; Fewer than three active months in the last twelve months
735	CUST-00735	Chicago	IL	Paid Search	Medium Risk	52	0	Standard Intervention	128	2	2660.65	No eligible purchase in more than 90 days; Fewer than three active months in the last twelve months
7310	CUST-07310	Washington	DC	Organic Search	Medium Risk	52	0	Standard Intervention	138	2	2634.51	No eligible purchase in more than 90 days; Fewer than three active months in the last twelve months
1939	CUST-01939	Las Vegas	NV	Organic Search	Medium Risk	52	0	Standard Intervention	106	2	2547.80	No eligible purchase in more than 90 days; Fewer than three active months in the last twelve months
4041	CUST-04041	Austin	TX	Organic Search	Medium Risk	52	0	Standard Intervention	147	2	2526.92	No eligible purchase in more than 90 days; Fewer than three active months in the last twelve months
6845	CUST-06845	Atlanta	GA	Email	Medium Risk	52	0	Standard Intervention	120	2	2501.52	No eligible purchase in more than 90 days; Fewer than three active months in the last twelve months
787	CUST-00787	Philadelphia	PA	Organic Search	Medium Risk	52	0	Standard Intervention	127	6	2468.96	No eligible purchase in more than 90 days; Purchase cadence deterioration; Fewer than three active months in the last twelve months
4400	CUST-04400	New York	NY	Organic Search	Medium Risk	52	0	Standard Intervention	111	2	2438.19	No eligible purchase in more than 90 days; Fewer than three active months in the last twelve months
5938	CUST-05938	Philadelphia	PA	Organic Search	Medium Risk	52	0	Standard Intervention	176	2	2416.93	No eligible purchase in more than 90 days; Fewer than three active months in the last twelve months
3057	CUST-03057	Jacksonville	FL	Paid Search	Medium Risk	52	0	Standard Intervention	131	2	2413.95	No eligible purchase in more than 90 days; Fewer than three active months in the last twelve months
6689	CUST-06689	Denver	CO	Email	Medium Risk	52	0	Standard Intervention	177	2	2404.42	No eligible purchase in more than 90 days; Fewer than three active months in the last twelve months
3257	CUST-03257	San Antonio	TX	Paid Search	Medium Risk	52	0	Standard Intervention	132	2	2383.89	No eligible purchase in more than 90 days; Fewer than three active months in the last twelve months
365	CUST-00365	Miami	FL	Organic Search	Medium Risk	52	0	Standard Intervention	163	2	2379.56	No eligible purchase in more than 90 days; Fewer than three active months in the last twelve months
1064	CUST-01064	Washington	DC	Direct	Medium Risk	52	0	Standard Intervention	167	2	2346.70	No eligible purchase in more than 90 days; Fewer than three active months in the last twelve months
6174	CUST-06174	Seattle	WA	Organic Search	Medium Risk	52	0	Standard Intervention	112	2	2282.96	No eligible purchase in more than 90 days; Fewer than three active months in the last twelve months
6648	CUST-06648	New York	NY	Organic Search	Medium Risk	52	0	Standard Intervention	105	2	2269.46	No eligible purchase in more than 90 days; Fewer than three active months in the last twelve months
4513	CUST-04513	Los Angeles	CA	Direct	Medium Risk	52	0	Standard Intervention	91	2	2246.97	No eligible purchase in more than 90 days; Fewer than three active months in the last twelve months
591	CUST-00591	Seattle	WA	Referral	Medium Risk	52	0	Standard Intervention	155	2	2221.64	No eligible purchase in more than 90 days; Fewer than three active months in the last twelve months
6466	CUST-06466	San Diego	CA	Referral	Medium Risk	52	0	Standard Intervention	109	2	2198.85	No eligible purchase in more than 90 days; Fewer than three active months in the last twelve months
5612	CUST-05612	Chicago	IL	Email	Medium Risk	52	0	Standard Intervention	99	2	2190.62	No eligible purchase in more than 90 days; Fewer than three active months in the last twelve months
6706	CUST-06706	Chicago	IL	Referral	Medium Risk	52	0	Standard Intervention	119	2	2187.09	No eligible purchase in more than 90 days; Fewer than three active months in the last twelve months
52	CUST-00052	Dallas	TX	Organic Search	Medium Risk	52	0	Standard Intervention	122	2	2184.30	No eligible purchase in more than 90 days; Fewer than three active months in the last twelve months
7206	CUST-07206	Houston	TX	Organic Search	Medium Risk	52	0	Standard Intervention	173	2	2178.25	No eligible purchase in more than 90 days; Fewer than three active months in the last twelve months
5899	CUST-05899	Houston	TX	Paid Search	Medium Risk	52	0	Standard Intervention	120	2	2149.79	No eligible purchase in more than 90 days; Fewer than three active months in the last twelve months
1400	CUST-01400	Dallas	TX	Organic Search	Medium Risk	52	0	Standard Intervention	100	2	2139.86	No eligible purchase in more than 90 days; Fewer than three active months in the last twelve months
2727	CUST-02727	New York	NY	Social Media	Medium Risk	52	0	Standard Intervention	144	2	2138.76	No eligible purchase in more than 90 days; Fewer than three active months in the last twelve months
7762	CUST-07762	Austin	TX	Social Media	Medium Risk	52	0	Standard Intervention	148	2	2121.34	No eligible purchase in more than 90 days; Fewer than three active months in the last twelve months
1247	CUST-01247	New York	NY	Referral	Medium Risk	52	0	Standard Intervention	176	2	2086.82	No eligible purchase in more than 90 days; Fewer than three active months in the last twelve months
2680	CUST-02680	San Jose	CA	Paid Search	Medium Risk	52	0	Standard Intervention	108	2	2079.35	No eligible purchase in more than 90 days; Fewer than three active months in the last twelve months
3843	CUST-03843	Denver	CO	Direct	Medium Risk	52	0	Standard Intervention	152	2	2062.65	No eligible purchase in more than 90 days; Fewer than three active months in the last twelve months
486	CUST-00486	Columbus	OH	Email	Medium Risk	52	0	Standard Intervention	173	2	2057.76	No eligible purchase in more than 90 days; Fewer than three active months in the last twelve months
7753	CUST-07753	Chicago	IL	Paid Search	Medium Risk	52	0	Standard Intervention	137	2	2028.80	No eligible purchase in more than 90 days; Fewer than three active months in the last twelve months
1958	CUST-01958	Dallas	TX	Organic Search	Medium Risk	52	0	Standard Intervention	130	2	2028.63	No eligible purchase in more than 90 days; Fewer than three active months in the last twelve months
2924	CUST-02924	Los Angeles	CA	Social Media	Medium Risk	52	0	Standard Intervention	166	2	2019.83	No eligible purchase in more than 90 days; Fewer than three active months in the last twelve months
382	CUST-00382	Denver	CO	Paid Search	Medium Risk	52	0	Standard Intervention	131	2	1998.86	No eligible purchase in more than 90 days; Fewer than three active months in the last twelve months
7661	CUST-07661	Chicago	IL	Organic Search	Medium Risk	52	0	Standard Intervention	111	2	1957.08	No eligible purchase in more than 90 days; Fewer than three active months in the last twelve months
5080	CUST-05080	Chicago	IL	Email	Medium Risk	52	0	Standard Intervention	135	2	1953.94	No eligible purchase in more than 90 days; Fewer than three active months in the last twelve months
2168	CUST-02168	San Antonio	TX	Social Media	Medium Risk	52	0	Standard Intervention	162	2	1938.48	No eligible purchase in more than 90 days; Fewer than three active months in the last twelve months
6653	CUST-06653	Fort Worth	TX	Direct	Medium Risk	52	0	Standard Intervention	110	2	1931.35	No eligible purchase in more than 90 days; Fewer than three active months in the last twelve months
4737	CUST-04737	Fort Worth	TX	Organic Search	Medium Risk	52	0	Standard Intervention	116	2	1892.65	No eligible purchase in more than 90 days; Fewer than three active months in the last twelve months
997	CUST-00997	Austin	TX	Email	Medium Risk	52	0	Standard Intervention	109	2	1890.30	No eligible purchase in more than 90 days; Fewer than three active months in the last twelve months
2335	CUST-02335	Nashville	TN	Direct	Medium Risk	52	0	Standard Intervention	104	2	1878.40	No eligible purchase in more than 90 days; Fewer than three active months in the last twelve months
2896	CUST-02896	Charlotte	NC	Email	Medium Risk	52	0	Standard Intervention	106	2	1870.43	No eligible purchase in more than 90 days; Fewer than three active months in the last twelve months
5881	CUST-05881	New York	NY	Direct	Medium Risk	52	0	Standard Intervention	148	2	1844.47	No eligible purchase in more than 90 days; Fewer than three active months in the last twelve months
6476	CUST-06476	Dallas	TX	Direct	Medium Risk	52	0	Standard Intervention	99	2	1840.31	No eligible purchase in more than 90 days; Fewer than three active months in the last twelve months
1218	CUST-01218	New York	NY	Social Media	Medium Risk	52	0	Standard Intervention	94	2	1821.91	No eligible purchase in more than 90 days; Fewer than three active months in the last twelve months
7333	CUST-07333	Philadelphia	PA	Direct	Medium Risk	52	0	Standard Intervention	109	2	1818.25	No eligible purchase in more than 90 days; Fewer than three active months in the last twelve months
4268	CUST-04268	Austin	TX	Organic Search	Medium Risk	52	0	Standard Intervention	131	2	1791.02	No eligible purchase in more than 90 days; Fewer than three active months in the last twelve months
2147	CUST-02147	New York	NY	Paid Search	Medium Risk	52	0	Standard Intervention	158	2	1785.61	No eligible purchase in more than 90 days; Fewer than three active months in the last twelve months
933	CUST-00933	San Diego	CA	Organic Search	Medium Risk	52	0	Standard Intervention	106	2	1760.64	No eligible purchase in more than 90 days; Fewer than three active months in the last twelve months
6734	CUST-06734	Fort Worth	TX	Referral	Medium Risk	52	0	Standard Intervention	140	2	1725.89	No eligible purchase in more than 90 days; Fewer than three active months in the last twelve months
6175	CUST-06175	Philadelphia	PA	Direct	Medium Risk	52	0	Standard Intervention	168	2	1701.47	No eligible purchase in more than 90 days; Fewer than three active months in the last twelve months
7362	CUST-07362	Chicago	IL	Paid Search	Medium Risk	52	0	Standard Intervention	93	2	1694.74	No eligible purchase in more than 90 days; Fewer than three active months in the last twelve months
846	CUST-00846	Chicago	IL	Organic Search	Medium Risk	52	0	Standard Intervention	101	2	1659.55	No eligible purchase in more than 90 days; Fewer than three active months in the last twelve months
5941	CUST-05941	Denver	CO	Email	Medium Risk	52	0	Standard Intervention	115	2	1638.99	No eligible purchase in more than 90 days; Fewer than three active months in the last twelve months
5736	CUST-05736	New York	NY	Paid Search	Medium Risk	52	0	Standard Intervention	104	2	1635.40	No eligible purchase in more than 90 days; Fewer than three active months in the last twelve months
5896	CUST-05896	Phoenix	AZ	Email	Medium Risk	52	0	Standard Intervention	110	2	1590.61	No eligible purchase in more than 90 days; Fewer than three active months in the last twelve months
3026	CUST-03026	Miami	FL	Paid Search	Medium Risk	52	0	Standard Intervention	103	2	1569.22	No eligible purchase in more than 90 days; Fewer than three active months in the last twelve months
1393	CUST-01393	Los Angeles	CA	Social Media	Medium Risk	52	0	Standard Intervention	128	2	1525.37	No eligible purchase in more than 90 days; Fewer than three active months in the last twelve months
7806	CUST-07806	Nashville	TN	Paid Search	Medium Risk	52	0	Standard Intervention	160	2	1524.43	No eligible purchase in more than 90 days; Fewer than three active months in the last twelve months
4385	CUST-04385	Las Vegas	NV	Social Media	Medium Risk	52	0	Standard Intervention	119	2	1512.20	No eligible purchase in more than 90 days; Fewer than three active months in the last twelve months
2360	CUST-02360	Phoenix	AZ	Social Media	Medium Risk	52	0	Standard Intervention	109	2	1471.30	No eligible purchase in more than 90 days; Fewer than three active months in the last twelve months
6620	CUST-06620	Philadelphia	PA	Referral	Medium Risk	52	0	Standard Intervention	140	2	1470.68	No eligible purchase in more than 90 days; Fewer than three active months in the last twelve months
5161	CUST-05161	Chicago	IL	Email	Medium Risk	52	0	Standard Intervention	154	2	1428.70	No eligible purchase in more than 90 days; Fewer than three active months in the last twelve months
993	CUST-00993	Los Angeles	CA	Paid Search	Medium Risk	52	0	Standard Intervention	136	2	1395.80	No eligible purchase in more than 90 days; Fewer than three active months in the last twelve months
4805	CUST-04805	Atlanta	GA	Social Media	Medium Risk	52	0	Standard Intervention	145	2	1376.49	No eligible purchase in more than 90 days; Fewer than three active months in the last twelve months
6282	CUST-06282	San Jose	CA	Paid Search	Medium Risk	52	0	Standard Intervention	178	2	1372.49	No eligible purchase in more than 90 days; Fewer than three active months in the last twelve months
449	CUST-00449	New York	NY	Organic Search	Medium Risk	52	0	Standard Intervention	156	2	1350.61	No eligible purchase in more than 90 days; Fewer than three active months in the last twelve months
6772	CUST-06772	Philadelphia	PA	Referral	Medium Risk	52	0	Standard Intervention	107	2	1282.41	No eligible purchase in more than 90 days; Fewer than three active months in the last twelve months
5514	CUST-05514	Austin	TX	Social Media	Medium Risk	52	0	Standard Intervention	115	2	1275.69	No eligible purchase in more than 90 days; Fewer than three active months in the last twelve months
1999	CUST-01999	Jacksonville	FL	Organic Search	Medium Risk	52	0	Standard Intervention	170	2	1230.56	No eligible purchase in more than 90 days; Fewer than three active months in the last twelve months
1905	CUST-01905	San Antonio	TX	Social Media	Medium Risk	52	0	Standard Intervention	105	2	1227.24	No eligible purchase in more than 90 days; Fewer than three active months in the last twelve months
6293	CUST-06293	Fort Worth	TX	Organic Search	Medium Risk	52	0	Standard Intervention	137	2	1216.08	No eligible purchase in more than 90 days; Fewer than three active months in the last twelve months
2426	CUST-02426	Portland	OR	Email	Medium Risk	52	0	Standard Intervention	112	2	1207.67	No eligible purchase in more than 90 days; Fewer than three active months in the last twelve months
2811	CUST-02811	Dallas	TX	Email	Medium Risk	52	0	Standard Intervention	141	2	1202.29	No eligible purchase in more than 90 days; Fewer than three active months in the last twelve months
3029	CUST-03029	San Jose	CA	Paid Search	Medium Risk	52	0	Standard Intervention	116	2	1191.49	No eligible purchase in more than 90 days; Fewer than three active months in the last twelve months
4360	CUST-04360	San Antonio	TX	Paid Search	Medium Risk	52	0	Standard Intervention	150	2	1186.59	No eligible purchase in more than 90 days; Fewer than three active months in the last twelve months
1181	CUST-01181	San Diego	CA	Organic Search	Medium Risk	52	0	Standard Intervention	106	2	1154.52	No eligible purchase in more than 90 days; Fewer than three active months in the last twelve months
4631	CUST-04631	Portland	OR	Email	Medium Risk	52	0	Standard Intervention	156	2	1102.63	No eligible purchase in more than 90 days; Fewer than three active months in the last twelve months
7915	CUST-07915	Phoenix	AZ	Referral	Medium Risk	52	0	Standard Intervention	157	2	1027.91	No eligible purchase in more than 90 days; Fewer than three active months in the last twelve months
2950	CUST-02950	Chicago	IL	Social Media	Medium Risk	52	0	Standard Intervention	150	2	1015.48	No eligible purchase in more than 90 days; Fewer than three active months in the last twelve months
4431	CUST-04431	Charlotte	NC	Direct	Medium Risk	52	0	Standard Intervention	118	2	978.21	No eligible purchase in more than 90 days; Fewer than three active months in the last twelve months
5999	CUST-05999	Washington	DC	Paid Search	Medium Risk	52	0	Standard Intervention	118	2	918.30	No eligible purchase in more than 90 days; Fewer than three active months in the last twelve months
5233	CUST-05233	Houston	TX	Organic Search	Medium Risk	52	0	Standard Intervention	154	2	898.53	No eligible purchase in more than 90 days; Fewer than three active months in the last twelve months
340	CUST-00340	Fort Worth	TX	Direct	Medium Risk	52	0	Standard Intervention	175	2	847.33	No eligible purchase in more than 90 days; Fewer than three active months in the last twelve months
1598	CUST-01598	Charlotte	NC	Paid Search	Medium Risk	52	0	Standard Intervention	96	2	836.90	No eligible purchase in more than 90 days; Fewer than three active months in the last twelve months
3080	CUST-03080	Los Angeles	CA	Social Media	Medium Risk	52	0	Standard Intervention	113	2	780.22	No eligible purchase in more than 90 days; Fewer than three active months in the last twelve months
85	CUST-00085	Seattle	WA	Paid Search	Medium Risk	52	0	Standard Intervention	123	2	772.48	No eligible purchase in more than 90 days; Fewer than three active months in the last twelve months
1380	CUST-01380	Miami	FL	Paid Search	Medium Risk	52	0	Standard Intervention	118	2	760.57	No eligible purchase in more than 90 days; Fewer than three active months in the last twelve months
606	CUST-00606	Charlotte	NC	Paid Search	Medium Risk	52	0	Standard Intervention	99	2	758.78	No eligible purchase in more than 90 days; Fewer than three active months in the last twelve months
1153	CUST-01153	Boston	MA	Organic Search	Medium Risk	52	0	Standard Intervention	111	2	674.03	No eligible purchase in more than 90 days; Fewer than three active months in the last twelve months
5910	CUST-05910	Philadelphia	PA	Organic Search	Medium Risk	52	0	Standard Intervention	124	2	657.16	No eligible purchase in more than 90 days; Fewer than three active months in the last twelve months
2256	CUST-02256	Las Vegas	NV	Paid Search	Medium Risk	52	0	Standard Intervention	95	2	617.96	No eligible purchase in more than 90 days; Fewer than three active months in the last twelve months
4891	CUST-04891	San Jose	CA	Email	Medium Risk	52	0	Standard Intervention	125	2	614.52	No eligible purchase in more than 90 days; Fewer than three active months in the last twelve months
6398	CUST-06398	Phoenix	AZ	Social Media	Medium Risk	52	0	Standard Intervention	165	2	611.40	No eligible purchase in more than 90 days; Fewer than three active months in the last twelve months
4501	CUST-04501	Phoenix	AZ	Referral	Medium Risk	52	0	Standard Intervention	106	2	544.30	No eligible purchase in more than 90 days; Fewer than three active months in the last twelve months
1945	CUST-01945	Houston	TX	Paid Search	Medium Risk	52	0	Standard Intervention	111	2	506.33	No eligible purchase in more than 90 days; Fewer than three active months in the last twelve months
1891	CUST-01891	New York	NY	Organic Search	Medium Risk	52	0	Standard Intervention	91	2	484.35	No eligible purchase in more than 90 days; Fewer than three active months in the last twelve months
6732	CUST-06732	Chicago	IL	Direct	Medium Risk	52	0	Standard Intervention	158	2	457.90	No eligible purchase in more than 90 days; Fewer than three active months in the last twelve months
2685	CUST-02685	New York	NY	Direct	Medium Risk	52	0	Standard Intervention	138	2	427.26	No eligible purchase in more than 90 days; Fewer than three active months in the last twelve months
4570	CUST-04570	Denver	CO	Social Media	Medium Risk	52	0	Standard Intervention	161	2	328.20	No eligible purchase in more than 90 days; Fewer than three active months in the last twelve months
2747	CUST-02747	New York	NY	Referral	Medium Risk	52	0	Standard Intervention	146	2	328.12	No eligible purchase in more than 90 days; Fewer than three active months in the last twelve months
1071	CUST-01071	Atlanta	GA	Paid Search	Medium Risk	52	0	Standard Intervention	99	2	108.42	No eligible purchase in more than 90 days; Fewer than three active months in the last twelve months
6864	CUST-06864	Phoenix	AZ	Social Media	Medium Risk	51	0	High Value Intervention	84	7	15239.51	Overdue versus historical purchase cadence
471	CUST-00471	Columbus	OH	Email	Medium Risk	51	0	High Value Intervention	89	7	14986.96	Overdue versus historical purchase cadence
4865	CUST-04865	Charlotte	NC	Direct	Medium Risk	49	0	High Value Intervention	121	9	25734.20	No eligible purchase in more than 90 days; Purchase cadence deterioration
2436	CUST-02436	Phoenix	AZ	Direct	Medium Risk	49	0	High Value Intervention	98	12	24450.86	No eligible purchase in more than 90 days; Purchase cadence deterioration
4450	CUST-04450	Jacksonville	FL	Paid Search	Medium Risk	49	0	High Value Intervention	101	12	22394.32	No eligible purchase in more than 90 days; Purchase cadence deterioration
304	CUST-00304	Denver	CO	Paid Search	Medium Risk	49	0	High Value Intervention	101	12	19993.66	No eligible purchase in more than 90 days; Purchase cadence deterioration
3375	CUST-03375	San Jose	CA	Social Media	Medium Risk	49	0	High Value Intervention	132	7	19036.71	No eligible purchase in more than 90 days; Purchase cadence deterioration
1060	CUST-01060	Houston	TX	Direct	Medium Risk	49	0	High Value Intervention	104	12	14307.63	No eligible purchase in more than 90 days; Purchase cadence deterioration
2174	CUST-02174	Philadelphia	PA	Social Media	Medium Risk	49	0	High Value Intervention	131	7	13731.90	No eligible purchase in more than 90 days; Purchase cadence deterioration
5813	CUST-05813	Denver	CO	Paid Search	Medium Risk	49	0	High Value Intervention	152	8	13326.13	No eligible purchase in more than 90 days; Purchase cadence deterioration
860	CUST-00860	New York	NY	Paid Search	Medium Risk	49	0	High Value Intervention	124	6	13277.21	No eligible purchase in more than 90 days; Purchase cadence deterioration
4119	CUST-04119	New York	NY	Email	Medium Risk	49	0	High Value Intervention	98	7	12779.52	No eligible purchase in more than 90 days; Purchase cadence deterioration
2763	CUST-02763	Seattle	WA	Organic Search	Medium Risk	49	0	High Value Intervention	105	6	11470.14	No eligible purchase in more than 90 days; Purchase cadence deterioration
2603	CUST-02603	Denver	CO	Email	Medium Risk	49	0	High Value Intervention	155	7	11352.15	No eligible purchase in more than 90 days; Purchase cadence deterioration; Fewer than three active months in the last twelve months
3733	CUST-03733	Phoenix	AZ	Direct	Medium Risk	49	0	High Value Intervention	131	7	10793.15	No eligible purchase in more than 90 days; Purchase cadence deterioration
3592	CUST-03592	Philadelphia	PA	Email	Medium Risk	49	0	High Value Intervention	160	6	9704.46	No eligible purchase in more than 90 days; Purchase cadence deterioration; Fewer than three active months in the last twelve months
1085	CUST-01085	Atlanta	GA	Organic Search	Medium Risk	49	0	High Value Intervention	129	8	8955.06	No eligible purchase in more than 90 days; Purchase cadence deterioration; Fewer than three active months in the last twelve months
6674	CUST-06674	San Diego	CA	Direct	Medium Risk	49	0	High Value Intervention	124	8	8823.08	No eligible purchase in more than 90 days; Purchase cadence deterioration
446	CUST-00446	San Diego	CA	Organic Search	Medium Risk	49	0	High Value Intervention	140	7	8585.85	No eligible purchase in more than 90 days; Purchase cadence deterioration; Fewer than three active months in the last twelve months
6699	CUST-06699	Nashville	TN	Email	Medium Risk	49	0	High Value Intervention	106	8	8582.52	No eligible purchase in more than 90 days; Purchase cadence deterioration
6076	CUST-06076	Philadelphia	PA	Social Media	Medium Risk	49	0	High Value Intervention	116	7	8512.00	No eligible purchase in more than 90 days; Purchase cadence deterioration
639	CUST-00639	Dallas	TX	Direct	Medium Risk	49	0	High Value Intervention	108	11	8126.91	No eligible purchase in more than 90 days; Purchase cadence deterioration
1512	CUST-01512	San Diego	CA	Referral	Medium Risk	49	0	Standard Intervention	122	7	7808.78	No eligible purchase in more than 90 days; Purchase cadence deterioration
636	CUST-00636	San Antonio	TX	Referral	Medium Risk	49	0	Standard Intervention	103	8	7177.12	No eligible purchase in more than 90 days; Purchase cadence deterioration
5732	CUST-05732	Denver	CO	Paid Search	Medium Risk	49	0	Standard Intervention	106	7	6538.43	No eligible purchase in more than 90 days; Purchase cadence deterioration
5414	CUST-05414	San Jose	CA	Direct	Medium Risk	49	0	Standard Intervention	92	7	6472.09	No eligible purchase in more than 90 days; Purchase cadence deterioration
5062	CUST-05062	Los Angeles	CA	Direct	Medium Risk	49	0	Standard Intervention	113	7	4491.83	No eligible purchase in more than 90 days; Purchase cadence deterioration
1588	CUST-01588	Las Vegas	NV	Email	Medium Risk	49	0	Standard Intervention	141	7	4028.89	No eligible purchase in more than 90 days; Purchase cadence deterioration
4795	CUST-04795	New York	NY	Referral	Medium Risk	49	0	Standard Intervention	116	7	2397.34	No eligible purchase in more than 90 days; Purchase cadence deterioration
7146	CUST-07146	Chicago	IL	Referral	Medium Risk	48	0	High Value Intervention	80	12	19322.22	Overdue versus historical purchase cadence
7096	CUST-07096	Los Angeles	CA	Paid Search	Medium Risk	48	0	High Value Intervention	89	8	12347.13	Overdue versus historical purchase cadence
6958	CUST-06958	Los Angeles	CA	Organic Search	Medium Risk	48	0	High Value Intervention	87	7	11405.88	Overdue versus historical purchase cadence
2094	CUST-02094	San Diego	CA	Organic Search	Medium Risk	48	0	High Value Intervention	81	13	10850.66	Overdue versus historical purchase cadence
49	CUST-00049	Chicago	IL	Email	Medium Risk	48	0	Standard Intervention	82	7	3924.04	Overdue versus historical purchase cadence
6132	CUST-06132	Austin	TX	Direct	Medium Risk	46	0	High Value Intervention	135	8	18405.03	No eligible purchase in more than 90 days; Purchase cadence deterioration
5614	CUST-05614	Denver	CO	Paid Search	Medium Risk	46	0	High Value Intervention	91	8	16771.46	No eligible purchase in more than 90 days; Purchase cadence deterioration
6168	CUST-06168	Houston	TX	Paid Search	Medium Risk	46	0	High Value Intervention	135	8	15054.80	No eligible purchase in more than 90 days; Purchase cadence deterioration
6655	CUST-06655	Houston	TX	Social Media	Medium Risk	46	0	High Value Intervention	114	8	13151.43	No eligible purchase in more than 90 days; Purchase cadence deterioration
2984	CUST-02984	Austin	TX	Email	Medium Risk	46	0	High Value Intervention	116	8	12623.65	No eligible purchase in more than 90 days; Purchase cadence deterioration
6475	CUST-06475	Columbus	OH	Paid Search	Medium Risk	46	0	High Value Intervention	128	8	12450.55	No eligible purchase in more than 90 days; Purchase cadence deterioration
6617	CUST-06617	Las Vegas	NV	Social Media	Medium Risk	46	0	High Value Intervention	91	6	12431.79	No eligible purchase in more than 90 days; Purchase cadence deterioration
1165	CUST-01165	Denver	CO	Referral	Medium Risk	46	0	High Value Intervention	96	7	12038.85	No eligible purchase in more than 90 days; Purchase cadence deterioration
2748	CUST-02748	Charlotte	NC	Direct	Medium Risk	46	0	High Value Intervention	142	7	11375.78	No eligible purchase in more than 90 days; Purchase cadence deterioration
977	CUST-00977	Las Vegas	NV	Paid Search	Medium Risk	46	0	High Value Intervention	94	7	10444.71	No eligible purchase in more than 90 days; Purchase cadence deterioration
1411	CUST-01411	San Jose	CA	Referral	Medium Risk	46	0	High Value Intervention	93	8	10256.27	No eligible purchase in more than 90 days; Purchase cadence deterioration
3161	CUST-03161	Charlotte	NC	Paid Search	Medium Risk	46	0	High Value Intervention	96	8	10054.74	No eligible purchase in more than 90 days; Purchase cadence deterioration
7277	CUST-07277	New York	NY	Social Media	Medium Risk	46	0	High Value Intervention	96	12	9930.57	No eligible purchase in more than 90 days; Purchase cadence deterioration
2838	CUST-02838	Dallas	TX	Organic Search	Medium Risk	46	0	High Value Intervention	127	6	9625.88	No eligible purchase in more than 90 days; Purchase cadence deterioration
3657	CUST-03657	Charlotte	NC	Social Media	Medium Risk	46	0	High Value Intervention	110	8	9114.39	No eligible purchase in more than 90 days; Purchase cadence deterioration
5745	CUST-05745	Dallas	TX	Organic Search	Medium Risk	46	0	High Value Intervention	97	6	8355.80	No eligible purchase in more than 90 days; Purchase cadence deterioration
4040	CUST-04040	Columbus	OH	Social Media	Medium Risk	46	0	Standard Intervention	98	7	7087.19	No eligible purchase in more than 90 days; Purchase cadence deterioration
7130	CUST-07130	Los Angeles	CA	Organic Search	Medium Risk	46	0	Standard Intervention	8	1	6846.27	Only one eligible purchase; Fewer than three active months in the last twelve months
6241	CUST-06241	New York	NY	Organic Search	Medium Risk	46	0	Standard Intervention	100	6	6142.35	No eligible purchase in more than 90 days; Purchase cadence deterioration
1530	CUST-01530	Houston	TX	Organic Search	Medium Risk	46	0	Standard Intervention	2	1	5003.22	Only one eligible purchase; Fewer than three active months in the last twelve months
6056	CUST-06056	Nashville	TN	Organic Search	Medium Risk	46	0	Standard Intervention	10	1	4924.86	Only one eligible purchase; Fewer than three active months in the last twelve months
4813	CUST-04813	Los Angeles	CA	Email	Medium Risk	46	0	Standard Intervention	22	1	4605.35	Only one eligible purchase; Fewer than three active months in the last twelve months
3173	CUST-03173	San Diego	CA	Direct	Medium Risk	46	0	Standard Intervention	12	1	4525.88	Only one eligible purchase; Fewer than three active months in the last twelve months
4028	CUST-04028	Denver	CO	Organic Search	Medium Risk	46	0	Standard Intervention	12	1	4315.62	Only one eligible purchase; Fewer than three active months in the last twelve months
330	CUST-00330	Las Vegas	NV	Email	Medium Risk	46	0	Standard Intervention	17	1	4079.30	Only one eligible purchase; Fewer than three active months in the last twelve months
1536	CUST-01536	San Diego	CA	Referral	Medium Risk	46	0	Standard Intervention	1	1	4014.28	Only one eligible purchase; Fewer than three active months in the last twelve months
5130	CUST-05130	Seattle	WA	Paid Search	Medium Risk	46	0	Standard Intervention	17	1	4008.46	Only one eligible purchase; Fewer than three active months in the last twelve months
3104	CUST-03104	Jacksonville	FL	Direct	Medium Risk	46	0	Standard Intervention	29	1	3721.68	Only one eligible purchase; Fewer than three active months in the last twelve months
5117	CUST-05117	Denver	CO	Email	Medium Risk	46	0	Standard Intervention	7	1	3449.85	Only one eligible purchase; Fewer than three active months in the last twelve months
602	CUST-00602	Austin	TX	Social Media	Medium Risk	46	0	Standard Intervention	24	1	3350.45	Only one eligible purchase; Fewer than three active months in the last twelve months
4168	CUST-04168	San Diego	CA	Social Media	Medium Risk	46	0	Standard Intervention	3	1	3189.17	Only one eligible purchase; Fewer than three active months in the last twelve months
4505	CUST-04505	Austin	TX	Referral	Medium Risk	46	0	Standard Intervention	11	1	3128.25	Only one eligible purchase; Fewer than three active months in the last twelve months
794	CUST-00794	San Diego	CA	Direct	Medium Risk	46	0	Standard Intervention	26	1	3080.37	Only one eligible purchase; Fewer than three active months in the last twelve months
1587	CUST-01587	Fort Worth	TX	Paid Search	Medium Risk	46	0	Standard Intervention	9	1	3073.51	Only one eligible purchase; Fewer than three active months in the last twelve months
185	CUST-00185	San Antonio	TX	Organic Search	Medium Risk	46	0	Standard Intervention	6	1	2891.03	Only one eligible purchase; Fewer than three active months in the last twelve months
4704	CUST-04704	Washington	DC	Email	Medium Risk	46	0	Standard Intervention	6	1	2881.42	Only one eligible purchase; Fewer than three active months in the last twelve months
925	CUST-00925	Washington	DC	Social Media	Medium Risk	46	0	Standard Intervention	4	1	2680.51	Only one eligible purchase; Fewer than three active months in the last twelve months
2797	CUST-02797	Miami	FL	Organic Search	Medium Risk	46	0	Standard Intervention	29	1	2584.23	Only one eligible purchase; Fewer than three active months in the last twelve months
5748	CUST-05748	Philadelphia	PA	Direct	Medium Risk	46	0	Standard Intervention	13	1	2566.88	Only one eligible purchase; Fewer than three active months in the last twelve months
5753	CUST-05753	Jacksonville	FL	Organic Search	Medium Risk	46	0	Standard Intervention	22	1	2433.35	Only one eligible purchase; Fewer than three active months in the last twelve months
334	CUST-00334	Washington	DC	Social Media	Medium Risk	46	0	Standard Intervention	28	1	2346.09	Only one eligible purchase; Fewer than three active months in the last twelve months
569	CUST-00569	Jacksonville	FL	Social Media	Medium Risk	46	0	Standard Intervention	13	1	2312.41	Only one eligible purchase; Fewer than three active months in the last twelve months
7998	CUST-07998	San Diego	CA	Paid Search	Medium Risk	46	0	Standard Intervention	20	1	2269.69	Only one eligible purchase; Fewer than three active months in the last twelve months
4834	CUST-04834	Philadelphia	PA	Referral	Medium Risk	46	0	Standard Intervention	2	1	2267.23	Only one eligible purchase; Fewer than three active months in the last twelve months
177	CUST-00177	Columbus	OH	Referral	Medium Risk	46	0	Standard Intervention	21	1	2199.12	Only one eligible purchase; Fewer than three active months in the last twelve months
4076	CUST-04076	Charlotte	NC	Organic Search	Medium Risk	46	0	Standard Intervention	19	1	2186.69	Only one eligible purchase; Fewer than three active months in the last twelve months
4379	CUST-04379	Seattle	WA	Social Media	Medium Risk	46	0	Standard Intervention	22	1	2159.28	Only one eligible purchase; Fewer than three active months in the last twelve months
4628	CUST-04628	Chicago	IL	Paid Search	Medium Risk	46	0	Standard Intervention	25	1	2084.98	Only one eligible purchase; Fewer than three active months in the last twelve months
1260	CUST-01260	Washington	DC	Email	Medium Risk	46	0	Standard Intervention	11	1	2070.68	Only one eligible purchase; Fewer than three active months in the last twelve months
7044	CUST-07044	Charlotte	NC	Organic Search	Medium Risk	46	0	Standard Intervention	11	1	2011.46	Only one eligible purchase; Fewer than three active months in the last twelve months
3474	CUST-03474	San Diego	CA	Email	Medium Risk	46	0	Standard Intervention	1	1	2007.08	Only one eligible purchase; Fewer than three active months in the last twelve months
929	CUST-00929	Jacksonville	FL	Direct	Medium Risk	46	0	Standard Intervention	22	1	1993.04	Only one eligible purchase; Fewer than three active months in the last twelve months
171	CUST-00171	Seattle	WA	Email	Medium Risk	46	0	Standard Intervention	4	1	1979.89	Only one eligible purchase; Fewer than three active months in the last twelve months
6162	CUST-06162	Phoenix	AZ	Social Media	Medium Risk	46	0	Standard Intervention	25	1	1951.89	Only one eligible purchase; Fewer than three active months in the last twelve months
4051	CUST-04051	Los Angeles	CA	Email	Medium Risk	46	0	Standard Intervention	24	1	1945.39	Only one eligible purchase; Fewer than three active months in the last twelve months
4138	CUST-04138	Dallas	TX	Organic Search	Medium Risk	46	0	Standard Intervention	24	1	1931.13	Only one eligible purchase; Fewer than three active months in the last twelve months
5386	CUST-05386	San Diego	CA	Organic Search	Medium Risk	46	0	Standard Intervention	21	1	1889.47	Only one eligible purchase; Fewer than three active months in the last twelve months
7027	CUST-07027	Jacksonville	FL	Referral	Medium Risk	46	0	Standard Intervention	3	1	1879.30	Only one eligible purchase; Fewer than three active months in the last twelve months
3158	CUST-03158	Las Vegas	NV	Referral	Medium Risk	46	0	Standard Intervention	6	1	1864.95	Only one eligible purchase; Fewer than three active months in the last twelve months
2243	CUST-02243	Phoenix	AZ	Referral	Medium Risk	46	0	Standard Intervention	20	1	1809.21	Only one eligible purchase; Fewer than three active months in the last twelve months
6802	CUST-06802	San Jose	CA	Organic Search	Medium Risk	46	0	Standard Intervention	28	1	1799.25	Only one eligible purchase; Fewer than three active months in the last twelve months
7278	CUST-07278	Las Vegas	NV	Email	Medium Risk	46	0	Standard Intervention	7	1	1776.28	Only one eligible purchase; Fewer than three active months in the last twelve months
870	CUST-00870	Houston	TX	Paid Search	Medium Risk	46	0	Standard Intervention	30	1	1687.79	Only one eligible purchase; Fewer than three active months in the last twelve months
3626	CUST-03626	Portland	OR	Direct	Medium Risk	46	0	Standard Intervention	12	1	1671.53	Only one eligible purchase; Fewer than three active months in the last twelve months
362	CUST-00362	Atlanta	GA	Paid Search	Medium Risk	46	0	Standard Intervention	14	1	1580.49	Only one eligible purchase; Fewer than three active months in the last twelve months
1888	CUST-01888	Austin	TX	Social Media	Medium Risk	46	0	Standard Intervention	29	1	1552.47	Only one eligible purchase; Fewer than three active months in the last twelve months
1517	CUST-01517	San Diego	CA	Direct	Medium Risk	46	0	Standard Intervention	13	1	1484.12	Only one eligible purchase; Fewer than three active months in the last twelve months
3213	CUST-03213	New York	NY	Organic Search	Medium Risk	46	0	Standard Intervention	1	1	1456.10	Only one eligible purchase; Fewer than three active months in the last twelve months
4987	CUST-04987	San Antonio	TX	Organic Search	Medium Risk	46	0	Standard Intervention	1	1	1431.98	Only one eligible purchase; Fewer than three active months in the last twelve months
7007	CUST-07007	Phoenix	AZ	Direct	Medium Risk	46	0	Standard Intervention	11	1	1417.88	Only one eligible purchase; Fewer than three active months in the last twelve months
1747	CUST-01747	Charlotte	NC	Organic Search	Medium Risk	46	0	Standard Intervention	20	1	1416.24	Only one eligible purchase; Fewer than three active months in the last twelve months
7538	CUST-07538	Nashville	TN	Email	Medium Risk	46	0	Standard Intervention	11	1	1397.36	Only one eligible purchase; Fewer than three active months in the last twelve months
7530	CUST-07530	Philadelphia	PA	Organic Search	Medium Risk	46	0	Standard Intervention	25	1	1336.16	Only one eligible purchase; Fewer than three active months in the last twelve months
4840	CUST-04840	Jacksonville	FL	Direct	Medium Risk	46	0	Standard Intervention	17	1	1309.57	Only one eligible purchase; Fewer than three active months in the last twelve months
932	CUST-00932	Austin	TX	Direct	Medium Risk	46	0	Standard Intervention	24	1	1303.82	Only one eligible purchase; Fewer than three active months in the last twelve months
4327	CUST-04327	Seattle	WA	Direct	Medium Risk	46	0	Standard Intervention	15	1	1277.56	Only one eligible purchase; Fewer than three active months in the last twelve months
2008	CUST-02008	Dallas	TX	Social Media	Medium Risk	46	0	Standard Intervention	10	1	1142.52	Only one eligible purchase; Fewer than three active months in the last twelve months
203	CUST-00203	San Diego	CA	Social Media	Medium Risk	46	0	Standard Intervention	13	1	1126.33	Only one eligible purchase; Fewer than three active months in the last twelve months
7057	CUST-07057	San Diego	CA	Social Media	Medium Risk	46	0	Standard Intervention	1	1	1088.38	Only one eligible purchase; Fewer than three active months in the last twelve months
7216	CUST-07216	Dallas	TX	Paid Search	Medium Risk	46	0	Standard Intervention	29	1	1082.57	Only one eligible purchase; Fewer than three active months in the last twelve months
1916	CUST-01916	Seattle	WA	Social Media	Medium Risk	46	0	Standard Intervention	12	1	1002.44	Only one eligible purchase; Fewer than three active months in the last twelve months
4893	CUST-04893	Seattle	WA	Social Media	Medium Risk	46	0	Standard Intervention	5	1	995.32	Only one eligible purchase; Fewer than three active months in the last twelve months
5697	CUST-05697	San Antonio	TX	Organic Search	Medium Risk	46	0	Standard Intervention	5	1	988.96	Only one eligible purchase; Fewer than three active months in the last twelve months
2501	CUST-02501	Chicago	IL	Social Media	Medium Risk	46	0	Standard Intervention	17	1	988.88	Only one eligible purchase; Fewer than three active months in the last twelve months
2547	CUST-02547	New York	NY	Organic Search	Medium Risk	46	0	Standard Intervention	6	1	958.18	Only one eligible purchase; Fewer than three active months in the last twelve months
2060	CUST-02060	Houston	TX	Paid Search	Medium Risk	46	0	Standard Intervention	28	1	936.74	Only one eligible purchase; Fewer than three active months in the last twelve months
5315	CUST-05315	Seattle	WA	Email	Medium Risk	46	0	Standard Intervention	17	1	918.47	Only one eligible purchase; Fewer than three active months in the last twelve months
5794	CUST-05794	Phoenix	AZ	Referral	Medium Risk	46	0	Standard Intervention	27	1	912.05	Only one eligible purchase; Fewer than three active months in the last twelve months
5274	CUST-05274	Columbus	OH	Direct	Medium Risk	46	0	Standard Intervention	26	1	886.41	Only one eligible purchase; Fewer than three active months in the last twelve months
6316	CUST-06316	Houston	TX	Paid Search	Medium Risk	46	0	Standard Intervention	7	1	876.26	Only one eligible purchase; Fewer than three active months in the last twelve months
5561	CUST-05561	Seattle	WA	Organic Search	Medium Risk	46	0	Standard Intervention	5	1	864.04	Only one eligible purchase; Fewer than three active months in the last twelve months
3382	CUST-03382	Charlotte	NC	Email	Medium Risk	46	0	Standard Intervention	12	1	838.68	Only one eligible purchase; Fewer than three active months in the last twelve months
4669	CUST-04669	Philadelphia	PA	Email	Medium Risk	46	0	Standard Intervention	1	1	827.37	Only one eligible purchase; Fewer than three active months in the last twelve months
394	CUST-00394	Los Angeles	CA	Organic Search	Medium Risk	46	0	Standard Intervention	23	1	807.77	Only one eligible purchase; Fewer than three active months in the last twelve months
5155	CUST-05155	Phoenix	AZ	Paid Search	Medium Risk	46	0	Standard Intervention	19	1	771.03	Only one eligible purchase; Fewer than three active months in the last twelve months
2385	CUST-02385	Austin	TX	Social Media	Medium Risk	46	0	Standard Intervention	29	1	717.08	Only one eligible purchase; Fewer than three active months in the last twelve months
2205	CUST-02205	New York	NY	Organic Search	Medium Risk	46	0	Standard Intervention	25	1	700.57	Only one eligible purchase; Fewer than three active months in the last twelve months
6376	CUST-06376	Nashville	TN	Referral	Medium Risk	46	0	Standard Intervention	24	1	683.88	Only one eligible purchase; Fewer than three active months in the last twelve months
5824	CUST-05824	Miami	FL	Paid Search	Medium Risk	46	0	Standard Intervention	30	1	680.41	Only one eligible purchase; Fewer than three active months in the last twelve months
5602	CUST-05602	Denver	CO	Email	Medium Risk	46	0	Standard Intervention	30	1	667.09	Only one eligible purchase; Fewer than three active months in the last twelve months
4959	CUST-04959	San Jose	CA	Organic Search	Medium Risk	46	0	Standard Intervention	21	1	666.07	Only one eligible purchase; Fewer than three active months in the last twelve months
3000	CUST-03000	Los Angeles	CA	Referral	Medium Risk	46	0	Standard Intervention	11	1	651.84	Only one eligible purchase; Fewer than three active months in the last twelve months
4188	CUST-04188	Houston	TX	Direct	Medium Risk	46	0	Standard Intervention	18	1	646.24	Only one eligible purchase; Fewer than three active months in the last twelve months
5401	CUST-05401	Houston	TX	Social Media	Medium Risk	46	0	Standard Intervention	24	1	638.06	Only one eligible purchase; Fewer than three active months in the last twelve months
3591	CUST-03591	San Jose	CA	Organic Search	Medium Risk	46	0	Standard Intervention	30	1	623.78	Only one eligible purchase; Fewer than three active months in the last twelve months
3681	CUST-03681	New York	NY	Email	Medium Risk	46	0	Standard Intervention	1	1	606.76	Only one eligible purchase; Fewer than three active months in the last twelve months
2596	CUST-02596	Phoenix	AZ	Organic Search	Medium Risk	46	0	Standard Intervention	13	1	578.80	Only one eligible purchase; Fewer than three active months in the last twelve months
7119	CUST-07119	Columbus	OH	Direct	Medium Risk	46	0	Standard Intervention	16	1	577.13	Only one eligible purchase; Fewer than three active months in the last twelve months
736	CUST-00736	Los Angeles	CA	Email	Medium Risk	46	0	Standard Intervention	3	1	563.76	Only one eligible purchase; Fewer than three active months in the last twelve months
273	CUST-00273	Las Vegas	NV	Organic Search	Medium Risk	46	0	Standard Intervention	23	1	419.30	Only one eligible purchase; Fewer than three active months in the last twelve months
3965	CUST-03965	Nashville	TN	Referral	Medium Risk	46	0	Standard Intervention	1	1	383.65	Only one eligible purchase; Fewer than three active months in the last twelve months
2268	CUST-02268	San Diego	CA	Email	Medium Risk	46	0	Standard Intervention	22	1	379.26	Only one eligible purchase; Fewer than three active months in the last twelve months
763	CUST-00763	Phoenix	AZ	Social Media	Medium Risk	46	0	Standard Intervention	1	1	366.79	Only one eligible purchase; Fewer than three active months in the last twelve months
4496	CUST-04496	Charlotte	NC	Organic Search	Medium Risk	46	0	Standard Intervention	1	1	289.63	Only one eligible purchase; Fewer than three active months in the last twelve months
3215	CUST-03215	Chicago	IL	Direct	Medium Risk	46	0	Standard Intervention	4	1	277.70	Only one eligible purchase; Fewer than three active months in the last twelve months
2993	CUST-02993	Columbus	OH	Social Media	Medium Risk	46	0	Standard Intervention	23	1	271.14	Only one eligible purchase; Fewer than three active months in the last twelve months
2431	CUST-02431	Washington	DC	Social Media	Medium Risk	46	0	Standard Intervention	5	1	258.28	Only one eligible purchase; Fewer than three active months in the last twelve months
5419	CUST-05419	San Antonio	TX	Direct	Medium Risk	46	0	Standard Intervention	24	1	230.29	Only one eligible purchase; Fewer than three active months in the last twelve months
2742	CUST-02742	Austin	TX	Paid Search	Medium Risk	46	0	Standard Intervention	17	1	222.69	Only one eligible purchase; Fewer than three active months in the last twelve months
6746	CUST-06746	Portland	OR	Direct	Medium Risk	46	0	Standard Intervention	12	1	215.97	Only one eligible purchase; Fewer than three active months in the last twelve months
6167	CUST-06167	Miami	FL	Organic Search	Medium Risk	46	0	Standard Intervention	30	1	214.52	Only one eligible purchase; Fewer than three active months in the last twelve months
4057	CUST-04057	Fort Worth	TX	Social Media	Medium Risk	46	0	Standard Intervention	13	1	212.21	Only one eligible purchase; Fewer than three active months in the last twelve months
6559	CUST-06559	Philadelphia	PA	Paid Search	Medium Risk	46	0	Standard Intervention	16	1	212.06	Only one eligible purchase; Fewer than three active months in the last twelve months
6945	CUST-06945	San Antonio	TX	Direct	Medium Risk	46	0	Standard Intervention	18	1	189.70	Only one eligible purchase; Fewer than three active months in the last twelve months
6343	CUST-06343	New York	NY	Email	Medium Risk	46	0	Standard Intervention	9	1	178.68	Only one eligible purchase; Fewer than three active months in the last twelve months
2348	CUST-02348	Dallas	TX	Referral	Medium Risk	46	0	Standard Intervention	13	1	164.78	Only one eligible purchase; Fewer than three active months in the last twelve months
3498	CUST-03498	Atlanta	GA	Direct	Medium Risk	46	0	Standard Intervention	22	1	159.08	Only one eligible purchase; Fewer than three active months in the last twelve months
2572	CUST-02572	Nashville	TN	Paid Search	Medium Risk	46	0	Standard Intervention	14	1	151.16	Only one eligible purchase; Fewer than three active months in the last twelve months
1423	CUST-01423	Portland	OR	Paid Search	Medium Risk	46	0	Standard Intervention	26	1	145.79	Only one eligible purchase; Fewer than three active months in the last twelve months
1753	CUST-01753	Columbus	OH	Direct	Medium Risk	46	0	Standard Intervention	30	1	121.61	Only one eligible purchase; Fewer than three active months in the last twelve months
3628	CUST-03628	Philadelphia	PA	Paid Search	Medium Risk	46	0	Standard Intervention	21	1	108.90	Only one eligible purchase; Fewer than three active months in the last twelve months
2118	CUST-02118	San Antonio	TX	Organic Search	Medium Risk	46	0	Standard Intervention	25	1	90.79	Only one eligible purchase; Fewer than three active months in the last twelve months
484	CUST-00484	San Jose	CA	Organic Search	Medium Risk	46	0	Standard Intervention	28	1	72.89	Only one eligible purchase; Fewer than three active months in the last twelve months
930	CUST-00930	Philadelphia	PA	Organic Search	Medium Risk	46	0	Standard Intervention	24	1	51.13	Only one eligible purchase; Fewer than three active months in the last twelve months
4968	CUST-04968	Chicago	IL	Social Media	Medium Risk	46	0	Standard Intervention	22	1	44.95	Only one eligible purchase; Fewer than three active months in the last twelve months
1245	CUST-01245	Houston	TX	Email	Medium Risk	46	0	Standard Intervention	27	1	40.26	Only one eligible purchase; Fewer than three active months in the last twelve months
7979	CUST-07979	Los Angeles	CA	Organic Search	Medium Risk	46	0	Standard Intervention	21	1	34.83	Only one eligible purchase; Fewer than three active months in the last twelve months
6835	CUST-06835	Phoenix	AZ	Paid Search	Medium Risk	46	0	Standard Intervention	11	1	33.17	Only one eligible purchase; Fewer than three active months in the last twelve months
6081	CUST-06081	New York	NY	Paid Search	Medium Risk	45	0	High Value Intervention	78	13	42173.89	Overdue versus historical purchase cadence
305	CUST-00305	Las Vegas	NV	Organic Search	Medium Risk	45	0	High Value Intervention	83	13	27478.21	Overdue versus historical purchase cadence
3875	CUST-03875	New York	NY	Social Media	Medium Risk	45	0	High Value Intervention	66	13	26930.10	Overdue versus historical purchase cadence
5718	CUST-05718	Seattle	WA	Direct	Medium Risk	45	0	High Value Intervention	67	12	26811.79	Overdue versus historical purchase cadence
7707	CUST-07707	Columbus	OH	Referral	Medium Risk	45	0	High Value Intervention	79	12	25831.52	Overdue versus historical purchase cadence
534	CUST-00534	Chicago	IL	Paid Search	Medium Risk	45	0	High Value Intervention	80	11	24552.38	Overdue versus historical purchase cadence
1418	CUST-01418	New York	NY	Direct	Medium Risk	45	0	High Value Intervention	86	11	23517.84	Overdue versus historical purchase cadence
6326	CUST-06326	Las Vegas	NV	Paid Search	Medium Risk	45	0	High Value Intervention	64	12	20742.66	Overdue versus historical purchase cadence
5225	CUST-05225	Seattle	WA	Email	Medium Risk	45	0	High Value Intervention	66	8	20694.10	Overdue versus historical purchase cadence
7815	CUST-07815	Phoenix	AZ	Referral	Medium Risk	45	0	High Value Intervention	72	12	20026.19	Overdue versus historical purchase cadence
6027	CUST-06027	Phoenix	AZ	Paid Search	Medium Risk	45	0	High Value Intervention	81	14	19946.66	Overdue versus historical purchase cadence
4323	CUST-04323	Jacksonville	FL	Organic Search	Medium Risk	45	0	High Value Intervention	88	13	19333.31	Overdue versus historical purchase cadence
1355	CUST-01355	New York	NY	Paid Search	Medium Risk	45	0	High Value Intervention	61	8	19232.21	Overdue versus historical purchase cadence
6133	CUST-06133	Los Angeles	CA	Organic Search	Medium Risk	45	0	High Value Intervention	80	12	18764.36	Overdue versus historical purchase cadence
7814	CUST-07814	San Jose	CA	Organic Search	Medium Risk	45	0	High Value Intervention	66	7	18072.29	Overdue versus historical purchase cadence
3502	CUST-03502	Portland	OR	Paid Search	Medium Risk	45	0	High Value Intervention	87	12	18034.22	Overdue versus historical purchase cadence
5494	CUST-05494	San Antonio	TX	Referral	Medium Risk	45	0	High Value Intervention	87	14	17932.67	Overdue versus historical purchase cadence
2955	CUST-02955	San Jose	CA	Direct	Medium Risk	45	0	High Value Intervention	64	7	17116.74	Overdue versus historical purchase cadence
731	CUST-00731	Philadelphia	PA	Direct	Medium Risk	45	0	High Value Intervention	80	13	16391.81	Overdue versus historical purchase cadence
1288	CUST-01288	San Jose	CA	Social Media	Medium Risk	45	0	High Value Intervention	61	8	16346.23	Overdue versus historical purchase cadence
6628	CUST-06628	San Diego	CA	Organic Search	Medium Risk	45	0	High Value Intervention	85	12	16343.63	Overdue versus historical purchase cadence
4344	CUST-04344	Charlotte	NC	Organic Search	Medium Risk	45	0	High Value Intervention	75	7	16119.91	Overdue versus historical purchase cadence
4110	CUST-04110	Philadelphia	PA	Social Media	Medium Risk	45	0	High Value Intervention	75	13	15691.98	Overdue versus historical purchase cadence
1473	CUST-01473	San Jose	CA	Organic Search	Medium Risk	45	0	High Value Intervention	76	8	15473.03	Overdue versus historical purchase cadence
6599	CUST-06599	San Diego	CA	Direct	Medium Risk	45	0	High Value Intervention	74	7	15364.25	Overdue versus historical purchase cadence
1199	CUST-01199	Washington	DC	Paid Search	Medium Risk	45	0	High Value Intervention	76	14	15121.86	Overdue versus historical purchase cadence
2920	CUST-02920	Houston	TX	Social Media	Medium Risk	45	0	High Value Intervention	67	8	13557.12	Overdue versus historical purchase cadence
3398	CUST-03398	San Jose	CA	Social Media	Medium Risk	45	0	High Value Intervention	89	7	13372.06	Overdue versus historical purchase cadence
5548	CUST-05548	Los Angeles	CA	Email	Medium Risk	45	0	High Value Intervention	77	10	13302.43	Overdue versus historical purchase cadence
1263	CUST-01263	Las Vegas	NV	Paid Search	Medium Risk	45	0	High Value Intervention	61	6	12538.50	Overdue versus historical purchase cadence; Fewer than three active months in the last twelve months
5457	CUST-05457	Charlotte	NC	Organic Search	Medium Risk	45	0	High Value Intervention	74	6	12023.25	Overdue versus historical purchase cadence
7591	CUST-07591	Jacksonville	FL	Social Media	Medium Risk	45	0	High Value Intervention	67	8	12015.74	Overdue versus historical purchase cadence
2333	CUST-02333	Denver	CO	Social Media	Medium Risk	45	0	High Value Intervention	72	14	11889.41	Overdue versus historical purchase cadence
7710	CUST-07710	Miami	FL	Organic Search	Medium Risk	45	0	High Value Intervention	85	11	11775.24	Overdue versus historical purchase cadence
1705	CUST-01705	Portland	OR	Organic Search	Medium Risk	45	0	High Value Intervention	78	7	11396.14	Overdue versus historical purchase cadence
4860	CUST-04860	Houston	TX	Direct	Medium Risk	45	0	High Value Intervention	61	7	10665.24	Overdue versus historical purchase cadence
2170	CUST-02170	Chicago	IL	Referral	Medium Risk	45	0	High Value Intervention	78	7	10613.19	Overdue versus historical purchase cadence
2652	CUST-02652	Fort Worth	TX	Referral	Medium Risk	45	0	High Value Intervention	79	7	10007.69	Overdue versus historical purchase cadence
7946	CUST-07946	Nashville	TN	Direct	Medium Risk	45	0	High Value Intervention	85	11	9750.57	Overdue versus historical purchase cadence
5770	CUST-05770	Miami	FL	Social Media	Medium Risk	45	0	High Value Intervention	63	7	9614.39	Overdue versus historical purchase cadence
1100	CUST-01100	Los Angeles	CA	Email	Medium Risk	45	0	High Value Intervention	65	8	9428.98	Overdue versus historical purchase cadence
3660	CUST-03660	Seattle	WA	Direct	Medium Risk	45	0	High Value Intervention	84	8	9075.77	Overdue versus historical purchase cadence
644	CUST-00644	Washington	DC	Referral	Medium Risk	45	0	High Value Intervention	75	7	8898.56	Overdue versus historical purchase cadence
2616	CUST-02616	Las Vegas	NV	Organic Search	Medium Risk	45	0	High Value Intervention	84	6	8477.28	Overdue versus historical purchase cadence
4625	CUST-04625	Chicago	IL	Email	Medium Risk	45	0	High Value Intervention	86	8	8204.34	Overdue versus historical purchase cadence
4971	CUST-04971	Chicago	IL	Paid Search	Medium Risk	45	0	High Value Intervention	77	7	8101.81	Overdue versus historical purchase cadence; Fewer than three active months in the last twelve months
2083	CUST-02083	New York	NY	Organic Search	Medium Risk	45	0	Standard Intervention	81	8	8042.48	Overdue versus historical purchase cadence
4435	CUST-04435	Houston	TX	Social Media	Medium Risk	45	0	Standard Intervention	83	7	7812.45	Overdue versus historical purchase cadence
5359	CUST-05359	Dallas	TX	Social Media	Medium Risk	45	0	Standard Intervention	84	7	7633.58	Overdue versus historical purchase cadence
2263	CUST-02263	Los Angeles	CA	Email	Medium Risk	45	0	Standard Intervention	61	6	7531.71	Overdue versus historical purchase cadence
3901	CUST-03901	New York	NY	Direct	Medium Risk	45	0	Standard Intervention	68	6	7361.12	Overdue versus historical purchase cadence
6473	CUST-06473	Seattle	WA	Referral	Medium Risk	45	0	Standard Intervention	80	7	7283.33	Overdue versus historical purchase cadence
1092	CUST-01092	Chicago	IL	Organic Search	Medium Risk	45	0	Standard Intervention	63	8	6431.98	Overdue versus historical purchase cadence
1799	CUST-01799	Los Angeles	CA	Social Media	Medium Risk	45	0	Standard Intervention	74	7	6330.83	Overdue versus historical purchase cadence
1800	CUST-01800	Washington	DC	Social Media	Medium Risk	45	0	Standard Intervention	61	7	6283.28	Overdue versus historical purchase cadence
5097	CUST-05097	Philadelphia	PA	Organic Search	Medium Risk	45	0	Standard Intervention	67	7	5372.51	Overdue versus historical purchase cadence
1354	CUST-01354	Houston	TX	Organic Search	Medium Risk	45	0	Standard Intervention	88	7	4926.78	Overdue versus historical purchase cadence
5634	CUST-05634	Phoenix	AZ	Referral	Medium Risk	45	0	Standard Intervention	61	6	4721.43	Overdue versus historical purchase cadence; Fewer than three active months in the last twelve months
7925	CUST-07925	Atlanta	GA	Organic Search	Medium Risk	45	0	Standard Intervention	72	7	4666.34	Overdue versus historical purchase cadence
2676	CUST-02676	Houston	TX	Social Media	Medium Risk	44	0	High Value Intervention	103	7	22585.56	No eligible purchase in more than 90 days; Fewer than three active months in the last twelve months
6220	CUST-06220	Los Angeles	CA	Paid Search	Medium Risk	44	0	High Value Intervention	109	8	19204.86	No eligible purchase in more than 90 days
1748	CUST-01748	Philadelphia	PA	Social Media	Medium Risk	44	0	High Value Intervention	98	8	18240.22	No eligible purchase in more than 90 days; Fewer than three active months in the last twelve months
7875	CUST-07875	Miami	FL	Email	Medium Risk	44	0	High Value Intervention	102	7	17876.78	No eligible purchase in more than 90 days
6366	CUST-06366	Seattle	WA	Organic Search	Medium Risk	44	0	High Value Intervention	130	6	17674.17	No eligible purchase in more than 90 days
436	CUST-00436	New York	NY	Direct	Medium Risk	44	0	High Value Intervention	112	8	16368.01	No eligible purchase in more than 90 days
388	CUST-00388	Seattle	WA	Social Media	Medium Risk	44	0	High Value Intervention	98	8	15760.80	No eligible purchase in more than 90 days
1061	CUST-01061	Chicago	IL	Social Media	Medium Risk	44	0	High Value Intervention	110	6	15313.42	No eligible purchase in more than 90 days
574	CUST-00574	Los Angeles	CA	Organic Search	Medium Risk	44	0	High Value Intervention	99	8	15139.46	No eligible purchase in more than 90 days
36	CUST-00036	Austin	TX	Organic Search	Medium Risk	44	0	High Value Intervention	103	7	14795.44	No eligible purchase in more than 90 days; Fewer than three active months in the last twelve months
1459	CUST-01459	Phoenix	AZ	Paid Search	Medium Risk	44	0	High Value Intervention	114	7	14374.34	No eligible purchase in more than 90 days
1312	CUST-01312	Phoenix	AZ	Organic Search	Medium Risk	44	0	High Value Intervention	112	5	14129.95	No eligible purchase in more than 90 days
6938	CUST-06938	Houston	TX	Organic Search	Medium Risk	44	0	High Value Intervention	97	7	14028.84	No eligible purchase in more than 90 days
4666	CUST-04666	Las Vegas	NV	Email	Medium Risk	44	0	High Value Intervention	107	6	12906.72	No eligible purchase in more than 90 days
7030	CUST-07030	Seattle	WA	Paid Search	Medium Risk	44	0	High Value Intervention	109	7	12625.75	No eligible purchase in more than 90 days
5834	CUST-05834	San Diego	CA	Social Media	Medium Risk	44	0	High Value Intervention	111	6	12171.90	No eligible purchase in more than 90 days; Fewer than three active months in the last twelve months
6752	CUST-06752	Fort Worth	TX	Social Media	Medium Risk	44	0	High Value Intervention	116	7	12065.02	No eligible purchase in more than 90 days; Fewer than three active months in the last twelve months
5174	CUST-05174	Fort Worth	TX	Referral	Medium Risk	44	0	High Value Intervention	112	7	11940.77	No eligible purchase in more than 90 days; Fewer than three active months in the last twelve months
3690	CUST-03690	Columbus	OH	Social Media	Medium Risk	44	0	High Value Intervention	124	6	11800.45	No eligible purchase in more than 90 days; Fewer than three active months in the last twelve months
7114	CUST-07114	Atlanta	GA	Organic Search	Medium Risk	44	0	High Value Intervention	133	7	11547.92	No eligible purchase in more than 90 days; Fewer than three active months in the last twelve months
271	CUST-00271	Columbus	OH	Paid Search	Medium Risk	44	0	High Value Intervention	98	7	11535.87	No eligible purchase in more than 90 days
2226	CUST-02226	Columbus	OH	Email	Medium Risk	44	0	High Value Intervention	89	5	10972.99	Purchase cadence deterioration
5006	CUST-05006	Austin	TX	Email	Medium Risk	44	0	High Value Intervention	104	7	10931.32	No eligible purchase in more than 90 days
5	CUST-00005	Atlanta	GA	Organic Search	Medium Risk	44	0	High Value Intervention	135	7	10760.88	No eligible purchase in more than 90 days
5647	CUST-05647	San Antonio	TX	Direct	Medium Risk	44	0	High Value Intervention	107	6	10307.84	No eligible purchase in more than 90 days
2265	CUST-02265	Fort Worth	TX	Referral	Medium Risk	44	0	High Value Intervention	125	7	10213.25	No eligible purchase in more than 90 days; Fewer than three active months in the last twelve months
5589	CUST-05589	San Jose	CA	Organic Search	Medium Risk	44	0	High Value Intervention	107	5	10182.34	No eligible purchase in more than 90 days
7479	CUST-07479	San Diego	CA	Social Media	Medium Risk	44	0	High Value Intervention	114	6	10181.48	No eligible purchase in more than 90 days
5101	CUST-05101	Boston	MA	Direct	Medium Risk	44	0	High Value Intervention	117	7	10012.17	No eligible purchase in more than 90 days; Fewer than three active months in the last twelve months
2846	CUST-02846	San Jose	CA	Social Media	Medium Risk	44	0	High Value Intervention	143	7	9829.42	No eligible purchase in more than 90 days
5702	CUST-05702	Charlotte	NC	Referral	Medium Risk	44	0	High Value Intervention	102	8	9827.99	No eligible purchase in more than 90 days
2757	CUST-02757	Chicago	IL	Social Media	Medium Risk	44	0	High Value Intervention	100	8	9385.82	No eligible purchase in more than 90 days
6207	CUST-06207	Los Angeles	CA	Paid Search	Medium Risk	44	0	High Value Intervention	107	8	9113.26	No eligible purchase in more than 90 days
6536	CUST-06536	Phoenix	AZ	Organic Search	Medium Risk	44	0	High Value Intervention	160	6	9062.45	No eligible purchase in more than 90 days; Fewer than three active months in the last twelve months
4509	CUST-04509	Denver	CO	Direct	Medium Risk	44	0	High Value Intervention	106	8	9050.15	No eligible purchase in more than 90 days
1305	CUST-01305	Miami	FL	Paid Search	Medium Risk	44	0	High Value Intervention	139	7	8896.25	No eligible purchase in more than 90 days; Fewer than three active months in the last twelve months
1506	CUST-01506	Houston	TX	Organic Search	Medium Risk	44	0	High Value Intervention	122	7	8644.65	No eligible purchase in more than 90 days; Fewer than three active months in the last twelve months
6715	CUST-06715	Denver	CO	Organic Search	Medium Risk	44	0	High Value Intervention	115	7	8496.36	No eligible purchase in more than 90 days; Fewer than three active months in the last twelve months
4163	CUST-04163	Houston	TX	Paid Search	Medium Risk	44	0	High Value Intervention	159	6	8318.03	No eligible purchase in more than 90 days; Fewer than three active months in the last twelve months
6493	CUST-06493	Dallas	TX	Organic Search	Medium Risk	44	0	High Value Intervention	97	7	8103.96	No eligible purchase in more than 90 days
1044	CUST-01044	Chicago	IL	Organic Search	Medium Risk	44	0	Standard Intervention	110	7	7818.47	No eligible purchase in more than 90 days; Fewer than three active months in the last twelve months
5188	CUST-05188	Chicago	IL	Paid Search	Medium Risk	44	0	Standard Intervention	125	7	6879.47	No eligible purchase in more than 90 days
4965	CUST-04965	San Antonio	TX	Social Media	Medium Risk	44	0	Standard Intervention	96	7	6639.75	No eligible purchase in more than 90 days
2655	CUST-02655	Austin	TX	Organic Search	Medium Risk	44	0	Standard Intervention	135	7	6279.04	No eligible purchase in more than 90 days; Fewer than three active months in the last twelve months
67	CUST-00067	Charlotte	NC	Organic Search	Medium Risk	44	0	Standard Intervention	111	6	5914.11	No eligible purchase in more than 90 days; Fewer than three active months in the last twelve months
6065	CUST-06065	Columbus	OH	Email	Medium Risk	44	0	Standard Intervention	114	7	5843.91	No eligible purchase in more than 90 days
2420	CUST-02420	Denver	CO	Organic Search	Medium Risk	44	0	Standard Intervention	105	4	5348.37	No eligible purchase in more than 90 days; Fewer than three active months in the last twelve months
13	CUST-00013	Denver	CO	Email	Medium Risk	44	0	Standard Intervention	111	6	5045.77	No eligible purchase in more than 90 days
5237	CUST-05237	Las Vegas	NV	Social Media	Medium Risk	44	0	Standard Intervention	131	6	5033.63	No eligible purchase in more than 90 days
1535	CUST-01535	New York	NY	Direct	Medium Risk	44	0	Standard Intervention	115	5	4270.35	No eligible purchase in more than 90 days; Fewer than three active months in the last twelve months
1505	CUST-01505	Denver	CO	Direct	Medium Risk	44	0	Standard Intervention	119	7	4159.74	No eligible purchase in more than 90 days
127	CUST-00127	Charlotte	NC	Paid Search	Medium Risk	44	0	Standard Intervention	129	6	4083.63	No eligible purchase in more than 90 days
5849	CUST-05849	Philadelphia	PA	Referral	Medium Risk	44	0	Standard Intervention	96	8	3952.39	No eligible purchase in more than 90 days
210	CUST-00210	Dallas	TX	Organic Search	Medium Risk	43	0	High Value Intervention	54	5	11029.43	Overdue versus historical purchase cadence
282	CUST-00282	Houston	TX	Referral	Medium Risk	43	0	High Value Intervention	52	5	9135.15	Overdue versus historical purchase cadence
3192	CUST-03192	Atlanta	GA	Paid Search	Medium Risk	42	0	High Value Intervention	87	13	24909.70	Purchase cadence deterioration
6656	CUST-06656	San Antonio	TX	Paid Search	Medium Risk	42	0	High Value Intervention	78	7	17584.57	Purchase cadence deterioration
6837	CUST-06837	Austin	TX	Paid Search	Medium Risk	42	0	High Value Intervention	85	7	16909.19	Purchase cadence deterioration
6360	CUST-06360	San Jose	CA	Organic Search	Medium Risk	42	0	High Value Intervention	90	2	11351.53	Fewer than three active months in the last twelve months
7125	CUST-07125	Seattle	WA	Social Media	Medium Risk	42	0	High Value Intervention	85	8	10896.03	Purchase cadence deterioration
3006	CUST-03006	Miami	FL	Social Media	Medium Risk	42	0	High Value Intervention	89	2	8754.17	Fewer than three active months in the last twelve months
6686	CUST-06686	Washington	DC	Paid Search	Medium Risk	42	0	High Value Intervention	61	2	8708.25	Fewer than three active months in the last twelve months
3708	CUST-03708	Seattle	WA	Organic Search	Medium Risk	42	0	High Value Intervention	89	2	8090.97	Fewer than three active months in the last twelve months
1083	CUST-01083	Boston	MA	Direct	Medium Risk	42	0	High Value Intervention	68	2	8074.26	Fewer than three active months in the last twelve months
2987	CUST-02987	Miami	FL	Social Media	Medium Risk	42	0	Standard Intervention	85	2	6793.09	Fewer than three active months in the last twelve months
3540	CUST-03540	San Diego	CA	Email	Medium Risk	42	0	Standard Intervention	62	2	6754.03	Fewer than three active months in the last twelve months
7466	CUST-07466	Phoenix	AZ	Paid Search	Medium Risk	42	0	Standard Intervention	81	8	6308.97	Purchase cadence deterioration
564	CUST-00564	Fort Worth	TX	Email	Medium Risk	42	0	Standard Intervention	83	2	6175.34	Fewer than three active months in the last twelve months
6024	CUST-06024	Fort Worth	TX	Email	Medium Risk	42	0	Standard Intervention	84	6	6118.92	Purchase cadence deterioration
6677	CUST-06677	Nashville	TN	Referral	Medium Risk	42	0	Standard Intervention	84	2	6086.85	Fewer than three active months in the last twelve months
6969	CUST-06969	Chicago	IL	Direct	Medium Risk	42	0	Standard Intervention	77	2	5847.19	Fewer than three active months in the last twelve months
4779	CUST-04779	New York	NY	Referral	Medium Risk	42	0	Standard Intervention	90	2	5737.35	Fewer than three active months in the last twelve months
7504	CUST-07504	San Diego	CA	Referral	Medium Risk	42	0	Standard Intervention	79	2	5698.07	Fewer than three active months in the last twelve months
955	CUST-00955	Las Vegas	NV	Direct	Medium Risk	42	0	Standard Intervention	81	2	5579.06	Fewer than three active months in the last twelve months
3305	CUST-03305	Boston	MA	Direct	Medium Risk	42	0	Standard Intervention	67	2	5260.64	Fewer than three active months in the last twelve months
7070	CUST-07070	New York	NY	Paid Search	Medium Risk	42	0	Standard Intervention	70	2	4772.49	Fewer than three active months in the last twelve months
5163	CUST-05163	Chicago	IL	Paid Search	Medium Risk	42	0	Standard Intervention	68	2	4743.79	Fewer than three active months in the last twelve months
7769	CUST-07769	Nashville	TN	Paid Search	Medium Risk	42	0	Standard Intervention	81	2	4496.59	Fewer than three active months in the last twelve months
5579	CUST-05579	Nashville	TN	Email	Medium Risk	42	0	Standard Intervention	90	2	4475.54	Fewer than three active months in the last twelve months
832	CUST-00832	Charlotte	NC	Paid Search	Medium Risk	42	0	Standard Intervention	76	2	4366.90	Fewer than three active months in the last twelve months
3589	CUST-03589	Los Angeles	CA	Paid Search	Medium Risk	42	0	Standard Intervention	70	2	4300.89	Fewer than three active months in the last twelve months
7967	CUST-07967	Austin	TX	Email	Medium Risk	42	0	Standard Intervention	88	2	4286.12	Fewer than three active months in the last twelve months
123	CUST-00123	Portland	OR	Organic Search	Medium Risk	42	0	Standard Intervention	87	2	4249.14	Fewer than three active months in the last twelve months
5606	CUST-05606	Houston	TX	Direct	Medium Risk	42	0	Standard Intervention	85	2	4225.41	Fewer than three active months in the last twelve months
6901	CUST-06901	Chicago	IL	Email	Medium Risk	42	0	Standard Intervention	78	2	4089.35	Fewer than three active months in the last twelve months
62	CUST-00062	Miami	FL	Social Media	Medium Risk	42	0	Standard Intervention	76	2	4036.93	Fewer than three active months in the last twelve months
272	CUST-00272	Houston	TX	Referral	Medium Risk	42	0	Standard Intervention	75	2	3973.77	Fewer than three active months in the last twelve months
556	CUST-00556	Chicago	IL	Paid Search	Medium Risk	42	0	Standard Intervention	81	2	3893.44	Fewer than three active months in the last twelve months
2756	CUST-02756	Jacksonville	FL	Social Media	Medium Risk	42	0	Standard Intervention	83	2	3891.14	Fewer than three active months in the last twelve months
7532	CUST-07532	Nashville	TN	Email	Medium Risk	42	0	Standard Intervention	71	2	3847.81	Fewer than three active months in the last twelve months
3555	CUST-03555	San Diego	CA	Social Media	Medium Risk	42	0	Standard Intervention	79	2	3825.37	Fewer than three active months in the last twelve months
5032	CUST-05032	Boston	MA	Email	Medium Risk	42	0	Standard Intervention	82	2	3810.60	Fewer than three active months in the last twelve months
5472	CUST-05472	Los Angeles	CA	Referral	Medium Risk	42	0	Standard Intervention	83	2	3619.99	Fewer than three active months in the last twelve months
1771	CUST-01771	Portland	OR	Paid Search	Medium Risk	42	0	Standard Intervention	76	2	3562.55	Fewer than three active months in the last twelve months
1220	CUST-01220	San Diego	CA	Paid Search	Medium Risk	42	0	Standard Intervention	62	2	3560.53	Fewer than three active months in the last twelve months
7801	CUST-07801	Los Angeles	CA	Social Media	Medium Risk	42	0	Standard Intervention	69	2	3526.97	Fewer than three active months in the last twelve months
7344	CUST-07344	Charlotte	NC	Referral	Medium Risk	42	0	Standard Intervention	62	2	3479.62	Fewer than three active months in the last twelve months
1093	CUST-01093	Chicago	IL	Paid Search	Medium Risk	42	0	Standard Intervention	63	2	3461.93	Fewer than three active months in the last twelve months
7905	CUST-07905	Houston	TX	Organic Search	Medium Risk	42	0	Standard Intervention	83	2	3391.80	Fewer than three active months in the last twelve months
191	CUST-00191	Charlotte	NC	Organic Search	Medium Risk	42	0	Standard Intervention	85	2	3387.19	Fewer than three active months in the last twelve months
6134	CUST-06134	San Jose	CA	Direct	Medium Risk	42	0	Standard Intervention	67	2	3338.72	Fewer than three active months in the last twelve months
4114	CUST-04114	Houston	TX	Direct	Medium Risk	42	0	Standard Intervention	72	2	3208.91	Fewer than three active months in the last twelve months
5473	CUST-05473	New York	NY	Paid Search	Medium Risk	42	0	Standard Intervention	71	2	3017.16	Fewer than three active months in the last twelve months
5958	CUST-05958	Los Angeles	CA	Direct	Medium Risk	42	0	Standard Intervention	81	2	2919.95	Fewer than three active months in the last twelve months
1589	CUST-01589	Jacksonville	FL	Direct	Medium Risk	42	0	Standard Intervention	79	2	2788.90	Fewer than three active months in the last twelve months
353	CUST-00353	Portland	OR	Organic Search	Medium Risk	42	0	Standard Intervention	89	2	2758.72	Fewer than three active months in the last twelve months
2334	CUST-02334	Boston	MA	Organic Search	Medium Risk	42	0	Standard Intervention	61	2	2698.16	Fewer than three active months in the last twelve months
2293	CUST-02293	Austin	TX	Social Media	Medium Risk	42	0	Standard Intervention	81	2	2690.46	Fewer than three active months in the last twelve months
2958	CUST-02958	Miami	FL	Organic Search	Medium Risk	42	0	Standard Intervention	65	2	2633.61	Fewer than three active months in the last twelve months
4895	CUST-04895	Austin	TX	Social Media	Medium Risk	42	0	Standard Intervention	72	2	2619.19	Fewer than three active months in the last twelve months
5059	CUST-05059	Charlotte	NC	Email	Medium Risk	42	0	Standard Intervention	65	2	2611.11	Fewer than three active months in the last twelve months
4614	CUST-04614	Las Vegas	NV	Direct	Medium Risk	42	0	Standard Intervention	84	2	2500.07	Fewer than three active months in the last twelve months
4223	CUST-04223	Chicago	IL	Email	Medium Risk	42	0	Standard Intervention	90	2	2475.07	Fewer than three active months in the last twelve months
3616	CUST-03616	New York	NY	Social Media	Medium Risk	42	0	Standard Intervention	75	2	2452.16	Fewer than three active months in the last twelve months
1266	CUST-01266	Chicago	IL	Paid Search	Medium Risk	42	0	Standard Intervention	85	2	2308.65	Fewer than three active months in the last twelve months
2519	CUST-02519	Seattle	WA	Email	Medium Risk	42	0	Standard Intervention	88	2	2282.62	Fewer than three active months in the last twelve months
7309	CUST-07309	New York	NY	Referral	Medium Risk	42	0	Standard Intervention	76	2	2279.85	Fewer than three active months in the last twelve months
3252	CUST-03252	Los Angeles	CA	Direct	Medium Risk	42	0	Standard Intervention	62	2	2242.79	Fewer than three active months in the last twelve months
5651	CUST-05651	San Diego	CA	Paid Search	Medium Risk	42	0	Standard Intervention	85	2	2195.03	Fewer than three active months in the last twelve months
6567	CUST-06567	Las Vegas	NV	Paid Search	Medium Risk	42	0	Standard Intervention	80	2	2002.92	Fewer than three active months in the last twelve months
753	CUST-00753	Fort Worth	TX	Organic Search	Medium Risk	42	0	Standard Intervention	72	2	1986.31	Fewer than three active months in the last twelve months
2734	CUST-02734	Atlanta	GA	Direct	Medium Risk	42	0	Standard Intervention	71	2	1982.45	Fewer than three active months in the last twelve months
7267	CUST-07267	Las Vegas	NV	Email	Medium Risk	42	0	Standard Intervention	65	2	1979.46	Fewer than three active months in the last twelve months
7475	CUST-07475	Atlanta	GA	Organic Search	Medium Risk	42	0	Standard Intervention	63	2	1977.03	Fewer than three active months in the last twelve months
2988	CUST-02988	Philadelphia	PA	Organic Search	Medium Risk	42	0	Standard Intervention	62	2	1959.18	Fewer than three active months in the last twelve months
4085	CUST-04085	Fort Worth	TX	Organic Search	Medium Risk	42	0	Standard Intervention	83	2	1932.91	Fewer than three active months in the last twelve months
976	CUST-00976	Las Vegas	NV	Email	Medium Risk	42	0	Standard Intervention	74	2	1864.53	Fewer than three active months in the last twelve months
3788	CUST-03788	Los Angeles	CA	Organic Search	Medium Risk	42	0	Standard Intervention	73	2	1812.03	Fewer than three active months in the last twelve months
3045	CUST-03045	Chicago	IL	Referral	Medium Risk	42	0	Standard Intervention	83	2	1810.23	Fewer than three active months in the last twelve months
6094	CUST-06094	Boston	MA	Social Media	Medium Risk	42	0	Standard Intervention	79	2	1796.10	Fewer than three active months in the last twelve months
4808	CUST-04808	Houston	TX	Organic Search	Medium Risk	42	0	Standard Intervention	63	2	1732.06	Fewer than three active months in the last twelve months
481	CUST-00481	San Jose	CA	Organic Search	Medium Risk	42	0	Standard Intervention	87	2	1706.85	Fewer than three active months in the last twelve months
3419	CUST-03419	Miami	FL	Social Media	Medium Risk	42	0	Standard Intervention	64	2	1681.60	Fewer than three active months in the last twelve months
3097	CUST-03097	Columbus	OH	Email	Medium Risk	42	0	Standard Intervention	72	2	1679.96	Fewer than three active months in the last twelve months
845	CUST-00845	New York	NY	Email	Medium Risk	42	0	Standard Intervention	61	2	1620.21	Fewer than three active months in the last twelve months
4343	CUST-04343	Austin	TX	Email	Medium Risk	42	0	Standard Intervention	65	2	1574.22	Fewer than three active months in the last twelve months
6508	CUST-06508	San Antonio	TX	Social Media	Medium Risk	42	0	Standard Intervention	80	2	1547.04	Fewer than three active months in the last twelve months
2269	CUST-02269	Los Angeles	CA	Direct	Medium Risk	42	0	Standard Intervention	66	2	1529.71	Fewer than three active months in the last twelve months
4768	CUST-04768	Denver	CO	Referral	Medium Risk	42	0	Standard Intervention	64	2	1504.20	Fewer than three active months in the last twelve months
7727	CUST-07727	New York	NY	Paid Search	Medium Risk	42	0	Standard Intervention	86	2	1504.20	Fewer than three active months in the last twelve months
6305	CUST-06305	Fort Worth	TX	Social Media	Medium Risk	42	0	Standard Intervention	63	2	1502.43	Fewer than three active months in the last twelve months
427	CUST-00427	San Antonio	TX	Paid Search	Medium Risk	42	0	Standard Intervention	79	2	1482.33	Fewer than three active months in the last twelve months
2452	CUST-02452	Austin	TX	Direct	Medium Risk	42	0	Standard Intervention	79	2	1454.93	Fewer than three active months in the last twelve months
2517	CUST-02517	Portland	OR	Social Media	Medium Risk	42	0	Standard Intervention	67	2	1425.20	Fewer than three active months in the last twelve months
5037	CUST-05037	Nashville	TN	Direct	Medium Risk	42	0	Standard Intervention	88	2	1420.16	Fewer than three active months in the last twelve months
2762	CUST-02762	Columbus	OH	Organic Search	Medium Risk	42	0	Standard Intervention	88	2	1415.09	Fewer than three active months in the last twelve months
861	CUST-00861	Las Vegas	NV	Organic Search	Medium Risk	42	0	Standard Intervention	86	2	1372.91	Fewer than three active months in the last twelve months
1879	CUST-01879	Los Angeles	CA	Email	Medium Risk	42	0	Standard Intervention	68	2	1354.56	Fewer than three active months in the last twelve months
737	CUST-00737	Chicago	IL	Paid Search	Medium Risk	42	0	Standard Intervention	73	2	1284.66	Fewer than three active months in the last twelve months
1306	CUST-01306	Jacksonville	FL	Paid Search	Medium Risk	42	0	Standard Intervention	70	2	1271.10	Fewer than three active months in the last twelve months
3587	CUST-03587	San Antonio	TX	Referral	Medium Risk	42	0	Standard Intervention	89	2	1268.63	Fewer than three active months in the last twelve months
3680	CUST-03680	San Jose	CA	Social Media	Medium Risk	42	0	Standard Intervention	89	2	1241.48	Fewer than three active months in the last twelve months
3113	CUST-03113	Columbus	OH	Paid Search	Medium Risk	42	0	Standard Intervention	67	2	1184.62	Fewer than three active months in the last twelve months
5507	CUST-05507	Denver	CO	Social Media	Medium Risk	42	0	Standard Intervention	70	2	1143.85	Fewer than three active months in the last twelve months
3884	CUST-03884	Denver	CO	Email	Medium Risk	42	0	Standard Intervention	66	2	1127.46	Fewer than three active months in the last twelve months
76	CUST-00076	Houston	TX	Paid Search	Medium Risk	42	0	Standard Intervention	88	2	1103.74	Fewer than three active months in the last twelve months
6268	CUST-06268	Philadelphia	PA	Social Media	Medium Risk	42	0	Standard Intervention	72	2	1006.79	Fewer than three active months in the last twelve months
6534	CUST-06534	Austin	TX	Direct	Medium Risk	42	0	Standard Intervention	73	2	1005.99	Fewer than three active months in the last twelve months
4693	CUST-04693	Fort Worth	TX	Referral	Medium Risk	42	0	Standard Intervention	83	2	995.61	Fewer than three active months in the last twelve months
5277	CUST-05277	Austin	TX	Referral	Medium Risk	42	0	Standard Intervention	61	2	981.89	Fewer than three active months in the last twelve months
7311	CUST-07311	San Antonio	TX	Referral	Medium Risk	42	0	Standard Intervention	61	2	917.93	Fewer than three active months in the last twelve months
6691	CUST-06691	Houston	TX	Email	Medium Risk	42	0	Standard Intervention	74	2	901.75	Fewer than three active months in the last twelve months
1271	CUST-01271	Las Vegas	NV	Paid Search	Medium Risk	42	0	Standard Intervention	77	2	899.08	Fewer than three active months in the last twelve months
5102	CUST-05102	Chicago	IL	Organic Search	Medium Risk	42	0	Standard Intervention	88	2	897.51	Fewer than three active months in the last twelve months
2186	CUST-02186	San Antonio	TX	Email	Medium Risk	42	0	Standard Intervention	70	2	864.85	Fewer than three active months in the last twelve months
1911	CUST-01911	Charlotte	NC	Email	Medium Risk	42	0	Standard Intervention	81	2	838.09	Fewer than three active months in the last twelve months
373	CUST-00373	Jacksonville	FL	Paid Search	Medium Risk	42	0	Standard Intervention	64	2	788.60	Fewer than three active months in the last twelve months
5005	CUST-05005	Boston	MA	Organic Search	Medium Risk	42	0	Standard Intervention	85	2	753.07	Fewer than three active months in the last twelve months
7648	CUST-07648	New York	NY	Direct	Medium Risk	42	0	Standard Intervention	88	2	695.68	Fewer than three active months in the last twelve months
259	CUST-00259	Portland	OR	Email	Medium Risk	42	0	Standard Intervention	69	2	674.28	Fewer than three active months in the last twelve months
2422	CUST-02422	Chicago	IL	Organic Search	Medium Risk	42	0	Standard Intervention	76	2	527.85	Fewer than three active months in the last twelve months
501	CUST-00501	Miami	FL	Paid Search	Medium Risk	42	0	Standard Intervention	83	2	391.09	Fewer than three active months in the last twelve months
7567	CUST-07567	Las Vegas	NV	Email	Medium Risk	42	0	Standard Intervention	68	2	368.67	Fewer than three active months in the last twelve months
6236	CUST-06236	Denver	CO	Social Media	Medium Risk	42	0	Standard Intervention	79	2	339.06	Fewer than three active months in the last twelve months
6738	CUST-06738	Los Angeles	CA	Social Media	Medium Risk	41	0	High Value Intervention	98	8	26502.10	No eligible purchase in more than 90 days
1602	CUST-01602	Chicago	IL	Email	Medium Risk	41	0	High Value Intervention	117	7	20522.91	No eligible purchase in more than 90 days; Fewer than three active months in the last twelve months
2128	CUST-02128	Charlotte	NC	Social Media	Medium Risk	41	0	High Value Intervention	124	7	17429.84	No eligible purchase in more than 90 days; Fewer than three active months in the last twelve months
5793	CUST-05793	Los Angeles	CA	Paid Search	Medium Risk	41	0	High Value Intervention	102	7	17353.09	No eligible purchase in more than 90 days
1048	CUST-01048	Portland	OR	Organic Search	Medium Risk	41	0	High Value Intervention	123	6	17294.92	No eligible purchase in more than 90 days
119	CUST-00119	San Antonio	TX	Direct	Medium Risk	41	0	High Value Intervention	112	6	17185.93	No eligible purchase in more than 90 days
232	CUST-00232	Portland	OR	Referral	Medium Risk	41	0	High Value Intervention	114	6	15683.52	No eligible purchase in more than 90 days
6080	CUST-06080	Columbus	OH	Organic Search	Medium Risk	41	0	High Value Intervention	98	6	14556.57	No eligible purchase in more than 90 days
3874	CUST-03874	Houston	TX	Organic Search	Medium Risk	41	0	High Value Intervention	114	6	13686.39	No eligible purchase in more than 90 days
5790	CUST-05790	Phoenix	AZ	Direct	Medium Risk	41	0	High Value Intervention	114	7	12385.15	No eligible purchase in more than 90 days
6606	CUST-06606	Seattle	WA	Email	Medium Risk	41	0	High Value Intervention	105	5	11924.86	No eligible purchase in more than 90 days; Fewer than three active months in the last twelve months
7162	CUST-07162	Portland	OR	Social Media	Medium Risk	41	0	High Value Intervention	105	7	11898.72	No eligible purchase in more than 90 days
5944	CUST-05944	San Jose	CA	Social Media	Medium Risk	41	0	High Value Intervention	104	7	11003.82	No eligible purchase in more than 90 days
3934	CUST-03934	Seattle	WA	Organic Search	Medium Risk	41	0	High Value Intervention	111	7	10851.65	No eligible purchase in more than 90 days
4062	CUST-04062	San Antonio	TX	Email	Medium Risk	41	0	High Value Intervention	98	8	10826.06	No eligible purchase in more than 90 days
2561	CUST-02561	Seattle	WA	Direct	Medium Risk	41	0	High Value Intervention	119	8	10741.78	No eligible purchase in more than 90 days; Fewer than three active months in the last twelve months
7002	CUST-07002	Atlanta	GA	Referral	Medium Risk	41	0	High Value Intervention	108	7	10608.15	No eligible purchase in more than 90 days
814	CUST-00814	Jacksonville	FL	Email	Medium Risk	41	0	High Value Intervention	101	7	10184.11	No eligible purchase in more than 90 days
1252	CUST-01252	New York	NY	Direct	Medium Risk	41	0	High Value Intervention	94	8	9961.49	No eligible purchase in more than 90 days; Fewer than three active months in the last twelve months
1658	CUST-01658	New York	NY	Social Media	Medium Risk	41	0	High Value Intervention	104	6	9735.02	No eligible purchase in more than 90 days
1871	CUST-01871	Washington	DC	Paid Search	Medium Risk	41	0	High Value Intervention	103	8	9686.65	No eligible purchase in more than 90 days
3291	CUST-03291	San Jose	CA	Email	Medium Risk	41	0	High Value Intervention	116	7	8648.90	No eligible purchase in more than 90 days
3527	CUST-03527	San Antonio	TX	Referral	Medium Risk	41	0	High Value Intervention	106	8	8550.89	No eligible purchase in more than 90 days
1861	CUST-01861	Columbus	OH	Organic Search	Medium Risk	41	0	High Value Intervention	99	8	8439.90	No eligible purchase in more than 90 days
4824	CUST-04824	Boston	MA	Organic Search	Medium Risk	41	0	High Value Intervention	116	7	8407.21	No eligible purchase in more than 90 days
38	CUST-00038	Miami	FL	Organic Search	Medium Risk	41	0	High Value Intervention	107	7	8286.31	No eligible purchase in more than 90 days
7988	CUST-07988	Boston	MA	Organic Search	Medium Risk	41	0	Standard Intervention	115	5	7504.71	No eligible purchase in more than 90 days; Fewer than three active months in the last twelve months
3727	CUST-03727	Atlanta	GA	Social Media	Medium Risk	41	0	Standard Intervention	114	7	7395.24	No eligible purchase in more than 90 days
5890	CUST-05890	San Diego	CA	Email	Medium Risk	41	0	Standard Intervention	102	8	6864.33	No eligible purchase in more than 90 days
1615	CUST-01615	Chicago	IL	Referral	Medium Risk	41	0	Standard Intervention	98	7	6244.72	No eligible purchase in more than 90 days
5382	CUST-05382	Columbus	OH	Organic Search	Medium Risk	41	0	Standard Intervention	100	7	5812.45	No eligible purchase in more than 90 days
6043	CUST-06043	San Diego	CA	Organic Search	Medium Risk	41	0	Standard Intervention	112	6	5266.23	No eligible purchase in more than 90 days
7422	CUST-07422	Portland	OR	Paid Search	Medium Risk	41	0	Standard Intervention	106	6	2913.89	No eligible purchase in more than 90 days
chronology_exception_orders	chronology_exception_customers	reference_date	lifecycle_rule	risk_score_note
557	404	2025-12-31	is_eligible = 1 AND order_date >= signup_date	Risk score is deterministic SQL behavior scoring, not machine-learning prediction
