customer_id	first_eligible_order_date	last_eligible_order_date	first_eligible_order_month	recency_days	frequency	monetary_value	average_order_value	r_score	f_score	m_score	rfm_score	rfm_segment
4365	2024-03-12	2025-12-18	2024-03-01	13	13	38805.78	2985.06	5	5	5	15	Champions
4890	2025-09-23	2025-12-29	2025-09-01	2	14	38749.88	2767.85	5	5	5	15	Champions
4668	2025-08-05	2025-12-29	2025-08-01	2	13	38736.29	2979.71	5	5	5	15	Champions
7228	2024-01-23	2025-12-19	2024-01-01	12	12	38067.34	3172.28	5	5	5	15	Champions
3839	2025-11-28	2025-12-29	2025-11-01	2	14	37997.09	2714.08	5	5	5	15	Champions
5629	2024-07-24	2025-12-28	2024-07-01	3	14	37421.96	2673.00	5	5	5	15	Champions
6287	2024-11-26	2025-12-21	2024-11-01	10	13	37002.90	2846.38	5	5	5	15	Champions
873	2024-10-21	2025-12-26	2024-10-01	5	13	36565.34	2812.72	5	5	5	15	Champions
7187	2024-06-27	2025-12-28	2024-06-01	3	13	35953.15	2765.63	5	5	5	15	Champions
4589	2025-08-10	2025-12-26	2025-08-01	5	14	35895.16	2563.94	5	5	5	15	Champions
3602	2024-12-03	2025-12-21	2024-12-01	10	13	35760.10	2750.78	5	5	5	15	Champions
4940	2025-11-25	2025-12-27	2025-11-01	4	14	35186.84	2513.35	5	5	5	15	Champions
5801	2025-04-09	2025-12-26	2025-04-01	5	13	34870.15	2682.32	5	5	5	15	Champions
2383	2025-06-28	2025-12-22	2025-06-01	9	12	34793.28	2899.44	5	5	5	15	Champions
2715	2025-07-17	2025-12-20	2025-07-01	11	12	34599.80	2883.32	5	5	5	15	Champions
7705	2024-08-28	2025-12-24	2024-08-01	7	14	33958.53	2425.61	5	5	5	15	Champions
5806	2025-11-25	2025-12-28	2025-11-01	3	13	33674.70	2590.36	5	5	5	15	Champions
7512	2024-09-03	2025-12-20	2024-09-01	11	14	33444.04	2388.86	5	5	5	15	Champions
5212	2025-10-28	2025-12-27	2025-10-01	4	13	33436.62	2572.05	5	5	5	15	Champions
1481	2024-08-30	2025-12-23	2024-08-01	8	14	33126.13	2366.15	5	5	5	15	Champions
4637	2025-06-23	2025-12-30	2025-06-01	1	13	33116.85	2547.45	5	5	5	15	Champions
7779	2024-07-25	2025-12-16	2024-07-01	15	11	31648.46	2877.13	5	5	5	15	Champions
5492	2025-07-20	2025-12-30	2025-07-01	1	14	31389.00	2242.07	5	5	5	15	Champions
5014	2024-08-22	2025-12-16	2024-08-01	15	13	31143.96	2395.69	5	5	5	15	Champions
6595	2024-10-15	2025-12-21	2024-10-01	10	14	31114.94	2222.50	5	5	5	15	Champions
7326	2024-09-22	2025-12-26	2024-09-01	5	12	30993.09	2582.76	5	5	5	15	Champions
3174	2024-12-03	2025-12-26	2024-12-01	5	11	30892.13	2808.38	5	5	5	15	Champions
1872	2025-07-21	2025-12-23	2025-07-01	8	13	30884.82	2375.76	5	5	5	15	Champions
822	2025-08-05	2025-12-17	2025-08-01	14	12	30795.20	2566.27	5	5	5	15	Champions
876	2025-11-01	2025-12-22	2025-11-01	9	14	30772.46	2198.03	5	5	5	15	Champions
4483	2025-06-19	2025-12-28	2025-06-01	3	13	30599.67	2353.82	5	5	5	15	Champions
788	2025-05-05	2025-12-26	2025-05-01	5	14	30503.50	2178.82	5	5	5	15	Champions
5894	2025-05-17	2025-12-24	2025-05-01	7	13	30480.50	2344.65	5	5	5	15	Champions
121	2025-04-07	2025-12-16	2025-04-01	15	14	30472.74	2176.62	5	5	5	15	Champions
5553	2025-06-17	2025-12-26	2025-06-01	5	13	30183.29	2321.79	5	5	5	15	Champions
2815	2024-07-15	2025-12-22	2024-07-01	9	13	30036.11	2310.47	5	5	5	15	Champions
6415	2025-02-09	2025-12-14	2025-02-01	17	14	29947.86	2139.13	5	5	5	15	Champions
7622	2024-01-18	2025-12-20	2024-01-01	11	12	29856.11	2488.01	5	5	5	15	Champions
530	2024-01-23	2025-12-26	2024-01-01	5	14	29754.19	2125.30	5	5	5	15	Champions
7335	2025-07-17	2025-12-28	2025-07-01	3	14	29261.17	2090.08	5	5	5	15	Champions
6443	2025-07-12	2025-12-29	2025-07-01	2	13	29253.32	2250.26	5	5	5	15	Champions
491	2024-04-10	2025-12-24	2024-04-01	7	10	29125.22	2912.52	5	5	5	15	Champions
3123	2025-04-02	2025-12-17	2025-04-01	14	13	28998.70	2230.67	5	5	5	15	Champions
6330	2025-04-30	2025-12-18	2025-04-01	13	14	28993.71	2070.98	5	5	5	15	Champions
1896	2025-11-12	2025-12-30	2025-11-01	1	13	28954.94	2227.30	5	5	5	15	Champions
7981	2024-02-07	2025-12-15	2024-02-01	16	13	28653.11	2204.09	5	5	5	15	Champions
3907	2025-08-03	2025-12-23	2025-08-01	8	13	28562.89	2197.15	5	5	5	15	Champions
1493	2025-01-08	2025-12-22	2025-01-01	9	13	28496.77	2192.06	5	5	5	15	Champions
7266	2025-11-16	2025-12-29	2025-11-01	2	14	28325.11	2023.22	5	5	5	15	Champions
6950	2025-05-16	2025-12-17	2025-05-01	14	13	28250.33	2173.10	5	5	5	15	Champions
6307	2025-05-21	2025-12-29	2025-05-01	2	11	28156.04	2559.64	5	5	5	15	Champions
3321	2025-11-14	2025-12-29	2025-11-01	2	12	28130.54	2344.21	5	5	5	15	Champions
7016	2024-08-26	2025-12-30	2024-08-01	1	12	28103.41	2341.95	5	5	5	15	Champions
2600	2025-05-11	2025-12-30	2025-05-01	1	14	28074.16	2005.30	5	5	5	15	Champions
5284	2025-08-10	2025-12-29	2025-08-01	2	12	27993.91	2332.83	5	5	5	15	Champions
3005	2024-08-29	2025-12-17	2024-08-01	14	13	27917.32	2147.49	5	5	5	15	Champions
6642	2025-11-08	2025-12-30	2025-11-01	1	13	27878.36	2144.49	5	5	5	15	Champions
6600	2024-03-19	2025-12-17	2024-03-01	14	13	27845.40	2141.95	5	5	5	15	Champions
2187	2025-08-24	2025-12-26	2025-08-01	5	13	27825.46	2140.42	5	5	5	15	Champions
2004	2024-12-01	2025-12-17	2024-12-01	14	13	27758.38	2135.26	5	5	5	15	Champions
7976	2025-11-01	2025-12-30	2025-11-01	1	14	27691.93	1978.00	5	5	5	15	Champions
657	2025-09-13	2025-12-24	2025-09-01	7	12	27647.88	2303.99	5	5	5	15	Champions
3	2024-07-28	2025-12-26	2024-07-01	5	14	27556.07	1968.29	5	5	5	15	Champions
5554	2025-08-13	2025-12-30	2025-08-01	1	13	27425.28	2109.64	5	5	5	15	Champions
7812	2024-04-09	2025-12-21	2024-04-01	10	13	27083.83	2083.37	5	5	5	15	Champions
1893	2025-07-25	2025-12-28	2025-07-01	3	10	26997.43	2699.74	5	5	5	15	Champions
2909	2025-07-06	2025-12-21	2025-07-01	10	12	26891.32	2240.94	5	5	5	15	Champions
890	2025-02-23	2025-12-24	2025-02-01	7	14	26709.48	1907.82	5	5	5	15	Champions
5251	2024-01-10	2025-12-23	2024-01-01	8	13	26644.14	2049.55	5	5	5	15	Champions
6877	2025-10-02	2025-12-26	2025-10-01	5	13	26593.23	2045.63	5	5	5	15	Champions
7876	2025-04-26	2025-12-29	2025-04-01	2	14	26585.46	1898.96	5	5	5	15	Champions
7914	2025-08-04	2025-12-21	2025-08-01	10	13	26384.59	2029.58	5	5	5	15	Champions
6721	2024-01-14	2025-12-28	2024-01-01	3	13	26299.10	2023.01	5	5	5	15	Champions
5324	2025-09-18	2025-12-30	2025-09-01	1	14	26253.86	1875.28	5	5	5	15	Champions
6001	2025-10-06	2025-12-23	2025-10-01	8	13	26170.83	2013.14	5	5	5	15	Champions
972	2024-01-23	2025-12-15	2024-01-01	16	13	26110.82	2008.52	5	5	5	15	Champions
7919	2025-09-22	2025-12-24	2025-09-01	7	14	26043.28	1860.23	5	5	5	15	Champions
3915	2024-05-09	2025-12-21	2024-05-01	10	12	25955.37	2162.95	5	5	5	15	Champions
1330	2024-08-04	2025-12-25	2024-08-01	6	12	25941.58	2161.80	5	5	5	15	Champions
7742	2025-12-01	2025-12-28	2025-12-01	3	14	25900.50	1850.04	5	5	5	15	Champions
5499	2024-04-02	2025-12-16	2024-04-01	15	12	25642.20	2136.85	5	5	5	15	Champions
4026	2024-01-11	2025-12-19	2024-01-01	12	14	25573.96	1826.71	5	5	5	15	Champions
6438	2025-01-22	2025-12-24	2025-01-01	7	13	25558.73	1966.06	5	5	5	15	Champions
6068	2025-04-06	2025-12-24	2025-04-01	7	14	25361.63	1811.55	5	5	5	15	Champions
6667	2024-07-16	2025-12-22	2024-07-01	9	14	25313.23	1808.09	5	5	5	15	Champions
5823	2025-10-01	2025-12-22	2025-10-01	9	12	25273.88	2106.16	5	5	5	15	Champions
3472	2025-07-30	2025-12-30	2025-07-01	1	13	25243.97	1941.84	5	5	5	15	Champions
3456	2024-12-13	2025-12-26	2024-12-01	5	13	25222.02	1940.16	5	5	5	15	Champions
1254	2025-03-14	2025-12-28	2025-03-01	3	12	25035.53	2086.29	5	5	5	15	Champions
4826	2025-09-02	2025-12-26	2025-09-01	5	13	25011.33	1923.95	5	5	5	15	Champions
2197	2025-08-21	2025-12-21	2025-08-01	10	13	24934.56	1918.04	5	5	5	15	Champions
146	2025-07-30	2025-12-28	2025-07-01	3	13	24850.84	1911.60	5	5	5	15	Champions
3538	2024-05-05	2025-12-29	2024-05-01	2	13	24837.02	1910.54	5	5	5	15	Champions
6979	2025-05-03	2025-12-29	2025-05-01	2	12	24714.21	2059.52	5	5	5	15	Champions
1679	2025-11-08	2025-12-27	2025-11-01	4	8	24705.92	3088.24	5	5	5	15	Champions
4512	2025-06-08	2025-12-21	2025-06-01	10	14	24692.88	1763.78	5	5	5	15	Champions
6844	2024-08-08	2025-12-21	2024-08-01	10	12	24634.91	2052.91	5	5	5	15	Champions
7048	2025-08-24	2025-12-28	2025-08-01	3	13	24544.03	1888.00	5	5	5	15	Champions
716	2025-02-07	2025-12-20	2025-02-01	11	11	24302.30	2209.30	5	5	5	15	Champions
5534	2025-06-04	2025-12-28	2025-06-01	3	12	24288.30	2024.03	5	5	5	15	Champions
4872	2025-09-23	2025-12-22	2025-09-01	9	13	24073.55	1851.81	5	5	5	15	Champions
1424	2024-02-07	2025-12-29	2024-02-01	2	13	24059.51	1850.73	5	5	5	15	Champions
6566	2024-08-12	2025-12-25	2024-08-01	6	13	24023.33	1847.95	5	5	5	15	Champions
4118	2025-11-07	2025-12-30	2025-11-01	1	12	23975.65	1997.97	5	5	5	15	Champions
4593	2025-11-19	2025-12-29	2025-11-01	2	12	23776.64	1981.39	5	5	5	15	Champions
1136	2024-12-25	2025-12-20	2024-12-01	11	12	23526.39	1960.53	5	5	5	15	Champions
3135	2025-09-28	2025-12-24	2025-09-01	7	13	23342.72	1795.59	5	5	5	15	Champions
5981	2025-10-21	2025-12-30	2025-10-01	1	14	23339.40	1667.10	5	5	5	15	Champions
4662	2024-01-17	2025-12-18	2024-01-01	13	12	23314.81	1942.90	5	5	5	15	Champions
1814	2024-07-22	2025-12-14	2024-07-01	17	14	23305.00	1664.64	5	5	5	15	Champions
3415	2025-02-21	2025-12-29	2025-02-01	2	14	23265.54	1661.82	5	5	5	15	Champions
2985	2024-01-18	2025-12-22	2024-01-01	9	8	23264.31	2908.04	5	5	5	15	Champions
5391	2024-08-17	2025-12-29	2024-08-01	2	13	23203.30	1784.87	5	5	5	15	Champions
3199	2025-06-29	2025-12-29	2025-06-01	2	14	23134.73	1652.48	5	5	5	15	Champions
435	2025-02-03	2025-12-29	2025-02-01	2	12	23108.61	1925.72	5	5	5	15	Champions
6033	2024-08-09	2025-12-20	2024-08-01	11	12	23089.16	1924.10	5	5	5	15	Champions
2500	2024-10-09	2025-12-23	2024-10-01	8	14	23023.44	1644.53	5	5	5	15	Champions
6150	2025-09-03	2025-12-19	2025-09-01	12	12	23001.84	1916.82	5	5	5	15	Champions
7372	2024-12-15	2025-12-22	2024-12-01	9	14	23001.17	1642.94	5	5	5	15	Champions
2013	2025-06-28	2025-12-16	2025-06-01	15	13	22904.21	1761.86	5	5	5	15	Champions
136	2024-05-22	2025-12-17	2024-05-01	14	12	22873.68	1906.14	5	5	5	15	Champions
6075	2025-04-26	2025-12-24	2025-04-01	7	13	22841.72	1757.06	5	5	5	15	Champions
4044	2025-05-28	2025-12-23	2025-05-01	8	13	22806.79	1754.37	5	5	5	15	Champions
1106	2024-05-22	2025-12-28	2024-05-01	3	11	22796.33	2072.39	5	5	5	15	Champions
206	2024-03-10	2025-12-30	2024-03-01	1	12	22768.55	1897.38	5	5	5	15	Champions
5291	2025-05-29	2025-12-29	2025-05-01	2	13	22761.77	1750.91	5	5	5	15	Champions
5387	2024-06-21	2025-12-15	2024-06-01	16	12	22655.85	1887.99	5	5	5	15	Champions
6684	2025-10-12	2025-12-21	2025-10-01	10	12	22627.27	1885.61	5	5	5	15	Champions
1359	2024-03-27	2025-12-14	2024-03-01	17	14	22614.80	1615.34	5	5	5	15	Champions
2056	2024-03-02	2025-12-26	2024-03-01	5	14	22608.42	1614.89	5	5	5	15	Champions
490	2025-01-28	2025-12-26	2025-01-01	5	8	22588.00	2823.50	5	5	5	15	Champions
4603	2024-08-28	2025-12-14	2024-08-01	17	11	22566.01	2051.46	5	5	5	15	Champions
2086	2024-08-12	2025-12-15	2024-08-01	16	8	22543.21	2817.90	5	5	5	15	Champions
7172	2024-04-02	2025-12-17	2024-04-01	14	12	22498.72	1874.89	5	5	5	15	Champions
1236	2025-07-26	2025-12-24	2025-07-01	7	12	22492.17	1874.35	5	5	5	15	Champions
294	2024-03-14	2025-12-23	2024-03-01	8	8	22488.87	2811.11	5	5	5	15	Champions
1957	2024-09-23	2025-12-22	2024-09-01	9	13	22395.09	1722.70	5	5	5	15	Champions
4898	2025-09-09	2025-12-30	2025-09-01	1	12	22378.65	1864.89	5	5	5	15	Champions
5774	2024-02-07	2025-12-17	2024-02-01	14	13	22376.27	1721.25	5	5	5	15	Champions
2750	2025-05-18	2025-12-29	2025-05-01	2	12	22372.17	1864.35	5	5	5	15	Champions
2481	2024-12-16	2025-12-21	2024-12-01	10	11	22369.83	2033.62	5	5	5	15	Champions
1511	2025-10-25	2025-12-21	2025-10-01	10	12	22363.58	1863.63	5	5	5	15	Champions
3127	2024-01-27	2025-12-21	2024-01-01	10	13	22339.11	1718.39	5	5	5	15	Champions
3476	2025-05-10	2025-12-24	2025-05-01	7	10	22265.12	2226.51	5	5	5	15	Champions
1722	2024-07-19	2025-12-27	2024-07-01	4	9	22194.14	2466.02	5	5	5	15	Champions
5064	2024-01-10	2025-12-23	2024-01-01	8	13	22109.76	1700.75	5	5	5	15	Champions
2954	2025-10-24	2025-12-30	2025-10-01	1	13	22071.58	1697.81	5	5	5	15	Champions
2142	2025-11-15	2025-12-28	2025-11-01	3	13	22047.11	1695.93	5	5	5	15	Champions
1155	2024-12-28	2025-12-30	2024-12-01	1	13	22045.12	1695.78	5	5	5	15	Champions
2271	2025-05-22	2025-12-21	2025-05-01	10	8	22003.34	2750.42	5	5	5	15	Champions
5182	2024-06-22	2025-12-27	2024-06-01	4	14	21954.13	1568.15	5	5	5	15	Champions
4414	2025-06-07	2025-12-30	2025-06-01	1	13	21883.99	1683.38	5	5	5	15	Champions
1269	2025-03-23	2025-12-23	2025-03-01	8	10	21848.79	2184.88	5	5	5	15	Champions
2057	2024-07-21	2025-12-28	2024-07-01	3	12	21811.70	1817.64	5	5	5	15	Champions
7754	2025-09-15	2025-12-23	2025-09-01	8	14	21784.19	1556.01	5	5	5	15	Champions
5874	2025-07-13	2025-12-28	2025-07-01	3	12	21740.75	1811.73	5	5	5	15	Champions
2074	2024-06-27	2025-12-24	2024-06-01	7	14	21737.49	1552.68	5	5	5	15	Champions
404	2025-09-10	2025-12-28	2025-09-01	3	10	21589.27	2158.93	5	5	5	15	Champions
7945	2024-02-11	2025-12-25	2024-02-01	6	13	21578.28	1659.87	5	5	5	15	Champions
2253	2024-06-30	2025-12-22	2024-06-01	9	12	21544.52	1795.38	5	5	5	15	Champions
5307	2025-07-14	2025-12-29	2025-07-01	2	12	21543.73	1795.31	5	5	5	15	Champions
4705	2024-12-06	2025-12-19	2024-12-01	12	13	21542.46	1657.11	5	5	5	15	Champions
5043	2025-08-07	2025-12-19	2025-08-01	12	13	21502.51	1654.04	5	5	5	15	Champions
1933	2025-09-02	2025-12-18	2025-09-01	13	13	21432.81	1648.68	5	5	5	15	Champions
1488	2025-11-22	2025-12-26	2025-11-01	5	14	21392.64	1528.05	5	5	5	15	Champions
5782	2024-07-21	2025-12-25	2024-07-01	6	12	21363.70	1780.31	5	5	5	15	Champions
2055	2024-03-06	2025-12-20	2024-03-01	11	12	21362.72	1780.23	5	5	5	15	Champions
1665	2025-12-04	2025-12-29	2025-12-01	2	8	21323.78	2665.47	5	5	5	15	Champions
2828	2024-02-28	2025-12-27	2024-02-01	4	13	21232.54	1633.27	5	5	5	15	Champions
2717	2025-11-26	2025-12-30	2025-11-01	1	8	21181.50	2647.69	5	5	5	15	Champions
4926	2025-11-15	2025-12-27	2025-11-01	4	14	21176.05	1512.58	5	5	5	15	Champions
1025	2025-10-10	2025-12-26	2025-10-01	5	8	21166.24	2645.78	5	5	5	15	Champions
1472	2025-11-06	2025-12-29	2025-11-01	2	13	21150.31	1626.95	5	5	5	15	Champions
4263	2025-06-28	2025-12-27	2025-06-01	4	12	21144.98	1762.08	5	5	5	15	Champions
5587	2025-10-09	2025-12-14	2025-10-01	17	11	21119.39	1919.94	5	5	5	15	Champions
3639	2025-09-22	2025-12-21	2025-09-01	10	13	21021.97	1617.07	5	5	5	15	Champions
6983	2025-11-15	2025-12-28	2025-11-01	3	13	20912.49	1608.65	5	5	5	15	Champions
6449	2025-07-06	2025-12-23	2025-07-01	8	12	20858.78	1738.23	5	5	5	15	Champions
5772	2024-02-24	2025-12-24	2024-02-01	7	11	20854.73	1895.88	5	5	5	15	Champions
3303	2024-04-29	2025-12-28	2024-04-01	3	12	20838.92	1736.58	5	5	5	15	Champions
2098	2024-12-09	2025-12-30	2024-12-01	1	12	20818.39	1734.87	5	5	5	15	Champions
5858	2025-10-07	2025-12-21	2025-10-01	10	10	20753.82	2075.38	5	5	5	15	Champions
6465	2024-05-19	2025-12-23	2024-05-01	8	13	20719.65	1593.82	5	5	5	15	Champions
2776	2024-03-04	2025-12-23	2024-03-01	8	13	20705.75	1592.75	5	5	5	15	Champions
2864	2025-11-06	2025-12-28	2025-11-01	3	11	20639.46	1876.31	5	5	5	15	Champions
2574	2025-04-02	2025-12-21	2025-04-01	10	13	20591.15	1583.93	5	5	5	15	Champions
7241	2025-06-11	2025-12-19	2025-06-01	12	11	20568.46	1869.86	5	5	5	15	Champions
2721	2025-02-26	2025-12-21	2025-02-01	10	8	20531.32	2566.42	5	5	5	15	Champions
4054	2025-10-25	2025-12-21	2025-10-01	10	13	20478.92	1575.30	5	5	5	15	Champions
3568	2025-09-05	2025-12-24	2025-09-01	7	12	20466.42	1705.54	5	5	5	15	Champions
4324	2024-03-13	2025-12-18	2024-03-01	13	11	20438.13	1858.01	5	5	5	15	Champions
2552	2025-03-02	2025-12-27	2025-03-01	4	8	20388.69	2548.59	5	5	5	15	Champions
1683	2025-05-08	2025-12-26	2025-05-01	5	11	20386.28	1853.30	5	5	5	15	Champions
1866	2024-11-28	2025-12-15	2024-11-01	16	12	20368.87	1697.41	5	5	5	15	Champions
6488	2025-09-16	2025-12-23	2025-09-01	8	14	20356.94	1454.07	5	5	5	15	Champions
6879	2025-09-09	2025-12-27	2025-09-01	4	11	20300.92	1845.54	5	5	5	15	Champions
4300	2025-11-11	2025-12-25	2025-11-01	6	11	20220.69	1838.24	5	5	5	15	Champions
211	2024-02-01	2025-12-30	2024-02-01	1	8	20176.35	2522.04	5	5	5	15	Champions
2302	2025-05-23	2025-12-26	2025-05-01	5	14	20124.92	1437.49	5	5	5	15	Champions
1857	2025-08-30	2025-12-17	2025-08-01	14	14	20067.83	1433.42	5	5	5	15	Champions
6002	2024-10-29	2025-12-24	2024-10-01	7	13	20065.29	1543.48	5	5	5	15	Champions
1470	2025-04-03	2025-12-15	2025-04-01	16	8	20029.50	2503.69	5	5	5	15	Champions
1471	2025-07-24	2025-12-28	2025-07-01	3	11	19887.08	1807.92	5	5	5	15	Champions
3961	2024-01-21	2025-12-20	2024-01-01	11	13	19876.30	1528.95	5	5	5	15	Champions
3494	2025-04-05	2025-12-28	2025-04-01	3	10	19842.65	1984.27	5	5	5	15	Champions
4635	2025-10-16	2025-12-26	2025-10-01	5	13	19798.68	1522.98	5	5	5	15	Champions
1320	2025-04-05	2025-12-28	2025-04-01	3	13	19755.99	1519.69	5	5	5	15	Champions
299	2025-02-16	2025-12-29	2025-02-01	2	13	19706.08	1515.85	5	5	5	15	Champions
5627	2024-07-29	2025-12-22	2024-07-01	9	14	19689.77	1406.41	5	5	5	15	Champions
4355	2025-09-04	2025-12-24	2025-09-01	7	13	19672.62	1513.28	5	5	5	15	Champions
7384	2025-07-18	2025-12-23	2025-07-01	8	11	19586.81	1780.62	5	5	5	15	Champions
7045	2025-05-11	2025-12-17	2025-05-01	14	14	19559.12	1397.08	5	5	5	15	Champions
4123	2025-06-27	2025-12-23	2025-06-01	8	14	19462.03	1390.15	5	5	5	15	Champions
7260	2025-01-17	2025-12-27	2025-01-01	4	13	19440.32	1495.41	5	5	5	15	Champions
4427	2025-02-23	2025-12-23	2025-02-01	8	10	19221.24	1922.12	5	5	5	15	Champions
2449	2024-07-22	2025-12-23	2024-07-01	8	8	19215.16	2401.90	5	5	5	15	Champions
3240	2024-08-23	2025-12-26	2024-08-01	5	8	19182.92	2397.87	5	5	5	15	Champions
2880	2024-02-20	2025-12-24	2024-02-01	7	13	19147.51	1472.89	5	5	5	15	Champions
46	2025-02-22	2025-12-22	2025-02-01	9	8	19143.25	2392.91	5	5	5	15	Champions
2396	2024-11-08	2025-12-23	2024-11-01	8	14	19141.01	1367.22	5	5	5	15	Champions
7718	2025-06-09	2025-12-21	2025-06-01	10	14	19100.21	1364.30	5	5	5	15	Champions
6401	2025-05-06	2025-12-18	2025-05-01	13	13	19065.11	1466.55	5	5	5	15	Champions
4439	2025-06-12	2025-12-27	2025-06-01	4	12	19050.66	1587.56	5	5	5	15	Champions
6436	2024-03-01	2025-12-28	2024-03-01	3	12	18967.25	1580.60	5	5	5	15	Champions
868	2024-12-21	2025-12-25	2024-12-01	6	8	18910.31	2363.79	5	5	5	15	Champions
2	2024-05-17	2025-12-31	2024-05-01	0	13	18816.91	1447.45	5	5	5	15	Champions
3042	2025-10-21	2025-12-24	2025-10-01	7	8	18752.88	2344.11	5	5	5	15	Champions
1746	2025-05-28	2025-12-21	2025-05-01	10	14	18724.01	1337.43	5	5	5	15	Champions
948	2024-07-20	2025-12-22	2024-07-01	9	11	18707.35	1700.67	5	5	5	15	Champions
5344	2025-07-09	2025-12-28	2025-07-01	3	14	18658.03	1332.72	5	5	5	15	Champions
5682	2024-06-27	2025-12-27	2024-06-01	4	13	18650.88	1434.68	5	5	5	15	Champions
4244	2024-05-04	2025-12-20	2024-05-01	11	14	18612.57	1329.47	5	5	5	15	Champions
6797	2024-04-03	2025-12-22	2024-04-01	9	12	18589.45	1549.12	5	5	5	15	Champions
4573	2024-01-31	2025-12-16	2024-01-01	15	12	18582.90	1548.58	5	5	5	15	Champions
6548	2025-08-27	2025-12-30	2025-08-01	1	13	18571.73	1428.59	5	5	5	15	Champions
3924	2024-12-29	2025-12-19	2024-12-01	12	13	18499.83	1423.06	5	5	5	15	Champions
3945	2024-09-22	2025-12-17	2024-09-01	14	11	18450.39	1677.31	5	5	5	15	Champions
4345	2025-11-07	2025-12-22	2025-11-01	9	12	18402.79	1533.57	5	5	5	15	Champions
669	2025-09-10	2025-12-27	2025-09-01	4	8	18349.82	2293.73	5	5	5	15	Champions
5090	2025-04-06	2025-12-24	2025-04-01	7	12	18329.48	1527.46	5	5	5	15	Champions
7765	2024-09-11	2025-12-16	2024-09-01	15	11	18315.41	1665.04	5	5	5	15	Champions
6135	2025-06-23	2025-12-18	2025-06-01	13	10	18253.22	1825.32	5	5	5	15	Champions
1032	2025-04-02	2025-12-26	2025-04-01	5	8	18253.17	2281.65	5	5	5	15	Champions
1078	2025-06-13	2025-12-25	2025-06-01	6	13	18248.05	1403.70	5	5	5	15	Champions
2107	2025-10-26	2025-12-29	2025-10-01	2	14	18216.93	1301.21	5	5	5	15	Champions
3615	2025-02-19	2025-12-22	2025-02-01	9	12	18182.73	1515.23	5	5	5	15	Champions
2851	2025-09-08	2025-12-29	2025-09-01	2	10	18165.16	1816.52	5	5	5	15	Champions
2121	2025-12-01	2025-12-30	2025-12-01	1	14	18157.41	1296.96	5	5	5	15	Champions
7363	2024-08-20	2025-12-28	2024-08-01	3	12	18147.10	1512.26	5	5	5	15	Champions
5984	2025-09-15	2025-12-30	2025-09-01	1	14	18140.02	1295.72	5	5	5	15	Champions
5635	2025-03-12	2025-12-23	2025-03-01	8	12	18124.35	1510.36	5	5	5	15	Champions
4390	2024-01-23	2025-12-27	2024-01-01	4	12	18116.76	1509.73	5	5	5	15	Champions
2323	2024-03-14	2025-12-24	2024-03-01	7	12	18065.89	1505.49	5	5	5	15	Champions
2267	2024-12-19	2025-12-29	2024-12-01	2	13	18045.81	1388.14	5	5	5	15	Champions
1929	2025-06-04	2025-12-19	2025-06-01	12	13	17983.54	1383.35	5	5	5	15	Champions
6805	2024-05-17	2025-12-28	2024-05-01	3	12	17901.37	1491.78	5	5	5	15	Champions
6592	2025-05-18	2025-12-18	2025-05-01	13	12	17836.93	1486.41	5	5	5	15	Champions
2700	2025-08-12	2025-12-24	2025-08-01	7	12	17827.18	1485.60	5	5	5	15	Champions
2053	2025-04-21	2025-12-22	2025-04-01	9	8	17810.25	2226.28	5	5	5	15	Champions
4023	2024-05-01	2025-12-20	2024-05-01	11	13	17792.23	1368.63	5	5	5	15	Champions
6435	2025-07-23	2025-12-28	2025-07-01	3	13	17789.19	1368.40	5	5	5	15	Champions
2915	2025-10-03	2025-12-29	2025-10-01	2	8	17764.49	2220.56	5	5	5	15	Champions
3236	2024-01-31	2025-12-21	2024-01-01	10	13	17755.70	1365.82	5	5	5	15	Champions
4838	2025-06-10	2025-12-15	2025-06-01	16	14	17739.80	1267.13	5	5	5	15	Champions
5739	2025-06-19	2025-12-29	2025-06-01	2	12	17738.61	1478.22	5	5	5	15	Champions
2983	2024-09-27	2025-12-25	2024-09-01	6	13	17723.91	1363.38	5	5	5	15	Champions
6827	2025-06-24	2025-12-24	2025-06-01	7	14	17622.54	1258.75	5	5	5	15	Champions
4210	2025-04-14	2025-12-23	2025-04-01	8	13	17586.18	1352.78	5	5	5	15	Champions
3515	2025-08-05	2025-12-15	2025-08-01	16	12	17546.46	1462.21	5	5	5	15	Champions
869	2025-03-17	2025-12-28	2025-03-01	3	8	17537.13	2192.14	5	5	5	15	Champions
1907	2025-01-21	2025-12-18	2025-01-01	13	14	17508.49	1250.61	5	5	5	15	Champions
2653	2025-09-21	2025-12-28	2025-09-01	3	14	17470.21	1247.87	5	5	5	15	Champions
2485	2024-10-05	2025-12-26	2024-10-01	5	14	17356.84	1239.77	5	5	5	15	Champions
2215	2024-12-02	2025-12-14	2024-12-01	17	8	17351.53	2168.94	5	5	5	15	Champions
99	2024-10-08	2025-12-22	2024-10-01	9	13	17339.21	1333.79	5	5	5	15	Champions
7406	2025-06-16	2025-12-22	2025-06-01	9	13	17300.95	1330.84	5	5	5	15	Champions
3539	2024-02-26	2025-12-17	2024-02-01	14	13	17292.70	1330.21	5	5	5	15	Champions
3363	2024-01-22	2025-12-14	2024-01-01	17	8	17268.07	2158.51	5	5	5	15	Champions
3705	2024-11-30	2025-12-27	2024-11-01	4	14	17235.57	1231.11	5	5	5	15	Champions
2674	2024-05-01	2025-12-23	2024-05-01	8	8	17178.37	2147.30	5	5	5	15	Champions
2839	2025-11-13	2025-12-29	2025-11-01	2	8	17139.69	2142.46	5	5	5	15	Champions
3073	2025-11-27	2025-12-28	2025-11-01	3	12	17133.14	1427.76	5	5	5	15	Champions
2504	2025-01-11	2025-12-25	2025-01-01	6	10	17103.07	1710.31	5	5	5	15	Champions
1804	2025-09-24	2025-12-22	2025-09-01	9	8	17087.43	2135.93	5	5	5	15	Champions
7577	2025-06-12	2025-12-29	2025-06-01	2	13	17070.93	1313.15	5	5	5	15	Champions
5580	2025-04-19	2025-12-25	2025-04-01	6	13	17062.74	1312.52	5	5	5	15	Champions
2005	2025-10-15	2025-12-26	2025-10-01	5	8	17057.30	2132.16	5	5	5	15	Champions
3395	2025-10-22	2025-12-17	2025-10-01	14	8	17005.07	2125.63	5	5	5	15	Champions
7451	2024-01-08	2025-12-23	2024-01-01	8	14	16998.24	1214.16	5	5	5	15	Champions
1943	2025-07-02	2025-12-25	2025-07-01	6	11	16983.62	1543.97	5	5	5	15	Champions
4948	2024-09-02	2025-12-18	2024-09-01	13	11	16943.99	1540.36	5	5	5	15	Champions
6996	2025-08-18	2025-12-29	2025-08-01	2	11	16915.18	1537.74	5	5	5	15	Champions
7523	2024-07-06	2025-12-26	2024-07-01	5	14	16895.10	1206.79	5	5	5	15	Champions
1715	2024-08-20	2025-12-23	2024-08-01	8	8	16858.86	2107.36	5	5	5	15	Champions
5715	2024-04-08	2025-12-30	2024-04-01	1	14	16849.18	1203.51	5	5	5	15	Champions
2939	2024-11-29	2025-12-19	2024-11-01	12	9	16817.32	1868.59	5	5	5	15	Champions
1764	2024-12-12	2025-12-30	2024-12-01	1	11	16797.60	1527.05	5	5	5	15	Champions
3170	2024-03-30	2025-12-19	2024-03-01	12	8	16778.63	2097.33	5	5	5	15	Champions
138	2025-08-02	2025-12-26	2025-08-01	5	12	16760.67	1396.72	5	5	5	15	Champions
7308	2025-09-12	2025-12-28	2025-09-01	3	11	16733.96	1521.27	5	5	5	15	Champions
7068	2024-01-30	2025-12-14	2024-01-01	17	12	16718.48	1393.21	5	5	5	15	Champions
7793	2025-09-27	2025-12-18	2025-09-01	13	12	16708.48	1392.37	5	5	5	15	Champions
1859	2024-11-19	2025-12-26	2024-11-01	5	8	16703.35	2087.92	5	5	5	15	Champions
2893	2025-05-02	2025-12-23	2025-05-01	8	11	16683.52	1516.68	5	5	5	15	Champions
3996	2025-05-05	2025-12-29	2025-05-01	2	12	16618.77	1384.90	5	5	5	15	Champions
7338	2025-10-26	2025-12-27	2025-10-01	4	13	16560.62	1273.89	5	5	5	15	Champions
349	2025-09-10	2025-12-29	2025-09-01	2	13	16537.49	1272.11	5	5	5	15	Champions
2468	2024-12-28	2025-12-28	2024-12-01	3	14	16505.51	1178.97	5	5	5	15	Champions
3425	2025-04-24	2025-12-20	2025-04-01	11	14	16504.83	1178.92	5	5	5	15	Champions
3245	2025-05-11	2025-12-23	2025-05-01	8	8	16466.15	2058.27	5	5	5	15	Champions
1646	2025-02-09	2025-12-14	2025-02-01	17	12	16426.09	1368.84	5	5	5	15	Champions
1876	2025-02-06	2025-12-26	2025-02-01	5	13	16416.27	1262.79	5	5	5	15	Champions
2399	2025-06-16	2025-12-29	2025-06-01	2	12	16395.49	1366.29	5	5	5	15	Champions
3990	2025-09-07	2025-12-15	2025-09-01	16	11	16315.55	1483.23	5	5	5	15	Champions
5568	2024-05-03	2025-12-18	2024-05-01	13	13	16293.30	1253.33	5	5	5	15	Champions
586	2025-07-25	2025-12-24	2025-07-01	7	12	16274.01	1356.17	5	5	5	15	Champions
2620	2025-10-23	2025-12-20	2025-10-01	11	8	16267.92	2033.49	5	5	5	15	Champions
156	2025-04-17	2025-12-24	2025-04-01	7	13	16252.83	1250.22	5	5	5	15	Champions
3670	2025-10-25	2025-12-28	2025-10-01	3	12	16251.56	1354.30	5	5	5	15	Champions
5731	2025-01-24	2025-12-30	2025-01-01	1	13	16184.58	1244.97	5	5	5	15	Champions
4999	2025-05-04	2025-12-28	2025-05-01	3	11	16184.44	1471.31	5	5	5	15	Champions
1867	2024-03-25	2025-12-22	2024-03-01	9	12	16157.50	1346.46	5	5	5	15	Champions
6147	2025-10-22	2025-12-30	2025-10-01	1	13	16154.03	1242.62	5	5	5	15	Champions
3652	2024-07-17	2025-12-21	2024-07-01	10	12	16143.77	1345.31	5	5	5	15	Champions
311	2025-08-29	2025-12-15	2025-08-01	16	8	16135.43	2016.93	5	5	5	15	Champions
7477	2024-07-30	2025-12-28	2024-07-01	3	12	16106.50	1342.21	5	5	5	15	Champions
444	2025-10-26	2025-12-26	2025-10-01	5	14	16083.54	1148.82	5	5	5	15	Champions
1675	2025-02-18	2025-12-30	2025-02-01	1	13	16078.51	1236.81	5	5	5	15	Champions
2382	2025-04-21	2025-12-23	2025-04-01	8	11	16058.36	1459.85	5	5	5	15	Champions
1540	2025-09-02	2025-12-20	2025-09-01	11	8	16024.73	2003.09	5	5	5	15	Champions
2781	2024-05-09	2025-12-26	2024-05-01	5	8	15867.29	1983.41	5	5	5	15	Champions
6918	2025-04-04	2025-12-21	2025-04-01	10	13	15843.17	1218.71	5	5	5	15	Champions
3341	2025-06-15	2025-12-27	2025-06-01	4	13	15835.83	1218.14	5	5	5	15	Champions
947	2025-04-27	2025-12-29	2025-04-01	2	12	15781.86	1315.16	5	5	5	15	Champions
2424	2025-09-09	2025-12-18	2025-09-01	13	11	15762.30	1432.94	5	5	5	15	Champions
1194	2024-09-01	2025-12-20	2024-09-01	11	8	15754.22	1969.28	5	5	5	15	Champions
5626	2025-10-30	2025-12-26	2025-10-01	5	11	15718.21	1428.93	5	5	5	15	Champions
1006	2025-06-25	2025-12-30	2025-06-01	1	10	15708.82	1570.88	5	5	5	15	Champions
2403	2025-07-19	2025-12-19	2025-07-01	12	8	15678.43	1959.80	5	5	5	15	Champions
3287	2025-11-08	2025-12-28	2025-11-01	3	8	15659.61	1957.45	5	5	5	15	Champions
5410	2025-07-24	2025-12-30	2025-07-01	1	14	15627.51	1116.25	5	5	5	15	Champions
3665	2025-01-03	2025-12-17	2025-01-01	14	10	15620.02	1562.00	5	5	5	15	Champions
7527	2025-05-07	2025-12-27	2025-05-01	4	12	15610.89	1300.91	5	5	5	15	Champions
2705	2025-03-13	2025-12-15	2025-03-01	16	12	15606.68	1300.56	5	5	5	15	Champions
3360	2024-09-19	2025-12-24	2024-09-01	7	14	15582.09	1113.01	5	5	5	15	Champions
6301	2025-02-03	2025-12-30	2025-02-01	1	13	15556.54	1196.66	5	5	5	15	Champions
1736	2024-03-26	2025-12-20	2024-03-01	11	13	15542.42	1195.57	5	5	5	15	Champions
254	2025-06-03	2025-12-18	2025-06-01	13	8	15532.31	1941.54	5	5	5	15	Champions
5372	2024-09-08	2025-12-21	2024-09-01	10	11	15525.87	1411.44	5	5	5	15	Champions
1633	2025-09-30	2025-12-25	2025-09-01	6	12	15515.98	1293.00	5	5	5	15	Champions
983	2025-07-09	2025-12-28	2025-07-01	3	12	15507.91	1292.33	5	5	5	15	Champions
2525	2025-07-30	2025-12-22	2025-07-01	9	8	15497.39	1937.17	5	5	5	15	Champions
5131	2025-08-08	2025-12-30	2025-08-01	1	10	15495.52	1549.55	5	5	5	15	Champions
6860	2024-08-14	2025-12-16	2024-08-01	15	13	15492.39	1191.72	5	5	5	15	Champions
7830	2024-11-09	2025-12-15	2024-11-01	16	11	15467.26	1406.11	5	5	5	15	Champions
5510	2025-12-01	2025-12-28	2025-12-01	3	13	15463.99	1189.54	5	5	5	15	Champions
951	2025-04-21	2025-12-18	2025-04-01	13	13	15450.39	1188.49	5	5	5	15	Champions
678	2025-04-02	2025-12-22	2025-04-01	9	8	15410.14	1926.27	5	5	5	15	Champions
7828	2024-08-29	2025-12-24	2024-08-01	7	12	15407.66	1283.97	5	5	5	15	Champions
6683	2025-08-17	2025-12-29	2025-08-01	2	13	15311.76	1177.83	5	5	5	15	Champions
2369	2025-09-09	2025-12-21	2025-09-01	10	8	15306.09	1913.26	5	5	5	15	Champions
1863	2025-10-05	2025-12-27	2025-10-01	4	12	15273.95	1272.83	5	5	5	15	Champions
4610	2024-04-20	2025-12-28	2024-04-01	3	11	15241.92	1385.63	5	5	5	15	Champions
2404	2025-09-15	2025-12-27	2025-09-01	4	14	15238.55	1088.47	5	5	5	15	Champions
4133	2025-09-12	2025-12-29	2025-09-01	2	13	15235.65	1171.97	5	5	5	15	Champions
1068	2025-12-07	2025-12-28	2025-12-01	3	8	15197.31	1899.66	5	5	5	15	Champions
5744	2025-05-01	2025-12-21	2025-05-01	10	12	15168.14	1264.01	5	5	5	15	Champions
4756	2025-05-06	2025-12-23	2025-05-01	8	10	15145.80	1514.58	5	5	5	15	Champions
1624	2024-03-10	2025-12-20	2024-03-01	11	13	15105.01	1161.92	5	5	5	15	Champions
6529	2024-12-08	2025-12-26	2024-12-01	5	13	15096.23	1161.25	5	5	5	15	Champions
1846	2025-05-09	2025-12-26	2025-05-01	5	8	15092.29	1886.54	5	5	5	15	Champions
5963	2025-09-16	2025-12-24	2025-09-01	7	10	15085.16	1508.52	5	5	5	15	Champions
5376	2025-09-26	2025-12-30	2025-09-01	1	12	15069.41	1255.78	5	5	5	15	Champions
4587	2025-05-10	2025-12-29	2025-05-01	2	13	15066.87	1158.99	5	5	5	15	Champions
2966	2024-01-12	2025-12-20	2024-01-01	11	11	15047.31	1367.94	5	5	5	15	Champions
2158	2024-11-05	2025-12-24	2024-11-01	7	8	15045.45	1880.68	5	5	5	15	Champions
1190	2025-09-14	2025-12-28	2025-09-01	3	14	14978.82	1069.92	5	5	5	15	Champions
5442	2025-10-05	2025-12-28	2025-10-01	3	13	14974.93	1151.92	5	5	5	15	Champions
5977	2024-01-09	2025-12-21	2024-01-01	10	13	14962.90	1150.99	5	5	5	15	Champions
2478	2025-11-25	2025-12-25	2025-11-01	6	8	14908.88	1863.61	5	5	5	15	Champions
3691	2025-11-26	2025-12-29	2025-11-01	2	12	14892.57	1241.05	5	5	5	15	Champions
3784	2024-05-14	2025-12-26	2024-05-01	5	12	14844.65	1237.05	5	5	5	15	Champions
2612	2024-11-29	2025-12-21	2024-11-01	10	11	14822.67	1347.52	5	5	5	15	Champions
7117	2025-04-11	2025-12-25	2025-04-01	6	11	14717.84	1337.99	5	5	5	15	Champions
4006	2024-11-06	2025-12-22	2024-11-01	9	13	14655.02	1127.31	5	5	5	15	Champions
2604	2025-11-14	2025-12-30	2025-11-01	1	11	14652.94	1332.09	5	5	5	15	Champions
3273	2025-09-16	2025-12-30	2025-09-01	1	10	14620.53	1462.05	5	5	5	15	Champions
3895	2024-02-03	2025-12-26	2024-02-01	5	13	14613.19	1124.09	5	5	5	15	Champions
998	2024-06-06	2025-12-25	2024-06-01	6	12	14601.33	1216.78	5	5	5	15	Champions
354	2024-06-14	2025-12-24	2024-06-01	7	8	14572.00	1821.50	5	5	5	15	Champions
1882	2024-07-09	2025-12-17	2024-07-01	14	8	14550.48	1818.81	5	5	5	15	Champions
4443	2025-09-29	2025-12-24	2025-09-01	7	11	14531.19	1321.02	5	5	5	15	Champions
6419	2024-08-25	2025-12-22	2024-08-01	9	13	14513.04	1116.39	5	5	5	15	Champions
5040	2025-07-22	2025-12-30	2025-07-01	1	13	14502.37	1115.57	5	5	5	15	Champions
4549	2025-01-21	2025-12-14	2025-01-01	17	14	14492.49	1035.18	5	5	5	15	Champions
3269	2025-07-07	2025-12-28	2025-07-01	3	8	14486.47	1810.81	5	5	5	15	Champions
964	2025-09-25	2025-12-30	2025-09-01	1	12	14425.86	1202.16	5	5	5	15	Champions
1360	2025-04-05	2025-12-21	2025-04-01	10	12	14361.87	1196.82	5	5	5	15	Champions
2157	2024-12-14	2025-12-27	2024-12-01	4	14	14322.45	1023.03	5	5	5	15	Champions
6166	2025-11-26	2025-12-30	2025-11-01	1	12	14316.03	1193.00	5	5	5	15	Champions
4828	2024-06-13	2025-12-19	2024-06-01	12	14	14300.37	1021.46	5	5	5	15	Champions
1346	2025-07-06	2025-12-25	2025-07-01	6	8	14263.24	1782.91	5	5	5	15	Champions
2362	2024-09-27	2025-12-25	2024-09-01	6	12	14230.62	1185.89	5	5	5	15	Champions
6114	2025-05-02	2025-12-19	2025-05-01	12	14	14208.74	1014.91	5	5	5	15	Champions
1062	2024-05-30	2025-12-22	2024-05-01	9	14	14161.78	1011.56	5	5	5	15	Champions
6789	2025-05-18	2025-12-29	2025-05-01	2	9	14147.44	1571.94	5	5	5	15	Champions
517	2025-10-29	2025-12-29	2025-10-01	2	12	14108.65	1175.72	5	5	5	15	Champions
732	2025-07-05	2025-12-27	2025-07-01	4	8	14086.81	1760.85	5	5	5	15	Champions
6102	2025-07-16	2025-12-22	2025-07-01	9	12	14018.03	1168.17	5	5	5	15	Champions
2328	2025-06-06	2025-12-16	2025-06-01	15	12	13910.78	1159.23	5	5	5	15	Champions
3526	2025-04-05	2025-12-23	2025-04-01	8	13	13903.91	1069.53	5	5	5	15	Champions
3055	2024-02-17	2025-12-15	2024-02-01	16	11	13894.85	1263.17	5	5	5	15	Champions
706	2025-06-08	2025-12-23	2025-06-01	8	12	13849.38	1154.12	5	5	5	15	Champions
1205	2025-06-15	2025-12-21	2025-06-01	10	8	13798.26	1724.78	5	5	5	15	Champions
823	2025-10-08	2025-12-21	2025-10-01	10	8	13796.85	1724.61	5	5	5	15	Champions
4061	2024-07-23	2025-12-23	2024-07-01	8	12	13748.34	1145.70	5	5	5	15	Champions
7109	2025-07-08	2025-12-28	2025-07-01	3	13	13712.11	1054.78	5	5	5	15	Champions
6227	2024-02-03	2025-12-25	2024-02-01	6	13	13671.85	1051.68	5	5	5	15	Champions
829	2025-09-24	2025-12-18	2025-09-01	13	8	13611.51	1701.44	5	5	5	15	Champions
673	2025-10-16	2025-12-19	2025-10-01	12	8	13603.83	1700.48	5	5	5	15	Champions
4783	2025-01-01	2025-12-16	2025-01-01	15	13	13543.67	1041.82	5	5	5	15	Champions
5439	2025-04-03	2025-12-28	2025-04-01	3	11	13540.83	1230.98	5	5	5	15	Champions
4331	2025-07-10	2025-12-24	2025-07-01	7	13	13534.13	1041.09	5	5	5	15	Champions
2109	2024-07-05	2025-12-29	2024-07-01	2	13	13521.40	1040.11	5	5	5	15	Champions
2042	2025-07-19	2025-12-24	2025-07-01	7	8	13504.17	1688.02	5	5	5	15	Champions
5026	2025-11-05	2025-12-28	2025-11-01	3	12	13459.97	1121.66	5	5	5	15	Champions
7453	2024-09-22	2025-12-03	2024-09-01	28	14	42634.15	3045.30	4	5	5	14	Champions
1058	2025-05-04	2025-12-11	2025-05-01	20	14	41727.86	2980.56	4	5	5	14	Champions
1772	2024-09-20	2025-12-05	2024-09-01	26	13	40810.47	3139.27	4	5	5	14	Champions
2131	2025-08-30	2025-11-26	2025-08-01	35	13	40542.05	3118.62	4	5	5	14	Champions
759	2024-02-02	2025-11-26	2024-02-01	35	13	39527.70	3040.59	4	5	5	14	Champions
7955	2024-03-16	2025-12-04	2024-03-01	27	12	38358.90	3196.58	4	5	5	14	Champions
7257	2024-12-19	2025-12-01	2024-12-01	30	12	37210.92	3100.91	4	5	5	14	Champions
7080	2024-09-04	2025-12-13	2024-09-01	18	12	36511.39	3042.62	4	5	5	14	Champions
4827	2025-04-03	2025-12-10	2025-04-01	21	13	36058.86	2773.76	4	5	5	14	Champions
4287	2024-03-28	2025-12-01	2024-03-01	30	11	36022.51	3274.77	4	5	5	14	Champions
3741	2025-01-10	2025-12-01	2025-01-01	30	13	35949.34	2765.33	4	5	5	14	Champions
3249	2024-06-18	2025-11-21	2024-06-01	40	14	35817.44	2558.39	4	5	5	14	Champions
6712	2025-04-28	2025-12-15	2025-04-01	16	8	35594.20	4449.28	5	4	5	14	Champions
6523	2024-12-27	2025-11-25	2024-12-01	36	14	35517.98	2537.00	4	5	5	14	Champions
2447	2024-06-29	2025-11-24	2024-06-01	37	14	34905.72	2493.27	4	5	5	14	Champions
478	2025-04-18	2025-12-12	2025-04-01	19	13	34444.66	2649.59	4	5	5	14	Champions
7689	2024-02-18	2025-11-27	2024-02-01	34	12	34268.21	2855.68	4	5	5	14	Champions
2635	2024-06-17	2025-12-02	2024-06-01	29	12	33816.84	2818.07	4	5	5	14	Champions
4375	2024-08-04	2025-12-08	2024-08-01	23	11	33753.44	3068.49	4	5	5	14	Champions
1628	2024-02-20	2025-11-20	2024-02-01	41	13	33714.33	2593.41	4	5	5	14	Champions
2029	2025-03-02	2025-11-28	2025-03-01	33	13	33297.12	2561.32	4	5	5	14	Champions
3081	2024-04-19	2025-12-08	2024-04-01	23	13	33204.59	2554.20	4	5	5	14	Champions
3786	2024-03-28	2025-11-22	2024-03-01	39	14	33059.19	2361.37	4	5	5	14	Champions
3477	2025-03-15	2025-11-25	2025-03-01	36	13	32984.28	2537.25	4	5	5	14	Champions
4561	2024-06-15	2025-12-11	2024-06-01	20	14	32695.44	2335.39	4	5	5	14	Champions
7597	2024-03-04	2025-12-06	2024-03-01	25	12	32677.69	2723.14	4	5	5	14	Champions
779	2024-12-06	2025-12-12	2024-12-01	19	13	32589.79	2506.91	4	5	5	14	Champions
6714	2025-08-14	2025-12-04	2025-08-01	27	11	32309.66	2937.24	4	5	5	14	Champions
7293	2025-06-16	2025-12-01	2025-06-01	30	14	32253.17	2303.80	4	5	5	14	Champions
2752	2025-06-29	2025-11-21	2025-06-01	40	13	31978.96	2459.92	4	5	5	14	Champions
7012	2024-02-02	2025-11-16	2024-02-01	45	14	31870.12	2276.44	4	5	5	14	Champions
1302	2024-11-03	2025-11-22	2024-11-01	39	13	31735.54	2441.20	4	5	5	14	Champions
2746	2025-03-31	2025-12-08	2025-03-01	23	13	31469.18	2420.71	4	5	5	14	Champions
7441	2024-03-19	2025-11-15	2024-03-01	46	13	31289.73	2406.90	4	5	5	14	Champions
7764	2024-05-31	2025-11-16	2024-05-01	45	14	31065.26	2218.95	4	5	5	14	Champions
954	2024-01-05	2025-11-17	2024-01-01	44	13	31046.86	2388.22	4	5	5	14	Champions
7131	2024-03-13	2025-11-16	2024-03-01	45	13	30778.99	2367.61	4	5	5	14	Champions
3299	2025-03-10	2025-11-27	2025-03-01	34	13	30703.59	2361.81	4	5	5	14	Champions
1457	2025-09-08	2025-12-09	2025-09-01	22	13	30386.39	2337.41	4	5	5	14	Champions
2161	2024-07-09	2025-12-06	2024-07-01	25	8	30268.68	3783.59	4	5	5	14	Champions
3876	2024-05-07	2025-12-07	2024-05-01	24	13	30042.36	2310.95	4	5	5	14	Champions
1962	2025-01-29	2025-12-10	2025-01-01	21	13	29866.57	2297.43	4	5	5	14	Champions
1959	2024-11-30	2025-11-22	2024-11-01	39	12	29849.86	2487.49	4	5	5	14	Champions
5828	2024-06-12	2025-11-13	2024-06-01	48	14	29840.99	2131.50	4	5	5	14	Champions
5667	2025-01-30	2025-11-10	2025-01-01	51	13	29779.21	2290.71	4	5	5	14	Champions
5311	2025-02-21	2025-11-26	2025-02-01	35	12	29645.26	2470.44	4	5	5	14	Champions
2657	2024-11-22	2025-12-12	2024-11-01	19	13	29534.14	2271.86	4	5	5	14	Champions
53	2024-10-22	2025-11-12	2024-10-01	49	14	29506.66	2107.62	4	5	5	14	Champions
7506	2024-03-12	2025-12-05	2024-03-01	26	14	29477.32	2105.52	4	5	5	14	Champions
4528	2024-06-26	2025-12-12	2024-06-01	19	14	29457.91	2104.14	4	5	5	14	Champions
2583	2025-07-27	2025-11-28	2025-07-01	33	13	29433.37	2264.11	4	5	5	14	Champions
3997	2024-05-22	2025-12-01	2024-05-01	30	14	29138.61	2081.33	4	5	5	14	Champions
1023	2025-05-18	2025-12-02	2025-05-01	29	12	28589.92	2382.49	4	5	5	14	Champions
5299	2024-08-10	2025-11-27	2024-08-01	34	11	28448.92	2586.27	4	5	5	14	Champions
2443	2025-08-09	2025-12-28	2025-08-01	3	7	28409.89	4058.56	5	4	5	14	Champions
2528	2025-01-28	2025-11-30	2025-01-01	31	13	28041.97	2157.07	4	5	5	14	Champions
2712	2024-12-07	2025-12-11	2024-12-01	20	14	27990.57	1999.33	4	5	5	14	Champions
4949	2024-08-07	2025-11-17	2024-08-01	44	13	27861.67	2143.21	4	5	5	14	Champions
3852	2025-06-05	2025-11-19	2025-06-01	42	14	27798.88	1985.63	4	5	5	14	Champions
4793	2024-08-21	2025-12-12	2024-08-01	19	13	27746.26	2134.33	4	5	5	14	Champions
6544	2025-01-13	2025-11-23	2025-01-01	38	13	27603.96	2123.38	4	5	5	14	Champions
1189	2024-02-01	2025-11-14	2024-02-01	47	13	27572.45	2120.96	4	5	5	14	Champions
6006	2024-05-30	2025-12-02	2024-05-01	29	13	27532.02	2117.85	4	5	5	14	Champions
483	2024-05-28	2025-12-03	2024-05-01	28	14	27228.19	1944.87	4	5	5	14	Champions
3882	2024-10-12	2025-11-13	2024-10-01	48	13	26832.96	2064.07	4	5	5	14	Champions
3394	2024-06-11	2025-11-20	2024-06-01	41	8	26788.03	3348.50	4	5	5	14	Champions
2849	2024-02-12	2025-12-12	2024-02-01	19	14	26758.20	1911.30	4	5	5	14	Champions
1353	2025-07-11	2025-11-30	2025-07-01	31	13	26723.30	2055.64	4	5	5	14	Champions
7632	2024-07-24	2025-12-07	2024-07-01	24	11	26453.47	2404.86	4	5	5	14	Champions
3575	2024-06-09	2025-11-30	2024-06-01	31	10	26376.09	2637.61	4	5	5	14	Champions
7296	2025-02-16	2025-11-13	2025-02-01	48	14	26318.65	1879.90	4	5	5	14	Champions
1794	2025-04-10	2025-12-30	2025-04-01	1	7	26306.23	3758.03	5	4	5	14	Champions
5988	2024-02-09	2025-12-09	2024-02-01	22	12	26300.04	2191.67	4	5	5	14	Champions
943	2024-06-08	2025-11-18	2024-06-01	43	12	26246.23	2187.19	4	5	5	14	Champions
6625	2024-06-25	2025-12-06	2024-06-01	25	13	26106.02	2008.16	4	5	5	14	Champions
6428	2024-12-14	2025-12-12	2024-12-01	19	13	26031.56	2002.43	4	5	5	14	Champions
6277	2024-02-08	2025-11-21	2024-02-01	40	13	25992.69	1999.44	4	5	5	14	Champions
2467	2024-09-08	2025-12-07	2024-09-01	24	12	25985.49	2165.46	4	5	5	14	Champions
4039	2025-01-16	2025-11-29	2025-01-01	32	13	25954.14	1996.47	4	5	5	14	Champions
2826	2024-04-03	2025-11-24	2024-04-01	37	13	25943.01	1995.62	4	5	5	14	Champions
1524	2024-08-10	2025-12-13	2024-08-01	18	12	25843.91	2153.66	4	5	5	14	Champions
1223	2024-12-28	2025-12-09	2024-12-01	22	14	25802.95	1843.07	4	5	5	14	Champions
6880	2025-08-14	2025-12-08	2025-08-01	23	12	25695.16	2141.26	4	5	5	14	Champions
3710	2025-02-09	2025-11-17	2025-02-01	44	10	25661.53	2566.15	4	5	5	14	Champions
3537	2024-01-16	2025-12-13	2024-01-01	18	12	25641.93	2136.83	4	5	5	14	Champions
3718	2025-04-20	2025-12-26	2025-04-01	5	8	25582.56	3197.82	5	4	5	14	Champions
5841	2024-10-30	2025-12-20	2024-10-01	11	8	25444.53	3180.57	5	4	5	14	Champions
2371	2024-10-17	2025-12-05	2024-10-01	26	13	25415.35	1955.03	4	5	5	14	Champions
226	2024-08-09	2025-11-27	2024-08-01	34	12	25383.04	2115.25	4	5	5	14	Champions
2904	2024-02-27	2025-11-20	2024-02-01	41	13	25265.45	1943.50	4	5	5	14	Champions
1204	2024-08-07	2025-12-08	2024-08-01	23	12	25255.95	2104.66	4	5	5	14	Champions
6891	2024-06-11	2025-12-11	2024-06-01	20	13	25230.27	1940.79	4	5	5	14	Champions
6812	2024-02-16	2025-11-16	2024-02-01	45	12	25174.59	2097.88	4	5	5	14	Champions
1612	2024-08-20	2025-11-13	2024-08-01	48	13	24939.04	1918.39	4	5	5	14	Champions
3154	2025-08-25	2025-11-26	2025-08-01	35	8	24889.15	3111.14	4	5	5	14	Champions
7560	2025-04-25	2025-12-16	2025-04-01	15	8	24872.07	3109.01	5	4	5	14	Champions
729	2024-08-01	2025-12-02	2024-08-01	29	14	24742.08	1767.29	4	5	5	14	Champions
1241	2024-03-02	2025-12-03	2024-03-01	28	13	24673.04	1897.93	4	5	5	14	Champions
6892	2024-10-23	2025-12-28	2024-10-01	3	7	24670.90	3524.41	5	4	5	14	Champions
5722	2025-08-21	2025-12-16	2025-08-01	15	8	24466.94	3058.37	5	4	5	14	Champions
3565	2025-01-08	2025-12-30	2025-01-01	1	8	24401.84	3050.23	5	4	5	14	Champions
308	2024-04-07	2025-11-27	2024-04-01	34	12	24327.48	2027.29	4	5	5	14	Champions
4994	2025-02-03	2025-12-30	2025-02-01	1	8	24301.27	3037.66	5	4	5	14	Champions
1238	2025-10-23	2025-12-11	2025-10-01	20	10	24285.15	2428.52	4	5	5	14	Champions
4800	2024-06-23	2025-11-29	2024-06-01	32	11	24283.99	2207.64	4	5	5	14	Champions
7072	2024-06-11	2025-12-10	2024-06-01	21	13	24099.88	1853.84	4	5	5	14	Champions
3612	2024-06-01	2025-12-06	2024-06-01	25	13	24084.96	1852.69	4	5	5	14	Champions
23	2024-04-06	2025-11-24	2024-04-01	37	8	24010.59	3001.32	4	5	5	14	Champions
1491	2025-03-24	2025-11-19	2025-03-01	42	14	23977.34	1712.67	4	5	5	14	Champions
7552	2024-12-23	2025-11-13	2024-12-01	48	13	23914.86	1839.60	4	5	5	14	Champions
3671	2024-02-23	2025-12-28	2024-02-01	3	8	23876.05	2984.51	5	4	5	14	Champions
5256	2025-04-07	2025-11-26	2025-04-01	35	14	23863.09	1704.51	4	5	5	14	Champions
695	2024-03-06	2025-12-06	2024-03-01	25	12	23793.71	1982.81	4	5	5	14	Champions
7413	2024-02-25	2025-11-13	2024-02-01	48	14	23786.50	1699.04	4	5	5	14	Champions
1725	2025-08-14	2025-11-20	2025-08-01	41	13	23738.37	1826.03	4	5	5	14	Champions
422	2024-03-20	2025-11-23	2024-03-01	38	14	23650.10	1689.29	4	5	5	14	Champions
2017	2024-07-26	2025-11-23	2024-07-01	38	12	23591.77	1965.98	4	5	5	14	Champions
1314	2024-12-14	2025-12-10	2024-12-01	21	13	23577.32	1813.64	4	5	5	14	Champions
7599	2024-06-19	2025-12-09	2024-06-01	22	13	23419.10	1801.47	4	5	5	14	Champions
3600	2024-10-08	2025-11-17	2024-10-01	44	14	23384.88	1670.35	4	5	5	14	Champions
857	2025-06-12	2025-12-03	2025-06-01	28	13	23343.16	1795.63	4	5	5	14	Champions
2028	2024-01-19	2025-12-03	2024-01-01	28	12	23268.70	1939.06	4	5	5	14	Champions
7654	2024-05-04	2025-11-24	2024-05-01	37	13	23243.81	1787.99	4	5	5	14	Champions
6635	2024-08-01	2025-11-29	2024-08-01	32	14	23173.21	1655.23	4	5	5	14	Champions
4646	2024-08-13	2025-12-29	2024-08-01	2	8	23110.92	2888.87	5	4	5	14	Champions
7470	2025-07-09	2025-11-20	2025-07-01	41	10	23094.06	2309.41	4	5	5	14	Champions
1903	2024-11-01	2025-11-24	2024-11-01	37	13	23084.15	1775.70	4	5	5	14	Champions
5838	2024-10-05	2025-12-05	2024-10-01	26	10	23047.51	2304.75	4	5	5	14	Champions
1003	2025-07-06	2025-12-03	2025-07-01	28	8	23013.86	2876.73	4	5	5	14	Champions
4743	2024-02-03	2025-11-14	2024-02-01	47	13	22849.49	1757.65	4	5	5	14	Champions
5426	2025-10-05	2025-12-30	2025-10-01	1	7	22830.81	3261.54	5	4	5	14	Champions
5367	2024-01-13	2025-11-19	2024-01-01	42	14	22535.73	1609.70	4	5	5	14	Champions
6216	2024-01-09	2025-11-08	2024-01-01	53	11	22456.89	2041.54	4	5	5	14	Champions
7690	2024-12-17	2025-12-08	2024-12-01	23	14	22428.59	1602.04	4	5	5	14	Champions
1073	2025-07-29	2025-12-12	2025-07-01	19	11	22409.11	2037.19	4	5	5	14	Champions
1870	2024-06-20	2025-12-03	2024-06-01	28	11	22408.94	2037.18	4	5	5	14	Champions
5456	2025-04-13	2025-11-27	2025-04-01	34	13	22388.35	1722.18	4	5	5	14	Champions
1690	2024-03-15	2025-11-22	2024-03-01	39	13	22322.71	1717.13	4	5	5	14	Champions
7805	2024-12-13	2025-12-02	2024-12-01	29	14	22282.88	1591.63	4	5	5	14	Champions
7440	2024-10-06	2025-12-14	2024-10-01	17	12	22239.89	1853.32	4	5	5	14	Champions
188	2024-08-03	2025-11-20	2024-08-01	41	8	22225.30	2778.16	4	5	5	14	Champions
5357	2025-07-26	2025-12-23	2025-07-01	8	7	22211.20	3173.03	5	4	5	14	Champions
6265	2024-11-16	2025-11-11	2024-11-01	50	14	22054.79	1575.34	4	5	5	14	Champions
3845	2025-06-01	2025-12-10	2025-06-01	21	9	22054.54	2450.50	4	5	5	14	Champions
6122	2025-02-22	2025-12-19	2025-02-01	12	7	22037.78	3148.25	5	4	5	14	Champions
6621	2024-08-14	2025-11-29	2024-08-01	32	11	21967.63	1997.06	4	5	5	14	Champions
431	2024-07-24	2025-11-22	2024-07-01	39	14	21938.90	1567.06	4	5	5	14	Champions
1040	2024-02-06	2025-12-23	2024-02-01	8	7	21935.00	3133.57	5	4	5	14	Champions
7893	2025-10-30	2025-12-22	2025-10-01	9	8	21904.92	2738.12	5	4	5	14	Champions
7777	2025-05-10	2025-11-25	2025-05-01	36	12	21869.01	1822.42	4	5	5	14	Champions
5294	2024-02-07	2025-11-27	2024-02-01	34	14	21852.34	1560.88	4	5	5	14	Champions
6118	2025-11-29	2025-12-28	2025-11-01	3	7	21846.63	3120.95	5	4	5	14	Champions
2686	2024-01-28	2025-12-25	2024-01-01	6	7	21750.23	3107.18	5	4	5	14	Champions
3905	2024-12-10	2025-12-12	2024-12-01	19	13	21696.87	1668.99	4	5	5	14	Champions
5808	2025-11-19	2025-12-23	2025-11-01	8	7	21670.52	3095.79	5	4	5	14	Champions
4973	2025-06-04	2025-12-13	2025-06-01	18	13	21625.68	1663.51	4	5	5	14	Champions
4233	2024-01-03	2025-12-06	2024-01-01	25	14	21594.81	1542.49	4	5	5	14	Champions
7377	2024-08-28	2025-11-15	2024-08-01	46	14	21455.22	1532.52	4	5	5	14	Champions
3218	2024-10-16	2025-12-12	2024-10-01	19	8	21272.88	2659.11	4	5	5	14	Champions
5882	2024-07-18	2025-12-13	2024-07-01	18	14	21219.72	1515.69	4	5	5	14	Champions
2840	2024-06-15	2025-11-11	2024-06-01	50	8	21133.08	2641.64	4	5	5	14	Champions
5379	2025-10-23	2025-12-30	2025-10-01	1	7	21099.96	3014.28	5	4	5	14	Champions
2286	2024-03-08	2025-12-13	2024-03-01	18	8	21074.76	2634.35	4	5	5	14	Champions
7408	2024-02-18	2025-11-24	2024-02-01	37	12	21051.13	1754.26	4	5	5	14	Champions
1443	2025-05-14	2025-12-09	2025-05-01	22	13	21012.52	1616.35	4	5	5	14	Champions
7113	2025-10-24	2025-12-28	2025-10-01	3	8	20892.23	2611.53	5	4	5	14	Champions
2299	2025-05-17	2025-11-15	2025-05-01	46	8	20864.92	2608.12	4	5	5	14	Champions
6519	2024-02-11	2025-12-04	2024-02-01	27	13	20847.94	1603.69	4	5	5	14	Champions
1579	2024-07-15	2025-12-09	2024-07-01	22	14	20785.91	1484.71	4	5	5	14	Champions
2538	2024-01-19	2025-12-06	2024-01-01	25	13	20777.58	1598.28	4	5	5	14	Champions
399	2024-05-06	2025-11-17	2024-05-01	44	13	20772.34	1597.87	4	5	5	14	Champions
4494	2024-02-13	2025-12-29	2024-02-01	2	8	20767.33	2595.92	5	4	5	14	Champions
1	2024-01-01	2025-11-22	2024-01-01	39	14	20695.03	1478.22	4	5	5	14	Champions
5609	2025-11-04	2025-12-25	2025-11-01	6	8	20681.15	2585.14	5	4	5	14	Champions
3399	2024-03-21	2025-12-03	2024-03-01	28	12	20670.21	1722.52	4	5	5	14	Champions
863	2025-07-01	2025-12-13	2025-07-01	18	13	20653.57	1588.74	4	5	5	14	Champions
6887	2025-10-14	2025-12-30	2025-10-01	1	8	20545.27	2568.16	5	4	5	14	Champions
6769	2024-07-09	2025-11-13	2024-07-01	48	13	20543.02	1580.23	4	5	5	14	Champions
7850	2024-01-15	2025-11-09	2024-01-01	52	13	20540.12	1580.01	4	5	5	14	Champions
7554	2024-10-16	2025-12-02	2024-10-01	29	12	20510.63	1709.22	4	5	5	14	Champions
5639	2025-05-25	2025-12-18	2025-05-01	13	7	20413.26	2916.18	5	4	5	14	Champions
7615	2024-08-12	2025-11-28	2024-08-01	33	12	20307.56	1692.30	4	5	5	14	Champions
4788	2025-06-27	2025-12-14	2025-06-01	17	8	20259.09	2532.39	5	4	5	14	Champions
4996	2025-11-29	2025-12-30	2025-11-01	1	7	20222.92	2888.99	5	4	5	14	Champions
218	2024-02-17	2025-11-20	2024-02-01	41	12	20100.94	1675.08	4	5	5	14	Champions
7572	2024-09-16	2025-12-13	2024-09-01	18	13	20086.64	1545.13	4	5	5	14	Champions
1734	2024-10-23	2025-12-13	2024-10-01	18	10	20080.66	2008.07	4	5	5	14	Champions
6514	2024-08-21	2025-12-12	2024-08-01	19	12	20045.07	1670.42	4	5	5	14	Champions
7849	2024-11-19	2025-11-15	2024-11-01	46	12	20031.09	1669.26	4	5	5	14	Champions
352	2025-02-18	2025-12-13	2025-02-01	18	8	19919.49	2489.94	4	5	5	14	Champions
3744	2024-08-26	2025-11-20	2024-08-01	41	12	19792.61	1649.38	4	5	5	14	Champions
4088	2024-06-16	2025-12-08	2024-06-01	23	13	19760.75	1520.06	4	5	5	14	Champions
7848	2024-03-07	2025-12-07	2024-03-01	24	14	19737.67	1409.83	4	5	5	14	Champions
2437	2024-03-15	2025-11-30	2024-03-01	31	8	19630.44	2453.81	4	5	5	14	Champions
6961	2024-02-18	2025-12-02	2024-02-01	29	11	19622.03	1783.82	4	5	5	14	Champions
2146	2024-01-23	2025-11-21	2024-01-01	40	14	19605.08	1400.36	4	5	5	14	Champions
6063	2025-02-16	2025-11-16	2025-02-01	45	12	19589.40	1632.45	4	5	5	14	Champions
1873	2024-09-14	2025-11-07	2024-09-01	54	11	19583.26	1780.30	4	5	5	14	Champions
3065	2024-11-22	2025-12-02	2024-11-01	29	13	19572.51	1505.58	4	5	5	14	Champions
3877	2025-03-29	2025-12-05	2025-03-01	26	12	19563.39	1630.28	4	5	5	14	Champions
4464	2025-01-27	2025-12-25	2025-01-01	6	8	19559.98	2445.00	5	4	5	14	Champions
637	2025-07-03	2025-12-07	2025-07-01	24	13	19558.77	1504.52	4	5	5	14	Champions
938	2024-08-01	2025-12-03	2024-08-01	28	13	19546.54	1503.58	4	5	5	14	Champions
7749	2024-07-13	2025-11-17	2024-07-01	44	13	19482.71	1498.67	4	5	5	14	Champions
4559	2024-09-09	2025-12-29	2024-09-01	2	7	19439.72	2777.10	5	4	5	14	Champions
3854	2025-04-02	2025-12-14	2025-04-01	17	7	19386.47	2769.50	5	4	5	14	Champions
4958	2024-02-25	2025-11-28	2024-02-01	33	14	19371.53	1383.68	4	5	5	14	Champions
5994	2025-06-04	2025-12-29	2025-06-01	2	7	19307.24	2758.18	5	4	5	14	Champions
2788	2024-05-29	2025-12-01	2024-05-01	30	13	19284.71	1483.44	4	5	5	14	Champions
1900	2024-09-24	2025-12-10	2024-09-01	21	13	19284.52	1483.42	4	5	5	14	Champions
5489	2024-01-24	2025-11-29	2024-01-01	32	13	19283.09	1483.31	4	5	5	14	Champions
5508	2025-11-18	2025-12-18	2025-11-01	13	7	19254.42	2750.63	5	4	5	14	Champions
1179	2024-05-24	2025-12-17	2024-05-01	14	7	19176.85	2739.55	5	4	5	14	Champions
6411	2025-09-11	2025-12-22	2025-09-01	9	7	19115.29	2730.76	5	4	5	14	Champions
355	2024-01-15	2025-11-18	2024-01-01	43	14	19090.10	1363.58	4	5	5	14	Champions
2153	2025-04-21	2025-11-28	2025-04-01	33	13	19073.58	1467.20	4	5	5	14	Champions
142	2025-09-18	2025-12-13	2025-09-01	18	12	19037.22	1586.44	4	5	5	14	Champions
609	2025-10-22	2025-12-19	2025-10-01	12	7	19026.39	2718.06	5	4	5	14	Champions
5885	2024-05-06	2025-11-10	2024-05-01	51	13	19000.67	1461.59	4	5	5	14	Champions
792	2024-05-12	2025-11-30	2024-05-01	31	14	18992.13	1356.58	4	5	5	14	Champions
3647	2024-05-02	2025-11-21	2024-05-01	40	14	18955.04	1353.93	4	5	5	14	Champions
1995	2025-10-21	2025-12-21	2025-10-01	10	7	18762.66	2680.38	5	4	5	14	Champions
2713	2024-05-26	2025-11-09	2024-05-01	52	13	18731.51	1440.89	4	5	5	14	Champions
6267	2025-09-13	2025-12-28	2025-09-01	3	8	18664.67	2333.08	5	4	5	14	Champions
4296	2025-07-23	2025-12-24	2025-07-01	7	7	18615.29	2659.33	5	4	5	14	Champions
2813	2025-01-30	2025-12-03	2025-01-01	28	13	18609.54	1431.50	4	5	5	14	Champions
3444	2025-06-06	2025-12-09	2025-06-01	22	11	18595.22	1690.47	4	5	5	14	Champions
7663	2025-07-22	2025-12-14	2025-07-01	17	12	18536.68	1544.72	4	5	5	14	Champions
7019	2024-11-30	2025-12-10	2024-11-01	21	12	18532.26	1544.36	4	5	5	14	Champions
6992	2024-12-21	2025-11-18	2024-12-01	43	12	18466.73	1538.89	4	5	5	14	Champions
1182	2024-07-08	2025-12-03	2024-07-01	28	13	18427.66	1417.51	4	5	5	14	Champions
6585	2025-05-03	2025-12-30	2025-05-01	1	8	18420.20	2302.53	5	4	5	14	Champions
2875	2024-05-03	2025-12-13	2024-05-01	18	12	18351.84	1529.32	4	5	5	14	Champions
3799	2025-09-21	2025-12-23	2025-09-01	8	8	18328.35	2291.04	5	4	5	14	Champions
5591	2024-09-30	2025-12-13	2024-09-01	18	13	18244.36	1403.41	4	5	5	14	Champions
4092	2025-08-19	2025-11-25	2025-08-01	36	13	18221.65	1401.67	4	5	5	14	Champions
7025	2024-07-30	2025-12-12	2024-07-01	19	13	18208.75	1400.67	4	5	5	14	Champions
1795	2024-01-06	2025-12-12	2024-01-01	19	13	18163.23	1397.17	4	5	5	14	Champions
2709	2024-02-18	2025-11-25	2024-02-01	36	13	18152.41	1396.34	4	5	5	14	Champions
1366	2024-02-24	2025-11-14	2024-02-01	47	8	18134.97	2266.87	4	5	5	14	Champions
7691	2025-01-16	2025-12-24	2025-01-01	7	8	18122.83	2265.35	5	4	5	14	Champions
2047	2024-10-11	2025-11-22	2024-10-01	39	14	18081.04	1291.50	4	5	5	14	Champions
1877	2024-01-26	2025-12-08	2024-01-01	23	13	18048.42	1388.34	4	5	5	14	Champions
6819	2024-02-23	2025-12-18	2024-02-01	13	8	18008.93	2251.12	5	4	5	14	Champions
2701	2024-05-31	2025-11-22	2024-05-01	39	14	17995.37	1285.38	4	5	5	14	Champions
6848	2025-08-26	2025-12-10	2025-08-01	21	13	17994.38	1384.18	4	5	5	14	Champions
288	2025-11-01	2025-12-30	2025-11-01	1	7	17991.77	2570.25	5	4	5	14	Champions
7020	2025-11-01	2025-12-25	2025-11-01	6	8	17988.27	2248.53	5	4	5	14	Champions
4458	2024-06-23	2025-12-05	2024-06-01	26	12	17894.89	1491.24	4	5	5	14	Champions
6912	2024-05-31	2025-11-30	2024-05-01	31	14	17858.38	1275.60	4	5	5	14	Champions
6007	2025-09-04	2025-12-16	2025-09-01	15	8	17833.24	2229.16	5	4	5	14	Champions
2942	2025-10-13	2025-12-13	2025-10-01	18	11	17821.98	1620.18	4	5	5	14	Champions
7000	2025-03-25	2025-12-01	2025-03-01	30	13	17818.35	1370.64	4	5	5	14	Champions
4454	2025-09-17	2025-12-29	2025-09-01	2	8	17798.42	2224.80	5	4	5	14	Champions
4203	2024-07-18	2025-12-08	2024-07-01	23	13	17741.05	1364.70	4	5	5	14	Champions
1834	2024-10-17	2025-12-01	2024-10-01	30	13	17712.49	1362.50	4	5	5	14	Champions
6430	2025-11-12	2025-12-30	2025-11-01	1	8	17629.52	2203.69	5	4	5	14	Champions
473	2024-11-28	2025-11-26	2024-11-01	35	12	17592.72	1466.06	4	5	5	14	Champions
344	2025-04-10	2025-11-26	2025-04-01	35	8	17565.84	2195.73	4	5	5	14	Champions
2753	2025-06-05	2025-12-30	2025-06-01	1	7	17532.90	2504.70	5	4	5	14	Champions
406	2025-07-22	2025-12-25	2025-07-01	6	7	17469.40	2495.63	5	4	5	14	Champions
624	2024-03-31	2025-11-15	2024-03-01	46	14	17462.28	1247.31	4	5	5	14	Champions
1197	2025-07-03	2025-11-11	2025-07-01	50	8	17405.44	2175.68	4	5	5	14	Champions
6745	2025-09-04	2025-12-29	2025-09-01	2	7	17394.57	2484.94	5	4	5	14	Champions
6032	2024-02-29	2025-12-04	2024-02-01	27	14	17322.73	1237.34	4	5	5	14	Champions
5112	2024-04-17	2025-11-26	2024-04-01	35	14	17308.45	1236.32	4	5	5	14	Champions
6619	2024-05-17	2025-12-17	2024-05-01	14	8	17263.30	2157.91	5	4	5	14	Champions
4211	2025-01-23	2025-12-19	2025-01-01	12	8	17205.07	2150.63	5	4	5	14	Champions
2325	2024-12-31	2025-11-27	2024-12-01	34	14	17182.51	1227.32	4	5	5	14	Champions
1723	2025-02-20	2025-11-28	2025-02-01	33	8	17152.05	2144.01	4	5	5	14	Champions
199	2024-04-02	2025-11-28	2024-04-01	33	11	17103.57	1554.87	4	5	5	14	Champions
928	2024-07-08	2025-12-04	2024-07-01	27	13	17065.80	1312.75	4	5	5	14	Champions
4582	2025-06-12	2025-11-21	2025-06-01	40	12	17055.58	1421.30	4	5	5	14	Champions
5280	2025-05-23	2025-12-25	2025-05-01	6	7	17007.36	2429.62	5	4	5	14	Champions
6681	2024-01-26	2025-11-25	2024-01-01	36	13	16915.38	1301.18	4	5	5	14	Champions
6850	2025-10-16	2025-12-27	2025-10-01	4	8	16890.56	2111.32	5	4	5	14	Champions
306	2025-11-17	2025-12-23	2025-11-01	8	7	16868.05	2409.72	5	4	5	14	Champions
2861	2025-10-21	2025-12-25	2025-10-01	6	7	16862.94	2408.99	5	4	5	14	Champions
1773	2024-01-18	2025-11-14	2024-01-01	47	13	16816.62	1293.59	4	5	5	14	Champions
2848	2024-02-16	2025-11-25	2024-02-01	36	12	16810.15	1400.85	4	5	5	14	Champions
3795	2025-05-23	2025-12-24	2025-05-01	7	8	16743.68	2092.96	5	4	5	14	Champions
7813	2025-01-08	2025-12-29	2025-01-01	2	8	16741.66	2092.71	5	4	5	14	Champions
7642	2024-08-13	2025-11-10	2024-08-01	51	12	16723.68	1393.64	4	5	5	14	Champions
6356	2024-06-24	2025-12-12	2024-06-01	19	11	16624.06	1511.28	4	5	5	14	Champions
4313	2025-05-01	2025-12-06	2025-05-01	25	14	16585.24	1184.66	4	5	5	14	Champions
604	2024-10-31	2025-11-11	2024-10-01	50	8	16570.90	2071.36	4	5	5	14	Champions
6173	2025-10-18	2025-12-17	2025-10-01	14	8	16563.81	2070.48	5	4	5	14	Champions
4149	2024-11-21	2025-11-28	2024-11-01	33	13	16547.83	1272.91	4	5	5	14	Champions
7368	2024-10-08	2025-11-08	2024-10-01	53	12	16518.39	1376.53	4	5	5	14	Champions
613	2025-07-30	2025-11-19	2025-07-01	42	8	16475.85	2059.48	4	5	5	14	Champions
1652	2024-01-11	2025-11-20	2024-01-01	41	8	16474.63	2059.33	4	5	5	14	Champions
1243	2024-05-24	2025-12-06	2024-05-01	25	12	16468.80	1372.40	4	5	5	14	Champions
166	2024-07-12	2025-12-01	2024-07-01	30	13	16425.34	1263.49	4	5	5	14	Champions
2282	2024-10-18	2025-12-05	2024-10-01	26	12	16411.00	1367.58	4	5	5	14	Champions
4284	2025-05-09	2025-12-19	2025-05-01	12	8	16357.63	2044.70	5	4	5	14	Champions
2556	2024-10-19	2025-12-05	2024-10-01	26	8	16344.92	2043.12	4	5	5	14	Champions
1527	2025-08-30	2025-11-28	2025-08-01	33	8	16332.39	2041.55	4	5	5	14	Champions
7822	2025-05-09	2025-11-25	2025-05-01	36	12	16320.88	1360.07	4	5	5	14	Champions
1887	2024-12-20	2025-12-01	2024-12-01	30	14	16309.27	1164.95	4	5	5	14	Champions
7197	2024-09-03	2025-12-04	2024-09-01	27	13	16306.12	1254.32	4	5	5	14	Champions
5733	2024-06-02	2025-12-30	2024-06-01	1	8	16296.63	2037.08	5	4	5	14	Champions
12	2025-06-14	2025-12-17	2025-06-01	14	7	16274.60	2324.94	5	4	5	14	Champions
143	2024-09-14	2025-12-23	2024-09-01	8	7	16248.62	2321.23	5	4	5	14	Champions
5529	2024-06-01	2025-11-30	2024-06-01	31	13	16228.82	1248.37	4	5	5	14	Champions
4995	2024-07-25	2025-11-22	2024-07-01	39	13	16204.73	1246.52	4	5	5	14	Champions
1089	2025-02-21	2025-11-23	2025-02-01	38	8	16200.66	2025.08	4	5	5	14	Champions
5400	2024-10-06	2025-12-06	2024-10-01	25	12	16150.95	1345.91	4	5	5	14	Champions
6556	2025-11-20	2025-12-25	2025-11-01	6	8	16125.44	2015.68	5	4	5	14	Champions
5751	2024-12-04	2025-11-16	2024-12-01	45	10	16112.57	1611.26	4	5	5	14	Champions
4632	2025-10-14	2025-12-17	2025-10-01	14	8	16018.54	2002.32	5	4	5	14	Champions
2064	2025-03-01	2025-11-18	2025-03-01	43	8	16000.57	2000.07	4	5	5	14	Champions
5008	2024-12-13	2025-12-28	2024-12-01	3	8	15995.40	1999.43	5	4	5	14	Champions
5979	2025-11-26	2025-12-23	2025-11-01	8	8	15986.80	1998.35	5	4	5	14	Champions
4129	2024-06-19	2025-12-02	2024-06-01	29	11	15964.99	1451.36	4	5	5	14	Champions
291	2025-10-04	2025-12-10	2025-10-01	21	8	15960.85	1995.11	4	5	5	14	Champions
3927	2024-08-26	2025-12-13	2024-08-01	18	12	15942.79	1328.57	4	5	5	14	Champions
5033	2025-08-23	2025-12-17	2025-08-01	14	8	15929.36	1991.17	5	4	5	14	Champions
25	2024-11-22	2025-11-26	2024-11-01	35	10	15887.04	1588.70	4	5	5	14	Champions
2117	2024-01-12	2025-12-07	2024-01-01	24	12	15822.51	1318.54	4	5	5	14	Champions
5597	2025-10-22	2025-12-28	2025-10-01	3	8	15821.65	1977.71	5	4	5	14	Champions
4745	2024-02-11	2025-12-06	2024-02-01	25	14	15807.61	1129.12	4	5	5	14	Champions
1318	2025-05-09	2025-12-07	2025-05-01	24	8	15755.80	1969.48	4	5	5	14	Champions
246	2024-04-06	2025-12-06	2024-04-01	25	13	15753.28	1211.79	4	5	5	14	Champions
5337	2025-08-29	2025-12-19	2025-08-01	12	8	15725.55	1965.69	5	4	5	14	Champions
3716	2025-09-06	2025-12-18	2025-09-01	13	7	15709.53	2244.22	5	4	5	14	Champions
1802	2025-01-10	2025-12-25	2025-01-01	6	7	15700.86	2242.98	5	4	5	14	Champions
3403	2024-07-07	2025-11-30	2024-07-01	31	8	15685.85	1960.73	4	5	5	14	Champions
6809	2025-02-10	2025-11-29	2025-02-01	32	12	15659.74	1304.98	4	5	5	14	Champions
4868	2024-02-09	2025-12-05	2024-02-01	26	12	15647.83	1303.99	4	5	5	14	Champions
2671	2024-03-06	2025-11-10	2024-03-01	51	13	15639.11	1203.01	4	5	5	14	Champions
6502	2024-12-01	2025-11-28	2024-12-01	33	12	15637.34	1303.11	4	5	5	14	Champions
7401	2024-01-21	2025-11-13	2024-01-01	48	13	15621.78	1201.68	4	5	5	14	Champions
7330	2025-05-01	2025-12-12	2025-05-01	19	12	15613.68	1301.14	4	5	5	14	Champions
5837	2025-09-15	2025-12-16	2025-09-01	15	8	15613.08	1951.64	5	4	5	14	Champions
7589	2025-11-03	2025-12-26	2025-11-01	5	8	15606.92	1950.87	5	4	5	14	Champions
3585	2025-05-05	2025-12-19	2025-05-01	12	8	15587.92	1948.49	5	4	5	14	Champions
1608	2024-06-28	2025-12-15	2024-06-01	16	7	15576.08	2225.15	5	4	5	14	Champions
3946	2024-02-15	2025-12-23	2024-02-01	8	7	15519.46	2217.07	5	4	5	14	Champions
45	2025-02-02	2025-11-24	2025-02-01	37	13	15490.40	1191.57	4	5	5	14	Champions
6778	2024-02-13	2025-12-12	2024-02-01	19	13	15472.77	1190.21	4	5	5	14	Champions
1591	2024-12-30	2025-11-23	2024-12-01	38	10	15471.84	1547.18	4	5	5	14	Champions
4480	2024-12-07	2025-11-11	2024-12-01	50	13	15449.99	1188.46	4	5	5	14	Champions
5147	2025-01-16	2025-11-21	2025-01-01	40	10	15434.60	1543.46	4	5	5	14	Champions
3791	2024-09-27	2025-11-29	2024-09-01	32	13	15379.86	1183.07	4	5	5	14	Champions
5394	2025-05-10	2025-12-14	2025-05-01	17	8	15369.79	1921.22	5	4	5	14	Champions
5907	2025-01-19	2025-11-10	2025-01-01	51	12	15367.45	1280.62	4	5	5	14	Champions
6074	2025-10-11	2025-12-29	2025-10-01	2	7	15323.48	2189.07	5	4	5	14	Champions
952	2024-01-09	2025-11-19	2024-01-01	42	13	15320.94	1178.53	4	5	5	14	Champions
7683	2025-02-25	2025-11-21	2025-02-01	40	13	15320.22	1178.48	4	5	5	14	Champions
1160	2025-02-08	2025-12-27	2025-02-01	4	7	15285.70	2183.67	5	4	5	14	Champions
6747	2025-08-19	2025-12-29	2025-08-01	2	8	15242.48	1905.31	5	4	5	14	Champions
2250	2024-08-09	2025-12-08	2024-08-01	23	8	15241.33	1905.17	4	5	5	14	Champions
4499	2025-10-20	2025-12-19	2025-10-01	12	7	15201.64	2171.66	5	4	5	14	Champions
4792	2024-07-10	2025-11-30	2024-07-01	31	13	15191.57	1168.58	4	5	5	14	Champions
7486	2025-01-08	2025-11-30	2025-01-01	31	13	15132.08	1164.01	4	5	5	14	Champions
200	2024-01-30	2025-12-24	2024-01-01	7	7	15123.91	2160.56	5	4	5	14	Champions
4005	2024-06-05	2025-12-28	2024-06-01	3	8	15121.16	1890.15	5	4	5	14	Champions
3266	2024-10-01	2025-12-12	2024-10-01	19	8	15114.24	1889.28	4	5	5	14	Champions
3504	2024-10-18	2025-12-06	2024-10-01	25	13	15097.16	1161.32	4	5	5	14	Champions
4339	2024-06-08	2025-11-26	2024-06-01	35	13	15083.26	1160.25	4	5	5	14	Champions
740	2024-03-13	2025-12-09	2024-03-01	22	8	15073.48	1884.19	4	5	5	14	Champions
6911	2025-11-07	2025-12-28	2025-11-01	3	8	15072.43	1884.05	5	4	5	14	Champions
992	2024-07-05	2025-11-21	2024-07-01	40	13	15041.19	1157.01	4	5	5	14	Champions
5431	2024-10-26	2025-12-30	2024-10-01	1	8	15039.19	1879.90	5	4	5	14	Champions
7827	2025-04-11	2025-12-07	2025-04-01	24	9	15033.21	1670.36	4	5	5	14	Champions
7314	2025-03-17	2025-12-02	2025-03-01	29	13	15030.54	1156.20	4	5	5	14	Champions
7256	2025-06-10	2025-12-27	2025-06-01	4	8	15020.66	1877.58	5	4	5	14	Champions
5721	2024-12-31	2025-12-09	2024-12-01	22	13	14999.20	1153.78	4	5	5	14	Champions
80	2025-11-24	2025-12-28	2025-11-01	3	7	14980.20	2140.03	5	4	5	14	Champions
4367	2024-12-12	2025-12-25	2024-12-01	6	7	14972.03	2138.86	5	4	5	14	Champions
6116	2025-01-04	2025-12-01	2025-01-01	30	11	14941.75	1358.34	4	5	5	14	Champions
6211	2024-12-04	2025-12-27	2024-12-01	4	7	14897.52	2128.22	5	4	5	14	Champions
963	2024-07-14	2025-11-29	2024-07-01	32	8	14846.34	1855.79	4	5	5	14	Champions
6397	2024-10-12	2025-12-22	2024-10-01	9	7	14841.80	2120.26	5	4	5	14	Champions
7361	2024-11-27	2025-11-11	2024-11-01	50	14	14837.88	1059.85	4	5	5	14	Champions
5065	2025-06-19	2025-12-30	2025-06-01	1	8	14822.82	1852.85	5	4	5	14	Champions
3518	2024-10-12	2025-12-09	2024-10-01	22	13	14812.07	1139.39	4	5	5	14	Champions
135	2025-05-30	2025-12-20	2025-05-01	11	7	14806.76	2115.25	5	4	5	14	Champions
3177	2024-08-13	2025-11-14	2024-08-01	47	14	14743.88	1053.13	4	5	5	14	Champions
6830	2024-04-25	2025-11-29	2024-04-01	32	14	14723.51	1051.68	4	5	5	14	Champions
3443	2024-12-02	2025-12-04	2024-12-01	27	12	14685.98	1223.83	4	5	5	14	Champions
5343	2025-10-13	2025-12-22	2025-10-01	9	7	14641.15	2091.59	5	4	5	14	Champions
1778	2024-11-25	2025-12-22	2024-11-01	9	7	14637.15	2091.02	5	4	5	14	Champions
1664	2025-07-07	2025-11-29	2025-07-01	32	8	14561.31	1820.16	4	5	5	14	Champions
1341	2024-06-11	2025-11-24	2024-06-01	37	8	14548.12	1818.52	4	5	5	14	Champions
4879	2024-02-14	2025-12-18	2024-02-01	13	7	14528.68	2075.53	5	4	5	14	Champions
2605	2024-09-20	2025-12-27	2024-09-01	4	7	14522.26	2074.61	5	4	5	14	Champions
286	2024-05-09	2025-11-17	2024-05-01	44	14	14521.66	1037.26	4	5	5	14	Champions
4550	2025-12-01	2025-12-22	2025-12-01	9	8	14498.32	1812.29	5	4	5	14	Champions
3783	2024-12-24	2025-12-07	2024-12-01	24	14	14489.61	1034.97	4	5	5	14	Champions
7273	2024-09-18	2025-11-27	2024-09-01	34	13	14459.71	1112.29	4	5	5	14	Champions
4696	2024-02-25	2025-11-14	2024-02-01	47	12	14440.42	1203.37	4	5	5	14	Champions
3347	2025-10-30	2025-12-22	2025-10-01	9	7	14425.77	2060.82	5	4	5	14	Champions
216	2025-05-19	2025-12-21	2025-05-01	10	7	14386.58	2055.23	5	4	5	14	Champions
2723	2024-02-20	2025-11-10	2024-02-01	51	11	14369.27	1306.30	4	5	5	14	Champions
6454	2025-04-28	2025-11-26	2025-04-01	35	12	14367.94	1197.33	4	5	5	14	Champions
4555	2025-01-29	2025-12-24	2025-01-01	7	7	14364.35	2052.05	5	4	5	14	Champions
5953	2024-02-05	2025-12-05	2024-02-01	26	11	14360.28	1305.48	4	5	5	14	Champions
2412	2025-08-10	2025-11-30	2025-08-01	31	8	14342.50	1792.81	4	5	5	14	Champions
4695	2025-03-04	2025-12-24	2025-03-01	7	7	14342.25	2048.89	5	4	5	14	Champions
540	2024-11-17	2025-12-01	2024-11-01	30	14	14324.85	1023.20	4	5	5	14	Champions
6335	2025-10-09	2025-12-25	2025-10-01	6	7	14316.19	2045.17	5	4	5	14	Champions
6491	2025-10-24	2025-12-20	2025-10-01	11	7	14269.26	2038.47	5	4	5	14	Champions
6785	2025-03-26	2025-12-06	2025-03-01	25	11	14268.71	1297.16	4	5	5	14	Champions
4033	2025-07-07	2025-12-24	2025-07-01	7	8	14237.79	1779.72	5	4	5	14	Champions
7028	2025-05-25	2025-12-25	2025-05-01	6	8	14228.37	1778.55	5	4	5	14	Champions
2941	2024-01-04	2025-12-09	2024-01-01	22	8	14224.97	1778.12	4	5	5	14	Champions
7960	2025-06-06	2025-12-14	2025-06-01	17	10	14220.55	1422.06	4	5	5	14	Champions
2863	2025-05-26	2025-11-15	2025-05-01	46	8	14194.21	1774.28	4	5	5	14	Champions
4964	2025-07-19	2025-12-23	2025-07-01	8	7	14184.99	2026.43	5	4	5	14	Champions
1161	2025-03-13	2025-12-13	2025-03-01	18	8	14140.53	1767.57	4	5	5	14	Champions
326	2024-05-25	2025-12-12	2024-05-01	19	8	14124.13	1765.52	4	5	5	14	Champions
4670	2025-01-23	2025-12-24	2025-01-01	7	8	14122.90	1765.36	5	4	5	14	Champions
114	2024-09-03	2025-12-16	2024-09-01	15	7	14115.80	2016.54	5	4	5	14	Champions
2156	2025-10-18	2025-12-26	2025-10-01	5	7	14110.98	2015.85	5	4	5	14	Champions
7226	2024-04-22	2025-11-28	2024-04-01	33	14	14104.76	1007.48	4	5	5	14	Champions
7015	2024-03-11	2025-12-18	2024-03-01	13	8	14102.90	1762.86	5	4	5	14	Champions
1724	2025-08-29	2025-12-07	2025-08-01	24	12	14094.54	1174.55	4	5	5	14	Champions
2342	2024-12-02	2025-11-26	2024-12-01	35	8	14067.37	1758.42	4	5	5	14	Champions
1323	2024-10-19	2025-12-06	2024-10-01	25	13	14036.64	1079.74	4	5	5	14	Champions
3644	2024-03-06	2025-12-21	2024-03-01	10	8	14031.58	1753.95	5	4	5	14	Champions
2894	2024-01-14	2025-11-22	2024-01-01	39	8	14031.30	1753.91	4	5	5	14	Champions
1502	2024-04-22	2025-12-04	2024-04-01	27	8	14003.59	1750.45	4	5	5	14	Champions
2507	2024-03-03	2025-11-19	2024-03-01	42	8	14002.75	1750.34	4	5	5	14	Champions
939	2024-01-07	2025-11-10	2024-01-01	51	8	13997.67	1749.71	4	5	5	14	Champions
2430	2024-05-31	2025-12-09	2024-05-01	22	12	13992.17	1166.01	4	5	5	14	Champions
5898	2025-11-09	2025-12-23	2025-11-01	8	8	13975.48	1746.94	5	4	5	14	Champions
105	2024-05-12	2025-11-20	2024-05-01	41	13	13943.66	1072.59	4	5	5	14	Champions
6234	2024-07-12	2025-12-16	2024-07-01	15	8	13940.48	1742.56	5	4	5	14	Champions
3025	2025-09-03	2025-12-11	2025-09-01	20	8	13937.29	1742.16	4	5	5	14	Champions
2831	2025-01-26	2025-12-14	2025-01-01	17	7	13912.88	1987.55	5	4	5	14	Champions
3521	2025-01-27	2025-12-15	2025-01-01	16	8	13908.63	1738.58	5	4	5	14	Champions
6894	2024-06-25	2025-11-23	2024-06-01	38	12	13903.23	1158.60	4	5	5	14	Champions
3201	2025-07-10	2025-12-03	2025-07-01	28	10	13872.33	1387.23	4	5	5	14	Champions
496	2024-07-31	2025-11-08	2024-07-01	53	8	13871.66	1733.96	4	5	5	14	Champions
3794	2024-12-21	2025-12-02	2024-12-01	29	12	13864.20	1155.35	4	5	5	14	Champions
3785	2024-07-31	2025-11-15	2024-07-01	46	11	13844.73	1258.61	4	5	5	14	Champions
249	2024-04-11	2025-12-04	2024-04-01	27	8	13825.91	1728.24	4	5	5	14	Champions
4650	2025-07-23	2025-12-26	2025-07-01	5	7	13818.91	1974.13	5	4	5	14	Champions
6105	2024-08-17	2025-12-19	2024-08-01	12	8	13788.91	1723.61	5	4	5	14	Champions
3391	2025-10-06	2025-12-24	2025-10-01	7	7	13788.73	1969.82	5	4	5	14	Champions
1103	2025-06-14	2025-12-16	2025-06-01	15	7	13782.53	1968.93	5	4	5	14	Champions
2553	2024-12-24	2025-12-10	2024-12-01	21	8	13781.77	1722.72	4	5	5	14	Champions
5905	2024-09-07	2025-12-21	2024-09-01	10	8	13754.68	1719.34	5	4	5	14	Champions
4176	2025-12-04	2025-12-30	2025-12-01	1	7	13743.07	1963.30	5	4	5	14	Champions
899	2025-10-25	2025-12-24	2025-10-01	7	7	13713.11	1959.02	5	4	5	14	Champions
6787	2024-09-27	2025-12-30	2024-09-01	1	7	13700.38	1957.20	5	4	5	14	Champions
5011	2025-06-24	2025-12-14	2025-06-01	17	7	13653.71	1950.53	5	4	5	14	Champions
3823	2025-01-15	2025-12-12	2025-01-01	19	12	13634.88	1136.24	4	5	5	14	Champions
3311	2024-03-18	2025-11-18	2024-03-01	43	8	13622.46	1702.81	4	5	5	14	Champions
4189	2024-07-24	2025-12-15	2024-07-01	16	7	13594.61	1942.09	5	4	5	14	Champions
3509	2025-12-04	2025-12-25	2025-12-01	6	8	13585.00	1698.13	5	4	5	14	Champions
6630	2025-10-17	2025-12-18	2025-10-01	13	8	13581.74	1697.72	5	4	5	14	Champions
1833	2025-05-14	2025-12-13	2025-05-01	18	8	13571.31	1696.41	4	5	5	14	Champions
3656	2025-01-05	2025-12-23	2025-01-01	8	7	13569.75	1938.54	5	4	5	14	Champions
2050	2024-03-11	2025-12-09	2024-03-01	22	8	13496.76	1687.10	4	5	5	14	Champions
4045	2025-09-05	2025-12-15	2025-09-01	16	7	13479.58	1925.65	5	4	5	14	Champions
630	2025-07-20	2025-12-19	2025-07-01	12	7	13466.56	1923.79	5	4	5	14	Champions
5107	2024-01-23	2025-12-13	2024-01-01	18	13	13455.29	1035.02	4	5	5	14	Champions
3761	2025-07-09	2025-12-19	2025-07-01	12	8	13455.16	1681.90	5	4	5	14	Champions
2320	2025-07-03	2025-12-30	2025-07-01	1	8	13411.61	1676.45	5	5	4	14	Champions
878	2024-06-08	2025-12-15	2024-06-01	16	12	13411.44	1117.62	5	5	4	14	Champions
6930	2024-05-21	2025-12-29	2024-05-01	2	9	13399.98	1488.89	5	5	4	14	Champions
3312	2025-04-17	2025-12-27	2025-04-01	4	12	13374.82	1114.57	5	5	4	14	Champions
292	2024-10-06	2025-12-29	2024-10-01	2	8	13356.67	1669.58	5	5	4	14	Champions
2159	2024-12-23	2025-12-23	2024-12-01	8	12	13349.88	1112.49	5	5	4	14	Champions
1787	2025-11-01	2025-12-25	2025-11-01	6	8	13328.58	1666.07	5	5	4	14	Champions
5258	2024-10-26	2025-12-22	2024-10-01	9	10	13327.64	1332.76	5	5	4	14	Champions
1737	2025-02-22	2025-12-27	2025-02-01	4	8	13286.41	1660.80	5	5	4	14	Champions
7439	2025-09-26	2025-12-19	2025-09-01	12	12	13277.27	1106.44	5	5	4	14	Champions
2541	2025-08-19	2025-12-30	2025-08-01	1	8	13264.95	1658.12	5	5	4	14	Champions
3383	2025-01-03	2025-12-27	2025-01-01	4	13	13249.70	1019.21	5	5	4	14	Champions
5827	2025-03-26	2025-12-18	2025-03-01	13	14	13215.64	943.97	5	5	4	14	Champions
3429	2025-10-28	2025-12-30	2025-10-01	1	13	13206.40	1015.88	5	5	4	14	Champions
4303	2024-05-12	2025-12-19	2024-05-01	12	11	13178.91	1198.08	5	5	4	14	Champions
1486	2025-03-28	2025-12-23	2025-03-01	8	13	13178.73	1013.75	5	5	4	14	Champions
1755	2024-06-03	2025-12-30	2024-06-01	1	8	13142.73	1642.84	5	5	4	14	Champions
1554	2025-06-30	2025-12-20	2025-06-01	11	11	13074.69	1188.61	5	5	4	14	Champions
5527	2025-08-24	2025-12-30	2025-08-01	1	13	13055.69	1004.28	5	5	4	14	Champions
1178	2025-05-06	2025-12-17	2025-05-01	14	14	13027.13	930.51	5	5	4	14	Champions
5538	2025-09-08	2025-12-28	2025-09-01	3	11	13026.19	1184.20	5	5	4	14	Champions
1051	2025-01-15	2025-12-29	2025-01-01	2	8	12995.26	1624.41	5	5	4	14	Champions
2658	2025-12-02	2025-12-24	2025-12-01	7	8	12994.17	1624.27	5	5	4	14	Champions
1295	2025-10-13	2025-12-18	2025-10-01	13	8	12953.12	1619.14	5	5	4	14	Champions
1416	2024-02-04	2025-12-26	2024-02-01	5	12	12943.04	1078.59	5	5	4	14	Champions
7721	2024-03-02	2025-12-28	2024-03-01	3	13	12932.42	994.80	5	5	4	14	Champions
4	2025-10-21	2025-12-22	2025-10-01	9	8	12919.34	1614.92	5	5	4	14	Champions
3203	2025-11-17	2025-12-30	2025-11-01	1	8	12897.57	1612.20	5	5	4	14	Champions
1810	2025-05-04	2025-12-25	2025-05-01	6	13	12821.51	986.27	5	5	4	14	Champions
1030	2025-01-26	2025-12-23	2025-01-01	8	11	12793.56	1163.05	5	5	4	14	Champions
7327	2024-03-24	2025-12-27	2024-03-01	4	13	12746.77	980.52	5	5	4	14	Champions
739	2024-05-16	2025-12-25	2024-05-01	6	8	12735.24	1591.91	5	5	4	14	Champions
1235	2025-03-11	2025-12-20	2025-03-01	11	8	12627.17	1578.40	5	5	4	14	Champions
6971	2024-02-25	2025-12-18	2024-02-01	13	14	12602.79	900.20	5	5	4	14	Champions
2454	2025-10-22	2025-12-28	2025-10-01	3	13	12582.71	967.90	5	5	4	14	Champions
3675	2025-09-16	2025-12-14	2025-09-01	17	14	12572.14	898.01	5	5	4	14	Champions
3051	2025-11-24	2025-12-29	2025-11-01	2	10	12527.96	1252.80	5	5	4	14	Champions
508	2025-01-02	2025-12-16	2025-01-01	15	8	12522.71	1565.34	5	5	4	14	Champions
358	2024-06-04	2025-12-30	2024-06-01	1	8	12502.22	1562.78	5	5	4	14	Champions
2937	2025-07-05	2025-12-26	2025-07-01	5	12	12474.07	1039.51	5	5	4	14	Champions
1851	2024-03-21	2025-12-25	2024-03-01	6	12	12444.15	1037.01	5	5	4	14	Champions
1146	2025-10-23	2025-12-29	2025-10-01	2	8	12415.40	1551.93	5	5	4	14	Champions
7063	2024-12-15	2025-12-22	2024-12-01	9	12	12348.17	1029.01	5	5	4	14	Champions
4029	2024-01-30	2025-12-27	2024-01-01	4	13	12343.57	949.51	5	5	4	14	Champions
7092	2025-11-17	2025-12-29	2025-11-01	2	12	12314.60	1026.22	5	5	4	14	Champions
7238	2025-08-13	2025-12-29	2025-08-01	2	11	12291.77	1117.43	5	5	4	14	Champions
2011	2025-09-05	2025-12-28	2025-09-01	3	12	12235.86	1019.66	5	5	4	14	Champions
2433	2024-02-07	2025-12-21	2024-02-01	10	8	12235.46	1529.43	5	5	4	14	Champions
6760	2024-12-18	2025-12-28	2024-12-01	3	14	12204.20	871.73	5	5	4	14	Champions
78	2025-01-25	2025-12-27	2025-01-01	4	11	12198.74	1108.98	5	5	4	14	Champions
901	2025-04-20	2025-12-23	2025-04-01	8	14	12196.08	871.15	5	5	4	14	Champions
1977	2025-09-27	2025-12-29	2025-09-01	2	14	12148.93	867.78	5	5	4	14	Champions
6153	2024-06-23	2025-12-19	2024-06-01	12	12	12137.85	1011.49	5	5	4	14	Champions
2578	2024-05-05	2025-12-30	2024-05-01	1	13	12121.35	932.41	5	5	4	14	Champions
5814	2025-06-21	2025-12-28	2025-06-01	3	13	12082.66	929.44	5	5	4	14	Champions
1126	2024-04-27	2025-12-25	2024-04-01	6	13	12059.53	927.66	5	5	4	14	Champions
3217	2025-01-11	2025-12-27	2025-01-01	4	8	12058.69	1507.34	5	5	4	14	Champions
3294	2025-11-04	2025-12-30	2025-11-01	1	8	12015.52	1501.94	5	5	4	14	Champions
1917	2024-08-26	2025-12-17	2024-08-01	14	8	11973.96	1496.75	5	5	4	14	Champions
3153	2024-04-18	2025-12-29	2024-04-01	2	10	11966.34	1196.63	5	5	4	14	Champions
2391	2025-06-18	2025-12-24	2025-06-01	7	14	11952.81	853.77	5	5	4	14	Champions
1901	2025-06-30	2025-12-19	2025-06-01	12	13	11921.26	917.02	5	5	4	14	Champions
1022	2025-03-07	2025-12-24	2025-03-01	7	8	11915.11	1489.39	5	5	4	14	Champions
376	2025-01-22	2025-12-21	2025-01-01	10	8	11880.89	1485.11	5	5	4	14	Champions
7767	2024-09-11	2025-12-27	2024-09-01	4	11	11860.59	1078.24	5	5	4	14	Champions
2033	2025-05-29	2025-12-28	2025-05-01	3	12	11856.68	988.06	5	5	4	14	Champions
5194	2024-11-23	2025-12-24	2024-11-01	7	11	11848.53	1077.14	5	5	4	14	Champions
561	2025-07-01	2025-12-17	2025-07-01	14	8	11832.44	1479.06	5	5	4	14	Champions
5020	2025-01-06	2025-12-20	2025-01-01	11	12	11828.93	985.74	5	5	4	14	Champions
7957	2024-11-20	2025-12-28	2024-11-01	3	14	11810.27	843.59	5	5	4	14	Champions
2337	2025-07-28	2025-12-28	2025-07-01	3	12	11785.83	982.15	5	5	4	14	Champions
7038	2025-10-01	2025-12-28	2025-10-01	3	13	11715.54	901.20	5	5	4	14	Champions
2634	2025-06-08	2025-12-28	2025-06-01	3	8	11713.56	1464.20	5	5	4	14	Champions
461	2025-10-26	2025-12-30	2025-10-01	1	12	11708.12	975.68	5	5	4	14	Champions
3994	2025-01-17	2025-12-18	2025-01-01	13	11	11673.12	1061.19	5	5	4	14	Champions
2670	2025-09-26	2025-12-27	2025-09-01	4	8	11667.21	1458.40	5	5	4	14	Champions
1242	2025-02-12	2025-12-28	2025-02-01	3	12	11665.73	972.14	5	5	4	14	Champions
3590	2024-04-12	2025-12-21	2024-04-01	10	12	11624.90	968.74	5	5	4	14	Champions
2483	2024-03-18	2025-12-21	2024-03-01	10	8	11622.13	1452.77	5	5	4	14	Champions
147	2025-02-09	2025-12-18	2025-02-01	13	10	11529.88	1152.99	5	5	4	14	Champions
215	2024-04-30	2025-12-28	2024-04-01	3	13	11480.77	883.14	5	5	4	14	Champions
1118	2025-10-21	2025-12-28	2025-10-01	3	13	11480.48	883.11	5	5	4	14	Champions
1057	2024-03-24	2025-12-24	2024-03-01	7	12	11472.28	956.02	5	5	4	14	Champions
6991	2025-10-09	2025-12-27	2025-10-01	4	12	11428.67	952.39	5	5	4	14	Champions
5669	2025-02-18	2025-12-30	2025-02-01	1	12	11426.71	952.23	5	5	4	14	Champions
6925	2024-06-13	2025-12-24	2024-06-01	7	13	11377.99	875.23	5	5	4	14	Champions
7644	2025-11-27	2025-12-30	2025-11-01	1	14	11286.25	806.16	5	5	4	14	Champions
265	2025-03-16	2025-12-20	2025-03-01	11	8	11251.16	1406.40	5	5	4	14	Champions
5654	2025-02-10	2025-12-21	2025-02-01	10	13	11235.12	864.24	5	5	4	14	Champions
1039	2025-02-15	2025-12-15	2025-02-01	16	12	11231.55	935.96	5	5	4	14	Champions
2014	2024-11-01	2025-12-20	2024-11-01	11	14	11171.49	797.96	5	5	4	14	Champions
4982	2025-06-30	2025-12-23	2025-06-01	8	10	11163.36	1116.34	5	5	4	14	Champions
2229	2025-11-15	2025-12-30	2025-11-01	1	8	11138.66	1392.33	5	5	4	14	Champions
2560	2025-08-11	2025-12-30	2025-08-01	1	12	11122.09	926.84	5	5	4	14	Champions
2260	2025-01-29	2025-12-23	2025-01-01	8	8	11115.47	1389.43	5	5	4	14	Champions
2903	2024-06-09	2025-12-18	2024-06-01	13	10	11031.46	1103.15	5	5	4	14	Champions
2792	2024-12-11	2025-12-29	2024-12-01	2	8	11014.57	1376.82	5	5	4	14	Champions
1442	2025-09-30	2025-12-24	2025-09-01	7	8	11007.07	1375.88	5	5	4	14	Champions
6260	2025-08-31	2025-12-30	2025-08-01	1	12	11002.19	916.85	5	5	4	14	Champions
2332	2025-09-08	2025-12-14	2025-09-01	17	8	10986.74	1373.34	5	5	4	14	Champions
2661	2025-06-27	2025-12-21	2025-06-01	10	13	10972.34	844.03	5	5	4	14	Champions
668	2025-09-12	2025-12-27	2025-09-01	4	12	10897.62	908.14	5	5	4	14	Champions
783	2025-03-30	2025-12-27	2025-03-01	4	8	10894.36	1361.80	5	5	4	14	Champions
2999	2025-01-11	2025-12-27	2025-01-01	4	12	10879.32	906.61	5	5	4	14	Champions
1559	2024-11-27	2025-12-24	2024-11-01	7	8	10876.06	1359.51	5	5	4	14	Champions
6718	2024-10-18	2025-12-19	2024-10-01	12	12	10857.19	904.77	5	5	4	14	Champions
1321	2025-07-21	2025-12-29	2025-07-01	2	8	10856.77	1357.10	5	5	4	14	Champions
217	2024-11-30	2025-12-27	2024-11-01	4	13	10856.41	835.11	5	5	4	14	Champions
3357	2025-09-01	2025-12-21	2025-09-01	10	11	10705.91	973.26	5	5	4	14	Champions
1565	2025-09-22	2025-12-26	2025-09-01	5	12	10692.10	891.01	5	5	4	14	Champions
6304	2024-08-30	2025-12-26	2024-08-01	5	12	10676.05	889.67	5	5	4	14	Champions
505	2024-11-08	2025-12-29	2024-11-01	2	8	10662.29	1332.79	5	5	4	14	Champions
157	2024-04-09	2025-12-21	2024-04-01	10	8	10641.70	1330.21	5	5	4	14	Champions
250	2024-10-06	2025-12-15	2024-10-01	16	8	10641.50	1330.19	5	5	4	14	Champions
3166	2025-07-15	2025-12-23	2025-07-01	8	8	10586.02	1323.25	5	5	4	14	Champions
3187	2025-10-31	2025-12-22	2025-10-01	9	8	10576.08	1322.01	5	5	4	14	Champions
1386	2024-08-22	2025-12-28	2024-08-01	3	13	10570.45	813.11	5	5	4	14	Champions
2868	2024-07-19	2025-12-20	2024-07-01	11	8	10505.83	1313.23	5	5	4	14	Champions
2304	2025-06-02	2025-12-27	2025-06-01	4	8	10433.50	1304.19	5	5	4	14	Champions
900	2025-04-28	2025-12-30	2025-04-01	1	10	10421.32	1042.13	5	5	4	14	Champions
7693	2025-05-13	2025-12-27	2025-05-01	4	12	10350.41	862.53	5	5	4	14	Champions
2214	2025-08-07	2025-12-30	2025-08-01	1	8	10230.38	1278.80	5	5	4	14	Champions
1301	2024-04-18	2025-12-25	2024-04-01	6	11	10188.34	926.21	5	5	4	14	Champions
3094	2025-11-22	2025-12-29	2025-11-01	2	11	10184.78	925.89	5	5	4	14	Champions
182	2025-05-21	2025-12-29	2025-05-01	2	13	10183.49	783.35	5	5	4	14	Champions
5421	2024-04-17	2025-12-29	2024-04-01	2	12	10149.48	845.79	5	5	4	14	Champions
7469	2024-10-20	2025-12-27	2024-10-01	4	11	10136.86	921.53	5	5	4	14	Champions
370	2024-10-19	2025-12-18	2024-10-01	13	8	10087.80	1260.98	5	5	4	14	Champions
3264	2024-04-08	2025-12-29	2024-04-01	2	8	10066.01	1258.25	5	5	4	14	Champions
5179	2025-08-17	2025-12-28	2025-08-01	3	13	10059.38	773.80	5	5	4	14	Champions
3030	2025-07-19	2025-12-22	2025-07-01	9	8	10052.69	1256.59	5	5	4	14	Champions
7939	2025-10-01	2025-12-22	2025-10-01	9	13	9984.89	768.07	5	5	4	14	Champions
368	2025-03-13	2025-12-22	2025-03-01	9	8	9976.06	1247.01	5	5	4	14	Champions
1803	2025-03-20	2025-12-28	2025-03-01	3	12	9958.91	829.91	5	5	4	14	Champions
4190	2025-04-03	2025-12-27	2025-04-01	4	9	9939.69	1104.41	5	5	4	14	Champions
2078	2025-09-12	2025-12-22	2025-09-01	9	8	9931.94	1241.49	5	5	4	14	Champions
856	2024-12-09	2025-12-16	2024-12-01	15	8	9867.35	1233.42	5	5	4	14	Champions
6733	2025-09-21	2025-12-16	2025-09-01	15	13	9738.81	749.14	5	5	4	14	Champions
1687	2024-11-12	2025-12-14	2024-11-01	17	13	9691.22	745.48	5	5	4	14	Champions
1079	2025-06-06	2025-12-15	2025-06-01	16	12	9678.49	806.54	5	5	4	14	Champions
4407	2025-03-02	2025-12-27	2025-03-01	4	11	9676.70	879.70	5	5	4	14	Champions
1453	2025-07-06	2025-12-30	2025-07-01	1	8	9664.85	1208.11	5	5	4	14	Champions
566	2025-09-12	2025-12-30	2025-09-01	1	8	9657.23	1207.15	5	5	4	14	Champions
333	2025-07-07	2025-12-15	2025-07-01	16	8	9628.35	1203.54	5	5	4	14	Champions
3936	2025-09-27	2025-12-26	2025-09-01	5	12	9626.08	802.17	5	5	4	14	Champions
2768	2025-09-13	2025-12-27	2025-09-01	4	8	9594.68	1199.34	5	5	4	14	Champions
6348	2024-10-02	2025-12-28	2024-10-01	3	10	9578.85	957.89	5	5	4	14	Champions
4087	2025-03-04	2025-12-28	2025-03-01	3	11	9505.41	864.13	5	5	4	14	Champions
5004	2024-04-03	2025-12-28	2024-04-01	3	11	9443.39	858.49	5	5	4	14	Champions
2022	2024-01-12	2025-12-27	2024-01-01	4	8	9399.86	1174.98	5	5	4	14	Champions
3160	2025-09-17	2025-12-30	2025-09-01	1	12	9385.54	782.13	5	5	4	14	Champions
957	2024-01-12	2025-12-15	2024-01-01	16	14	9329.24	666.37	5	5	4	14	Champions
3441	2025-03-31	2025-12-24	2025-03-01	7	8	9315.60	1164.45	5	5	4	14	Champions
6632	2025-06-01	2025-12-18	2025-06-01	13	13	9314.29	716.48	5	5	4	14	Champions
3611	2025-09-25	2025-12-22	2025-09-01	9	10	9247.50	924.75	5	5	4	14	Champions
5196	2024-10-26	2025-12-16	2024-10-01	15	11	9235.64	839.60	5	5	4	14	Champions
1582	2024-11-15	2025-12-20	2024-11-01	11	8	9230.07	1153.76	5	5	4	14	Champions
4534	2024-10-04	2025-12-16	2024-10-01	15	12	9223.76	768.65	5	5	4	14	Champions
347	2024-01-15	2025-12-29	2024-01-01	2	14	9218.53	658.47	5	5	4	14	Champions
7236	2024-05-17	2025-12-30	2024-05-01	1	13	9181.96	706.30	5	5	4	14	Champions
1930	2024-12-14	2025-12-30	2024-12-01	1	8	9167.65	1145.96	5	5	4	14	Champions
441	2024-03-28	2025-12-18	2024-03-01	13	8	9080.44	1135.06	5	5	4	14	Champions
3458	2025-04-12	2025-12-16	2025-04-01	15	8	9007.08	1125.89	5	5	4	14	Champions
1377	2024-06-27	2025-12-24	2024-06-01	7	11	8966.01	815.09	5	5	4	14	Champions
5660	2025-05-27	2025-12-30	2025-05-01	1	13	8963.94	689.53	5	5	4	14	Champions
1543	2024-04-09	2025-12-21	2024-04-01	10	8	8805.83	1100.73	5	5	4	14	Champions
1298	2024-06-04	2025-12-25	2024-06-01	6	11	8747.17	795.20	5	5	4	14	Champions
3060	2025-09-30	2025-12-28	2025-09-01	3	12	8745.97	728.83	5	5	4	14	Champions
1580	2024-02-03	2025-12-25	2024-02-01	6	8	8678.54	1084.82	5	5	4	14	Champions
7152	2025-01-22	2025-12-20	2025-01-01	11	11	8660.25	787.30	5	5	4	14	Champions
698	2025-06-26	2025-12-23	2025-06-01	8	8	8643.34	1080.42	5	5	4	14	Champions
2444	2025-10-21	2025-12-26	2025-10-01	5	8	8578.72	1072.34	5	5	4	14	Champions
140	2024-11-15	2025-12-25	2024-11-01	6	11	8521.58	774.69	5	5	4	14	Champions
3755	2024-12-26	2025-12-22	2024-12-01	9	13	8501.07	653.93	5	5	4	14	Champions
1256	2024-03-04	2025-12-30	2024-03-01	1	8	8490.59	1061.32	5	5	4	14	Champions
1101	2025-05-10	2025-12-27	2025-05-01	4	8	8452.86	1056.61	5	5	4	14	Champions
88	2024-09-17	2025-12-18	2024-09-01	13	8	8446.31	1055.79	5	5	4	14	Champions
3156	2024-05-01	2025-12-30	2024-05-01	1	8	8271.17	1033.90	5	5	4	14	Champions
6707	2025-03-29	2025-12-21	2025-03-01	10	13	8241.60	633.97	5	5	4	14	Champions
3118	2025-07-22	2025-12-25	2025-07-01	6	8	8176.65	1022.08	5	5	4	14	Champions
2945	2025-02-03	2025-12-25	2025-02-01	6	8	8136.64	1017.08	5	5	4	14	Champions
2193	2025-12-04	2025-12-25	2025-12-01	6	8	8117.39	1014.67	5	5	4	14	Champions
7459	2025-02-26	2025-12-25	2025-02-01	6	11	8065.96	733.27	5	5	4	14	Champions
6081	2024-07-20	2025-10-14	2024-07-01	78	13	42173.89	3244.15	3	5	5	13	Champions
7540	2024-06-21	2025-10-12	2024-06-01	80	12	37334.18	3111.18	3	5	5	13	Champions
5709	2024-06-29	2025-09-01	2024-06-01	121	14	33945.26	2424.66	3	5	5	13	Champions
3941	2024-01-06	2025-08-11	2024-01-01	142	13	33871.72	2605.52	3	5	5	13	Champions
222	2024-01-22	2025-09-27	2024-01-01	95	14	30921.86	2208.70	3	5	5	13	Champions
2308	2024-03-27	2025-11-04	2024-03-01	57	13	30231.63	2325.51	3	5	5	13	Champions
3766	2025-03-28	2025-11-09	2025-03-01	52	8	29858.19	3732.27	4	4	5	13	Champions
2133	2024-02-13	2025-08-15	2024-02-01	138	14	29501.98	2107.28	3	5	5	13	Champions
588	2024-08-14	2025-09-26	2024-08-01	96	12	29482.20	2456.85	3	5	5	13	Champions
6596	2024-01-28	2025-11-18	2024-01-01	43	8	28600.13	3575.02	4	4	5	13	Champions
3750	2024-08-20	2025-10-21	2024-08-01	71	12	28550.50	2379.21	3	5	5	13	Champions
3894	2024-05-14	2025-09-17	2024-05-01	105	12	27960.37	2330.03	3	5	5	13	Champions
2469	2025-01-23	2025-11-03	2025-01-01	58	13	27829.82	2140.76	3	5	5	13	Champions
5450	2024-05-09	2025-11-30	2024-05-01	31	8	27639.91	3454.99	4	4	5	13	Champions
305	2025-01-25	2025-10-09	2025-01-01	83	13	27478.21	2113.71	3	5	5	13	Champions
3534	2024-07-18	2025-11-07	2024-07-01	54	12	27204.58	2267.05	3	5	5	13	Champions
5760	2025-07-16	2025-11-13	2025-07-01	48	8	26978.62	3372.33	4	4	5	13	Champions
3875	2025-03-18	2025-10-26	2025-03-01	66	13	26930.10	2071.55	3	5	5	13	Champions
2346	2024-02-10	2025-10-23	2024-02-01	69	12	26818.19	2234.85	3	5	5	13	Champions
5718	2024-11-07	2025-10-25	2024-11-01	67	12	26811.79	2234.32	3	5	5	13	Champions
4136	2024-04-07	2025-10-26	2024-04-01	66	13	26558.60	2042.97	3	5	5	13	Champions
5618	2024-01-09	2025-10-02	2024-01-01	90	13	25979.81	1998.45	3	5	5	13	Champions
7707	2025-01-02	2025-10-13	2025-01-01	79	12	25831.52	2152.63	3	5	5	13	Champions
4865	2024-02-01	2025-09-01	2024-02-01	121	9	25734.20	2859.36	3	5	5	13	Champions
213	2025-10-06	2025-12-11	2025-10-01	20	7	25604.44	3657.78	4	4	5	13	Champions
7204	2025-12-04	2025-12-25	2025-12-01	6	7	25491.37	3641.62	5	3	5	13	Champions
1938	2024-08-26	2025-10-27	2024-08-01	65	13	25473.32	1959.49	3	5	5	13	Champions
3192	2024-01-17	2025-10-05	2024-01-01	87	13	24909.70	1916.13	3	5	5	13	Champions
4181	2024-04-16	2025-12-11	2024-04-01	20	8	24776.14	3097.02	4	4	5	13	Champions
5592	2024-11-26	2025-09-24	2024-11-01	98	14	24633.54	1759.54	3	5	5	13	Champions
534	2025-01-02	2025-10-12	2025-01-01	80	11	24552.38	2232.03	3	5	5	13	Champions
3910	2025-05-02	2025-09-18	2025-05-01	104	12	24534.60	2044.55	3	5	5	13	Champions
892	2025-07-06	2025-12-06	2025-07-01	25	7	24484.98	3497.85	4	4	5	13	Champions
2436	2024-03-01	2025-09-24	2024-03-01	98	12	24450.86	2037.57	3	5	5	13	Champions
1166	2025-09-03	2025-12-25	2025-09-01	6	6	24374.70	4062.45	5	3	5	13	Champions
6070	2024-08-05	2025-11-27	2024-08-01	34	8	24272.17	3034.02	4	4	5	13	Champions
5577	2024-07-15	2025-11-06	2024-07-01	55	13	23976.08	1844.31	3	5	5	13	Champions
5789	2024-03-14	2025-10-10	2024-03-01	82	11	23913.64	2173.97	3	5	5	13	Champions
6928	2024-12-11	2025-12-01	2024-12-01	30	8	23670.12	2958.77	4	4	5	13	Champions
4208	2024-12-06	2025-11-21	2024-12-01	40	8	23521.50	2940.19	4	4	5	13	Champions
1418	2024-09-23	2025-10-06	2024-09-01	86	11	23517.84	2137.99	3	5	5	13	Champions
5624	2024-09-09	2025-08-22	2024-09-01	131	14	23314.49	1665.32	3	5	5	13	Champions
5127	2024-08-20	2025-11-22	2024-08-01	39	7	23060.07	3294.30	4	4	5	13	Champions
7902	2025-04-10	2025-12-21	2025-04-01	10	7	22929.22	3275.60	5	3	5	13	Champions
4462	2024-05-12	2025-08-29	2024-05-01	124	12	22862.15	1905.18	3	5	5	13	Champions
4249	2024-11-01	2025-12-04	2024-11-01	27	7	22676.23	3239.46	4	4	5	13	Champions
4450	2024-01-27	2025-09-21	2024-01-01	101	12	22394.32	1866.19	3	5	5	13	Champions
2493	2024-02-19	2025-10-02	2024-02-01	90	13	22360.44	1720.03	3	5	5	13	Champions
4871	2025-06-17	2025-11-17	2025-06-01	44	8	22313.88	2789.24	4	4	5	13	Champions
3052	2024-05-16	2025-10-20	2024-05-01	72	8	22262.19	2782.77	3	5	5	13	Champions
7978	2024-06-16	2025-12-14	2024-06-01	17	8	22050.42	2756.30	4	4	5	13	Champions
2919	2025-01-01	2025-11-07	2025-01-01	54	11	22034.62	2003.15	3	5	5	13	Champions
5268	2024-07-21	2025-10-25	2024-07-01	67	13	21800.87	1676.99	3	5	5	13	Champions
3470	2025-06-17	2025-11-21	2025-06-01	40	7	21778.84	3111.26	4	4	5	13	Champions
7075	2025-06-03	2025-12-14	2025-06-01	17	8	21768.53	2721.07	4	4	5	13	Champions
6274	2024-06-03	2025-12-01	2024-06-01	30	8	21749.08	2718.64	4	4	5	13	Champions
770	2024-10-01	2025-12-07	2024-10-01	24	7	21634.68	3090.67	4	4	5	13	Champions
7641	2025-10-04	2025-12-06	2025-10-01	25	8	21511.55	2688.94	4	4	5	13	Champions
1638	2024-11-02	2025-09-03	2024-11-01	119	13	21511.28	1654.71	3	5	5	13	Champions
7464	2025-10-30	2025-12-22	2025-10-01	9	7	21303.41	3043.34	5	3	5	13	Champions
2084	2024-11-26	2025-09-20	2024-11-01	102	8	21200.92	2650.12	3	5	5	13	Champions
7675	2024-03-15	2025-10-03	2024-03-01	89	12	21175.80	1764.65	3	5	5	13	Champions
7899	2024-05-20	2025-11-04	2024-05-01	57	12	21170.07	1764.17	3	5	5	13	Champions
1853	2024-04-30	2025-10-24	2024-04-01	68	13	21068.80	1620.68	3	5	5	13	Champions
5674	2024-07-02	2025-12-05	2024-07-01	26	8	21066.16	2633.27	4	4	5	13	Champions
2869	2025-06-22	2025-12-25	2025-06-01	6	5	20959.84	4191.97	5	3	5	13	Champions
2305	2024-12-08	2025-12-25	2024-12-01	6	6	20817.85	3469.64	5	3	5	13	Champions
6326	2024-12-13	2025-10-28	2024-12-01	64	12	20742.66	1728.56	3	5	5	13	Champions
2666	2024-03-31	2025-11-06	2024-03-01	55	8	20738.17	2592.27	3	5	5	13	Champions
4789	2024-03-01	2025-12-07	2024-03-01	24	7	20721.95	2960.28	4	4	5	13	Champions
6816	2024-01-21	2025-10-12	2024-01-01	80	13	20692.05	1591.70	3	5	5	13	Champions
6582	2024-11-27	2025-11-19	2024-11-01	42	7	20642.54	2948.93	4	4	5	13	Champions
5168	2024-01-09	2025-10-06	2024-01-01	86	12	20553.20	1712.77	3	5	5	13	Champions
4470	2024-07-27	2025-10-27	2024-07-01	65	14	20331.45	1452.25	3	5	5	13	Champions
6009	2025-04-15	2025-11-15	2025-04-01	46	8	20315.73	2539.47	4	4	5	13	Champions
7021	2024-01-24	2025-10-26	2024-01-01	66	14	20158.40	1439.89	3	5	5	13	Champions
4851	2024-05-06	2025-10-01	2024-05-01	91	13	20137.96	1549.07	3	5	5	13	Champions
7609	2024-09-24	2025-11-14	2024-09-01	47	8	20133.13	2516.64	4	4	5	13	Champions
7926	2024-01-20	2025-10-26	2024-01-01	66	12	20065.97	1672.16	3	5	5	13	Champions
7815	2025-02-22	2025-10-20	2025-02-01	72	12	20026.19	1668.85	3	5	5	13	Champions
6288	2024-03-20	2025-12-06	2024-03-01	25	7	20009.97	2858.57	4	4	5	13	Champions
304	2024-02-14	2025-09-21	2024-02-01	101	12	19993.66	1666.14	3	5	5	13	Champions
6027	2024-10-31	2025-10-11	2024-10-01	81	14	19946.66	1424.76	3	5	5	13	Champions
5974	2025-03-06	2025-11-02	2025-03-01	59	12	19764.08	1647.01	3	5	5	13	Champions
6842	2024-10-27	2025-11-28	2024-10-01	33	7	19676.73	2810.96	4	4	5	13	Champions
4475	2025-04-30	2025-11-30	2025-04-01	31	7	19659.17	2808.45	4	4	5	13	Champions
3050	2024-05-04	2025-10-12	2024-05-01	80	13	19591.45	1507.03	3	5	5	13	Champions
4248	2025-01-16	2025-11-13	2025-01-01	48	7	19521.45	2788.78	4	4	5	13	Champions
6572	2025-06-05	2025-11-18	2025-06-01	43	7	19429.86	2775.69	4	4	5	13	Champions
1611	2024-08-25	2025-11-04	2024-08-01	57	8	19408.38	2426.05	3	5	5	13	Champions
364	2025-04-19	2025-11-05	2025-04-01	56	13	19406.97	1492.84	3	5	5	13	Champions
5950	2024-07-04	2025-12-08	2024-07-01	23	8	19403.48	2425.44	4	4	5	13	Champions
4323	2024-05-17	2025-10-04	2024-05-01	88	13	19333.31	1487.18	3	5	5	13	Champions
7536	2024-04-15	2025-10-28	2024-04-01	64	13	19322.66	1486.36	3	5	5	13	Champions
7146	2024-11-15	2025-10-12	2024-11-01	80	12	19322.22	1610.19	3	5	5	13	Champions
1573	2024-02-28	2025-10-30	2024-02-01	62	13	19271.34	1482.41	3	5	5	13	Champions
6031	2025-05-16	2025-12-28	2025-05-01	3	6	19246.46	3207.74	5	3	5	13	Champions
1355	2025-05-23	2025-10-31	2025-05-01	61	8	19232.21	2404.03	3	5	5	13	Champions
303	2024-05-07	2025-11-01	2024-05-01	60	13	19229.57	1479.20	3	5	5	13	Champions
3209	2024-01-20	2025-09-30	2024-01-01	92	11	19209.62	1746.33	3	5	5	13	Champions
4638	2025-04-30	2025-12-01	2025-04-01	30	7	19180.99	2740.14	4	4	5	13	Champions
1334	2024-10-21	2025-11-05	2024-10-01	56	11	19180.78	1743.71	3	5	5	13	Champions
2160	2024-10-23	2025-10-25	2024-10-01	67	8	19065.54	2383.19	3	5	5	13	Champions
2113	2024-12-17	2025-11-02	2024-12-01	59	13	19033.46	1464.11	3	5	5	13	Champions
1219	2024-08-29	2025-10-22	2024-08-01	70	12	18806.21	1567.18	3	5	5	13	Champions
6133	2024-10-26	2025-10-12	2024-10-01	80	12	18764.36	1563.70	3	5	5	13	Champions
5758	2024-08-31	2025-10-26	2024-08-01	66	13	18752.67	1442.51	3	5	5	13	Champions
4495	2024-06-06	2025-11-30	2024-06-01	31	7	18720.89	2674.41	4	4	5	13	Champions
1379	2024-02-26	2025-10-08	2024-02-01	84	8	18713.24	2339.16	3	5	5	13	Champions
5082	2024-01-08	2025-10-30	2024-01-01	62	13	18653.70	1434.90	3	5	5	13	Champions
5447	2024-05-27	2025-12-08	2024-05-01	23	7	18639.88	2662.84	4	4	5	13	Champions
6242	2024-07-29	2025-10-20	2024-07-01	72	12	18632.09	1552.67	3	5	5	13	Champions
6283	2024-06-23	2025-12-03	2024-06-01	28	7	18609.45	2658.49	4	4	5	13	Champions
5555	2025-07-13	2025-11-29	2025-07-01	32	8	18536.51	2317.06	4	4	5	13	Champions
3559	2024-10-12	2025-10-26	2024-10-01	66	11	18519.60	1683.60	3	5	5	13	Champions
888	2024-07-15	2025-11-06	2024-07-01	55	8	18507.46	2313.43	3	5	5	13	Champions
1686	2025-03-28	2025-11-02	2025-03-01	59	9	18478.03	2053.11	3	5	5	13	Champions
5785	2024-02-04	2025-11-12	2024-02-01	49	8	18468.80	2308.60	4	4	5	13	Champions
2972	2024-05-23	2025-09-23	2024-05-01	99	8	18433.17	2304.15	3	5	5	13	Champions
5288	2024-04-10	2025-08-19	2024-04-01	134	12	18412.89	1534.41	3	5	5	13	Champions
3747	2024-02-14	2025-10-04	2024-02-01	88	13	18373.40	1413.34	3	5	5	13	Champions
4271	2024-12-13	2025-12-03	2024-12-01	28	8	18347.93	2293.49	4	4	5	13	Champions
7874	2024-04-26	2025-12-07	2024-04-01	24	8	18346.03	2293.25	4	4	5	13	Champions
280	2024-05-05	2025-11-24	2024-05-01	37	7	18315.75	2616.54	4	4	5	13	Champions
5481	2024-09-25	2025-11-13	2024-09-01	48	7	18308.62	2615.52	4	4	5	13	Champions
1767	2024-07-30	2025-12-25	2024-07-01	6	6	18298.17	3049.70	5	3	5	13	Champions
1748	2024-02-23	2025-09-24	2024-02-01	98	8	18240.22	2280.03	3	5	5	13	Champions
3186	2025-11-06	2025-12-23	2025-11-01	8	5	18192.97	3638.59	5	3	5	13	Champions
4020	2024-08-08	2025-11-15	2024-08-01	46	7	18089.24	2584.18	4	4	5	13	Champions
3502	2024-12-19	2025-10-05	2024-12-01	87	12	18034.22	1502.85	3	5	5	13	Champions
5494	2024-05-08	2025-10-05	2024-05-01	87	14	17932.67	1280.91	3	5	5	13	Champions
5795	2024-04-22	2025-12-02	2024-04-01	29	8	17903.29	2237.91	4	4	5	13	Champions
3987	2025-09-13	2025-12-05	2025-09-01	26	7	17812.84	2544.69	4	4	5	13	Champions
3737	2024-11-30	2025-12-10	2024-11-01	21	8	17811.54	2226.44	4	4	5	13	Champions
2906	2024-11-12	2025-10-31	2024-11-01	61	8	17725.65	2215.71	3	5	5	13	Champions
1813	2024-04-24	2025-10-08	2024-04-01	84	8	17683.24	2210.41	3	5	5	13	Champions
693	2024-01-05	2025-09-22	2024-01-01	100	13	17681.60	1360.12	3	5	5	13	Champions
4031	2024-03-11	2025-11-25	2024-03-01	36	7	17640.64	2520.09	4	4	5	13	Champions
3732	2025-08-17	2025-11-12	2025-08-01	49	8	17610.26	2201.28	4	4	5	13	Champions
4104	2025-01-06	2025-12-01	2025-01-01	30	7	17608.66	2515.52	4	4	5	13	Champions
2711	2024-11-11	2025-11-03	2024-11-01	58	8	17592.40	2199.05	3	5	5	13	Champions
4216	2024-01-01	2025-11-25	2024-01-01	36	8	17554.04	2194.26	4	4	5	13	Champions
3566	2024-09-21	2025-11-24	2024-09-01	37	8	17547.68	2193.46	4	4	5	13	Champions
4217	2025-03-28	2025-12-16	2025-03-01	15	6	17508.94	2918.16	5	3	5	13	Champions
2349	2024-09-02	2025-10-23	2024-09-01	69	13	17486.42	1345.11	3	5	5	13	Champions
7605	2025-08-03	2025-12-30	2025-08-01	1	7	17485.52	2497.93	5	3	5	13	Champions
1240	2025-05-05	2025-11-04	2025-05-01	57	13	17485.46	1345.04	3	5	5	13	Champions
1494	2024-02-13	2025-10-29	2024-02-01	63	12	17419.71	1451.64	3	5	5	13	Champions
7454	2024-07-08	2025-12-06	2024-07-01	25	8	17378.85	2172.36	4	4	5	13	Champions
5058	2024-05-18	2025-09-18	2024-05-01	104	13	17346.42	1334.34	3	5	5	13	Champions
6776	2024-01-12	2025-10-09	2024-01-01	83	14	17334.06	1238.15	3	5	5	13	Champions
450	2024-02-25	2025-10-09	2024-02-01	83	13	17321.69	1332.44	3	5	5	13	Champions
130	2024-04-05	2025-10-05	2024-04-01	87	8	17300.57	2162.57	3	5	5	13	Champions
6545	2024-11-07	2025-12-04	2024-11-01	27	8	17185.91	2148.24	4	4	5	13	Champions
5636	2025-03-14	2025-11-18	2025-03-01	43	8	17158.18	2144.77	4	4	5	13	Champions
7074	2024-12-13	2025-11-04	2024-12-01	57	14	17148.48	1224.89	3	5	5	13	Champions
2316	2025-09-25	2025-11-05	2025-09-01	56	8	17092.50	2136.56	3	5	5	13	Champions
4529	2024-01-29	2025-11-30	2024-01-01	31	7	17067.51	2438.22	4	4	5	13	Champions
1221	2024-07-27	2025-10-13	2024-07-01	79	12	17060.27	1421.69	3	5	5	13	Champions
3409	2024-01-23	2025-09-12	2024-01-01	110	13	17031.01	1310.08	3	5	5	13	Champions
547	2024-05-04	2025-10-03	2024-05-01	89	8	17017.32	2127.17	3	5	5	13	Champions
774	2024-04-11	2025-10-10	2024-04-01	82	12	16984.59	1415.38	3	5	5	13	Champions
2037	2025-09-21	2025-11-23	2025-09-01	38	7	16887.52	2412.50	4	4	5	13	Champions
3453	2025-04-30	2025-09-06	2025-04-01	116	8	16885.44	2110.68	3	5	5	13	Champions
4457	2024-04-16	2025-11-27	2024-04-01	34	7	16719.65	2388.52	4	4	5	13	Champions
3365	2024-12-23	2025-11-08	2024-12-01	53	7	16688.76	2384.11	4	4	5	13	Champions
958	2025-02-14	2025-09-30	2025-02-01	92	8	16654.53	2081.82	3	5	5	13	Champions
5536	2025-08-13	2025-12-02	2025-08-01	29	8	16648.25	2081.03	4	4	5	13	Champions
7751	2024-05-23	2025-12-04	2024-05-01	27	8	16619.19	2077.40	4	4	5	13	Champions
3860	2025-04-27	2025-11-20	2025-04-01	41	8	16515.86	2064.48	4	4	5	13	Champions
5992	2024-04-28	2025-10-14	2024-04-01	78	14	16468.85	1176.35	3	5	5	13	Champions
1332	2024-02-06	2025-11-07	2024-02-01	54	7	16430.00	2347.14	4	4	5	13	Champions
731	2024-07-15	2025-10-12	2024-07-01	80	13	16391.81	1260.91	3	5	5	13	Champions
436	2024-02-29	2025-09-10	2024-02-01	112	8	16368.01	2046.00	3	5	5	13	Champions
1288	2025-05-27	2025-10-31	2025-05-01	61	8	16346.23	2043.28	3	5	5	13	Champions
6628	2024-09-25	2025-10-07	2024-09-01	85	12	16343.63	1361.97	3	5	5	13	Champions
162	2025-05-07	2025-12-12	2025-05-01	19	7	16241.11	2320.16	4	4	5	13	Champions
2884	2024-06-09	2025-08-19	2024-06-01	134	8	16230.35	2028.79	3	5	5	13	Champions
979	2024-05-28	2025-11-05	2024-05-01	56	8	16219.36	2027.42	3	5	5	13	Champions
1924	2024-06-04	2025-10-26	2024-06-01	66	8	16178.37	2022.30	3	5	5	13	Champions
1978	2024-02-04	2025-12-01	2024-02-01	30	7	16168.98	2309.85	4	4	5	13	Champions
7334	2024-05-23	2025-10-09	2024-05-01	83	12	16036.15	1336.35	3	5	5	13	Champions
2180	2024-05-21	2025-08-16	2024-05-01	137	11	16013.85	1455.80	3	5	5	13	Champions
1561	2024-10-27	2025-12-28	2024-10-01	3	6	16010.37	2668.40	5	3	5	13	Champions
5706	2025-03-31	2025-12-07	2025-03-01	24	8	15977.94	1997.24	4	4	5	13	Champions
5695	2024-12-16	2025-12-08	2024-12-01	23	8	15945.24	1993.16	4	4	5	13	Champions
6325	2025-09-24	2025-12-09	2025-09-01	22	8	15886.40	1985.80	4	4	5	13	Champions
2802	2024-01-04	2025-11-10	2024-01-01	51	7	15861.72	2265.96	4	4	5	13	Champions
5071	2024-03-16	2025-11-18	2024-03-01	43	8	15780.06	1972.51	4	4	5	13	Champions
7513	2025-05-15	2025-12-03	2025-05-01	28	8	15776.22	1972.03	4	4	5	13	Champions
388	2024-01-14	2025-09-24	2024-01-01	98	8	15760.80	1970.10	3	5	5	13	Champions
3011	2024-01-01	2025-12-10	2024-01-01	21	7	15728.49	2246.93	4	4	5	13	Champions
4641	2024-05-12	2025-11-25	2024-05-01	36	7	15720.60	2245.80	4	4	5	13	Champions
7651	2025-08-14	2025-11-30	2025-08-01	31	8	15714.00	1964.25	4	4	5	13	Champions
4110	2024-10-02	2025-10-17	2024-10-01	75	13	15691.98	1207.08	3	5	5	13	Champions
1567	2025-11-22	2025-12-26	2025-11-01	5	6	15635.50	2605.92	5	3	5	13	Champions
7087	2025-07-22	2025-12-02	2025-07-01	29	8	15579.44	1947.43	4	4	5	13	Champions
452	2025-01-04	2025-11-25	2025-01-01	36	7	15562.88	2223.27	4	4	5	13	Champions
2144	2025-08-15	2025-11-27	2025-08-01	34	7	15524.36	2217.77	4	4	5	13	Champions
1473	2025-05-10	2025-10-16	2025-05-01	76	8	15473.03	1934.13	3	5	5	13	Champions
1946	2024-12-29	2025-11-06	2024-12-01	55	8	15467.12	1933.39	3	5	5	13	Champions
1270	2024-05-13	2025-09-03	2024-05-01	119	8	15461.31	1932.66	3	5	5	13	Champions
2283	2024-04-16	2025-12-12	2024-04-01	19	7	15421.68	2203.10	4	4	5	13	Champions
7127	2024-12-03	2025-12-10	2024-12-01	21	8	15336.29	1917.04	4	4	5	13	Champions
1727	2024-08-18	2025-09-03	2024-08-01	119	14	15287.63	1091.97	3	5	5	13	Champions
398	2024-11-30	2025-10-22	2024-11-01	70	10	15286.59	1528.66	3	5	5	13	Champions
6000	2024-06-11	2025-12-01	2024-06-01	30	8	15273.28	1909.16	4	4	5	13	Champions
3324	2025-06-03	2025-12-09	2025-06-01	22	7	15189.34	2169.91	4	4	5	13	Champions
574	2024-01-22	2025-09-23	2024-01-01	99	8	15139.46	1892.43	3	5	5	13	Champions
1199	2024-07-27	2025-10-16	2024-07-01	76	14	15121.86	1080.13	3	5	5	13	Champions
4888	2025-03-17	2025-11-22	2025-03-01	39	7	15119.62	2159.95	4	4	5	13	Champions
6884	2025-05-04	2025-11-25	2025-05-01	36	7	15117.02	2159.57	4	4	5	13	Champions
3505	2024-08-03	2025-11-12	2024-08-01	49	8	15070.30	1883.79	4	4	5	13	Champions
115	2024-01-29	2025-10-31	2024-01-01	61	12	15064.38	1255.37	3	5	5	13	Champions
5656	2025-08-16	2025-11-19	2025-08-01	42	8	15048.04	1881.01	4	4	5	13	Champions
3730	2024-01-15	2025-12-11	2024-01-01	20	8	15036.09	1879.51	4	4	5	13	Champions
1159	2024-12-01	2025-10-23	2024-12-01	69	8	15028.81	1878.60	3	5	5	13	Champions
4781	2024-02-24	2025-11-27	2024-02-01	34	8	15018.73	1877.34	4	4	5	13	Champions
5012	2024-12-09	2025-11-15	2024-12-01	46	8	15011.57	1876.45	4	4	5	13	Champions
5842	2024-08-01	2025-10-16	2024-08-01	76	11	15004.54	1364.05	3	5	5	13	Champions
1404	2024-06-16	2025-12-02	2024-06-01	29	7	14998.40	2142.63	4	4	5	13	Champions
4607	2024-04-16	2025-11-25	2024-04-01	36	8	14996.81	1874.60	4	4	5	13	Champions
5063	2024-04-28	2025-11-08	2024-04-01	53	8	14988.94	1873.62	4	4	5	13	Champions
5779	2025-08-13	2025-11-09	2025-08-01	52	7	14965.42	2137.92	4	4	5	13	Champions
6061	2025-08-20	2025-12-09	2025-08-01	22	8	14942.75	1867.84	4	4	5	13	Champions
5334	2025-08-25	2025-12-12	2025-08-01	19	8	14873.77	1859.22	4	4	5	13	Champions
4568	2024-04-28	2025-09-11	2024-04-01	111	13	14859.91	1143.07	3	5	5	13	Champions
2490	2024-10-03	2025-12-01	2024-10-01	30	7	14853.11	2121.87	4	4	5	13	Champions
4754	2024-05-02	2025-12-02	2024-05-01	29	8	14846.78	1855.85	4	4	5	13	Champions
1438	2025-01-03	2025-09-28	2025-01-01	94	8	14843.67	1855.46	3	5	5	13	Champions
4448	2024-04-13	2025-11-05	2024-04-01	56	12	14840.20	1236.68	3	5	5	13	Champions
5646	2025-03-24	2025-11-11	2025-03-01	50	7	14830.29	2118.61	4	4	5	13	Champions
4786	2025-10-14	2025-12-08	2025-10-01	23	7	14823.94	2117.71	4	4	5	13	Champions
562	2024-05-23	2025-12-12	2024-05-01	19	7	14810.09	2115.73	4	4	5	13	Champions
1639	2025-04-29	2025-12-14	2025-04-01	17	6	14790.44	2465.07	5	3	5	13	Champions
910	2024-08-12	2025-12-13	2024-08-01	18	7	14762.35	2108.91	4	4	5	13	Champions
4165	2025-06-22	2025-12-24	2025-06-01	7	6	14759.29	2459.88	5	3	5	13	Champions
2804	2024-06-12	2025-10-27	2024-06-01	65	8	14750.31	1843.79	3	5	5	13	Champions
1035	2024-08-23	2025-10-28	2024-08-01	64	14	14702.77	1050.20	3	5	5	13	Champions
585	2024-09-03	2025-12-08	2024-09-01	23	7	14701.42	2100.20	4	4	5	13	Champions
842	2025-08-06	2025-12-14	2025-08-01	17	6	14684.79	2447.47	5	3	5	13	Champions
3510	2024-07-05	2025-11-15	2024-07-01	46	8	14675.54	1834.44	4	4	5	13	Champions
1696	2025-10-01	2025-11-30	2025-10-01	31	7	14619.57	2088.51	4	4	5	13	Champions
7056	2024-07-12	2025-09-25	2024-07-01	97	11	14614.84	1328.62	3	5	5	13	Champions
4317	2024-10-04	2025-09-18	2024-10-01	104	11	14602.09	1327.46	3	5	5	13	Champions
6125	2025-08-14	2025-12-15	2025-08-01	16	6	14593.04	2432.17	5	3	5	13	Champions
6191	2025-03-24	2025-11-28	2025-03-01	33	7	14576.96	2082.42	4	4	5	13	Champions
5781	2024-01-02	2025-12-08	2024-01-01	23	8	14563.46	1820.43	4	4	5	13	Champions
2622	2025-01-17	2025-10-15	2025-01-01	77	8	14554.12	1819.27	3	5	5	13	Champions
4341	2025-05-09	2025-12-02	2025-05-01	29	7	14529.56	2075.65	4	4	5	13	Champions
5377	2024-01-01	2025-12-08	2024-01-01	23	7	14503.74	2071.96	4	4	5	13	Champions
5134	2025-07-08	2025-11-18	2025-07-01	43	8	14501.63	1812.70	4	4	5	13	Champions
5454	2024-04-24	2025-08-12	2024-04-01	141	13	14485.24	1114.25	3	5	5	13	Champions
4645	2025-01-14	2025-12-07	2025-01-01	24	8	14479.34	1809.92	4	4	5	13	Champions
557	2024-04-02	2025-08-17	2024-04-01	136	11	14452.22	1313.84	3	5	5	13	Champions
223	2024-10-18	2025-11-26	2024-10-01	35	7	14445.10	2063.59	4	4	5	13	Champions
6319	2024-10-27	2025-11-20	2024-10-01	41	7	14435.25	2062.18	4	4	5	13	Champions
7342	2025-10-15	2025-12-22	2025-10-01	9	7	14377.14	2053.88	5	3	5	13	Champions
7414	2025-09-11	2025-12-12	2025-09-01	19	8	14360.38	1795.05	4	4	5	13	Champions
1060	2024-01-21	2025-09-18	2024-01-01	104	12	14307.63	1192.30	3	5	5	13	Champions
7869	2025-07-08	2025-12-25	2025-07-01	6	7	14298.34	2042.62	5	3	5	13	Champions
6758	2024-01-30	2025-12-02	2024-01-01	29	8	14241.46	1780.18	4	4	5	13	Champions
1936	2025-04-24	2025-11-02	2025-04-01	59	13	14237.60	1095.20	3	5	5	13	Champions
7842	2024-02-13	2025-09-04	2024-02-01	118	11	14205.22	1291.38	3	5	5	13	Champions
5267	2024-07-25	2025-11-16	2024-07-01	45	8	14199.57	1774.95	4	4	5	13	Champions
4046	2025-11-08	2025-12-12	2025-11-01	19	7	14178.25	2025.46	4	4	5	13	Champions
1605	2025-04-02	2025-12-08	2025-04-01	23	7	14178.14	2025.45	4	4	5	13	Champions
5159	2024-10-16	2025-12-12	2024-10-01	19	7	14163.75	2023.39	4	4	5	13	Champions
1371	2024-02-15	2025-08-19	2024-02-01	134	8	14159.20	1769.90	3	5	5	13	Champions
5683	2025-07-27	2025-12-08	2025-07-01	23	8	14132.00	1766.50	4	4	5	13	Champions
4856	2024-04-13	2025-12-15	2024-04-01	16	6	14095.98	2349.33	5	3	5	13	Champions
6841	2025-07-07	2025-11-29	2025-07-01	32	7	14087.38	2012.48	4	4	5	13	Champions
4412	2024-06-13	2025-11-11	2024-06-01	50	8	14032.13	1754.02	4	4	5	13	Champions
4007	2025-08-07	2025-11-21	2025-08-01	40	7	14003.61	2000.52	4	4	5	13	Champions
2061	2024-10-28	2025-11-11	2024-10-01	50	7	13917.64	1988.23	4	4	5	13	Champions
4572	2024-01-20	2025-10-16	2024-01-01	76	12	13887.74	1157.31	3	5	5	13	Champions
5137	2024-06-13	2025-11-07	2024-06-01	54	14	13878.43	991.32	3	5	5	13	Champions
7095	2025-10-02	2025-12-30	2025-10-01	1	7	13878.24	1982.61	5	3	5	13	Champions
5599	2024-01-19	2025-09-05	2024-01-01	117	12	13824.52	1152.04	3	5	5	13	Champions
5955	2024-06-12	2025-11-04	2024-06-01	57	13	13739.39	1056.88	3	5	5	13	Champions
3903	2024-01-10	2025-11-27	2024-01-01	34	8	13728.80	1716.10	4	4	5	13	Champions
3701	2024-07-06	2025-11-28	2024-07-01	33	7	13707.51	1958.22	4	4	5	13	Champions
4947	2025-07-21	2025-12-05	2025-07-01	26	8	13674.06	1709.26	4	4	5	13	Champions
3121	2025-05-22	2025-12-10	2025-05-01	21	7	13673.79	1953.40	4	4	5	13	Champions
4257	2024-01-27	2025-09-03	2024-01-01	119	9	13649.39	1516.60	3	5	5	13	Champions
994	2025-11-27	2025-12-23	2025-11-01	8	6	13646.83	2274.47	5	3	5	13	Champions
6919	2024-05-01	2025-10-13	2024-05-01	79	12	13642.81	1136.90	3	5	5	13	Champions
2477	2025-05-01	2025-11-02	2025-05-01	59	8	13608.53	1701.07	3	5	5	13	Champions
5329	2024-02-21	2025-11-15	2024-02-01	46	7	13568.64	1938.38	4	4	5	13	Champions
5687	2024-04-22	2025-12-03	2024-04-01	28	8	13561.02	1695.13	4	4	5	13	Champions
3637	2025-09-07	2025-11-10	2025-09-01	51	8	13558.35	1694.79	4	4	5	13	Champions
2920	2025-03-22	2025-10-25	2025-03-01	67	8	13557.12	1694.64	3	5	5	13	Champions
192	2025-04-14	2025-12-01	2025-04-01	30	7	13543.82	1934.83	4	4	5	13	Champions
844	2024-05-10	2025-10-08	2024-05-01	84	11	13484.87	1225.90	3	5	5	13	Champions
6811	2025-05-15	2025-12-28	2025-05-01	3	6	13447.86	2241.31	5	3	5	13	Champions
2145	2025-09-01	2025-11-21	2025-09-01	40	8	13425.41	1678.18	4	5	4	13	Champions
4428	2024-04-09	2025-11-09	2024-04-01	52	13	13424.89	1032.68	4	5	4	13	Champions
1969	2024-09-12	2025-12-22	2024-09-01	9	7	13423.72	1917.67	5	4	4	13	Champions
472	2024-12-02	2025-12-11	2024-12-01	20	8	13415.78	1676.97	4	5	4	13	Champions
2236	2024-03-19	2025-11-28	2024-03-01	33	8	13409.51	1676.19	4	5	4	13	Champions
6097	2024-10-13	2025-12-22	2024-10-01	9	7	13401.86	1914.55	5	4	4	13	Champions
2199	2024-04-11	2025-11-16	2024-04-01	45	14	13397.58	956.97	4	5	4	13	Champions
5535	2024-05-01	2025-12-20	2024-05-01	11	8	13373.92	1671.74	5	4	4	13	Champions
7065	2024-09-27	2025-12-03	2024-09-01	28	12	13322.29	1110.19	4	5	4	13	Champions
3932	2024-08-30	2025-12-27	2024-08-01	4	7	13283.15	1897.59	5	4	4	13	Champions
183	2024-03-27	2025-11-28	2024-03-01	33	14	13281.82	948.70	4	5	4	13	Champions
2659	2025-05-21	2025-11-30	2025-05-01	31	8	13281.02	1660.13	4	5	4	13	Champions
4347	2025-03-25	2025-12-28	2025-03-01	3	8	13267.70	1658.46	5	4	4	13	Champions
5787	2025-07-03	2025-12-26	2025-07-01	5	7	13256.32	1893.76	5	4	4	13	Champions
6095	2024-03-18	2025-11-17	2024-03-01	44	13	13245.42	1018.88	4	5	4	13	Champions
2211	2025-04-30	2025-12-11	2025-04-01	20	8	13173.41	1646.68	4	5	4	13	Champions
1458	2024-11-14	2025-12-05	2024-11-01	26	12	13168.08	1097.34	4	5	4	13	Champions
1135	2024-01-18	2025-12-14	2024-01-01	17	7	13162.54	1880.36	5	4	4	13	Champions
1531	2024-06-26	2025-12-30	2024-06-01	1	7	13155.82	1879.40	5	4	4	13	Champions
7485	2025-03-16	2025-12-29	2025-03-01	2	8	13146.05	1643.26	5	4	4	13	Champions
1464	2024-05-01	2025-11-08	2024-05-01	53	8	13139.03	1642.38	4	5	4	13	Champions
1765	2024-03-03	2025-12-03	2024-03-01	28	8	13121.38	1640.17	4	5	4	13	Champions
6329	2024-12-09	2025-12-26	2024-12-01	5	8	13092.49	1636.56	5	4	4	13	Champions
3085	2025-11-06	2025-12-27	2025-11-01	4	7	13082.30	1868.90	5	4	4	13	Champions
413	2025-11-14	2025-12-23	2025-11-01	8	7	13032.47	1861.78	5	4	4	13	Champions
3088	2025-04-10	2025-12-29	2025-04-01	2	7	13016.23	1859.46	5	4	4	13	Champions
3668	2025-04-10	2025-11-21	2025-04-01	40	12	13001.55	1083.46	4	5	4	13	Champions
5952	2025-09-29	2025-12-25	2025-09-01	6	7	12997.52	1856.79	5	4	4	13	Champions
2409	2025-04-21	2025-11-26	2025-04-01	35	13	12993.18	999.48	4	5	4	13	Champions
4396	2025-09-20	2025-12-16	2025-09-01	15	8	12990.09	1623.76	5	4	4	13	Champions
6309	2024-12-31	2025-12-24	2024-12-01	7	8	12981.94	1622.74	5	4	4	13	Champions
5650	2024-07-08	2025-12-22	2024-07-01	9	7	12969.95	1852.85	5	4	4	13	Champions
6693	2024-06-20	2025-12-14	2024-06-01	17	8	12961.22	1620.15	5	4	4	13	Champions
529	2025-08-06	2025-12-30	2025-08-01	1	7	12907.49	1843.93	5	4	4	13	Champions
1948	2024-09-19	2025-11-26	2024-09-01	35	8	12874.63	1609.33	4	5	4	13	Champions
953	2025-06-25	2025-12-07	2025-06-01	24	8	12870.66	1608.83	4	5	4	13	Champions
4455	2024-04-15	2025-11-25	2024-04-01	36	12	12861.21	1071.77	4	5	4	13	Champions
5404	2025-01-17	2025-12-05	2025-01-01	26	10	12859.74	1285.97	4	5	4	13	Champions
5197	2025-04-13	2025-12-07	2025-04-01	24	12	12845.39	1070.45	4	5	4	13	Champions
5093	2024-01-28	2025-12-14	2024-01-01	17	8	12842.16	1605.27	5	4	4	13	Champions
4175	2024-12-13	2025-12-08	2024-12-01	23	10	12832.97	1283.30	4	5	4	13	Champions
3137	2024-09-04	2025-12-03	2024-09-01	28	13	12825.00	986.54	4	5	4	13	Champions
3880	2025-11-26	2025-12-27	2025-11-01	4	7	12817.32	1831.05	5	4	4	13	Champions
1415	2024-03-09	2025-11-11	2024-03-01	50	11	12780.50	1161.86	4	5	4	13	Champions
2559	2024-12-16	2025-12-24	2024-12-01	7	7	12776.31	1825.19	5	4	4	13	Champions
2132	2025-09-01	2025-12-17	2025-09-01	14	7	12759.02	1822.72	5	4	4	13	Champions
3182	2025-02-13	2025-11-16	2025-02-01	45	8	12734.79	1591.85	4	5	4	13	Champions
6250	2025-08-28	2025-12-21	2025-08-01	10	8	12679.49	1584.94	5	4	4	13	Champions
1455	2025-03-17	2025-12-25	2025-03-01	6	7	12673.70	1810.53	5	4	4	13	Champions
2414	2025-04-05	2025-11-16	2025-04-01	45	8	12673.45	1584.18	4	5	4	13	Champions
3998	2024-12-24	2025-12-29	2024-12-01	2	8	12666.68	1583.34	5	4	4	13	Champions
7202	2025-11-30	2025-12-29	2025-11-01	2	8	12665.66	1583.21	5	4	4	13	Champions
2681	2024-05-31	2025-11-08	2024-05-01	53	13	12647.43	972.88	4	5	4	13	Champions
7697	2024-06-29	2025-11-24	2024-06-01	37	14	12645.77	903.27	4	5	4	13	Champions
2213	2024-07-16	2025-12-03	2024-07-01	28	8	12625.02	1578.13	4	5	4	13	Champions
6472	2025-09-27	2025-12-06	2025-09-01	25	13	12623.40	971.03	4	5	4	13	Champions
2171	2025-02-03	2025-12-02	2025-02-01	29	8	12617.68	1577.21	4	5	4	13	Champions
6052	2024-05-28	2025-12-28	2024-05-01	3	8	12617.14	1577.14	5	4	4	13	Champions
6064	2024-10-16	2025-12-18	2024-10-01	13	7	12611.22	1801.60	5	4	4	13	Champions
3770	2025-03-20	2025-11-14	2025-03-01	47	11	12603.78	1145.80	4	5	4	13	Champions
7756	2025-06-14	2025-12-27	2025-06-01	4	8	12580.38	1572.55	5	4	4	13	Champions
7452	2024-09-26	2025-12-23	2024-09-01	8	8	12572.18	1571.52	5	4	4	13	Champions
66	2025-07-07	2025-11-29	2025-07-01	32	8	12559.31	1569.91	4	5	4	13	Champions
456	2025-06-02	2025-11-18	2025-06-01	43	9	12558.68	1395.41	4	5	4	13	Champions
409	2025-04-15	2025-12-09	2025-04-01	22	8	12546.29	1568.29	4	5	4	13	Champions
4876	2024-04-23	2025-11-27	2024-04-01	34	11	12526.02	1138.73	4	5	4	13	Champions
681	2024-02-08	2025-11-17	2024-02-01	44	8	12499.33	1562.42	4	5	4	13	Champions
7860	2025-07-27	2025-12-27	2025-07-01	4	8	12494.42	1561.80	5	4	4	13	Champions
6977	2025-06-14	2025-12-16	2025-06-01	15	8	12489.90	1561.24	5	4	4	13	Champions
3797	2024-10-11	2025-12-20	2024-10-01	11	7	12475.68	1782.24	5	4	4	13	Champions
4956	2025-10-11	2025-12-16	2025-10-01	15	8	12475.23	1559.40	5	4	4	13	Champions
2564	2025-08-13	2025-12-19	2025-08-01	12	7	12472.20	1781.74	5	4	4	13	Champions
4410	2024-01-22	2025-12-02	2024-01-01	29	12	12440.25	1036.69	4	5	4	13	Champions
2277	2025-06-11	2025-12-19	2025-06-01	12	7	12423.14	1774.73	5	4	4	13	Champions
7583	2025-04-27	2025-12-10	2025-04-01	21	12	12409.62	1034.14	4	5	4	13	Champions
5523	2024-05-19	2025-12-28	2024-05-01	3	8	12367.27	1545.91	5	4	4	13	Champions
3238	2024-09-08	2025-11-13	2024-09-01	48	8	12353.11	1544.14	4	5	4	13	Champions
2997	2024-02-07	2025-12-12	2024-02-01	19	8	12338.27	1542.28	4	5	4	13	Champions
6495	2025-01-01	2025-11-11	2025-01-01	50	11	12295.85	1117.80	4	5	4	13	Champions
5980	2025-11-24	2025-12-25	2025-11-01	6	8	12280.41	1535.05	5	4	4	13	Champions
6311	2024-08-28	2025-12-30	2024-08-01	1	7	12273.74	1753.39	5	4	4	13	Champions
4042	2025-07-22	2025-12-10	2025-07-01	21	10	12266.87	1226.69	4	5	4	13	Champions
2706	2025-09-12	2025-12-27	2025-09-01	4	7	12258.93	1751.28	5	4	4	13	Champions
7600	2024-03-09	2025-12-22	2024-03-01	9	8	12241.08	1530.14	5	4	4	13	Champions
2912	2025-02-08	2025-12-09	2025-02-01	22	12	12234.99	1019.58	4	5	4	13	Champions
3258	2025-04-01	2025-12-27	2025-04-01	4	7	12231.50	1747.36	5	4	4	13	Champions
1881	2025-09-23	2025-12-22	2025-09-01	9	7	12200.14	1742.88	5	4	4	13	Champions
3697	2025-06-23	2025-11-09	2025-06-01	52	13	12199.39	938.41	4	5	4	13	Champions
50	2024-07-20	2025-11-08	2024-07-01	53	13	12182.46	937.11	4	5	4	13	Champions
653	2024-04-24	2025-12-20	2024-04-01	11	7	12171.21	1738.74	5	4	4	13	Champions
542	2025-10-02	2025-12-28	2025-10-01	3	7	12136.37	1733.77	5	4	4	13	Champions
1468	2024-12-07	2025-12-22	2024-12-01	9	7	12124.34	1732.05	5	4	4	13	Champions
7758	2025-09-02	2025-12-29	2025-09-01	2	8	12101.05	1512.63	5	4	4	13	Champions
4311	2025-09-04	2025-12-25	2025-09-01	6	8	12090.75	1511.34	5	4	4	13	Champions
6661	2024-05-21	2025-11-25	2024-05-01	36	10	12045.49	1204.55	4	5	4	13	Champions
4068	2024-12-15	2025-12-11	2024-12-01	20	13	12036.26	925.87	4	5	4	13	Champions
7734	2025-12-01	2025-12-28	2025-12-01	3	8	12016.95	1502.12	5	4	4	13	Champions
1793	2024-04-03	2025-12-25	2024-04-01	6	7	11983.54	1711.93	5	4	4	13	Champions
5622	2024-02-12	2025-12-07	2024-02-01	24	12	11983.22	998.60	4	5	4	13	Champions
3475	2025-05-29	2025-11-09	2025-05-01	52	8	11967.19	1495.90	4	5	4	13	Champions
3339	2024-01-26	2025-11-29	2024-01-01	32	8	11940.14	1492.52	4	5	4	13	Champions
7210	2025-05-10	2025-12-14	2025-05-01	17	11	11924.87	1084.08	4	5	4	13	Champions
1257	2025-01-27	2025-12-11	2025-01-01	20	8	11922.12	1490.27	4	5	4	13	Champions
356	2025-07-29	2025-12-30	2025-07-01	1	7	11908.42	1701.20	5	4	4	13	Champions
875	2025-10-11	2025-12-26	2025-10-01	5	7	11887.73	1698.25	5	4	4	13	Champions
4418	2025-09-16	2025-12-29	2025-09-01	2	7	11865.06	1695.01	5	4	4	13	Champions
1446	2024-08-16	2025-12-19	2024-08-01	12	7	11849.43	1692.78	5	4	4	13	Champions
3416	2024-06-17	2025-12-03	2024-06-01	28	11	11835.13	1075.92	4	5	4	13	Champions
5530	2024-09-14	2025-12-15	2024-09-01	16	7	11833.54	1690.51	5	4	4	13	Champions
4228	2025-03-02	2025-12-29	2025-03-01	2	7	11833.44	1690.49	5	4	4	13	Champions
4489	2025-03-20	2025-12-04	2025-03-01	27	13	11829.55	909.97	4	5	4	13	Champions
3212	2024-02-07	2025-12-25	2024-02-01	6	7	11822.80	1688.97	5	4	4	13	Champions
2908	2025-06-12	2025-12-19	2025-06-01	12	7	11818.83	1688.40	5	4	4	13	Champions
798	2025-09-20	2025-12-15	2025-09-01	16	7	11813.97	1687.71	5	4	4	13	Champions
5287	2024-09-30	2025-12-10	2024-09-01	21	12	11790.01	982.50	4	5	4	13	Champions
1285	2025-08-10	2025-12-06	2025-08-01	25	8	11778.73	1472.34	4	5	4	13	Champions
6720	2024-12-21	2025-12-19	2024-12-01	12	8	11750.91	1468.86	5	4	4	13	Champions
7035	2025-02-08	2025-12-04	2025-02-01	27	12	11735.42	977.95	4	5	4	13	Champions
1325	2025-03-23	2025-12-19	2025-03-01	12	7	11692.44	1670.35	5	4	4	13	Champions
6012	2025-07-26	2025-12-24	2025-07-01	7	7	11655.25	1665.04	5	4	4	13	Champions
4200	2025-05-24	2025-12-15	2025-05-01	16	7	11645.67	1663.67	5	4	4	13	Champions
7825	2025-09-26	2025-12-28	2025-09-01	3	8	11644.44	1455.56	5	4	4	13	Champions
4955	2024-03-28	2025-12-27	2024-03-01	4	7	11639.91	1662.84	5	4	4	13	Champions
5119	2025-01-30	2025-12-30	2025-01-01	1	7	11634.73	1662.10	5	4	4	13	Champions
7900	2025-11-20	2025-12-29	2025-11-01	2	8	11630.87	1453.86	5	4	4	13	Champions
2309	2025-02-24	2025-12-27	2025-02-01	4	7	11620.52	1660.07	5	4	4	13	Champions
1187	2024-09-02	2025-12-12	2024-09-01	19	8	11606.36	1450.80	4	5	4	13	Champions
4857	2024-08-06	2025-12-10	2024-08-01	21	10	11598.90	1159.89	4	5	4	13	Champions
5585	2025-10-10	2025-12-17	2025-10-01	14	7	11588.63	1655.52	5	4	4	13	Champions
5965	2024-01-12	2025-12-30	2024-01-01	1	7	11583.15	1654.74	5	4	4	13	Champions
5860	2025-05-04	2025-12-26	2025-05-01	5	7	11563.16	1651.88	5	4	4	13	Champions
443	2025-10-06	2025-12-05	2025-10-01	26	11	11547.47	1049.77	4	5	4	13	Champions
327	2024-01-11	2025-11-18	2024-01-01	43	8	11506.63	1438.33	4	5	4	13	Champions
1504	2024-01-01	2025-12-29	2024-01-01	2	7	11506.15	1643.74	5	4	4	13	Champions
506	2025-08-15	2025-11-21	2025-08-01	40	8	11494.60	1436.83	4	5	4	13	Champions
4909	2024-07-02	2025-11-30	2024-07-01	31	11	11481.66	1043.79	4	5	4	13	Champions
65	2024-01-28	2025-12-19	2024-01-01	12	7	11478.88	1639.84	5	4	4	13	Champions
5942	2025-11-11	2025-12-28	2025-11-01	3	8	11474.80	1434.35	5	4	4	13	Champions
6857	2025-03-30	2025-12-18	2025-03-01	13	8	11446.38	1430.80	5	4	4	13	Champions
2063	2025-01-01	2025-12-11	2025-01-01	20	12	11433.18	952.77	4	5	4	13	Champions
1369	2024-09-10	2025-12-12	2024-09-01	19	10	11420.63	1142.06	4	5	4	13	Champions
5557	2025-12-04	2025-12-29	2025-12-01	2	7	11409.38	1629.91	5	4	4	13	Champions
9	2024-03-05	2025-12-12	2024-03-01	19	8	11406.71	1425.84	4	5	4	13	Champions
4286	2024-11-07	2025-12-24	2024-11-01	7	8	11393.98	1424.25	5	4	4	13	Champions
6664	2025-04-02	2025-12-28	2025-04-01	3	7	11306.56	1615.22	5	4	4	13	Champions
6349	2024-12-06	2025-12-20	2024-12-01	11	8	11299.84	1412.48	5	4	4	13	Champions
6025	2025-08-20	2025-12-19	2025-08-01	12	8	11264.12	1408.02	5	4	4	13	Champions
4352	2025-08-01	2025-12-21	2025-08-01	10	7	11263.34	1609.05	5	4	4	13	Champions
3200	2025-11-02	2025-12-26	2025-11-01	5	7	11252.94	1607.56	5	4	4	13	Champions
635	2025-10-29	2025-12-30	2025-10-01	1	7	11244.37	1606.34	5	4	4	13	Champions
944	2025-07-08	2025-11-26	2025-07-01	35	12	11220.69	935.06	4	5	4	13	Champions
1994	2024-01-03	2025-12-13	2024-01-01	18	8	11205.87	1400.73	4	5	4	13	Champions
6158	2025-08-07	2025-12-23	2025-08-01	8	7	11175.70	1596.53	5	4	4	13	Champions
1798	2024-03-16	2025-12-13	2024-03-01	18	8	11143.30	1392.91	4	5	4	13	Champions
2397	2024-08-25	2025-11-24	2024-08-01	37	11	11103.66	1009.42	4	5	4	13	Champions
4523	2024-12-05	2025-12-15	2024-12-01	16	8	11088.05	1386.01	5	4	4	13	Champions
2179	2025-05-15	2025-12-03	2025-05-01	28	8	11074.66	1384.33	4	5	4	13	Champions
7646	2025-11-14	2025-12-27	2025-11-01	4	8	11062.04	1382.76	5	4	4	13	Champions
3599	2025-11-15	2025-12-18	2025-11-01	13	7	11053.80	1579.11	5	4	4	13	Champions
4564	2024-04-02	2025-12-17	2024-04-01	14	7	11046.48	1578.07	5	4	4	13	Champions
3508	2025-10-09	2025-12-28	2025-10-01	3	8	11045.12	1380.64	5	4	4	13	Champions
1902	2025-02-11	2025-12-02	2025-02-01	29	8	11027.38	1378.42	4	5	4	13	Champions
3095	2025-02-28	2025-12-24	2025-02-01	7	7	11023.13	1574.73	5	4	4	13	Champions
5429	2025-05-30	2025-12-24	2025-05-01	7	8	11014.68	1376.84	5	4	4	13	Champions
1751	2025-02-28	2025-11-17	2025-02-01	44	8	10971.58	1371.45	4	5	4	13	Champions
2377	2025-05-28	2025-12-24	2025-05-01	7	7	10924.75	1560.68	5	4	4	13	Champions
1248	2025-03-22	2025-12-18	2025-03-01	13	7	10922.60	1560.37	5	4	4	13	Champions
233	2025-08-30	2025-12-23	2025-08-01	8	7	10889.95	1555.71	5	4	4	13	Champions
4329	2025-09-17	2025-12-23	2025-09-01	8	8	10879.72	1359.97	5	4	4	13	Champions
2944	2025-08-01	2025-11-09	2025-08-01	52	8	10878.61	1359.83	4	5	4	13	Champions
6729	2025-03-11	2025-12-20	2025-03-01	11	8	10873.97	1359.25	5	4	4	13	Champions
7851	2025-08-05	2025-12-19	2025-08-01	12	8	10870.53	1358.82	5	4	4	13	Champions
4775	2025-11-17	2025-12-27	2025-11-01	4	7	10839.48	1548.50	5	4	4	13	Champions
339	2024-02-17	2025-11-28	2024-02-01	33	8	10823.71	1352.96	4	5	4	13	Champions
7085	2025-04-18	2025-12-02	2025-04-01	29	10	10817.09	1081.71	4	5	4	13	Champions
4691	2025-07-31	2025-11-29	2025-07-01	32	12	10803.34	900.28	4	5	4	13	Champions
2588	2024-08-22	2025-12-23	2024-08-01	8	7	10753.80	1536.26	5	4	4	13	Champions
2290	2025-08-11	2025-12-29	2025-08-01	2	7	10745.38	1535.05	5	4	4	13	Champions
5851	2024-12-08	2025-12-24	2024-12-01	7	8	10717.09	1339.64	5	4	4	13	Champions
5558	2024-03-06	2025-12-19	2024-03-01	12	7	10701.37	1528.77	5	4	4	13	Champions
4238	2024-06-20	2025-12-21	2024-06-01	10	8	10695.86	1336.98	5	4	4	13	Champions
2592	2024-05-24	2025-11-25	2024-05-01	36	12	10653.47	887.79	4	5	4	13	Champions
5726	2025-05-11	2025-12-20	2025-05-01	11	7	10652.06	1521.72	5	4	4	13	Champions
2076	2024-01-16	2025-12-26	2024-01-01	5	7	10636.80	1519.54	5	4	4	13	Champions
1583	2025-07-27	2025-12-29	2025-07-01	2	7	10630.59	1518.66	5	4	4	13	Champions
1632	2025-11-14	2025-12-25	2025-11-01	6	7	10613.07	1516.15	5	4	4	13	Champions
4370	2025-02-11	2025-12-24	2025-02-01	7	7	10606.70	1515.24	5	4	4	13	Champions
6829	2024-09-09	2025-11-12	2024-09-01	49	12	10598.63	883.22	4	5	4	13	Champions
4466	2025-11-10	2025-12-23	2025-11-01	8	7	10559.34	1508.48	5	4	4	13	Champions
2108	2025-08-20	2025-12-25	2025-08-01	6	7	10552.25	1507.46	5	4	4	13	Champions
5455	2025-11-25	2025-12-19	2025-11-01	12	7	10532.73	1504.68	5	4	4	13	Champions
3939	2024-02-28	2025-12-14	2024-02-01	17	8	10526.66	1315.83	5	4	4	13	Champions
4245	2025-09-30	2025-12-26	2025-09-01	5	8	10517.25	1314.66	5	4	4	13	Champions
970	2025-05-13	2025-11-19	2025-05-01	42	8	10515.16	1314.40	4	5	4	13	Champions
5222	2024-05-05	2025-12-27	2024-05-01	4	7	10494.69	1499.24	5	4	4	13	Champions
6727	2024-08-02	2025-12-17	2024-08-01	14	8	10485.47	1310.68	5	4	4	13	Champions
6808	2025-09-28	2025-12-14	2025-09-01	17	7	10452.05	1493.15	5	4	4	13	Champions
1412	2025-07-20	2025-12-12	2025-07-01	19	8	10438.84	1304.86	4	5	4	13	Champions
6569	2025-05-11	2025-12-14	2025-05-01	17	8	10420.18	1302.52	5	4	4	13	Champions
5306	2025-04-10	2025-12-16	2025-04-01	15	8	10415.49	1301.94	5	4	4	13	Champions
687	2025-07-20	2025-12-13	2025-07-01	18	8	10344.11	1293.01	4	5	4	13	Champions
803	2024-08-11	2025-11-26	2024-08-01	35	11	10334.60	939.51	4	5	4	13	Champions
887	2025-08-11	2025-12-04	2025-08-01	27	8	10315.67	1289.46	4	5	4	13	Champions
1564	2024-03-30	2025-11-21	2024-03-01	40	8	10267.24	1283.41	4	5	4	13	Champions
3451	2025-07-06	2025-12-20	2025-07-01	11	7	10263.61	1466.23	5	4	4	13	Champions
4694	2025-06-07	2025-12-19	2025-06-01	12	7	10261.95	1465.99	5	4	4	13	Champions
6011	2025-01-26	2025-11-20	2025-01-01	41	13	10260.92	789.30	4	5	4	13	Champions
2358	2025-02-27	2025-12-25	2025-02-01	6	7	10240.79	1462.97	5	4	4	13	Champions
2230	2025-08-18	2025-12-30	2025-08-01	1	7	10229.60	1461.37	5	4	4	13	Champions
6237	2025-07-09	2025-12-28	2025-07-01	3	8	10151.74	1268.97	5	4	4	13	Champions
5115	2025-10-28	2025-12-24	2025-10-01	7	8	10087.56	1260.95	5	4	4	13	Champions
6414	2024-04-26	2025-12-23	2024-04-01	8	7	10087.23	1441.03	5	4	4	13	Champions
742	2025-02-14	2025-12-16	2025-02-01	15	7	10079.89	1439.98	5	4	4	13	Champions
5819	2025-10-11	2025-12-24	2025-10-01	7	7	10066.01	1438.00	5	4	4	13	Champions
3290	2024-03-22	2025-12-23	2024-03-01	8	7	10064.34	1437.76	5	4	4	13	Champions
7772	2025-11-12	2025-12-29	2025-11-01	2	8	10062.94	1257.87	5	4	4	13	Champions
4914	2025-01-12	2025-12-19	2025-01-01	12	8	10059.58	1257.45	5	4	4	13	Champions
776	2025-06-14	2025-11-29	2025-06-01	32	8	9993.78	1249.22	4	5	4	13	Champions
1445	2024-03-16	2025-12-30	2024-03-01	1	7	9992.78	1427.54	5	4	4	13	Champions
960	2025-03-26	2025-12-17	2025-03-01	14	7	9987.46	1426.78	5	4	4	13	Champions
1784	2024-11-12	2025-12-10	2024-11-01	21	12	9964.92	830.41	4	5	4	13	Champions
6121	2024-06-12	2025-12-19	2024-06-01	12	8	9964.84	1245.61	5	4	4	13	Champions
2081	2024-09-12	2025-11-30	2024-09-01	31	8	9955.31	1244.41	4	5	4	13	Champions
6627	2025-08-16	2025-12-15	2025-08-01	16	8	9945.39	1243.17	5	4	4	13	Champions
6069	2024-10-18	2025-12-30	2024-10-01	1	7	9934.24	1419.18	5	4	4	13	Champions
4387	2024-12-11	2025-11-14	2024-12-01	47	12	9928.41	827.37	4	5	4	13	Champions
18	2024-08-01	2025-12-29	2024-08-01	2	7	9894.15	1413.45	5	4	4	13	Champions
5369	2025-09-20	2025-12-28	2025-09-01	3	7	9851.13	1407.30	5	4	4	13	Champions
3500	2024-08-01	2025-12-30	2024-08-01	1	7	9845.83	1406.55	5	4	4	13	Champions
279	2024-07-07	2025-11-26	2024-07-01	35	8	9821.17	1227.65	4	5	4	13	Champions
2511	2024-01-09	2025-12-15	2024-01-01	16	7	9811.84	1401.69	5	4	4	13	Champions
7203	2024-05-25	2025-12-23	2024-05-01	8	8	9808.22	1226.03	5	4	4	13	Champions
7505	2024-10-03	2025-12-26	2024-10-01	5	8	9804.44	1225.56	5	4	4	13	Champions
7287	2025-09-11	2025-12-02	2025-09-01	29	9	9791.85	1087.98	4	5	4	13	Champions
2254	2025-03-24	2025-12-02	2025-03-01	29	8	9789.46	1223.68	4	5	4	13	Champions
3642	2024-01-29	2025-12-30	2024-01-01	1	8	9783.84	1222.98	5	4	4	13	Champions
3438	2024-11-02	2025-12-30	2024-11-01	1	7	9775.28	1396.47	5	4	4	13	Champions
283	2025-10-28	2025-12-05	2025-10-01	26	8	9769.63	1221.20	4	5	4	13	Champions
3798	2024-02-08	2025-12-28	2024-02-01	3	8	9715.53	1214.44	5	4	4	13	Champions
3372	2024-12-30	2025-12-10	2024-12-01	21	8	9708.37	1213.55	4	5	4	13	Champions
6610	2025-09-01	2025-12-17	2025-09-01	14	7	9695.52	1385.07	5	4	4	13	Champions
3677	2024-08-03	2025-12-12	2024-08-01	19	12	9669.29	805.77	4	5	4	13	Champions
2122	2024-10-22	2025-12-04	2024-10-01	27	8	9653.31	1206.66	4	5	4	13	Champions
4569	2025-01-07	2025-12-21	2025-01-01	10	8	9652.71	1206.59	5	4	4	13	Champions
2597	2025-08-15	2025-11-25	2025-08-01	36	8	9639.29	1204.91	4	5	4	13	Champions
1645	2025-07-16	2025-12-26	2025-07-01	5	7	9598.51	1371.22	5	4	4	13	Champions
6312	2025-11-29	2025-12-25	2025-11-01	6	8	9578.91	1197.36	5	4	4	13	Champions
5738	2025-10-22	2025-12-19	2025-10-01	12	7	9542.83	1363.26	5	4	4	13	Champions
6067	2025-04-20	2025-12-17	2025-04-01	14	8	9525.34	1190.67	5	4	4	13	Champions
5078	2025-06-03	2025-12-16	2025-06-01	15	7	9514.70	1359.24	5	4	4	13	Champions
4977	2025-05-06	2025-12-19	2025-05-01	12	8	9495.97	1187.00	5	4	4	13	Champions
6377	2025-11-14	2025-12-30	2025-11-01	1	7	9480.51	1354.36	5	4	4	13	Champions
573	2025-11-11	2025-12-24	2025-11-01	7	7	9466.17	1352.31	5	4	4	13	Champions
572	2025-07-08	2025-12-13	2025-07-01	18	8	9455.21	1181.90	4	5	4	13	Champions
882	2025-08-17	2025-12-29	2025-08-01	2	7	9437.31	1348.19	5	4	4	13	Champions
5025	2025-10-20	2025-12-23	2025-10-01	8	7	9431.75	1347.39	5	4	4	13	Champions
5381	2025-06-20	2025-12-28	2025-06-01	3	8	9410.70	1176.34	5	4	4	13	Champions
1474	2025-02-17	2025-12-30	2025-02-01	1	7	9397.80	1342.54	5	4	4	13	Champions
3815	2024-10-22	2025-12-15	2024-10-01	16	8	9372.66	1171.58	5	4	4	13	Champions
6579	2024-08-17	2025-12-17	2024-08-01	14	8	9348.95	1168.62	5	4	4	13	Champions
5352	2025-07-15	2025-12-23	2025-07-01	8	7	9328.76	1332.68	5	4	4	13	Champions
3327	2025-04-19	2025-12-26	2025-04-01	5	7	9320.36	1331.48	5	4	4	13	Champions
5621	2024-11-05	2025-12-22	2024-11-01	9	8	9312.24	1164.03	5	4	4	13	Champions
1046	2024-07-29	2025-12-09	2024-07-01	22	8	9302.55	1162.82	4	5	4	13	Champions
4342	2025-06-08	2025-12-21	2025-06-01	10	8	9260.52	1157.57	5	4	4	13	Champions
2981	2024-09-06	2025-12-08	2024-09-01	23	12	9255.24	771.27	4	5	4	13	Champions
924	2025-04-12	2025-11-18	2025-04-01	43	8	9243.28	1155.41	4	5	4	13	Champions
1193	2025-03-22	2025-11-07	2025-03-01	54	8	9228.64	1153.58	4	5	4	13	Champions
1281	2024-11-29	2025-11-17	2024-11-01	44	8	9224.11	1153.01	4	5	4	13	Champions
4648	2025-10-20	2025-12-30	2025-10-01	1	8	9222.36	1152.80	5	4	4	13	Champions
1010	2024-11-07	2025-12-06	2024-11-01	25	8	9215.74	1151.97	4	5	4	13	Champions
3120	2025-04-22	2025-12-15	2025-04-01	16	7	9198.21	1314.03	5	4	4	13	Champions
3068	2024-09-18	2025-12-27	2024-09-01	4	7	9189.28	1312.75	5	4	4	13	Champions
3769	2025-10-21	2025-12-21	2025-10-01	10	8	9177.84	1147.23	5	4	4	13	Champions
4115	2024-07-18	2025-12-16	2024-07-01	15	8	9176.95	1147.12	5	4	4	13	Champions
1001	2024-05-21	2025-12-16	2024-05-01	15	7	9162.81	1308.97	5	4	4	13	Champions
5728	2025-11-06	2025-12-25	2025-11-01	6	7	9125.86	1303.69	5	4	4	13	Champions
5010	2024-08-08	2025-12-27	2024-08-01	4	8	9121.02	1140.13	5	4	4	13	Champions
1417	2024-02-28	2025-11-22	2024-02-01	39	13	9109.27	700.71	4	5	4	13	Champions
714	2024-02-10	2025-11-20	2024-02-01	41	8	9106.34	1138.29	4	5	4	13	Champions
1478	2024-06-14	2025-11-07	2024-06-01	54	8	9098.75	1137.34	4	5	4	13	Champions
161	2024-11-11	2025-12-12	2024-11-01	19	8	9097.92	1137.24	4	5	4	13	Champions
3002	2025-10-09	2025-12-22	2025-10-01	9	7	9075.13	1296.45	5	4	4	13	Champions
1832	2025-03-23	2025-11-17	2025-03-01	44	8	9073.13	1134.14	4	5	4	13	Champions
6838	2025-11-03	2025-12-30	2025-11-01	1	7	9042.84	1291.83	5	4	4	13	Champions
4782	2025-06-24	2025-12-28	2025-06-01	3	7	9042.09	1291.73	5	4	4	13	Champions
5716	2024-01-10	2025-12-09	2024-01-01	22	13	9031.11	694.70	4	5	4	13	Champions
4817	2025-11-04	2025-12-23	2025-11-01	8	7	8994.81	1284.97	5	4	4	13	Champions
984	2024-01-06	2025-11-19	2024-01-01	42	8	8991.97	1124.00	4	5	4	13	Champions
2339	2024-05-28	2025-12-15	2024-05-01	16	7	8965.89	1280.84	5	4	4	13	Champions
6646	2025-11-07	2025-12-28	2025-11-01	3	7	8963.32	1280.47	5	4	4	13	Champions
4336	2025-02-06	2025-12-22	2025-02-01	9	7	8957.05	1279.58	5	4	4	13	Champions
4179	2024-11-03	2025-12-21	2024-11-01	10	8	8956.63	1119.58	5	4	4	13	Champions
4169	2024-07-15	2025-12-16	2024-07-01	15	8	8947.11	1118.39	5	4	4	13	Champions
5829	2025-10-14	2025-12-14	2025-10-01	17	8	8912.79	1114.10	5	4	4	13	Champions
367	2024-05-15	2025-12-15	2024-05-01	16	7	8904.32	1272.05	5	4	4	13	Champions
7427	2024-03-20	2025-12-21	2024-03-01	10	8	8897.24	1112.16	5	4	4	13	Champions
6878	2025-11-02	2025-12-22	2025-11-01	9	7	8888.60	1269.80	5	4	4	13	Champions
6112	2025-09-01	2025-12-26	2025-09-01	5	8	8886.07	1110.76	5	4	4	13	Champions
7992	2025-08-03	2025-12-30	2025-08-01	1	8	8862.76	1107.85	5	4	4	13	Champions
1960	2024-04-25	2025-11-29	2024-04-01	32	8	8859.35	1107.42	4	5	4	13	Champions
5611	2025-07-23	2025-12-20	2025-07-01	11	8	8856.09	1107.01	5	4	4	13	Champions
6777	2025-10-05	2025-12-27	2025-10-01	4	7	8842.83	1263.26	5	4	4	13	Champions
2387	2025-09-02	2025-12-14	2025-09-01	17	7	8812.79	1258.97	5	4	4	13	Champions
3964	2025-11-10	2025-12-29	2025-11-01	2	8	8800.80	1100.10	5	4	4	13	Champions
5710	2025-11-11	2025-12-25	2025-11-01	6	8	8791.55	1098.94	5	4	4	13	Champions
4719	2025-08-23	2025-12-26	2025-08-01	5	7	8775.39	1253.63	5	4	4	13	Champions
4254	2024-04-16	2025-12-23	2024-04-01	8	8	8764.49	1095.56	5	4	4	13	Champions
5243	2025-09-09	2025-12-27	2025-09-01	4	8	8697.34	1087.17	5	4	4	13	Champions
1546	2025-01-19	2025-11-16	2025-01-01	45	8	8690.81	1086.35	4	5	4	13	Champions
159	2024-11-17	2025-11-16	2024-11-01	45	8	8665.12	1083.14	4	5	4	13	Champions
7190	2025-11-28	2025-12-26	2025-11-01	5	8	8656.51	1082.06	5	4	4	13	Champions
1636	2025-03-19	2025-12-17	2025-03-01	14	7	8639.50	1234.21	5	4	4	13	Champions
7694	2024-06-15	2025-11-27	2024-06-01	34	14	8639.16	617.08	4	5	4	13	Champions
3609	2025-04-02	2025-12-16	2025-04-01	15	7	8625.25	1232.18	5	4	4	13	Champions
3018	2024-09-17	2025-12-13	2024-09-01	18	8	8623.12	1077.89	4	5	4	13	Champions
988	2025-08-16	2025-12-17	2025-08-01	14	7	8554.37	1222.05	5	4	4	13	Champions
6100	2025-02-23	2025-12-05	2025-02-01	26	11	8550.39	777.31	4	5	4	13	Champions
1016	2025-03-20	2025-12-13	2025-03-01	18	8	8527.01	1065.88	4	5	4	13	Champions
4436	2025-07-12	2025-12-28	2025-07-01	3	7	8488.37	1212.62	5	4	4	13	Champions
275	2025-01-20	2025-12-23	2025-01-01	8	7	8470.03	1210.00	5	4	4	13	Champions
4180	2025-10-27	2025-12-18	2025-10-01	13	7	8461.08	1208.73	5	4	4	13	Champions
3122	2024-02-12	2025-12-30	2024-02-01	1	7	8458.64	1208.38	5	4	4	13	Champions
5409	2025-03-20	2025-12-23	2025-03-01	8	8	8453.59	1056.70	5	4	4	13	Champions
5947	2025-02-11	2025-12-18	2025-02-01	13	7	8407.90	1201.13	5	4	4	13	Champions
4612	2025-01-16	2025-12-18	2025-01-01	13	8	8406.53	1050.82	5	4	4	13	Champions
5937	2024-11-05	2025-12-11	2024-11-01	20	12	8405.67	700.47	4	5	4	13	Champions
2311	2025-04-08	2025-12-14	2025-04-01	17	7	8386.80	1198.11	5	4	4	13	Champions
419	2025-09-28	2025-12-21	2025-09-01	10	7	8377.67	1196.81	5	4	4	13	Champions
3384	2024-07-20	2025-11-27	2024-07-01	34	8	8364.56	1045.57	4	5	4	13	Champions
6968	2025-07-01	2025-12-15	2025-07-01	16	8	8356.29	1044.54	5	4	4	13	Champions
5460	2024-03-17	2025-12-05	2024-03-01	26	13	8311.55	639.35	4	5	4	13	Champions
6425	2025-09-26	2025-12-17	2025-09-01	14	7	8243.35	1177.62	5	4	4	13	Champions
2690	2025-09-24	2025-12-28	2025-09-01	3	7	8194.66	1170.67	5	4	4	13	Champions
5124	2025-08-05	2025-12-26	2025-08-01	5	7	8189.55	1169.94	5	4	4	13	Champions
3890	2025-07-06	2025-12-30	2025-07-01	1	8	8174.24	1021.78	5	4	4	13	Champions
6119	2025-10-01	2025-12-30	2025-10-01	1	7	8171.99	1167.43	5	4	4	13	Champions
284	2025-04-21	2025-12-27	2025-04-01	4	7	8166.40	1166.63	5	4	4	13	Champions
6917	2025-10-16	2025-12-28	2025-10-01	3	7	8162.69	1166.10	5	4	4	13	Champions
2178	2024-03-31	2025-11-07	2024-03-01	54	8	8143.77	1017.97	4	5	4	13	Champions
2779	2025-11-10	2025-12-26	2025-11-01	5	7	8136.27	1162.32	5	4	4	13	Champions
2951	2025-11-01	2025-12-26	2025-11-01	5	7	8098.87	1156.98	5	4	4	13	Champions
4125	2025-12-03	2025-12-30	2025-12-01	1	8	8098.81	1012.35	5	4	4	13	Champions
4716	2025-05-31	2025-12-24	2025-05-01	7	7	8087.50	1155.36	5	4	4	13	Champions
4156	2025-12-01	2025-12-27	2025-12-01	4	8	8086.68	1010.84	5	4	4	13	Champions
1965	2024-02-03	2025-12-11	2024-02-01	20	8	8083.51	1010.44	4	5	4	13	Champions
194	2025-11-23	2025-12-21	2025-11-01	10	7	8069.32	1152.76	5	4	4	13	Champions
1000	2025-10-14	2025-12-29	2025-10-01	2	8	7993.12	999.14	5	5	3	13	Champions
923	2025-09-22	2025-12-25	2025-09-01	6	8	7992.56	999.07	5	5	3	13	Champions
1452	2025-04-15	2025-12-17	2025-04-01	14	8	7959.48	994.94	5	5	3	13	Champions
3251	2024-05-28	2025-12-16	2024-05-01	15	8	7931.51	991.44	5	5	3	13	Champions
848	2024-09-24	2025-12-30	2024-09-01	1	8	7902.80	987.85	5	5	3	13	Champions
2602	2025-09-10	2025-12-28	2025-09-01	3	12	7781.25	648.44	5	5	3	13	Champions
6271	2025-10-28	2025-12-30	2025-10-01	1	11	7532.33	684.76	5	5	3	13	Champions
2453	2024-07-19	2025-12-21	2024-07-01	10	8	7498.79	937.35	5	5	3	13	Champions
1335	2025-08-04	2025-12-30	2025-08-01	1	8	7438.31	929.79	5	5	3	13	Champions
3112	2025-05-26	2025-12-22	2025-05-01	9	8	7348.56	918.57	5	5	3	13	Champions
1801	2025-06-26	2025-12-24	2025-06-01	7	8	7288.06	911.01	5	5	3	13	Champions
559	2025-04-28	2025-12-21	2025-04-01	10	8	7280.51	910.06	5	5	3	13	Champions
6087	2024-02-23	2025-12-20	2024-02-01	11	12	7227.02	602.25	5	5	3	13	Champions
2270	2025-04-22	2025-12-18	2025-04-01	13	8	7196.22	899.53	5	5	3	13	Champions
3439	2025-06-12	2025-12-21	2025-06-01	10	8	7017.47	877.18	5	5	3	13	Champions
2461	2025-01-10	2025-12-14	2025-01-01	17	8	6900.81	862.60	5	5	3	13	Champions
1059	2025-03-04	2025-12-23	2025-03-01	8	9	6854.27	761.59	5	5	3	13	Champions
2726	2025-01-24	2025-12-24	2025-01-01	7	12	6671.24	555.94	5	5	3	13	Champions
372	2025-07-10	2025-12-26	2025-07-01	5	8	6626.76	828.35	5	5	3	13	Champions
2907	2024-06-10	2025-12-28	2024-06-01	3	8	6605.33	825.67	5	5	3	13	Champions
3407	2025-11-12	2025-12-22	2025-11-01	9	8	6429.94	803.74	5	5	3	13	Champions
1213	2025-08-29	2025-12-24	2025-08-01	7	8	6424.67	803.08	5	5	3	13	Champions
1542	2025-11-27	2025-12-28	2025-11-01	3	12	6267.20	522.27	5	5	3	13	Champions
1831	2025-09-22	2025-12-29	2025-09-01	2	8	6050.35	756.29	5	5	3	13	Champions
727	2025-08-13	2025-12-24	2025-08-01	7	8	5957.75	744.72	5	5	3	13	Champions
2054	2025-08-05	2025-12-18	2025-08-01	13	8	5413.96	676.75	5	5	3	13	Champions
3176	2025-11-27	2025-12-29	2025-11-01	2	11	5372.73	488.43	5	5	3	13	Champions
2301	2025-10-17	2025-12-29	2025-10-01	2	8	5361.18	670.15	5	5	3	13	Champions
2571	2025-01-27	2025-12-26	2025-01-01	5	8	4789.17	598.65	5	5	3	13	Champions
2698	2025-04-18	2025-12-19	2025-04-01	12	11	4608.08	418.92	5	5	3	13	Champions
2233	2025-06-29	2025-12-28	2025-06-01	3	8	4329.00	541.13	5	5	3	13	Champions
2664	2025-06-21	2025-12-21	2025-06-01	10	8	3524.00	440.50	5	5	3	13	Champions
2030	2024-01-18	2025-08-05	2024-01-01	148	13	36392.87	2799.45	2	5	5	12	High Value At Risk
4686	2024-02-03	2025-05-07	2024-02-01	238	14	28201.28	2014.38	2	5	5	12	High Value At Risk
6738	2024-01-20	2025-09-24	2024-01-01	98	8	26502.10	3312.76	3	4	5	12	Loyal Customers
7916	2024-07-27	2025-10-29	2024-07-01	63	8	25994.27	3249.28	3	4	5	12	Loyal Customers
1689	2024-06-05	2025-07-25	2024-06-01	159	13	25557.21	1965.94	2	5	5	12	High Value At Risk
7604	2024-03-31	2025-08-01	2024-03-01	152	13	25483.31	1960.25	2	5	5	12	High Value At Risk
5009	2024-07-29	2025-08-09	2024-07-01	144	14	25406.57	1814.76	2	5	5	12	High Value At Risk
4192	2025-04-09	2025-09-17	2025-04-01	105	7	23293.33	3327.62	3	4	5	12	Loyal Customers
3825	2024-12-17	2025-11-02	2024-12-01	59	8	23270.57	2908.82	3	4	5	12	Loyal Customers
3830	2025-01-10	2025-10-18	2025-01-01	74	7	22770.23	3252.89	3	4	5	12	Loyal Customers
2676	2024-03-20	2025-09-19	2024-03-01	103	7	22585.56	3226.51	3	4	5	12	Loyal Customers
7163	2025-04-27	2025-11-15	2025-04-01	46	6	22432.22	3738.70	4	3	5	12	Potential Loyalists
7136	2024-12-03	2025-12-08	2024-12-01	23	7	22278.11	3182.59	4	3	5	12	Potential Loyalists
4863	2024-04-19	2025-10-07	2024-04-01	85	8	22230.81	2778.85	3	4	5	12	Loyal Customers
3838	2024-02-08	2025-10-16	2024-02-01	76	8	21584.75	2698.09	3	4	5	12	Loyal Customers
2650	2024-02-24	2025-08-07	2024-02-01	146	12	21570.18	1797.52	2	5	5	12	High Value At Risk
7565	2024-02-04	2025-10-31	2024-02-01	61	8	21371.39	2671.42	3	4	5	12	Loyal Customers
3959	2024-09-20	2025-08-13	2024-09-01	140	8	21018.64	2627.33	3	4	5	12	Loyal Customers
5593	2024-10-26	2025-10-12	2024-10-01	80	8	20969.09	2621.14	3	4	5	12	Loyal Customers
7042	2024-02-21	2025-12-11	2024-02-01	20	7	20903.20	2986.17	4	3	5	12	Potential Loyalists
5225	2025-04-05	2025-10-26	2025-04-01	66	8	20694.10	2586.76	3	4	5	12	Loyal Customers
4894	2024-04-03	2025-10-04	2024-04-01	88	8	20601.67	2575.21	3	4	5	12	Loyal Customers
1807	2024-10-25	2025-09-12	2024-10-01	110	7	20534.41	2933.49	3	4	5	12	Loyal Customers
1602	2024-03-07	2025-09-05	2024-03-01	117	7	20522.91	2931.84	3	4	5	12	Loyal Customers
335	2024-02-14	2025-07-17	2024-02-01	167	10	20445.21	2044.52	2	5	5	12	High Value At Risk
4767	2024-08-26	2025-11-05	2024-08-01	56	7	20280.68	2897.24	3	4	5	12	Loyal Customers
7370	2024-10-25	2025-09-20	2024-10-01	102	8	20197.57	2524.70	3	4	5	12	Loyal Customers
641	2024-08-22	2025-10-25	2024-08-01	67	7	20006.54	2858.08	3	4	5	12	Loyal Customers
3563	2024-04-26	2025-12-02	2024-04-01	29	6	19864.25	3310.71	4	3	5	12	Potential Loyalists
5289	2024-07-28	2025-12-13	2024-07-01	18	6	19784.54	3297.42	4	3	5	12	Potential Loyalists
5374	2024-07-24	2025-10-29	2024-07-01	63	7	19638.89	2805.56	3	4	5	12	Loyal Customers
6906	2024-03-29	2025-10-12	2024-03-01	80	8	19592.11	2449.01	3	4	5	12	Loyal Customers
6088	2024-08-21	2025-10-20	2024-08-01	72	7	19456.24	2779.46	3	4	5	12	Loyal Customers
6687	2024-06-11	2025-10-21	2024-06-01	71	8	19379.09	2422.39	3	4	5	12	Loyal Customers
781	2024-12-16	2025-09-22	2024-12-01	100	7	19353.80	2764.83	3	4	5	12	Loyal Customers
5853	2025-07-06	2025-12-10	2025-07-01	21	6	19353.55	3225.59	4	3	5	12	Potential Loyalists
476	2024-11-10	2025-11-06	2024-11-01	55	7	19326.84	2760.98	3	4	5	12	Loyal Customers
6220	2024-01-09	2025-09-13	2024-01-01	109	8	19204.86	2400.61	3	4	5	12	Loyal Customers
3375	2024-07-17	2025-08-21	2024-07-01	132	7	19036.71	2719.53	3	4	5	12	Loyal Customers
1414	2024-09-17	2025-10-17	2024-09-01	75	7	18927.28	2703.90	3	4	5	12	Loyal Customers
6921	2024-02-18	2025-08-07	2024-02-01	146	12	18650.70	1554.23	2	5	5	12	High Value At Risk
2874	2024-02-12	2025-03-19	2024-02-01	287	8	18519.35	2314.92	2	5	5	12	High Value At Risk
3729	2024-01-24	2025-10-28	2024-01-01	64	7	18513.33	2644.76	3	4	5	12	Loyal Customers
6132	2024-03-04	2025-08-18	2024-03-01	135	8	18405.03	2300.63	3	4	5	12	Loyal Customers
4796	2024-08-22	2025-11-05	2024-08-01	56	7	18117.82	2588.26	3	4	5	12	Loyal Customers
2820	2024-11-23	2025-09-08	2024-11-01	114	7	18066.78	2580.97	3	4	5	12	Loyal Customers
2814	2024-08-27	2025-07-24	2024-08-01	160	8	18028.01	2253.50	2	5	5	12	High Value At Risk
7106	2024-02-01	2025-11-03	2024-02-01	58	8	18024.82	2253.10	3	4	5	12	Loyal Customers
962	2025-06-23	2025-11-07	2025-06-01	54	6	17888.75	2981.46	4	3	5	12	Potential Loyalists
3208	2024-09-26	2025-10-16	2024-09-01	76	7	17825.41	2546.49	3	4	5	12	Loyal Customers
7253	2024-02-18	2025-06-29	2024-02-01	185	14	17711.45	1265.10	2	5	5	12	High Value At Risk
7686	2024-07-20	2025-10-09	2024-07-01	83	8	17600.78	2200.10	3	4	5	12	Loyal Customers
6656	2024-12-29	2025-10-14	2024-12-01	78	7	17584.57	2512.08	3	4	5	12	Loyal Customers
7701	2024-08-08	2025-09-03	2024-08-01	119	8	17516.90	2189.61	3	4	5	12	Loyal Customers
1704	2024-01-12	2025-05-07	2024-01-01	238	8	17451.26	2181.41	2	5	5	12	High Value At Risk
4658	2024-07-30	2025-09-26	2024-07-01	96	7	17450.77	2492.97	3	4	5	12	Loyal Customers
2128	2024-01-08	2025-08-29	2024-01-01	124	7	17429.84	2489.98	3	4	5	12	Loyal Customers
5793	2024-04-01	2025-09-20	2024-04-01	102	7	17353.09	2479.01	3	4	5	12	Loyal Customers
3774	2024-09-29	2025-11-23	2024-09-01	38	6	17338.27	2889.71	4	3	5	12	Potential Loyalists
1970	2024-01-28	2025-10-23	2024-01-01	69	7	17325.39	2475.06	3	4	5	12	Loyal Customers
6021	2024-11-25	2025-08-27	2024-11-01	126	7	17275.20	2467.89	3	4	5	12	Loyal Customers
7103	2024-12-14	2025-11-28	2024-12-01	33	6	17212.82	2868.80	4	3	5	12	Potential Loyalists
7740	2024-04-03	2025-11-15	2024-04-01	46	6	17206.64	2867.77	4	3	5	12	Potential Loyalists
3629	2025-04-11	2025-11-07	2025-04-01	54	8	17148.65	2143.58	3	4	5	12	Loyal Customers
2955	2025-06-17	2025-10-28	2025-06-01	64	7	17116.74	2445.25	3	4	5	12	Loyal Customers
3664	2025-02-21	2025-09-22	2025-02-01	100	7	17089.75	2441.39	3	4	5	12	Loyal Customers
3550	2024-01-18	2025-10-26	2024-01-01	66	7	17014.81	2430.69	3	4	5	12	Loyal Customers
7497	2024-01-05	2025-12-09	2024-01-01	22	6	16997.86	2832.98	4	3	5	12	Potential Loyalists
2534	2024-04-06	2025-04-19	2024-04-01	256	8	16915.74	2114.47	2	5	5	12	High Value At Risk
6837	2024-12-22	2025-10-07	2024-12-01	85	7	16909.19	2415.60	3	4	5	12	Loyal Customers
7097	2024-03-26	2025-10-30	2024-03-01	62	8	16831.07	2103.88	3	4	5	12	Loyal Customers
5614	2024-09-09	2025-10-01	2024-09-01	91	8	16771.46	2096.43	3	4	5	12	Loyal Customers
5962	2025-04-19	2025-09-11	2025-04-01	111	8	16605.61	2075.70	3	4	5	12	Loyal Customers
6427	2024-04-19	2025-11-03	2024-04-01	58	7	16569.82	2367.12	3	4	5	12	Loyal Customers
3063	2024-07-12	2025-11-30	2024-07-01	31	6	16489.48	2748.25	4	3	5	12	Potential Loyalists
7354	2025-01-25	2025-11-10	2025-01-01	51	7	16455.08	2350.73	4	3	5	12	Potential Loyalists
4643	2024-07-25	2025-11-06	2024-07-01	55	8	16368.01	2046.00	3	4	5	12	Loyal Customers
3955	2024-10-18	2025-11-25	2024-10-01	36	6	16358.86	2726.48	4	3	5	12	Potential Loyalists
3152	2024-06-11	2025-07-20	2024-06-01	164	11	16206.30	1473.30	2	5	5	12	High Value At Risk
3773	2024-02-04	2025-07-24	2024-02-01	160	11	16173.91	1470.36	2	5	5	12	High Value At Risk
6941	2024-05-25	2025-10-14	2024-05-01	78	8	16171.64	2021.46	3	4	5	12	Loyal Customers
4344	2025-06-09	2025-10-17	2025-06-01	75	7	16119.91	2302.84	3	4	5	12	Loyal Customers
4510	2024-08-03	2025-10-30	2024-08-01	62	8	16097.49	2012.19	3	4	5	12	Loyal Customers
6682	2024-08-19	2025-10-02	2024-08-01	90	8	16080.37	2010.05	3	4	5	12	Loyal Customers
4291	2024-07-25	2025-08-17	2024-07-01	136	7	16076.60	2296.66	3	4	5	12	Loyal Customers
5013	2024-01-09	2025-09-22	2024-01-01	100	7	16056.99	2293.86	3	4	5	12	Loyal Customers
3735	2024-09-23	2025-08-25	2024-09-01	128	8	15932.42	1991.55	3	4	5	12	Loyal Customers
4447	2025-05-10	2025-09-02	2025-05-01	120	7	15866.11	2266.59	3	4	5	12	Loyal Customers
2847	2024-12-29	2025-08-24	2024-12-01	129	7	15823.40	2260.49	3	4	5	12	Loyal Customers
1923	2024-09-01	2025-12-01	2024-09-01	30	6	15698.88	2616.48	4	3	5	12	Potential Loyalists
789	2024-04-29	2025-08-16	2024-04-01	137	7	15683.02	2240.43	3	4	5	12	Loyal Customers
7246	2024-02-09	2025-11-05	2024-02-01	56	8	15574.35	1946.79	3	4	5	12	Loyal Customers
2917	2024-02-03	2025-02-13	2024-02-01	321	8	15518.48	1939.81	2	5	5	12	High Value At Risk
6276	2024-04-27	2025-10-25	2024-04-01	67	8	15450.40	1931.30	3	4	5	12	Loyal Customers
6695	2025-04-05	2025-09-26	2025-04-01	96	7	15440.35	2205.76	3	4	5	12	Loyal Customers
7852	2025-04-24	2025-12-04	2025-04-01	27	6	15430.84	2571.81	4	3	5	12	Potential Loyalists
847	2024-02-21	2025-10-31	2024-02-01	61	7	15379.70	2197.10	3	4	5	12	Loyal Customers
6599	2025-04-25	2025-10-18	2025-04-01	74	7	15364.25	2194.89	3	4	5	12	Loyal Customers
6294	2025-06-10	2025-11-05	2025-06-01	56	7	15356.14	2193.73	3	4	5	12	Loyal Customers
2910	2025-08-07	2025-11-02	2025-08-01	59	7	15340.41	2191.49	3	4	5	12	Loyal Customers
4229	2024-10-22	2025-10-25	2024-10-01	67	8	15273.30	1909.16	3	4	5	12	Loyal Customers
6864	2025-02-18	2025-10-08	2025-02-01	84	7	15239.51	2177.07	3	4	5	12	Loyal Customers
7079	2025-04-15	2025-11-25	2025-04-01	36	6	15209.27	2534.88	4	3	5	12	Potential Loyalists
4908	2024-02-12	2025-08-20	2024-02-01	133	8	15113.22	1889.15	3	4	5	12	Loyal Customers
6168	2024-01-07	2025-08-18	2024-01-01	135	8	15054.80	1881.85	3	4	5	12	Loyal Customers
471	2025-01-14	2025-10-03	2025-01-01	89	7	14986.96	2140.99	3	4	5	12	Loyal Customers
2593	2024-07-25	2025-12-08	2024-07-01	23	6	14981.80	2496.97	4	3	5	12	Potential Loyalists
1592	2024-02-07	2025-07-28	2024-02-01	156	8	14929.76	1866.22	2	5	5	12	High Value At Risk
3180	2024-06-10	2025-10-09	2024-06-01	83	7	14904.30	2129.19	3	4	5	12	Loyal Customers
7034	2024-12-25	2025-11-19	2024-12-01	42	5	14855.20	2971.04	4	3	5	12	Potential Loyalists
36	2024-05-21	2025-09-19	2024-05-01	103	7	14795.44	2113.63	3	4	5	12	Loyal Customers
7336	2024-05-01	2025-10-10	2024-05-01	82	8	14709.31	1838.66	3	4	5	12	Loyal Customers
3322	2024-01-24	2025-10-27	2024-01-01	65	7	14690.24	2098.61	3	4	5	12	Loyal Customers
2379	2024-09-03	2025-11-05	2024-09-01	56	7	14663.56	2094.79	3	4	5	12	Loyal Customers
3731	2024-08-25	2025-10-11	2024-08-01	81	8	14644.54	1830.57	3	4	5	12	Loyal Customers
3296	2025-02-27	2025-10-28	2025-02-01	64	7	14638.37	2091.20	3	4	5	12	Loyal Customers
4785	2024-01-28	2025-10-04	2024-01-01	88	8	14630.66	1828.83	3	4	5	12	Loyal Customers
5867	2024-11-01	2025-10-26	2024-11-01	66	8	14522.39	1815.30	3	4	5	12	Loyal Customers
4321	2024-11-07	2025-09-07	2024-11-01	115	8	14395.28	1799.41	3	4	5	12	Loyal Customers
1459	2024-05-20	2025-09-08	2024-05-01	114	7	14374.34	2053.48	3	4	5	12	Loyal Customers
7418	2025-01-02	2025-11-08	2025-01-01	53	7	14372.35	2053.19	4	3	5	12	Potential Loyalists
6292	2024-09-02	2025-10-05	2024-09-01	87	8	14341.56	1792.70	3	4	5	12	Loyal Customers
1642	2025-04-06	2025-10-28	2025-04-01	64	7	14291.43	2041.63	3	4	5	12	Loyal Customers
3889	2024-08-29	2025-12-03	2024-08-01	28	6	14282.49	2380.42	4	3	5	12	Potential Loyalists
5504	2024-06-28	2025-08-22	2024-06-01	131	7	14259.65	2037.09	3	4	5	12	Loyal Customers
7503	2024-06-01	2025-11-30	2024-06-01	31	6	14224.84	2370.81	4	3	5	12	Potential Loyalists
1176	2024-06-30	2025-08-07	2024-06-01	146	8	14190.30	1773.79	2	5	5	12	High Value At Risk
7962	2024-06-30	2025-12-06	2024-06-01	25	7	14189.11	2027.02	4	3	5	12	Potential Loyalists
3920	2025-03-23	2025-11-29	2025-03-01	32	6	14173.14	2362.19	4	3	5	12	Potential Loyalists
3507	2024-12-08	2025-10-12	2024-12-01	80	8	14157.03	1769.63	3	4	5	12	Loyal Customers
6938	2024-09-01	2025-09-25	2024-09-01	97	7	14028.84	2004.12	3	4	5	12	Loyal Customers
1365	2024-04-04	2025-07-07	2024-04-01	177	14	14006.00	1000.43	2	5	5	12	High Value At Risk
2297	2024-06-03	2025-07-22	2024-06-01	162	8	14005.29	1750.66	2	5	5	12	High Value At Risk
20	2024-12-22	2025-09-12	2024-12-01	110	7	13965.79	1995.11	3	4	5	12	Loyal Customers
4173	2025-02-02	2025-11-04	2025-02-01	57	7	13962.65	1994.66	3	4	5	12	Loyal Customers
4588	2024-06-16	2025-10-22	2024-06-01	70	7	13961.57	1994.51	3	4	5	12	Loyal Customers
5562	2025-02-14	2025-12-05	2025-02-01	26	6	13945.49	2324.25	4	3	5	12	Potential Loyalists
6040	2025-08-29	2025-11-06	2025-08-01	55	8	13930.62	1741.33	3	4	5	12	Loyal Customers
3099	2024-06-30	2025-10-22	2024-06-01	70	7	13871.78	1981.68	3	4	5	12	Loyal Customers
6774	2025-01-23	2025-09-27	2025-01-01	95	8	13864.31	1733.04	3	4	5	12	Loyal Customers
375	2025-01-14	2025-10-08	2025-01-01	84	7	13855.07	1979.30	3	4	5	12	Loyal Customers
7837	2025-09-08	2025-12-10	2025-09-01	21	7	13853.35	1979.05	4	3	5	12	Potential Loyalists
5892	2025-08-19	2025-12-07	2025-08-01	24	6	13800.38	2300.06	4	3	5	12	Potential Loyalists
2174	2024-03-25	2025-08-22	2024-03-01	131	7	13731.90	1961.70	3	4	5	12	Loyal Customers
2166	2025-02-13	2025-10-31	2025-02-01	61	7	13709.46	1958.49	3	4	5	12	Loyal Customers
6904	2024-01-08	2025-10-03	2024-01-01	89	7	13653.79	1950.54	3	4	5	12	Loyal Customers
6587	2025-07-13	2025-11-12	2025-07-01	49	6	13634.76	2272.46	4	3	5	12	Potential Loyalists
5185	2025-02-02	2025-10-22	2025-02-01	70	8	13609.31	1701.16	3	4	5	12	Loyal Customers
6650	2024-03-24	2025-10-17	2024-03-01	75	8	13561.38	1695.17	3	4	5	12	Loyal Customers
39	2024-04-06	2025-07-23	2024-04-01	161	8	13556.96	1694.62	2	5	5	12	High Value At Risk
7052	2024-03-19	2025-10-19	2024-03-01	73	8	13512.31	1689.04	3	4	5	12	Loyal Customers
1347	2024-04-29	2025-06-14	2024-04-01	200	8	13500.11	1687.51	2	5	5	12	High Value At Risk
1828	2024-10-16	2025-10-24	2024-10-01	68	7	13484.83	1926.40	3	4	5	12	Loyal Customers
6053	2024-04-07	2025-09-29	2024-04-01	93	11	13439.75	1221.80	3	5	4	12	Loyal Customers
7268	2025-11-10	2025-12-18	2025-11-01	13	7	13423.49	1917.64	5	3	4	12	Potential Loyalists
7435	2025-09-11	2025-12-18	2025-09-01	13	7	13408.57	1915.51	5	3	4	12	Potential Loyalists
2608	2025-04-08	2025-11-04	2025-04-01	57	8	13387.83	1673.48	3	5	4	12	Loyal Customers
2021	2024-08-28	2025-11-25	2024-08-01	36	7	13369.63	1909.95	4	4	4	12	Loyal Customers
7312	2024-02-25	2025-10-19	2024-02-01	73	10	13350.34	1335.03	3	5	4	12	Loyal Customers
6290	2024-10-01	2025-11-26	2024-10-01	35	7	13349.22	1907.03	4	4	4	12	Loyal Customers
6535	2025-09-27	2025-12-11	2025-09-01	20	8	13330.84	1666.36	4	4	4	12	Loyal Customers
1063	2024-03-26	2025-11-17	2024-03-01	44	7	13313.89	1901.98	4	4	4	12	Loyal Customers
5548	2025-04-04	2025-10-15	2025-04-01	77	10	13302.43	1330.24	3	5	4	12	Loyal Customers
6849	2025-09-15	2025-12-09	2025-09-01	22	8	13301.44	1662.68	4	4	4	12	Loyal Customers
7391	2025-03-12	2025-12-19	2025-03-01	12	7	13296.58	1899.51	5	3	4	12	Potential Loyalists
4676	2025-08-20	2025-12-01	2025-08-01	30	8	13244.44	1655.56	4	4	4	12	Loyal Customers
4091	2025-05-21	2025-11-22	2025-05-01	39	8	13233.15	1654.14	4	4	4	12	Loyal Customers
7495	2024-05-26	2025-09-09	2024-05-01	113	13	13221.56	1017.04	3	5	4	12	Loyal Customers
700	2025-05-16	2025-12-24	2025-05-01	7	6	13188.83	2198.14	5	3	4	12	Potential Loyalists
7898	2025-10-19	2025-12-26	2025-10-01	5	7	13177.14	1882.45	5	3	4	12	Potential Loyalists
7845	2025-04-20	2025-11-10	2025-04-01	51	8	13155.91	1644.49	4	4	4	12	Loyal Customers
3952	2024-08-18	2025-12-28	2024-08-01	3	6	13110.57	2185.10	5	3	4	12	Potential Loyalists
6594	2025-07-07	2025-12-10	2025-07-01	21	7	13099.86	1871.41	4	4	4	12	Loyal Customers
6178	2024-11-21	2025-11-02	2024-11-01	59	12	13066.86	1088.91	3	5	4	12	Loyal Customers
1811	2024-09-26	2025-12-15	2024-09-01	16	6	13063.01	2177.17	5	3	4	12	Potential Loyalists
5003	2025-07-29	2025-11-28	2025-07-01	33	8	12982.50	1622.81	4	4	4	12	Loyal Customers
6754	2024-12-10	2025-11-29	2024-12-01	32	8	12963.99	1620.50	4	4	4	12	Loyal Customers
5816	2024-06-02	2025-09-27	2024-06-01	95	13	12868.40	989.88	3	5	4	12	Loyal Customers
5820	2025-05-30	2025-11-20	2025-05-01	41	7	12820.62	1831.52	4	4	4	12	Loyal Customers
6212	2024-12-27	2025-12-08	2024-12-01	23	7	12790.84	1827.26	4	4	4	12	Loyal Customers
7360	2024-06-11	2025-10-22	2024-06-01	70	13	12777.30	982.87	3	5	4	12	Loyal Customers
1695	2025-03-27	2025-12-11	2025-03-01	20	7	12767.17	1823.88	4	4	4	12	Loyal Customers
408	2024-01-15	2025-12-12	2024-01-01	19	7	12718.31	1816.90	4	4	4	12	Loyal Customers
6296	2024-03-09	2025-11-27	2024-03-01	34	7	12717.76	1816.82	4	4	4	12	Loyal Customers
5861	2024-04-03	2025-12-09	2024-04-01	22	8	12695.82	1586.98	4	4	4	12	Loyal Customers
4734	2024-04-14	2025-11-23	2024-04-01	38	8	12694.47	1586.81	4	4	4	12	Loyal Customers
3450	2024-02-07	2025-10-19	2024-02-01	73	8	12649.93	1581.24	3	5	4	12	Loyal Customers
6597	2025-01-16	2025-12-13	2025-01-01	18	8	12646.68	1580.84	4	4	4	12	Loyal Customers
2984	2024-06-11	2025-09-06	2024-06-01	116	8	12623.65	1577.96	3	5	4	12	Loyal Customers
4025	2024-06-25	2025-11-03	2024-06-01	58	11	12613.58	1146.69	3	5	4	12	Loyal Customers
7279	2025-09-21	2025-12-26	2025-09-01	5	5	12591.46	2518.29	5	3	4	12	Potential Loyalists
6885	2025-03-29	2025-11-15	2025-03-01	46	7	12584.72	1797.82	4	4	4	12	Loyal Customers
6767	2024-07-11	2025-11-20	2024-07-01	41	8	12555.81	1569.48	4	4	4	12	Loyal Customers
3734	2025-02-14	2025-12-07	2025-02-01	24	8	12495.11	1561.89	4	4	4	12	Loyal Customers
7746	2025-02-19	2025-11-29	2025-02-01	32	8	12493.08	1561.64	4	4	4	12	Loyal Customers
7568	2025-02-01	2025-12-21	2025-02-01	10	7	12474.99	1782.14	5	3	4	12	Potential Loyalists
5574	2024-08-12	2025-10-26	2024-08-01	66	13	12444.78	957.29	3	5	4	12	Loyal Customers
1551	2025-04-18	2025-11-01	2025-04-01	60	8	12433.55	1554.19	3	5	4	12	Loyal Customers
3188	2024-11-03	2025-08-22	2024-11-01	131	8	12368.75	1546.09	3	5	4	12	Loyal Customers
7189	2024-12-27	2025-12-20	2024-12-01	11	7	12352.85	1764.69	5	3	4	12	Potential Loyalists
4170	2025-07-16	2025-12-08	2025-07-01	23	7	12323.70	1760.53	4	4	4	12	Loyal Customers
3978	2024-02-08	2025-10-08	2024-02-01	84	11	12304.73	1118.61	3	5	4	12	Loyal Customers
5393	2025-08-01	2025-11-30	2025-08-01	31	7	12294.10	1756.30	4	4	4	12	Loyal Customers
5342	2025-04-03	2025-12-12	2025-04-01	19	8	12263.88	1532.99	4	4	4	12	Loyal Customers
4306	2025-11-01	2025-12-01	2025-11-01	30	7	12256.89	1750.98	4	4	4	12	Loyal Customers
7933	2025-12-01	2025-12-29	2025-12-01	2	7	12239.09	1748.44	5	3	4	12	Potential Loyalists
4055	2025-03-07	2025-12-08	2025-03-01	23	8	12227.32	1528.42	4	4	4	12	Loyal Customers
242	2025-08-16	2025-12-22	2025-08-01	9	6	12195.47	2032.58	5	3	4	12	Potential Loyalists
1708	2024-05-25	2025-12-04	2024-05-01	27	7	12185.59	1740.80	4	4	4	12	Loyal Customers
3604	2024-05-12	2025-12-09	2024-05-01	22	8	12173.24	1521.66	4	4	4	12	Loyal Customers
4653	2025-08-04	2025-12-13	2025-08-01	18	8	12131.40	1516.43	4	4	4	12	Loyal Customers
1185	2025-01-06	2025-10-24	2025-01-01	68	8	12127.42	1515.93	3	5	4	12	Loyal Customers
6762	2024-03-09	2025-11-30	2024-03-01	31	8	12101.07	1512.63	4	4	4	12	Loyal Customers
4714	2025-04-03	2025-12-12	2025-04-01	19	7	12100.05	1728.58	4	4	4	12	Loyal Customers
5282	2025-03-23	2025-11-10	2025-03-01	51	7	12097.16	1728.17	4	4	4	12	Loyal Customers
1054	2024-12-23	2025-12-12	2024-12-01	19	7	12093.14	1727.59	4	4	4	12	Loyal Customers
1429	2024-03-02	2025-11-07	2024-03-01	54	7	12034.15	1719.16	4	4	4	12	Loyal Customers
7739	2025-08-21	2025-12-20	2025-08-01	11	6	12019.80	2003.30	5	3	4	12	Potential Loyalists
6895	2025-01-21	2025-11-19	2025-01-01	42	8	12018.43	1502.30	4	4	4	12	Loyal Customers
4399	2025-04-19	2025-12-23	2025-04-01	8	6	11980.81	1996.80	5	3	4	12	Potential Loyalists
3100	2025-06-13	2025-11-16	2025-06-01	45	7	11973.33	1710.48	4	4	4	12	Loyal Customers
4193	2025-06-13	2025-12-06	2025-06-01	25	8	11960.52	1495.07	4	4	4	12	Loyal Customers
6030	2024-10-28	2025-12-28	2024-10-01	3	6	11953.97	1992.33	5	3	4	12	Potential Loyalists
1552	2024-10-22	2025-11-16	2024-10-01	45	7	11945.79	1706.54	4	4	4	12	Loyal Customers
2110	2024-02-11	2025-12-12	2024-02-01	19	7	11935.10	1705.01	4	4	4	12	Loyal Customers
4269	2024-04-18	2025-11-28	2024-04-01	33	7	11929.83	1704.26	4	4	4	12	Loyal Customers
3102	2024-04-02	2025-11-22	2024-04-01	39	7	11929.45	1704.21	4	4	4	12	Loyal Customers
3431	2024-02-28	2025-10-20	2024-02-01	72	12	11926.46	993.87	3	5	4	12	Loyal Customers
3126	2024-01-12	2025-10-16	2024-01-01	76	12	11922.45	993.54	3	5	4	12	Loyal Customers
2333	2025-03-23	2025-10-20	2025-03-01	72	14	11889.41	849.24	3	5	4	12	Loyal Customers
5208	2024-05-31	2025-10-07	2024-05-01	85	12	11879.14	989.93	3	5	4	12	Loyal Customers
4148	2024-09-05	2025-12-04	2024-09-01	27	8	11874.19	1484.27	4	4	4	12	Loyal Customers
1789	2024-11-22	2025-12-13	2024-11-01	18	7	11867.93	1695.42	4	4	4	12	Loyal Customers
73	2024-10-16	2025-12-12	2024-10-01	19	7	11863.73	1694.82	4	4	4	12	Loyal Customers
5171	2025-07-06	2025-12-13	2025-07-01	18	8	11845.25	1480.66	4	4	4	12	Loyal Customers
648	2025-08-10	2025-12-11	2025-08-01	20	7	11842.80	1691.83	4	4	4	12	Loyal Customers
2527	2024-01-24	2025-12-12	2024-01-01	19	7	11834.47	1690.64	4	4	4	12	Loyal Customers
1090	2025-11-08	2025-12-19	2025-11-01	12	6	11823.03	1970.51	5	3	4	12	Potential Loyalists
4258	2025-03-21	2025-12-16	2025-03-01	15	6	11819.51	1969.92	5	3	4	12	Potential Loyalists
4552	2025-07-21	2025-12-06	2025-07-01	25	8	11818.01	1477.25	4	4	4	12	Loyal Customers
7594	2025-09-19	2025-12-26	2025-09-01	5	6	11785.31	1964.22	5	3	4	12	Potential Loyalists
7710	2024-11-19	2025-10-07	2024-11-01	85	11	11775.24	1070.48	3	5	4	12	Loyal Customers
3414	2024-08-25	2025-12-09	2024-08-01	22	7	11772.33	1681.76	4	4	4	12	Loyal Customers
3402	2025-07-12	2025-12-06	2025-07-01	25	7	11688.85	1669.84	4	4	4	12	Loyal Customers
1487	2024-01-11	2025-10-18	2024-01-01	74	13	11662.16	897.09	3	5	4	12	Loyal Customers
5395	2024-02-26	2025-12-02	2024-02-01	29	7	11624.71	1660.67	4	4	4	12	Loyal Customers
4675	2024-01-04	2025-11-30	2024-01-01	31	7	11624.40	1660.63	4	4	4	12	Loyal Customers
7196	2024-07-18	2025-11-26	2024-07-01	35	8	11616.12	1452.02	4	4	4	12	Loyal Customers
6109	2024-03-23	2025-11-14	2024-03-01	47	7	11610.42	1658.63	4	4	4	12	Loyal Customers
719	2024-10-25	2025-12-17	2024-10-01	14	6	11598.56	1933.09	5	3	4	12	Potential Loyalists
262	2024-04-05	2025-10-03	2024-04-01	89	8	11595.47	1449.43	3	5	4	12	Loyal Customers
2137	2024-06-14	2025-12-06	2024-06-01	25	7	11582.70	1654.67	4	4	4	12	Loyal Customers
5797	2024-06-21	2025-11-15	2024-06-01	46	7	11580.80	1654.40	4	4	4	12	Loyal Customers
7252	2024-06-15	2025-11-06	2024-06-01	55	12	11564.21	963.68	3	5	4	12	Loyal Customers
2621	2024-08-11	2025-10-04	2024-08-01	88	8	11563.18	1445.40	3	5	4	12	Loyal Customers
5263	2024-07-22	2025-12-02	2024-07-01	29	8	11530.28	1441.29	4	4	4	12	Loyal Customers
6456	2025-11-04	2025-12-24	2025-11-01	7	6	11501.78	1916.96	5	3	4	12	Potential Loyalists
5096	2025-03-29	2025-12-21	2025-03-01	10	6	11496.44	1916.07	5	3	4	12	Potential Loyalists
3184	2025-05-21	2025-12-11	2025-05-01	20	7	11492.64	1641.81	4	4	4	12	Loyal Customers
2232	2025-06-26	2025-12-07	2025-06-01	24	7	11488.01	1641.14	4	4	4	12	Loyal Customers
6937	2024-05-13	2025-11-29	2024-05-01	32	7	11481.91	1640.27	4	4	4	12	Loyal Customers
3206	2025-01-13	2025-10-31	2025-01-01	61	8	11460.28	1432.54	3	5	4	12	Loyal Customers
5467	2024-07-31	2025-12-15	2024-07-01	16	6	11439.67	1906.61	5	3	4	12	Potential Loyalists
989	2024-01-19	2025-12-11	2024-01-01	20	7	11398.69	1628.38	4	4	4	12	Loyal Customers
2428	2024-08-18	2025-09-12	2024-08-01	110	12	11397.59	949.80	3	5	4	12	Loyal Customers
7496	2024-03-30	2025-12-22	2024-03-01	9	7	11385.84	1626.55	5	3	4	12	Potential Loyalists
4177	2025-03-26	2025-12-10	2025-03-01	21	7	11375.58	1625.08	4	4	4	12	Loyal Customers
7836	2025-10-29	2025-12-28	2025-10-01	3	7	11365.95	1623.71	5	3	4	12	Potential Loyalists
3549	2024-10-21	2025-11-18	2024-10-01	43	8	11358.35	1419.79	4	4	4	12	Loyal Customers
3844	2024-01-27	2025-12-10	2024-01-01	21	8	11351.46	1418.93	4	4	4	12	Loyal Customers
426	2024-03-02	2025-09-24	2024-03-01	98	8	11346.21	1418.28	3	5	4	12	Loyal Customers
2472	2024-02-06	2025-10-13	2024-02-01	79	8	11339.58	1417.45	3	5	4	12	Loyal Customers
7659	2024-02-24	2025-11-30	2024-02-01	31	8	11337.56	1417.20	4	4	4	12	Loyal Customers
5964	2024-11-03	2025-12-02	2024-11-01	29	7	11309.39	1615.63	4	4	4	12	Loyal Customers
6233	2025-01-20	2025-12-09	2025-01-01	22	7	11300.62	1614.37	4	4	4	12	Loyal Customers
7083	2025-07-29	2025-12-21	2025-07-01	10	7	11290.32	1612.90	5	3	4	12	Potential Loyalists
380	2025-04-17	2025-11-16	2025-04-01	45	7	11289.94	1612.85	4	4	4	12	Loyal Customers
6232	2025-04-20	2025-12-14	2025-04-01	17	6	11283.19	1880.53	5	3	4	12	Potential Loyalists
3663	2024-01-19	2025-12-02	2024-01-01	29	8	11282.37	1410.30	4	4	4	12	Loyal Customers
4943	2024-08-04	2025-11-24	2024-08-01	37	7	11266.47	1609.50	4	4	4	12	Loyal Customers
1702	2024-04-13	2025-08-14	2024-04-01	139	8	11243.24	1405.41	3	5	4	12	Loyal Customers
7456	2025-01-20	2025-12-16	2025-01-01	15	6	11234.17	1872.36	5	3	4	12	Potential Loyalists
685	2024-11-16	2025-11-17	2024-11-01	44	7	11186.69	1598.10	4	4	4	12	Loyal Customers
6278	2024-12-11	2025-12-25	2024-12-01	6	6	11182.71	1863.79	5	3	4	12	Potential Loyalists
4975	2024-07-02	2025-12-13	2024-07-01	18	8	11169.74	1396.22	4	4	4	12	Loyal Customers
3605	2025-04-08	2025-11-09	2025-04-01	52	8	11159.93	1394.99	4	4	4	12	Loyal Customers
4354	2025-05-12	2025-12-09	2025-05-01	22	8	11140.82	1392.60	4	4	4	12	Loyal Customers
1215	2024-04-05	2025-10-13	2024-04-01	79	8	11123.17	1390.40	3	5	4	12	Loyal Customers
6203	2025-11-20	2025-12-26	2025-11-01	5	6	11118.69	1853.12	5	3	4	12	Potential Loyalists
2352	2024-03-24	2025-10-08	2024-03-01	84	8	11114.17	1389.27	3	5	4	12	Loyal Customers
655	2024-11-27	2025-12-20	2024-11-01	11	6	11101.61	1850.27	5	3	4	12	Potential Loyalists
7671	2025-03-12	2025-12-26	2025-03-01	5	6	11093.46	1848.91	5	3	4	12	Potential Loyalists
4809	2025-03-19	2025-12-04	2025-03-01	27	7	11079.17	1582.74	4	4	4	12	Loyal Customers
1660	2025-11-18	2025-12-16	2025-11-01	15	6	11059.15	1843.19	5	3	4	12	Potential Loyalists
6413	2025-03-25	2025-11-15	2025-03-01	46	7	11023.06	1574.72	4	4	4	12	Loyal Customers
618	2025-03-07	2025-12-11	2025-03-01	20	7	10961.81	1565.97	4	4	4	12	Loyal Customers
4967	2025-02-09	2025-12-13	2025-02-01	18	7	10946.37	1563.77	4	4	4	12	Loyal Customers
4487	2025-05-16	2025-12-04	2025-05-01	27	8	10894.32	1361.79	4	4	4	12	Loyal Customers
7041	2024-02-25	2025-11-19	2024-02-01	42	8	10894.18	1361.77	4	4	4	12	Loyal Customers
2094	2024-06-16	2025-10-11	2024-06-01	81	13	10850.66	834.67	3	5	4	12	Loyal Customers
197	2024-05-25	2025-11-22	2024-05-01	39	7	10847.12	1549.59	4	4	4	12	Loyal Customers
1745	2024-06-28	2025-11-30	2024-06-01	31	7	10809.86	1544.27	4	4	4	12	Loyal Customers
4746	2025-09-20	2025-12-12	2025-09-01	19	8	10807.25	1350.91	4	4	4	12	Loyal Customers
7696	2025-07-11	2025-12-16	2025-07-01	15	6	10807.14	1801.19	5	3	4	12	Potential Loyalists
6197	2025-06-10	2025-12-08	2025-06-01	23	8	10799.31	1349.91	4	4	4	12	Loyal Customers
7250	2025-01-31	2025-11-30	2025-01-01	31	8	10779.86	1347.48	4	4	4	12	Loyal Customers
2561	2024-01-03	2025-09-03	2024-01-01	119	8	10741.78	1342.72	3	5	4	12	Loyal Customers
1682	2025-02-28	2025-12-13	2025-02-01	18	7	10730.43	1532.92	4	4	4	12	Loyal Customers
2459	2024-11-24	2025-11-25	2024-11-01	36	7	10729.87	1532.84	4	4	4	12	Loyal Customers
3790	2025-08-28	2025-12-13	2025-08-01	18	7	10696.31	1528.04	4	4	4	12	Loyal Customers
2495	2024-07-14	2025-09-08	2024-07-01	114	12	10688.59	890.72	3	5	4	12	Loyal Customers
1791	2025-03-10	2025-11-27	2025-03-01	34	7	10679.37	1525.62	4	4	4	12	Loyal Customers
3869	2025-10-20	2025-12-29	2025-10-01	2	6	10674.29	1779.05	5	3	4	12	Potential Loyalists
2354	2024-01-05	2025-11-02	2024-01-01	59	11	10672.68	970.24	3	5	4	12	Loyal Customers
5331	2024-02-24	2025-11-18	2024-02-01	43	8	10661.92	1332.74	4	4	4	12	Loyal Customers
2411	2025-01-19	2025-12-25	2025-01-01	6	6	10652.93	1775.49	5	3	4	12	Potential Loyalists
6108	2025-04-17	2025-12-07	2025-04-01	24	8	10645.32	1330.67	4	4	4	12	Loyal Customers
4446	2024-08-24	2025-11-30	2024-08-01	31	8	10626.83	1328.35	4	4	4	12	Loyal Customers
24	2024-04-07	2025-12-30	2024-04-01	1	6	10619.24	1769.87	5	3	4	12	Potential Loyalists
430	2025-11-11	2025-12-13	2025-11-01	18	7	10599.48	1514.21	4	4	4	12	Loyal Customers
6847	2024-07-25	2025-12-07	2024-07-01	24	8	10596.44	1324.56	4	4	4	12	Loyal Customers
5875	2024-09-10	2025-11-14	2024-09-01	47	7	10544.05	1506.29	4	4	4	12	Loyal Customers
1492	2024-03-02	2025-09-04	2024-03-01	118	11	10543.99	958.54	3	5	4	12	Loyal Customers
3933	2025-09-20	2025-12-16	2025-09-01	15	6	10515.59	1752.60	5	3	4	12	Potential Loyalists
3962	2024-04-15	2025-08-29	2024-04-01	124	13	10514.30	808.79	3	5	4	12	Loyal Customers
4144	2025-08-15	2025-12-12	2025-08-01	19	8	10502.74	1312.84	4	4	4	12	Loyal Customers
5604	2025-01-09	2025-12-03	2025-01-01	28	7	10499.49	1499.93	4	4	4	12	Loyal Customers
3841	2024-07-19	2025-12-30	2024-07-01	1	6	10492.64	1748.77	5	3	4	12	Potential Loyalists
3772	2024-12-15	2025-11-27	2024-12-01	34	8	10468.10	1308.51	4	4	4	12	Loyal Customers
6957	2024-02-07	2025-12-13	2024-02-01	18	8	10431.23	1303.90	4	4	4	12	Loyal Customers
4150	2025-03-08	2025-11-15	2025-03-01	46	8	10424.31	1303.04	4	4	4	12	Loyal Customers
2531	2025-02-21	2025-12-11	2025-02-01	20	7	10397.75	1485.39	4	4	4	12	Loyal Customers
4617	2025-03-04	2025-12-13	2025-03-01	18	7	10373.94	1481.99	4	4	4	12	Loyal Customers
632	2025-08-31	2025-12-12	2025-08-01	19	7	10358.20	1479.74	4	4	4	12	Loyal Customers
1239	2025-06-23	2025-12-25	2025-06-01	6	6	10339.05	1723.18	5	3	4	12	Potential Loyalists
1421	2024-08-30	2025-11-28	2024-08-01	33	7	10317.88	1473.98	4	4	4	12	Loyal Customers
4829	2025-05-26	2025-12-10	2025-05-01	21	8	10279.48	1284.94	4	4	4	12	Loyal Customers
6199	2025-06-25	2025-12-14	2025-06-01	17	6	10276.23	1712.71	5	3	4	12	Potential Loyalists
3285	2024-04-11	2025-10-17	2024-04-01	75	12	10269.15	855.76	3	5	4	12	Loyal Customers
605	2024-08-25	2025-10-15	2024-08-01	77	8	10264.79	1283.10	3	5	4	12	Loyal Customers
2123	2024-11-27	2025-12-21	2024-11-01	10	6	10264.07	1710.68	5	3	4	12	Potential Loyalists
1411	2024-10-14	2025-09-29	2024-10-01	93	8	10256.27	1282.03	3	5	4	12	Loyal Customers
2678	2025-10-29	2025-12-23	2025-10-01	8	6	10245.93	1707.66	5	3	4	12	Potential Loyalists
4912	2025-05-25	2025-11-30	2025-05-01	31	7	10225.00	1460.71	4	4	4	12	Loyal Customers
3423	2024-06-10	2025-12-02	2024-06-01	29	7	10220.49	1460.07	4	4	4	12	Loyal Customers
7018	2025-04-27	2025-12-24	2025-04-01	7	7	10196.47	1456.64	5	3	4	12	Potential Loyalists
5581	2024-09-13	2025-12-07	2024-09-01	24	8	10188.72	1273.59	4	4	4	12	Loyal Customers
3224	2024-10-05	2025-11-20	2024-10-01	41	7	10187.55	1455.36	4	4	4	12	Loyal Customers
1498	2025-09-23	2025-12-22	2025-09-01	9	6	10182.47	1697.08	5	3	4	12	Potential Loyalists
7720	2025-02-03	2025-12-22	2025-02-01	9	6	10166.40	1694.40	5	3	4	12	Potential Loyalists
3999	2024-06-26	2025-11-17	2024-06-01	44	7	10162.44	1451.78	4	4	4	12	Loyal Customers
2394	2024-09-03	2025-11-13	2024-09-01	48	7	10162.05	1451.72	4	4	4	12	Loyal Customers
238	2025-04-12	2025-12-12	2025-04-01	19	7	10148.00	1449.71	4	4	4	12	Loyal Customers
3471	2024-09-10	2025-09-14	2024-09-01	108	8	10127.94	1265.99	3	5	4	12	Loyal Customers
395	2025-02-27	2025-08-21	2025-02-01	132	8	10127.22	1265.90	3	5	4	12	Loyal Customers
3098	2025-01-06	2025-10-28	2025-01-01	64	8	10098.78	1262.35	3	5	4	12	Loyal Customers
3490	2025-05-28	2025-12-10	2025-05-01	21	7	10080.20	1440.03	4	4	4	12	Loyal Customers
4655	2025-04-21	2025-12-13	2025-04-01	18	7	10063.94	1437.71	4	4	4	12	Loyal Customers
3161	2024-10-08	2025-09-26	2024-10-01	96	8	10054.74	1256.84	3	5	4	12	Loyal Customers
3179	2024-03-02	2025-10-19	2024-03-01	73	8	10051.95	1256.49	3	5	4	12	Loyal Customers
3377	2024-03-03	2025-11-15	2024-03-01	46	7	9972.07	1424.58	4	4	4	12	Loyal Customers
4463	2024-05-02	2025-12-07	2024-05-01	24	8	9970.77	1246.35	4	4	4	12	Loyal Customers
1252	2024-01-20	2025-09-28	2024-01-01	94	8	9961.49	1245.19	3	5	4	12	Loyal Customers
7277	2024-01-09	2025-09-26	2024-01-01	96	12	9930.57	827.55	3	5	4	12	Loyal Customers
4729	2025-09-07	2025-12-16	2025-09-01	15	5	9886.36	1977.27	5	3	4	12	Potential Loyalists
89	2024-04-07	2025-12-14	2024-04-01	17	6	9858.64	1643.11	5	3	4	12	Potential Loyalists
6148	2025-07-01	2025-12-24	2025-07-01	7	6	9820.99	1636.83	5	3	4	12	Potential Loyalists
3949	2024-12-30	2025-12-09	2024-12-01	22	8	9820.01	1227.50	4	4	4	12	Loyal Customers
1139	2024-10-30	2025-10-09	2024-10-01	83	8	9815.42	1226.93	3	5	4	12	Loyal Customers
1154	2025-06-09	2025-11-30	2025-06-01	31	7	9807.99	1401.14	4	4	4	12	Loyal Customers
2455	2025-05-29	2025-12-02	2025-05-01	29	7	9785.05	1397.86	4	4	4	12	Loyal Customers
6140	2025-02-01	2025-12-03	2025-02-01	28	7	9773.26	1396.18	4	4	4	12	Loyal Customers
3520	2025-06-07	2025-11-28	2025-06-01	33	8	9767.97	1221.00	4	4	4	12	Loyal Customers
2943	2024-08-01	2025-10-29	2024-08-01	63	8	9766.24	1220.78	3	5	4	12	Loyal Customers
4082	2025-08-06	2025-11-20	2025-08-01	41	7	9764.50	1394.93	4	4	4	12	Loyal Customers
3608	2024-03-12	2025-11-04	2024-03-01	57	12	9754.60	812.88	3	5	4	12	Loyal Customers
7946	2025-04-10	2025-10-07	2025-04-01	85	11	9750.57	886.42	3	5	4	12	Loyal Customers
6090	2024-06-02	2025-11-09	2024-06-01	52	7	9746.38	1392.34	4	4	4	12	Loyal Customers
2217	2024-05-04	2025-12-30	2024-05-01	1	4	9734.01	2433.50	5	3	4	12	Potential Loyalists
4261	2025-11-13	2025-12-22	2025-11-01	9	6	9720.74	1620.12	5	3	4	12	Potential Loyalists
2104	2024-05-12	2025-11-25	2024-05-01	36	7	9710.76	1387.25	4	4	4	12	Loyal Customers
3796	2024-07-20	2025-12-07	2024-07-01	24	8	9709.63	1213.70	4	4	4	12	Loyal Customers
6826	2024-06-12	2025-12-02	2024-06-01	29	7	9689.18	1384.17	4	4	4	12	Loyal Customers
1871	2024-04-06	2025-09-19	2024-04-01	103	8	9686.65	1210.83	3	5	4	12	Loyal Customers
498	2025-07-10	2025-12-05	2025-07-01	26	7	9676.46	1382.35	4	4	4	12	Loyal Customers
1699	2025-03-26	2025-11-19	2025-03-01	42	7	9628.39	1375.48	4	4	4	12	Loyal Customers
2897	2025-01-07	2025-10-16	2025-01-01	76	8	9608.19	1201.02	3	5	4	12	Loyal Customers
3345	2024-03-21	2025-10-27	2024-03-01	65	13	9600.44	738.50	3	5	4	12	Loyal Customers
2770	2024-08-11	2025-11-20	2024-08-01	41	7	9589.74	1369.96	4	4	4	12	Loyal Customers
5503	2024-12-09	2025-11-13	2024-12-01	48	8	9572.48	1196.56	4	4	4	12	Loyal Customers
2965	2024-01-01	2025-12-29	2024-01-01	2	2	9571.27	4785.64	5	3	4	12	Potential Loyalists
6940	2024-04-13	2025-11-27	2024-04-01	34	7	9571.02	1367.29	4	4	4	12	Loyal Customers
7177	2025-11-29	2025-12-30	2025-11-01	1	7	9535.66	1362.24	5	3	4	12	Potential Loyalists
1655	2025-05-01	2025-11-17	2025-05-01	44	7	9534.70	1362.10	4	4	4	12	Loyal Customers
2043	2025-01-30	2025-12-12	2025-01-01	19	7	9519.90	1359.99	4	4	4	12	Loyal Customers
1845	2024-06-14	2025-10-08	2024-06-01	84	11	9497.08	863.37	3	5	4	12	Loyal Customers
7352	2025-05-17	2025-12-16	2025-05-01	15	7	9482.87	1354.70	5	3	4	12	Potential Loyalists
4289	2024-06-08	2025-12-06	2024-06-01	25	7	9477.31	1353.90	4	4	4	12	Loyal Customers
7191	2025-10-30	2025-12-18	2025-10-01	13	6	9474.83	1579.14	5	3	4	12	Potential Loyalists
5106	2025-04-06	2025-12-12	2025-04-01	19	7	9448.86	1349.84	4	4	4	12	Loyal Customers
1100	2025-05-24	2025-10-27	2025-05-01	65	8	9428.98	1178.62	3	5	4	12	Loyal Customers
298	2024-01-18	2025-11-03	2024-01-01	58	12	9396.83	783.07	3	5	4	12	Loyal Customers
2757	2024-01-23	2025-09-22	2024-01-01	100	8	9385.82	1173.23	3	5	4	12	Loyal Customers
5217	2025-04-03	2025-11-25	2025-04-01	36	8	9335.54	1166.94	4	4	4	12	Loyal Customers
5906	2025-01-28	2025-12-02	2025-01-01	29	8	9324.54	1165.57	4	4	4	12	Loyal Customers
2539	2024-07-26	2025-11-25	2024-07-01	36	7	9314.34	1330.62	4	4	4	12	Loyal Customers
3541	2024-10-11	2025-12-05	2024-10-01	26	7	9308.69	1329.81	4	4	4	12	Loyal Customers
6701	2025-04-22	2025-12-01	2025-04-01	30	7	9277.85	1325.41	4	4	4	12	Loyal Customers
411	2024-06-20	2025-10-26	2024-06-01	66	8	9267.81	1158.48	3	5	4	12	Loyal Customers
363	2024-10-08	2025-10-27	2024-10-01	65	8	9263.83	1157.98	3	5	4	12	Loyal Customers
1444	2025-09-26	2025-12-11	2025-09-01	20	7	9255.58	1322.23	4	4	4	12	Loyal Customers
7923	2024-09-23	2025-12-11	2024-09-01	20	8	9238.50	1154.81	4	4	4	12	Loyal Customers
4230	2025-05-10	2025-11-23	2025-05-01	38	7	9215.78	1316.54	4	4	4	12	Loyal Customers
3698	2025-10-13	2025-12-14	2025-10-01	17	6	9181.42	1530.24	5	3	4	12	Potential Loyalists
664	2024-09-13	2025-12-06	2024-09-01	25	7	9157.33	1308.19	4	4	4	12	Loyal Customers
243	2025-05-24	2025-11-09	2025-05-01	52	7	9137.29	1305.33	4	4	4	12	Loyal Customers
649	2025-04-27	2025-12-09	2025-04-01	22	7	9100.58	1300.08	4	4	4	12	Loyal Customers
3223	2024-07-18	2025-12-09	2024-07-01	22	7	9083.07	1297.58	4	4	4	12	Loyal Customers
7122	2024-01-22	2025-12-30	2024-01-01	1	7	9059.64	1294.23	5	3	4	12	Potential Loyalists
5144	2024-09-18	2025-12-14	2024-09-01	17	6	9012.95	1502.16	5	3	4	12	Potential Loyalists
3035	2024-05-29	2025-11-03	2024-05-01	58	11	9005.18	818.65	3	5	4	12	Loyal Customers
758	2025-02-23	2025-12-04	2025-02-01	27	7	8990.37	1284.34	4	4	4	12	Loyal Customers
1163	2024-01-25	2025-10-22	2024-01-01	70	8	8980.14	1122.52	3	5	4	12	Loyal Customers
6798	2025-07-24	2025-11-25	2025-07-01	36	8	8976.21	1122.03	4	4	4	12	Loyal Customers
5897	2024-07-22	2025-11-26	2024-07-01	35	8	8967.37	1120.92	4	4	4	12	Loyal Customers
907	2025-01-30	2025-09-16	2025-01-01	106	8	8966.64	1120.83	3	5	4	12	Loyal Customers
7388	2025-07-12	2025-12-25	2025-07-01	6	7	8957.01	1279.57	5	3	4	12	Potential Loyalists
1085	2024-03-17	2025-08-24	2024-03-01	129	8	8955.06	1119.38	3	5	4	12	Loyal Customers
1024	2024-12-29	2025-11-26	2024-12-01	35	7	8948.81	1278.40	4	4	4	12	Loyal Customers
4422	2025-06-13	2025-12-11	2025-06-01	20	7	8944.80	1277.83	4	4	4	12	Loyal Customers
7529	2024-10-20	2025-11-08	2024-10-01	53	8	8922.65	1115.33	4	4	4	12	Loyal Customers
2499	2025-03-12	2025-11-07	2025-03-01	54	7	8921.55	1274.51	4	4	4	12	Loyal Customers
5072	2024-06-02	2025-11-27	2024-06-01	34	8	8905.17	1113.15	4	4	4	12	Loyal Customers
5052	2025-12-07	2025-12-29	2025-12-01	2	6	8855.48	1475.91	5	3	4	12	Potential Loyalists
4153	2024-08-25	2025-11-10	2024-08-01	51	7	8850.55	1264.36	4	4	4	12	Loyal Customers
4629	2025-07-12	2025-12-06	2025-07-01	25	8	8846.78	1105.85	4	4	4	12	Loyal Customers
4752	2025-06-01	2025-12-21	2025-06-01	10	6	8807.40	1467.90	5	3	4	12	Potential Loyalists
6208	2025-04-03	2025-12-12	2025-04-01	19	8	8796.65	1099.58	4	4	4	12	Loyal Customers
1072	2024-10-21	2025-12-19	2024-10-01	12	6	8793.01	1465.50	5	3	4	12	Potential Loyalists
4921	2025-02-21	2025-11-07	2025-02-01	54	11	8784.36	798.58	3	5	4	12	Loyal Customers
3706	2025-03-24	2025-09-27	2025-03-01	95	13	8777.54	675.20	3	5	4	12	Loyal Customers
1310	2024-01-10	2025-11-03	2024-01-01	58	8	8767.50	1095.94	3	5	4	12	Loyal Customers
7105	2024-05-06	2025-12-13	2024-05-01	18	8	8738.30	1092.29	4	4	4	12	Loyal Customers
4332	2025-10-26	2025-11-30	2025-10-01	31	7	8726.13	1246.59	4	4	4	12	Loyal Customers
6786	2024-06-26	2025-12-05	2024-06-01	26	7	8702.85	1243.26	4	4	4	12	Loyal Customers
6086	2025-11-03	2025-12-27	2025-11-01	4	6	8692.90	1448.82	5	3	4	12	Potential Loyalists
3105	2025-07-29	2025-11-29	2025-07-01	32	7	8677.04	1239.58	4	4	4	12	Loyal Customers
6537	2024-09-16	2025-11-30	2024-09-01	31	8	8642.52	1080.32	4	4	4	12	Loyal Customers
1362	2025-08-06	2025-11-21	2025-08-01	40	7	8640.12	1234.30	4	4	4	12	Loyal Customers
1261	2025-06-13	2025-11-22	2025-06-01	39	7	8637.04	1233.86	4	4	4	12	Loyal Customers
193	2024-08-28	2025-12-09	2024-08-01	22	7	8635.94	1233.71	4	4	4	12	Loyal Customers
1191	2025-07-27	2025-12-21	2025-07-01	10	6	8635.93	1439.32	5	3	4	12	Potential Loyalists
2856	2025-07-25	2025-12-03	2025-07-01	28	7	8616.16	1230.88	4	4	4	12	Loyal Customers
3640	2024-09-25	2025-12-17	2024-09-01	14	6	8590.21	1431.70	5	3	4	12	Potential Loyalists
6487	2024-04-20	2025-12-11	2024-04-01	20	7	8583.63	1226.23	4	4	4	12	Loyal Customers
1110	2025-05-04	2025-12-05	2025-05-01	26	7	8557.11	1222.44	4	4	4	12	Loyal Customers
6669	2024-04-14	2025-12-05	2024-04-01	26	8	8557.06	1069.63	4	4	4	12	Loyal Customers
1993	2024-03-12	2025-11-01	2024-03-01	60	8	8548.66	1068.58	3	5	4	12	Loyal Customers
6874	2025-05-09	2025-12-11	2025-05-01	20	8	8539.74	1067.47	4	4	4	12	Loyal Customers
1367	2024-03-13	2025-10-10	2024-03-01	82	9	8531.47	947.94	3	5	4	12	Loyal Customers
760	2025-01-13	2025-12-14	2025-01-01	17	6	8522.86	1420.48	5	3	4	12	Potential Loyalists
611	2025-09-08	2025-12-30	2025-09-01	1	6	8517.39	1419.57	5	3	4	12	Potential Loyalists
3868	2025-06-28	2025-12-15	2025-06-01	16	6	8512.66	1418.78	5	3	4	12	Potential Loyalists
2020	2024-03-04	2025-11-14	2024-03-01	47	7	8497.97	1214.00	4	4	4	12	Loyal Customers
5512	2024-09-22	2025-12-09	2024-09-01	22	7	8457.34	1208.19	4	4	4	12	Loyal Customers
6083	2024-07-09	2025-11-17	2024-07-01	44	7	8453.09	1207.58	4	4	4	12	Loyal Customers
3313	2024-08-26	2025-12-10	2024-08-01	21	7	8443.24	1206.18	4	4	4	12	Loyal Customers
1861	2024-05-08	2025-09-23	2024-05-01	99	8	8439.90	1054.99	3	5	4	12	Loyal Customers
6149	2024-02-08	2025-11-20	2024-02-01	41	7	8438.28	1205.47	4	4	4	12	Loyal Customers
7844	2025-09-08	2025-12-28	2025-09-01	3	7	8435.48	1205.07	5	3	4	12	Potential Loyalists
2998	2025-02-05	2025-12-10	2025-02-01	21	7	8428.62	1204.09	4	4	4	12	Loyal Customers
3569	2025-09-06	2025-12-07	2025-09-01	24	8	8418.40	1052.30	4	4	4	12	Loyal Customers
6942	2025-06-05	2025-12-26	2025-06-01	5	6	8416.83	1402.81	5	3	4	12	Potential Loyalists
3348	2025-09-21	2025-12-27	2025-09-01	4	6	8413.72	1402.29	5	3	4	12	Potential Loyalists
1116	2025-01-01	2025-11-29	2025-01-01	32	7	8406.10	1200.87	4	4	4	12	Loyal Customers
3163	2025-02-20	2025-12-25	2025-02-01	6	6	8387.65	1397.94	5	3	4	12	Potential Loyalists
6221	2024-10-21	2025-11-18	2024-10-01	43	7	8382.08	1197.44	4	4	4	12	Loyal Customers
4667	2025-11-09	2025-12-29	2025-11-01	2	6	8365.76	1394.29	5	3	4	12	Potential Loyalists
4071	2024-08-30	2025-12-30	2024-08-01	1	5	8361.66	1672.33	5	3	4	12	Potential Loyalists
4518	2025-07-09	2025-11-25	2025-07-01	36	8	8359.15	1044.89	4	4	4	12	Loyal Customers
5786	2024-06-17	2025-09-30	2024-06-01	92	13	8354.17	642.63	3	5	4	12	Loyal Customers
2639	2024-10-17	2025-11-25	2024-10-01	36	7	8349.06	1192.72	4	4	4	12	Loyal Customers
6189	2024-11-21	2025-11-11	2024-11-01	50	8	8334.64	1041.83	4	4	4	12	Loyal Customers
6255	2024-09-13	2025-12-02	2024-09-01	29	8	8326.62	1040.83	4	4	4	12	Loyal Customers
3787	2025-06-02	2025-12-18	2025-06-01	13	6	8323.57	1387.26	5	3	4	12	Potential Loyalists
1571	2025-08-10	2025-12-29	2025-08-01	2	6	8306.62	1384.44	5	3	4	12	Potential Loyalists
5975	2024-06-11	2025-12-03	2024-06-01	28	8	8293.92	1036.74	4	4	4	12	Loyal Customers
6485	2025-08-29	2025-11-30	2025-08-01	31	7	8281.98	1183.14	4	4	4	12	Loyal Customers
4983	2025-08-06	2025-12-11	2025-08-01	20	8	8272.68	1034.09	4	4	4	12	Loyal Customers
4256	2025-08-25	2025-12-10	2025-08-01	21	7	8256.89	1179.56	4	4	4	12	Loyal Customers
633	2024-02-18	2025-11-07	2024-02-01	54	7	8239.19	1177.03	4	4	4	12	Loyal Customers
1717	2025-06-16	2025-12-28	2025-06-01	3	6	8238.07	1373.01	5	3	4	12	Potential Loyalists
1545	2025-04-08	2025-11-17	2025-04-01	44	7	8225.31	1175.04	4	4	4	12	Loyal Customers
1607	2024-04-19	2025-11-18	2024-04-01	43	7	8225.21	1175.03	4	4	4	12	Loyal Customers
2512	2024-10-27	2025-12-07	2024-10-01	24	7	8216.71	1173.82	4	4	4	12	Loyal Customers
2573	2025-08-25	2025-12-12	2025-08-01	19	7	8201.33	1171.62	4	4	4	12	Loyal Customers
6460	2025-04-23	2025-12-01	2025-04-01	30	8	8187.76	1023.47	4	4	4	12	Loyal Customers
6213	2024-12-06	2025-11-25	2024-12-01	36	8	8152.07	1019.01	4	4	4	12	Loyal Customers
6997	2024-05-08	2025-12-20	2024-05-01	11	7	8149.89	1164.27	5	3	4	12	Potential Loyalists
7037	2025-08-28	2025-12-19	2025-08-01	12	7	8149.78	1164.25	5	3	4	12	Potential Loyalists
420	2025-05-24	2025-11-19	2025-05-01	42	7	8141.85	1163.12	4	4	4	12	Loyal Customers
639	2024-03-02	2025-09-14	2024-03-01	108	11	8126.91	738.81	3	5	4	12	Loyal Customers
7271	2025-04-06	2025-12-17	2025-04-01	14	6	8120.98	1353.50	5	3	4	12	Potential Loyalists
7982	2024-11-12	2025-12-30	2024-11-01	1	7	8120.64	1160.09	5	3	4	12	Potential Loyalists
493	2025-10-11	2025-12-17	2025-10-01	14	5	8107.76	1621.55	5	3	4	12	Potential Loyalists
2957	2024-07-18	2025-11-23	2024-07-01	38	7	8107.27	1158.18	4	4	4	12	Loyal Customers
6680	2025-11-09	2025-12-29	2025-11-01	2	5	8043.66	1608.73	5	3	4	12	Potential Loyalists
4853	2024-08-13	2025-12-03	2024-08-01	28	10	8039.43	803.94	4	5	3	12	Loyal Customers
58	2025-03-25	2025-11-08	2025-03-01	53	10	8026.11	802.61	4	5	3	12	Loyal Customers
174	2025-03-22	2025-12-23	2025-03-01	8	7	8024.37	1146.34	5	4	3	12	Loyal Customers
703	2024-10-29	2025-11-21	2024-10-01	40	8	8006.78	1000.85	4	5	3	12	Loyal Customers
6391	2025-09-13	2025-12-27	2025-09-01	4	8	8000.13	1000.02	5	4	3	12	Loyal Customers
55	2024-08-03	2025-11-12	2024-08-01	49	8	7985.61	998.20	4	5	3	12	Loyal Customers
7541	2025-10-25	2025-12-20	2025-10-01	11	8	7977.66	997.21	5	4	3	12	Loyal Customers
2632	2024-07-28	2025-11-26	2024-07-01	35	8	7946.52	993.32	4	5	3	12	Loyal Customers
7430	2024-09-28	2025-12-23	2024-09-01	8	8	7945.37	993.17	5	4	3	12	Loyal Customers
6576	2025-09-24	2025-12-14	2025-09-01	17	8	7927.87	990.98	5	4	3	12	Loyal Customers
3371	2024-07-27	2025-12-30	2024-07-01	1	7	7912.34	1130.33	5	4	3	12	Loyal Customers
4488	2024-11-25	2025-12-20	2024-11-01	11	7	7882.44	1126.06	5	4	3	12	Loyal Customers
1274	2024-10-14	2025-12-22	2024-10-01	9	7	7866.57	1123.80	5	4	3	12	Loyal Customers
5887	2025-11-04	2025-12-27	2025-11-01	4	8	7850.64	981.33	5	4	3	12	Loyal Customers
3367	2024-10-04	2025-12-18	2024-10-01	13	7	7841.82	1120.26	5	4	3	12	Loyal Customers
6639	2024-11-18	2025-12-18	2024-11-01	13	8	7826.43	978.30	5	4	3	12	Loyal Customers
6910	2025-08-11	2025-12-15	2025-08-01	16	8	7798.13	974.77	5	4	3	12	Loyal Customers
5630	2024-10-05	2025-12-28	2024-10-01	3	7	7770.10	1110.01	5	4	3	12	Loyal Customers
1650	2024-01-21	2025-12-29	2024-01-01	2	7	7762.12	1108.87	5	4	3	12	Loyal Customers
1919	2025-10-02	2025-12-18	2025-10-01	13	7	7699.87	1099.98	5	4	3	12	Loyal Customers
4515	2025-09-09	2025-12-29	2025-09-01	2	8	7674.05	959.26	5	4	3	12	Loyal Customers
5201	2024-09-19	2025-12-26	2024-09-01	5	8	7673.01	959.13	5	4	3	12	Loyal Customers
7847	2025-12-05	2025-12-29	2025-12-01	2	8	7651.55	956.44	5	4	3	12	Loyal Customers
5186	2025-08-19	2025-12-15	2025-08-01	16	8	7582.57	947.82	5	4	3	12	Loyal Customers
6202	2025-07-28	2025-12-24	2025-07-01	7	7	7518.29	1074.04	5	4	3	12	Loyal Customers
2520	2024-11-25	2025-12-25	2024-11-01	6	7	7507.95	1072.56	5	4	3	12	Loyal Customers
40	2025-08-24	2025-12-28	2025-08-01	3	7	7495.21	1070.74	5	4	3	12	Loyal Customers
228	2025-06-18	2025-12-03	2025-06-01	28	8	7468.31	933.54	4	5	3	12	Loyal Customers
6093	2025-11-17	2025-12-17	2025-11-01	14	7	7466.57	1066.65	5	4	3	12	Loyal Customers
4917	2024-10-23	2025-12-28	2024-10-01	3	8	7460.81	932.60	5	4	3	12	Loyal Customers
5427	2025-11-23	2025-12-25	2025-11-01	6	8	7457.63	932.20	5	4	3	12	Loyal Customers
1394	2025-09-26	2025-12-01	2025-09-01	30	8	7450.19	931.27	4	5	3	12	Loyal Customers
2222	2025-04-29	2025-12-17	2025-04-01	14	7	7449.99	1064.28	5	4	3	12	Loyal Customers
3542	2025-04-07	2025-12-17	2025-04-01	14	7	7402.90	1057.56	5	4	3	12	Loyal Customers
3338	2025-09-03	2025-12-17	2025-09-01	14	7	7402.89	1057.56	5	4	3	12	Loyal Customers
4883	2025-03-22	2025-12-30	2025-03-01	1	8	7361.19	920.15	5	4	3	12	Loyal Customers
4195	2025-10-16	2025-12-23	2025-10-01	8	8	7357.54	919.69	5	4	3	12	Loyal Customers
5173	2025-08-04	2025-12-30	2025-08-01	1	8	7337.52	917.19	5	4	3	12	Loyal Customers
1570	2025-04-03	2025-12-03	2025-04-01	28	8	7304.62	913.08	4	5	3	12	Loyal Customers
2947	2024-10-17	2025-11-08	2024-10-01	53	8	7299.17	912.40	4	5	3	12	Loyal Customers
4524	2024-06-05	2025-12-16	2024-06-01	15	7	7269.48	1038.50	5	4	3	12	Loyal Customers
6421	2024-01-05	2025-12-28	2024-01-01	3	7	7256.56	1036.65	5	4	3	12	Loyal Customers
5396	2024-12-09	2025-12-27	2024-12-01	4	8	7244.81	905.60	5	4	3	12	Loyal Customers
4024	2024-03-20	2025-12-21	2024-03-01	10	7	7225.98	1032.28	5	4	3	12	Loyal Customers
645	2025-07-23	2025-11-29	2025-07-01	32	12	7169.59	597.47	4	5	3	12	Loyal Customers
2034	2025-11-22	2025-12-28	2025-11-01	3	7	7165.27	1023.61	5	4	3	12	Loyal Customers
4335	2025-08-16	2025-12-23	2025-08-01	8	8	7128.27	891.03	5	4	3	12	Loyal Customers
552	2025-02-05	2025-12-01	2025-02-01	30	8	7077.95	884.74	4	5	3	12	Loyal Customers
2817	2025-09-02	2025-12-25	2025-09-01	6	7	7039.35	1005.62	5	4	3	12	Loyal Customers
29	2025-04-12	2025-12-23	2025-04-01	8	7	7030.68	1004.38	5	4	3	12	Loyal Customers
2441	2025-04-16	2025-12-18	2025-04-01	13	7	7017.95	1002.56	5	4	3	12	Loyal Customers
721	2024-09-13	2025-12-08	2024-09-01	23	8	7009.48	876.19	4	5	3	12	Loyal Customers
2784	2025-07-03	2025-12-29	2025-07-01	2	7	6995.70	999.39	5	4	3	12	Loyal Customers
1585	2024-08-11	2025-11-11	2024-08-01	50	8	6977.44	872.18	4	5	3	12	Loyal Customers
7755	2025-03-28	2025-12-19	2025-03-01	12	8	6935.87	866.98	5	4	3	12	Loyal Customers
5544	2025-04-13	2025-12-23	2025-04-01	8	7	6924.83	989.26	5	4	3	12	Loyal Customers
6179	2024-08-06	2025-12-17	2024-08-01	14	8	6888.48	861.06	5	4	3	12	Loyal Customers
5686	2025-04-26	2025-12-15	2025-04-01	16	8	6871.41	858.93	5	4	3	12	Loyal Customers
3533	2025-11-27	2025-12-20	2025-11-01	11	7	6869.97	981.42	5	4	3	12	Loyal Customers
6574	2025-10-29	2025-12-27	2025-10-01	4	7	6850.62	978.66	5	4	3	12	Loyal Customers
5038	2025-04-05	2025-12-16	2025-04-01	15	7	6825.86	975.12	5	4	3	12	Loyal Customers
2738	2024-09-27	2025-12-08	2024-09-01	23	8	6798.71	849.84	4	5	3	12	Loyal Customers
2406	2024-02-21	2025-11-14	2024-02-01	47	8	6746.02	843.25	4	5	3	12	Loyal Customers
4659	2025-11-13	2025-12-30	2025-11-01	1	8	6728.53	841.07	5	4	3	12	Loyal Customers
7631	2025-07-13	2025-12-16	2025-07-01	15	8	6709.24	838.66	5	4	3	12	Loyal Customers
4722	2024-05-27	2025-12-28	2024-05-01	3	7	6708.02	958.29	5	4	3	12	Loyal Customers
482	2025-01-29	2025-12-17	2025-01-01	14	7	6702.12	957.45	5	4	3	12	Loyal Customers
6196	2025-04-26	2025-12-16	2025-04-01	15	7	6681.51	954.50	5	4	3	12	Loyal Customers
578	2025-09-03	2025-11-11	2025-09-01	50	8	6681.36	835.17	4	5	3	12	Loyal Customers
2733	2025-08-03	2025-12-24	2025-08-01	7	7	6660.35	951.48	5	4	3	12	Loyal Customers
487	2025-08-21	2025-12-19	2025-08-01	12	7	6531.48	933.07	5	4	3	12	Loyal Customers
6943	2024-09-16	2025-12-28	2024-09-01	3	7	6526.50	932.36	5	4	3	12	Loyal Customers
3596	2025-03-18	2025-12-26	2025-03-01	5	7	6439.56	919.94	5	4	3	12	Loyal Customers
3466	2024-05-08	2025-12-08	2024-05-01	23	8	6415.15	801.89	4	5	3	12	Loyal Customers
3197	2025-07-31	2025-12-13	2025-07-01	18	8	6395.48	799.44	4	5	3	12	Loyal Customers
6867	2025-04-03	2025-12-18	2025-04-01	13	7	6294.08	899.15	5	4	3	12	Loyal Customers
4997	2024-01-26	2025-12-28	2024-01-01	3	8	6293.81	786.73	5	4	3	12	Loyal Customers
4757	2025-07-29	2025-12-24	2025-07-01	7	8	6247.72	780.97	5	4	3	12	Loyal Customers
2445	2024-06-30	2025-12-08	2024-06-01	23	8	6245.37	780.67	4	5	3	12	Loyal Customers
3141	2025-06-09	2025-11-15	2025-06-01	46	8	6191.10	773.89	4	5	3	12	Loyal Customers
4802	2025-06-10	2025-12-25	2025-06-01	6	8	6119.22	764.90	5	4	3	12	Loyal Customers
2313	2025-04-26	2025-11-24	2025-04-01	37	8	6103.89	762.99	4	5	3	12	Loyal Customers
1792	2024-12-02	2025-12-21	2024-12-01	10	7	6082.52	868.93	5	4	3	12	Loyal Customers
175	2025-10-10	2025-12-17	2025-10-01	14	7	5968.03	852.58	5	4	3	12	Loyal Customers
531	2025-10-21	2025-12-29	2025-10-01	2	7	5947.59	849.66	5	4	3	12	Loyal Customers
1398	2025-12-02	2025-12-27	2025-12-01	4	7	5905.94	843.71	5	4	3	12	Loyal Customers
5878	2025-07-17	2025-12-24	2025-07-01	7	8	5897.80	737.23	5	4	3	12	Loyal Customers
7834	2025-06-27	2025-11-22	2025-06-01	39	11	5888.80	535.35	4	5	3	12	Loyal Customers
1152	2024-07-05	2025-12-25	2024-07-01	6	7	5857.29	836.76	5	4	3	12	Loyal Customers
6399	2024-05-14	2025-12-23	2024-05-01	8	7	5800.48	828.64	5	4	3	12	Loyal Customers
2251	2025-01-25	2025-12-24	2025-01-01	7	7	5784.78	826.40	5	4	3	12	Loyal Customers
5498	2024-02-26	2025-12-27	2024-02-01	4	7	5772.97	824.71	5	4	3	12	Loyal Customers
1653	2025-02-27	2025-12-17	2025-02-01	14	7	5764.19	823.46	5	4	3	12	Loyal Customers
3459	2024-06-13	2025-11-23	2024-06-01	38	8	5744.45	718.06	4	5	3	12	Loyal Customers
3195	2025-09-07	2025-12-30	2025-09-01	1	7	5725.15	817.88	5	4	3	12	Loyal Customers
1713	2025-02-19	2025-11-28	2025-02-01	33	8	5666.80	708.35	4	5	3	12	Loyal Customers
2956	2024-06-02	2025-11-10	2024-06-01	51	8	5574.84	696.86	4	5	3	12	Loyal Customers
1222	2025-08-17	2025-12-27	2025-08-01	4	7	5531.80	790.26	5	4	3	12	Loyal Customers
1578	2024-10-26	2025-11-09	2024-10-01	52	8	5522.42	690.30	4	5	3	12	Loyal Customers
7062	2025-11-26	2025-12-30	2025-11-01	1	8	5488.25	686.03	5	4	3	12	Loyal Customers
3308	2025-11-02	2025-12-20	2025-11-01	11	7	5486.65	783.81	5	4	3	12	Loyal Customers
6793	2024-10-07	2025-12-30	2024-10-01	1	7	5474.13	782.02	5	4	3	12	Loyal Customers
1780	2025-02-01	2025-12-25	2025-02-01	6	7	5471.31	781.62	5	4	3	12	Loyal Customers
651	2024-09-08	2025-12-23	2024-09-01	8	7	5420.22	774.32	5	4	3	12	Loyal Customers
219	2025-07-31	2025-12-17	2025-07-01	14	7	5368.48	766.93	5	4	3	12	Loyal Customers
926	2025-08-03	2025-12-26	2025-08-01	5	7	5353.03	764.72	5	4	3	12	Loyal Customers
696	2025-05-22	2025-12-11	2025-05-01	20	8	5332.48	666.56	4	5	3	12	Loyal Customers
6871	2024-12-18	2025-12-19	2024-12-01	12	8	5204.69	650.59	5	4	3	12	Loyal Customers
1788	2024-02-12	2025-11-14	2024-02-01	47	8	5200.31	650.04	4	5	3	12	Loyal Customers
5607	2025-10-23	2025-12-22	2025-10-01	9	8	5199.79	649.97	5	4	3	12	Loyal Customers
4274	2024-04-10	2025-12-25	2024-04-01	6	8	5186.95	648.37	5	4	3	12	Loyal Customers
4034	2025-11-13	2025-12-25	2025-11-01	6	8	5169.92	646.24	5	4	3	12	Loyal Customers
3969	2025-11-22	2025-12-27	2025-11-01	4	7	5158.43	736.92	5	4	3	12	Loyal Customers
1174	2025-11-07	2025-12-23	2025-11-01	8	7	5108.83	729.83	5	4	3	12	Loyal Customers
5694	2025-06-05	2025-12-29	2025-06-01	2	8	4992.34	624.04	5	4	3	12	Loyal Customers
1067	2025-06-10	2025-12-25	2025-06-01	6	7	4926.71	703.82	5	4	3	12	Loyal Customers
1783	2024-10-23	2025-12-12	2024-10-01	19	8	4915.77	614.47	4	5	3	12	Loyal Customers
3286	2024-11-10	2025-12-16	2024-11-01	15	7	4896.19	699.46	5	4	3	12	Loyal Customers
6541	2024-11-29	2025-12-17	2024-11-01	14	8	4856.05	607.01	5	4	3	12	Loyal Customers
1599	2024-05-11	2025-11-16	2024-05-01	45	8	4840.65	605.08	4	5	3	12	Loyal Customers
5259	2024-08-05	2025-12-28	2024-08-01	3	7	4817.84	688.26	5	4	3	12	Loyal Customers
2974	2024-09-29	2025-12-23	2024-09-01	8	7	4810.09	687.16	5	4	3	12	Loyal Customers
1600	2025-12-01	2025-12-29	2025-12-01	2	7	4787.88	683.98	5	4	3	12	Loyal Customers
5566	2024-10-15	2025-12-20	2024-10-01	11	7	4784.75	683.54	5	4	3	12	Loyal Customers
3721	2025-02-17	2025-12-20	2025-02-01	11	8	4769.06	596.13	5	4	3	12	Loyal Customers
4218	2025-08-06	2025-12-26	2025-08-01	5	7	4707.20	672.46	5	4	3	12	Loyal Customers
1169	2025-10-14	2025-12-16	2025-10-01	15	7	4604.01	657.72	5	4	3	12	Loyal Customers
4596	2024-09-10	2025-12-27	2024-09-01	4	8	4480.74	560.09	5	4	3	12	Loyal Customers
4473	2025-09-24	2025-12-30	2025-09-01	1	7	4425.02	632.15	5	4	3	12	Loyal Customers
3780	2024-04-13	2025-12-21	2024-04-01	10	8	4365.28	545.66	5	4	3	12	Loyal Customers
4376	2025-03-10	2025-12-30	2025-03-01	1	8	4328.60	541.08	5	4	3	12	Loyal Customers
5800	2025-08-14	2025-12-20	2025-08-01	11	7	4325.56	617.94	5	4	3	12	Loyal Customers
6792	2025-12-04	2025-12-30	2025-12-01	1	7	4313.91	616.27	5	4	3	12	Loyal Customers
7722	2025-05-26	2025-12-23	2025-05-01	8	8	4291.12	536.39	5	4	3	12	Loyal Customers
4877	2025-11-26	2025-12-28	2025-11-01	3	8	4226.91	528.36	5	4	3	12	Loyal Customers
7990	2025-09-15	2025-12-27	2025-09-01	4	8	4222.87	527.86	5	4	3	12	Loyal Customers
2130	2025-04-12	2025-11-27	2025-04-01	34	8	4142.89	517.86	4	5	3	12	Loyal Customers
6807	2024-06-18	2025-12-26	2024-06-01	5	7	4113.21	587.60	5	4	3	12	Loyal Customers
1776	2024-01-24	2025-12-20	2024-01-01	11	7	4111.57	587.37	5	4	3	12	Loyal Customers
3748	2024-05-18	2025-12-29	2024-05-01	2	8	4070.78	508.85	5	4	3	12	Loyal Customers
4108	2025-01-31	2025-12-27	2025-01-01	4	7	3508.31	501.19	5	4	3	12	Loyal Customers
4684	2025-08-24	2025-12-23	2025-08-01	8	7	3367.36	481.05	5	4	3	12	Loyal Customers
2882	2025-08-25	2025-12-25	2025-08-01	6	7	3290.90	470.13	5	4	3	12	Loyal Customers
5346	2024-03-08	2025-07-18	2024-03-01	166	8	25815.80	3226.98	2	4	5	11	High Value At Risk
3820	2024-03-10	2025-10-16	2024-03-01	76	6	25446.56	4241.09	3	3	5	11	Needs Attention
7596	2024-07-18	2025-04-21	2024-07-01	254	8	25411.94	3176.49	2	4	5	11	High Value At Risk
6744	2024-07-04	2025-07-29	2024-07-01	155	8	23767.33	2970.92	2	4	5	11	High Value At Risk
5017	2025-03-06	2025-08-06	2025-03-01	147	8	23265.25	2908.16	2	4	5	11	High Value At Risk
4571	2024-07-08	2025-06-29	2024-07-01	185	8	23198.19	2899.77	2	4	5	11	High Value At Risk
7603	2024-03-01	2025-07-01	2024-03-01	183	8	21273.82	2659.23	2	4	5	11	High Value At Risk
6533	2024-07-07	2025-07-22	2024-07-01	162	8	21250.64	2656.33	2	4	5	11	High Value At Risk
7885	2024-12-13	2025-09-08	2024-12-01	114	6	21213.90	3535.65	3	3	5	11	Needs Attention
4804	2024-08-15	2025-06-15	2024-08-01	199	7	21122.46	3017.49	2	4	5	11	High Value At Risk
7952	2025-01-16	2025-10-28	2025-01-01	64	7	19936.61	2848.09	3	3	5	11	Needs Attention
674	2024-03-26	2025-07-19	2024-03-01	165	7	19417.63	2773.95	2	4	5	11	High Value At Risk
3655	2024-11-09	2025-08-14	2024-11-01	139	6	19306.69	3217.78	3	3	5	11	Needs Attention
5333	2024-06-30	2025-08-09	2024-06-01	144	7	18875.12	2696.45	2	4	5	11	High Value At Risk
2524	2024-03-16	2025-07-09	2024-03-01	175	7	18797.22	2685.32	2	4	5	11	High Value At Risk
4037	2024-10-16	2025-08-04	2024-10-01	149	7	18750.92	2678.70	2	4	5	11	High Value At Risk
1020	2024-01-09	2025-08-05	2024-01-01	148	7	18725.14	2675.02	2	4	5	11	High Value At Risk
1432	2024-04-12	2025-10-23	2024-04-01	69	6	18439.22	3073.20	3	3	5	11	Needs Attention
106	2024-01-30	2025-08-05	2024-01-01	148	7	18380.44	2625.78	2	4	5	11	High Value At Risk
1744	2024-08-31	2025-04-14	2024-08-01	261	7	18254.82	2607.83	2	4	5	11	High Value At Risk
7942	2024-06-08	2025-10-26	2024-06-01	66	7	18215.22	2602.17	3	3	5	11	Needs Attention
7814	2025-06-24	2025-10-26	2025-06-01	66	7	18072.29	2581.76	3	3	5	11	Needs Attention
7875	2024-06-04	2025-09-20	2024-06-01	102	7	17876.78	2553.83	3	3	5	11	Needs Attention
6749	2024-08-02	2025-05-27	2024-08-01	218	7	17834.99	2547.86	2	4	5	11	High Value At Risk
6366	2024-01-26	2025-08-23	2024-01-01	130	6	17674.17	2945.70	3	3	5	11	Needs Attention
2427	2024-05-11	2025-11-01	2024-05-01	60	6	17584.83	2930.81	3	3	5	11	Needs Attention
7821	2024-02-05	2025-06-04	2024-02-01	210	8	17474.87	2184.36	2	4	5	11	High Value At Risk
1048	2024-07-14	2025-08-30	2024-07-01	123	6	17294.92	2882.49	3	3	5	11	Needs Attention
119	2024-03-25	2025-09-10	2024-03-01	112	6	17185.93	2864.32	3	3	5	11	Needs Attention
5564	2024-05-26	2025-08-05	2024-05-01	148	8	17163.42	2145.43	2	4	5	11	High Value At Risk
4774	2024-02-21	2025-08-02	2024-02-01	151	7	16997.50	2428.21	2	4	5	11	High Value At Risk
3235	2024-04-05	2025-06-27	2024-04-01	187	7	16929.19	2418.46	2	4	5	11	High Value At Risk
7381	2024-04-22	2025-10-28	2024-04-01	64	7	16924.47	2417.78	3	3	5	11	Needs Attention
5293	2025-01-20	2025-08-04	2025-01-01	149	7	16902.67	2414.67	2	4	5	11	High Value At Risk
4059	2024-03-23	2025-08-07	2024-03-01	146	8	16795.01	2099.38	2	4	5	11	High Value At Risk
6051	2024-06-08	2025-07-14	2024-06-01	170	8	16730.78	2091.35	2	4	5	11	High Value At Risk
5172	2024-04-16	2025-08-02	2024-04-01	151	7	16654.14	2379.16	2	4	5	11	High Value At Risk
7580	2024-10-21	2025-09-14	2024-10-01	108	7	16454.76	2350.68	3	3	5	11	Needs Attention
1291	2024-06-13	2025-10-29	2024-06-01	63	6	16338.88	2723.15	3	3	5	11	Needs Attention
4295	2024-12-10	2025-07-31	2024-12-01	153	8	16254.12	2031.77	2	4	5	11	High Value At Risk
1097	2024-06-01	2025-10-25	2024-06-01	67	6	16203.28	2700.55	3	3	5	11	Needs Attention
237	2024-03-25	2025-07-16	2024-03-01	168	7	15876.15	2268.02	2	4	5	11	High Value At Risk
7509	2025-02-10	2025-09-15	2025-02-01	107	7	15760.43	2251.49	3	3	5	11	Needs Attention
232	2024-02-26	2025-09-08	2024-02-01	114	6	15683.52	2613.92	3	3	5	11	Needs Attention
7711	2024-03-10	2025-10-05	2024-03-01	87	7	15614.65	2230.66	3	3	5	11	Needs Attention
3276	2025-04-02	2025-07-30	2025-04-01	154	7	15530.73	2218.68	2	4	5	11	High Value At Risk
3405	2024-09-04	2025-05-25	2024-09-01	220	7	15513.92	2216.27	2	4	5	11	High Value At Risk
1308	2024-03-25	2025-07-26	2024-03-01	158	7	15400.27	2200.04	2	4	5	11	High Value At Risk
5537	2024-02-06	2025-05-31	2024-02-01	214	8	15374.10	1921.76	2	4	5	11	High Value At Risk
1061	2024-07-16	2025-09-12	2024-07-01	110	6	15313.42	2552.24	3	3	5	11	Needs Attention
7571	2024-01-07	2025-10-15	2024-01-01	77	7	15284.02	2183.43	3	3	5	11	Needs Attention
3693	2024-11-27	2025-08-10	2024-11-01	143	7	15046.49	2149.50	2	4	5	11	High Value At Risk
7164	2024-09-19	2025-02-25	2024-09-01	309	8	14702.56	1837.82	2	4	5	11	High Value At Risk
3899	2025-02-16	2025-10-25	2025-02-01	67	6	14684.23	2447.37	3	3	5	11	Needs Attention
5631	2024-04-08	2025-02-27	2024-04-01	307	8	14613.34	1826.67	2	4	5	11	High Value At Risk
6080	2024-06-10	2025-09-24	2024-06-01	98	6	14556.57	2426.10	3	3	5	11	Needs Attention
6914	2024-01-18	2025-04-04	2024-01-01	271	8	14413.35	1801.67	2	4	5	11	High Value At Risk
7517	2024-01-26	2025-10-20	2024-01-01	72	7	14356.23	2050.89	3	3	5	11	Needs Attention
1312	2024-02-07	2025-09-10	2024-02-01	112	5	14129.95	2825.99	3	3	5	11	Needs Attention
94	2024-11-10	2025-06-25	2024-11-01	189	7	14061.08	2008.73	2	4	5	11	High Value At Risk
5265	2024-01-03	2025-10-16	2024-01-01	76	5	13900.19	2780.04	3	3	5	11	Needs Attention
7251	2025-04-22	2025-09-21	2025-04-01	101	6	13740.26	2290.04	3	3	5	11	Needs Attention
4107	2024-02-07	2025-10-07	2024-02-01	85	6	13715.51	2285.92	3	3	5	11	Needs Attention
7039	2024-11-27	2025-09-06	2024-11-01	116	7	13702.74	1957.53	3	3	5	11	Needs Attention
3874	2024-06-15	2025-09-08	2024-06-01	114	6	13686.39	2281.07	3	3	5	11	Needs Attention
2279	2024-11-19	2025-06-27	2024-11-01	187	7	13473.96	1924.85	2	4	5	11	High Value At Risk
4901	2024-06-28	2025-04-18	2024-06-01	257	8	13444.83	1680.60	2	4	5	11	High Value At Risk
620	2024-02-03	2025-07-04	2024-02-01	180	8	13437.91	1679.74	2	5	4	11	High Value At Risk
6246	2024-08-07	2025-10-12	2024-08-01	80	8	13374.20	1671.78	3	4	4	11	Loyal Customers
7920	2024-03-14	2025-07-14	2024-03-01	170	12	13373.72	1114.48	2	5	4	11	High Value At Risk
3398	2025-01-20	2025-10-03	2025-01-01	89	7	13372.06	1910.29	3	4	4	11	Loyal Customers
522	2024-03-27	2025-08-27	2024-03-01	126	7	13284.88	1897.84	3	4	4	11	Loyal Customers
2532	2024-07-15	2025-10-30	2024-07-01	62	7	13215.85	1887.98	3	4	4	11	Loyal Customers
4870	2025-06-20	2025-11-25	2025-06-01	36	6	13180.80	2196.80	4	3	4	11	Potential Loyalists
4721	2024-09-03	2025-10-30	2024-09-01	62	8	13178.64	1647.33	3	4	4	11	Loyal Customers
6655	2024-08-01	2025-09-08	2024-08-01	114	8	13151.43	1643.93	3	4	4	11	Loyal Customers
4298	2024-12-01	2025-09-27	2024-12-01	95	8	13111.75	1638.97	3	4	4	11	Loyal Customers
6416	2024-12-14	2025-09-21	2024-12-01	101	8	13071.58	1633.95	3	4	4	11	Loyal Customers
7379	2024-01-27	2025-12-01	2024-01-01	30	7	13037.10	1862.44	4	3	4	11	Potential Loyalists
6071	2025-09-28	2025-12-11	2025-09-01	20	6	12996.95	2166.16	4	3	4	11	Potential Loyalists
7961	2024-02-12	2025-12-08	2024-02-01	23	7	12985.61	1855.09	4	3	4	11	Potential Loyalists
1909	2024-05-22	2025-07-22	2024-05-01	162	11	12974.53	1179.50	2	5	4	11	High Value At Risk
6946	2024-01-02	2025-11-26	2024-01-01	35	7	12942.57	1848.94	4	3	4	11	Potential Loyalists
7587	2025-03-02	2025-10-26	2025-03-01	66	8	12913.02	1614.13	3	4	4	11	Loyal Customers
5752	2024-03-12	2025-08-18	2024-03-01	135	8	12901.27	1612.66	3	4	4	11	Loyal Customers
5531	2025-04-07	2025-11-27	2025-04-01	34	6	12869.71	2144.95	4	3	4	11	Potential Loyalists
4592	2024-10-21	2025-12-01	2024-10-01	30	6	12859.12	2143.19	4	3	4	11	Potential Loyalists
3782	2024-08-14	2025-10-16	2024-08-01	76	8	12808.10	1601.01	3	4	4	11	Loyal Customers
4978	2024-12-23	2025-11-09	2024-12-01	52	6	12806.03	2134.34	4	3	4	11	Potential Loyalists
2852	2024-10-24	2025-11-20	2024-10-01	41	6	12792.83	2132.14	4	3	4	11	Potential Loyalists
4119	2024-11-20	2025-09-24	2024-11-01	98	7	12779.52	1825.65	3	4	4	11	Loyal Customers
5605	2024-03-12	2025-10-11	2024-03-01	81	8	12768.02	1596.00	3	4	4	11	Loyal Customers
2785	2024-01-08	2025-09-04	2024-01-01	118	7	12734.45	1819.21	3	4	4	11	Loyal Customers
5451	2024-07-11	2025-12-08	2024-07-01	23	6	12715.99	2119.33	4	3	4	11	Potential Loyalists
2009	2025-04-07	2025-12-08	2025-04-01	23	6	12703.52	2117.25	4	3	4	11	Potential Loyalists
4522	2024-11-15	2025-11-01	2024-11-01	60	7	12678.65	1811.24	3	4	4	11	Loyal Customers
2505	2024-08-08	2025-11-11	2024-08-01	50	6	12620.18	2103.36	4	3	4	11	Potential Loyalists
5780	2024-09-29	2025-10-10	2024-09-01	82	7	12618.54	1802.65	3	4	4	11	Loyal Customers
4835	2024-08-19	2025-11-02	2024-08-01	59	8	12571.65	1571.46	3	4	4	11	Loyal Customers
6575	2024-02-17	2025-11-05	2024-02-01	56	8	12552.94	1569.12	3	4	4	11	Loyal Customers
3124	2024-04-28	2025-08-04	2024-04-01	149	12	12526.85	1043.90	2	5	4	11	High Value At Risk
319	2024-02-18	2025-05-06	2024-02-01	239	8	12512.37	1564.05	2	5	4	11	High Value At Risk
968	2024-04-27	2025-06-18	2024-04-01	196	8	12451.68	1556.46	2	5	4	11	High Value At Risk
6475	2024-02-11	2025-08-25	2024-02-01	128	8	12450.55	1556.32	3	4	4	11	Loyal Customers
6334	2025-02-25	2025-11-21	2025-02-01	40	6	12414.02	2069.00	4	3	4	11	Potential Loyalists
7005	2025-03-17	2025-11-29	2025-03-01	32	6	12408.77	2068.13	4	3	4	11	Potential Loyalists
5790	2024-01-15	2025-09-08	2024-01-01	114	7	12385.15	1769.31	3	4	4	11	Loyal Customers
5350	2024-12-01	2025-10-26	2024-12-01	66	7	12382.83	1768.98	3	4	4	11	Loyal Customers
3919	2024-10-15	2025-10-30	2024-10-01	62	8	12354.22	1544.28	3	4	4	11	Loyal Customers
7096	2025-03-09	2025-10-03	2025-03-01	89	8	12347.13	1543.39	3	4	4	11	Loyal Customers
6753	2025-07-01	2025-11-11	2025-07-01	50	5	12329.26	2465.85	4	3	4	11	Potential Loyalists
6662	2024-01-07	2025-09-26	2024-01-01	96	8	12321.21	1540.15	3	4	4	11	Loyal Customers
3686	2024-02-12	2025-10-19	2024-02-01	73	7	12320.52	1760.07	3	4	4	11	Loyal Customers
7611	2024-05-02	2025-11-08	2024-05-01	53	7	12279.09	1754.16	4	3	4	11	Potential Loyalists
5206	2024-04-23	2025-08-17	2024-04-01	136	8	12278.88	1534.86	3	4	4	11	Loyal Customers
5221	2024-01-17	2025-10-25	2024-01-01	67	7	12242.85	1748.98	3	4	4	11	Loyal Customers
5928	2024-12-25	2025-08-25	2024-12-01	128	7	12192.33	1741.76	3	4	4	11	Loyal Customers
4453	2025-03-01	2025-11-09	2025-03-01	52	6	12177.69	2029.62	4	3	4	11	Potential Loyalists
5108	2024-09-12	2025-11-01	2024-09-01	60	8	12151.64	1518.96	3	4	4	11	Loyal Customers
7977	2025-04-17	2025-12-13	2025-04-01	18	7	12140.83	1734.40	4	3	4	11	Potential Loyalists
3973	2025-01-15	2025-11-02	2025-01-01	59	8	12136.09	1517.01	3	4	4	11	Loyal Customers
5234	2025-04-30	2025-12-13	2025-04-01	18	6	12123.27	2020.55	4	3	4	11	Potential Loyalists
4373	2024-05-01	2025-10-12	2024-05-01	80	8	12083.58	1510.45	3	4	4	11	Loyal Customers
6752	2024-02-07	2025-09-06	2024-02-01	116	7	12065.02	1723.57	3	4	4	11	Loyal Customers
3427	2024-10-20	2025-12-11	2024-10-01	20	5	12057.84	2411.57	4	3	4	11	Potential Loyalists
6340	2024-11-18	2025-10-15	2024-11-01	77	8	12050.95	1506.37	3	4	4	11	Loyal Customers
1165	2024-10-03	2025-09-26	2024-10-01	96	7	12038.85	1719.84	3	4	4	11	Loyal Customers
3684	2024-11-28	2025-11-24	2024-11-01	37	5	12024.95	2404.99	4	3	4	11	Potential Loyalists
7591	2025-05-23	2025-10-25	2025-05-01	67	8	12015.74	1501.97	3	4	4	11	Loyal Customers
7421	2024-09-10	2025-11-10	2024-09-01	51	6	12011.04	2001.84	4	3	4	11	Potential Loyalists
2201	2024-03-15	2025-12-13	2024-03-01	18	6	11969.98	1995.00	4	3	4	11	Potential Loyalists
1287	2024-01-24	2025-11-27	2024-01-01	34	6	11965.91	1994.32	4	3	4	11	Potential Loyalists
5174	2024-02-19	2025-09-10	2024-02-01	112	7	11940.77	1705.82	3	4	4	11	Loyal Customers
1385	2024-12-28	2025-09-27	2024-12-01	95	7	11940.05	1705.72	3	4	4	11	Loyal Customers
544	2024-05-23	2025-10-18	2024-05-01	74	7	11872.55	1696.08	3	4	4	11	Loyal Customers
2135	2024-07-17	2025-05-18	2024-07-01	227	8	11838.02	1479.75	2	5	4	11	High Value At Risk
3420	2025-08-04	2025-11-25	2025-08-01	36	6	11830.12	1971.69	4	3	4	11	Potential Loyalists
3554	2024-02-05	2025-10-19	2024-02-01	73	8	11829.86	1478.73	3	4	4	11	Loyal Customers
7598	2024-11-25	2025-11-26	2024-11-01	35	7	11804.70	1686.39	4	3	4	11	Potential Loyalists
4654	2024-12-13	2025-10-22	2024-12-01	70	7	11794.78	1684.97	3	4	4	11	Loyal Customers
6424	2025-07-04	2025-11-12	2025-07-01	49	6	11793.28	1965.55	4	3	4	11	Potential Loyalists
7235	2025-03-31	2025-11-10	2025-03-01	51	6	11779.17	1963.20	4	3	4	11	Potential Loyalists
2154	2025-01-01	2025-10-03	2025-01-01	89	7	11773.83	1681.98	3	4	4	11	Loyal Customers
3061	2024-05-20	2025-10-30	2024-05-01	62	7	11760.50	1680.07	3	4	4	11	Loyal Customers
5652	2024-10-18	2025-12-04	2024-10-01	27	6	11751.96	1958.66	4	3	4	11	Potential Loyalists
2832	2024-01-07	2025-07-26	2024-01-01	158	8	11722.90	1465.36	2	5	4	11	High Value At Risk
4207	2024-11-15	2025-11-04	2024-11-01	57	7	11718.22	1674.03	3	4	4	11	Loyal Customers
4791	2024-04-19	2025-11-06	2024-04-01	55	7	11646.71	1663.82	3	4	4	11	Loyal Customers
6468	2024-08-30	2025-10-13	2024-08-01	79	7	11604.60	1657.80	3	4	4	11	Loyal Customers
6284	2024-07-23	2025-10-22	2024-07-01	70	8	11601.55	1450.19	3	4	4	11	Loyal Customers
391	2025-04-20	2025-12-04	2025-04-01	27	6	11588.44	1931.41	4	3	4	11	Potential Loyalists
4991	2025-05-02	2025-11-06	2025-05-01	55	7	11577.32	1653.90	3	4	4	11	Loyal Customers
271	2024-04-01	2025-09-24	2024-04-01	98	7	11535.87	1647.98	3	4	4	11	Loyal Customers
581	2024-09-16	2025-10-13	2024-09-01	79	7	11534.95	1647.85	3	4	4	11	Loyal Customers
6499	2024-01-13	2025-10-25	2024-01-01	67	8	11507.52	1438.44	3	4	4	11	Loyal Customers
607	2024-04-01	2025-11-28	2024-04-01	33	6	11475.96	1912.66	4	3	4	11	Potential Loyalists
5156	2024-11-09	2025-09-08	2024-11-01	114	8	11464.42	1433.05	3	4	4	11	Loyal Customers
3676	2024-08-09	2025-09-04	2024-08-01	118	8	11458.56	1432.32	3	4	4	11	Loyal Customers
6702	2024-03-07	2025-10-24	2024-03-01	68	8	11434.35	1429.29	3	4	4	11	Loyal Customers
6486	2024-10-18	2025-09-20	2024-10-01	102	8	11426.95	1428.37	3	4	4	11	Loyal Customers
7151	2024-07-12	2025-10-17	2024-07-01	75	8	11425.90	1428.24	3	4	4	11	Loyal Customers
826	2024-03-16	2025-10-30	2024-03-01	62	7	11418.07	1631.15	3	4	4	11	Loyal Customers
1705	2025-03-14	2025-10-14	2025-03-01	78	7	11396.14	1628.02	3	4	4	11	Loyal Customers
2748	2024-05-21	2025-08-11	2024-05-01	142	7	11375.78	1625.11	3	4	4	11	Loyal Customers
2498	2024-01-23	2025-07-11	2024-01-01	173	8	11366.83	1420.85	2	5	4	11	High Value At Risk
7543	2025-01-03	2025-11-06	2025-01-01	55	8	11361.94	1420.24	3	4	4	11	Loyal Customers
6505	2024-05-13	2025-08-27	2024-05-01	126	8	11358.68	1419.84	3	4	4	11	Loyal Customers
3937	2024-12-01	2025-09-17	2024-12-01	105	8	11350.69	1418.84	3	4	4	11	Loyal Customers
3878	2024-01-25	2025-10-05	2024-01-01	87	8	11281.80	1410.23	3	4	4	11	Loyal Customers
7752	2024-01-09	2025-10-24	2024-01-01	68	8	11275.94	1409.49	3	4	4	11	Loyal Customers
3938	2024-02-18	2025-10-15	2024-02-01	77	8	11274.27	1409.28	3	4	4	11	Loyal Customers
5453	2024-04-18	2025-10-12	2024-04-01	80	8	11273.81	1409.23	3	4	4	11	Loyal Customers
4471	2025-04-06	2025-12-02	2025-04-01	29	6	11196.31	1866.05	4	3	4	11	Potential Loyalists
4019	2024-09-04	2025-08-21	2024-09-01	132	7	11186.06	1598.01	3	4	4	11	Loyal Customers
5054	2024-11-16	2025-11-06	2024-11-01	55	8	11184.06	1398.01	3	4	4	11	Loyal Customers
4272	2024-05-19	2025-09-11	2024-05-01	111	8	11179.89	1397.49	3	4	4	11	Loyal Customers
6549	2024-12-26	2025-10-30	2024-12-01	62	8	11093.80	1386.73	3	4	4	11	Loyal Customers
7553	2025-09-26	2025-12-13	2025-09-01	18	7	11082.69	1583.24	4	3	4	11	Potential Loyalists
3250	2024-01-24	2025-05-26	2024-01-01	219	8	11042.50	1380.31	2	5	4	11	High Value At Risk
6289	2024-06-01	2025-12-05	2024-06-01	26	6	11041.14	1840.19	4	3	4	11	Potential Loyalists
210	2025-07-30	2025-11-07	2025-07-01	54	5	11029.43	2205.89	4	3	4	11	Potential Loyalists
5944	2024-04-13	2025-09-18	2024-04-01	104	7	11003.82	1571.97	3	4	4	11	Loyal Customers
689	2025-05-03	2025-11-28	2025-05-01	33	6	10988.84	1831.47	4	3	4	11	Potential Loyalists
7329	2024-09-14	2025-09-24	2024-09-01	98	8	10974.14	1371.77	3	4	4	11	Loyal Customers
7792	2024-09-15	2025-10-12	2024-09-01	80	8	10956.01	1369.50	3	4	4	11	Loyal Customers
60	2024-07-06	2025-10-07	2024-07-01	85	7	10938.51	1562.64	3	4	4	11	Loyal Customers
6344	2024-07-09	2025-11-14	2024-07-01	47	5	10937.90	2187.58	4	3	4	11	Potential Loyalists
5006	2024-07-04	2025-09-18	2024-07-01	104	7	10931.32	1561.62	3	4	4	11	Loyal Customers
7125	2024-09-19	2025-10-07	2024-09-01	85	8	10896.03	1362.00	3	4	4	11	Loyal Customers
6573	2024-03-14	2025-10-09	2024-03-01	83	8	10893.64	1361.71	3	4	4	11	Loyal Customers
7645	2024-02-15	2025-07-05	2024-02-01	179	12	10875.69	906.31	2	5	4	11	High Value At Risk
1631	2025-09-07	2025-12-13	2025-09-01	18	5	10866.94	2173.39	4	3	4	11	Potential Loyalists
3934	2024-02-07	2025-09-11	2024-02-01	111	7	10851.65	1550.24	3	4	4	11	Loyal Customers
4062	2024-03-24	2025-09-24	2024-03-01	98	8	10826.06	1353.26	3	4	4	11	Loyal Customers
3733	2024-05-17	2025-08-22	2024-05-01	131	7	10793.15	1541.88	3	4	4	11	Loyal Customers
2235	2025-03-11	2025-10-21	2025-03-01	71	7	10768.54	1538.36	3	4	4	11	Loyal Customers
5	2024-02-18	2025-08-18	2024-02-01	135	7	10760.88	1537.27	3	4	4	11	Loyal Customers
2489	2024-07-27	2025-12-12	2024-07-01	19	6	10702.61	1783.77	4	3	4	11	Potential Loyalists
3468	2025-09-30	2025-12-06	2025-09-01	25	6	10690.57	1781.76	4	3	4	11	Potential Loyalists
3169	2024-10-27	2025-11-01	2024-10-01	60	7	10676.95	1525.28	3	4	4	11	Loyal Customers
4860	2025-05-08	2025-10-31	2025-05-01	61	7	10665.24	1523.61	3	4	4	11	Loyal Customers
565	2024-12-11	2025-11-07	2024-12-01	54	6	10657.13	1776.19	4	3	4	11	Potential Loyalists
7647	2024-07-16	2025-11-24	2024-07-01	37	5	10657.11	2131.42	4	3	4	11	Potential Loyalists
7089	2024-03-20	2025-12-05	2024-03-01	26	7	10633.54	1519.08	4	3	4	11	Potential Loyalists
2170	2025-06-18	2025-10-14	2025-06-01	78	7	10613.19	1516.17	3	4	4	11	Loyal Customers
4621	2025-07-01	2025-12-02	2025-07-01	29	6	10609.41	1768.24	4	3	4	11	Potential Loyalists
5642	2024-10-01	2025-10-29	2024-10-01	63	8	10575.96	1322.00	3	4	4	11	Loyal Customers
4197	2024-09-02	2025-10-18	2024-09-01	74	7	10534.32	1504.90	3	4	4	11	Loyal Customers
3430	2025-03-25	2025-12-01	2025-03-01	30	6	10511.47	1751.91	4	3	4	11	Potential Loyalists
4451	2024-06-14	2025-10-14	2024-06-01	78	8	10467.57	1308.45	3	4	4	11	Loyal Customers
7873	2024-02-19	2025-11-20	2024-02-01	41	7	10456.47	1493.78	4	3	4	11	Potential Loyalists
1617	2025-04-29	2025-10-01	2025-04-01	91	7	10445.49	1492.21	3	4	4	11	Loyal Customers
977	2024-10-22	2025-09-28	2024-10-01	94	7	10444.71	1492.10	3	4	4	11	Loyal Customers
4709	2025-07-21	2025-12-13	2025-07-01	18	5	10440.76	2088.15	4	3	4	11	Potential Loyalists
1065	2025-02-04	2025-09-12	2025-02-01	110	7	10432.47	1490.35	3	4	4	11	Loyal Customers
4726	2025-04-03	2025-11-07	2025-04-01	54	8	10430.95	1303.87	3	4	4	11	Loyal Customers
7787	2025-07-04	2025-11-13	2025-07-01	48	7	10400.05	1485.72	4	3	4	11	Potential Loyalists
4692	2025-06-18	2025-12-06	2025-06-01	25	6	10364.74	1727.46	4	3	4	11	Potential Loyalists
7153	2025-07-17	2025-11-09	2025-07-01	52	7	10361.70	1480.24	4	3	4	11	Potential Loyalists
5034	2025-02-24	2025-11-09	2025-02-01	52	5	10332.17	2066.43	4	3	4	11	Potential Loyalists
3426	2024-05-24	2025-11-02	2024-05-01	59	7	10321.39	1474.48	3	4	4	11	Loyal Customers
7300	2024-07-09	2025-11-17	2024-07-01	44	6	10309.25	1718.21	4	3	4	11	Potential Loyalists
5242	2024-03-28	2025-10-17	2024-03-01	75	7	10265.12	1466.45	3	4	4	11	Loyal Customers
4939	2024-06-22	2025-11-04	2024-06-01	57	8	10237.91	1279.74	3	4	4	11	Loyal Customers
1566	2025-04-21	2025-12-04	2025-04-01	27	6	10231.98	1705.33	4	3	4	11	Potential Loyalists
2704	2024-03-26	2025-10-02	2024-03-01	90	7	10216.65	1459.52	3	4	4	11	Loyal Customers
2265	2024-01-25	2025-08-28	2024-01-01	125	7	10213.25	1459.04	3	4	4	11	Loyal Customers
403	2024-08-21	2025-10-14	2024-08-01	78	7	10195.66	1456.52	3	4	4	11	Loyal Customers
814	2024-03-24	2025-09-21	2024-03-01	101	7	10184.11	1454.87	3	4	4	11	Loyal Customers
6935	2024-12-21	2025-09-22	2024-12-01	100	8	10169.57	1271.20	3	4	4	11	Loyal Customers
7071	2024-02-02	2025-10-11	2024-02-01	81	8	10148.89	1268.61	3	4	4	11	Loyal Customers
3886	2024-12-19	2025-10-30	2024-12-01	62	8	10129.14	1266.14	3	4	4	11	Loyal Customers
1844	2024-02-09	2025-10-01	2024-02-01	91	7	10128.24	1446.89	3	4	4	11	Loyal Customers
7208	2024-09-17	2025-12-01	2024-09-01	30	7	10102.13	1443.16	4	3	4	11	Potential Loyalists
301	2024-05-20	2025-11-23	2024-05-01	38	6	10099.09	1683.18	4	3	4	11	Potential Loyalists
5121	2025-02-20	2025-10-30	2025-02-01	62	7	10092.45	1441.78	3	4	4	11	Loyal Customers
21	2024-02-09	2025-10-31	2024-02-01	61	7	10076.38	1439.48	3	4	4	11	Loyal Customers
3678	2024-12-19	2025-09-22	2024-12-01	100	7	10074.37	1439.20	3	4	4	11	Loyal Customers
7817	2025-01-22	2025-11-08	2025-01-01	53	7	10067.99	1438.28	4	3	4	11	Potential Loyalists
3918	2024-11-11	2025-11-18	2024-11-01	43	6	10021.05	1670.18	4	3	4	11	Potential Loyalists
5101	2024-02-15	2025-09-05	2024-02-01	117	7	10012.17	1430.31	3	4	4	11	Loyal Customers
2652	2025-05-02	2025-10-13	2025-05-01	79	7	10007.69	1429.67	3	4	4	11	Loyal Customers
5998	2025-07-27	2025-12-06	2025-07-01	25	6	9965.00	1660.83	4	3	4	11	Potential Loyalists
5152	2025-01-02	2025-11-03	2025-01-01	58	7	9928.32	1418.33	3	4	4	11	Loyal Customers
7358	2024-08-10	2025-10-30	2024-08-01	62	8	9896.50	1237.06	3	4	4	11	Loyal Customers
5300	2024-07-26	2025-12-08	2024-07-01	23	6	9894.03	1649.01	4	3	4	11	Potential Loyalists
5855	2024-05-05	2025-11-02	2024-05-01	59	8	9855.58	1231.95	3	4	4	11	Loyal Customers
839	2024-01-13	2025-10-24	2024-01-01	68	7	9852.66	1407.52	3	4	4	11	Loyal Customers
7894	2025-08-08	2025-12-14	2025-08-01	17	5	9841.97	1968.39	4	3	4	11	Potential Loyalists
3366	2024-12-02	2025-09-10	2024-12-01	112	7	9832.53	1404.65	3	4	4	11	Loyal Customers
5702	2024-05-11	2025-09-20	2024-05-01	102	8	9827.99	1228.50	3	4	4	11	Loyal Customers
7442	2024-05-07	2025-07-18	2024-05-01	166	12	9802.46	816.87	2	5	4	11	High Value At Risk
4445	2024-10-31	2025-12-10	2024-10-01	21	6	9802.28	1633.71	4	3	4	11	Potential Loyalists
4098	2024-04-02	2025-10-26	2024-04-01	66	8	9753.60	1219.20	3	4	4	11	Loyal Customers
1234	2025-05-13	2025-11-23	2025-05-01	38	6	9742.48	1623.75	4	3	4	11	Potential Loyalists
6432	2024-09-26	2025-12-02	2024-09-01	29	6	9711.50	1618.58	4	3	4	11	Potential Loyalists
5717	2024-01-03	2025-07-31	2024-01-01	153	12	9703.81	808.65	2	5	4	11	High Value At Risk
5122	2025-03-16	2025-11-04	2025-03-01	57	7	9678.76	1382.68	3	4	4	11	Loyal Customers
3106	2025-06-09	2025-11-03	2025-06-01	58	7	9664.14	1380.59	3	4	4	11	Loyal Customers
3132	2024-07-23	2025-10-14	2024-07-01	78	7	9655.89	1379.41	3	4	4	11	Loyal Customers
4449	2024-12-25	2025-09-07	2024-12-01	115	7	9653.27	1379.04	3	4	4	11	Loyal Customers
4597	2024-11-05	2025-09-20	2024-11-01	102	8	9640.48	1205.06	3	4	4	11	Loyal Customers
527	2025-08-17	2025-12-06	2025-08-01	25	5	9636.09	1927.22	4	3	4	11	Potential Loyalists
5770	2025-05-30	2025-10-29	2025-05-01	63	7	9614.39	1373.48	3	4	4	11	Loyal Customers
1422	2024-05-16	2025-08-20	2024-05-01	133	7	9607.38	1372.48	3	4	4	11	Loyal Customers
7985	2024-10-29	2025-10-13	2024-10-01	79	8	9600.67	1200.08	3	4	4	11	Loyal Customers
5345	2024-06-21	2025-10-11	2024-06-01	81	8	9596.38	1199.55	3	4	4	11	Loyal Customers
852	2024-08-25	2025-10-06	2024-08-01	86	7	9596.37	1370.91	3	4	4	11	Loyal Customers
3992	2025-04-20	2025-09-30	2025-04-01	92	8	9571.65	1196.46	3	4	4	11	Loyal Customers
1402	2024-07-14	2025-10-01	2024-07-01	91	7	9569.48	1367.07	3	4	4	11	Loyal Customers
7184	2024-03-05	2025-10-05	2024-03-01	87	8	9568.02	1196.00	3	4	4	11	Loyal Customers
3935	2025-03-21	2025-11-20	2025-03-01	41	6	9536.79	1589.47	4	3	4	11	Potential Loyalists
3422	2024-09-01	2025-11-08	2024-09-01	53	6	9503.38	1583.90	4	3	4	11	Potential Loyalists
1986	2025-02-19	2025-11-07	2025-02-01	54	4	9452.12	2363.03	4	3	4	11	Potential Loyalists
4907	2024-08-13	2025-10-25	2024-08-01	67	7	9449.84	1349.98	3	4	4	11	Loyal Customers
2546	2024-02-25	2025-11-06	2024-02-01	55	7	9440.75	1348.68	3	4	4	11	Loyal Customers
4906	2025-07-06	2025-11-15	2025-07-01	46	6	9425.64	1570.94	4	3	4	11	Potential Loyalists
1147	2024-05-02	2025-12-04	2024-05-01	27	6	9413.54	1568.92	4	3	4	11	Potential Loyalists
5248	2024-03-09	2025-10-27	2024-03-01	65	7	9411.93	1344.56	3	4	4	11	Loyal Customers
7050	2024-07-07	2025-11-30	2024-07-01	31	7	9323.64	1331.95	4	3	4	11	Potential Loyalists
3314	2024-08-22	2025-12-09	2024-08-01	22	6	9299.89	1549.98	4	3	4	11	Potential Loyalists
7776	2025-04-02	2025-11-22	2025-04-01	39	6	9290.31	1548.39	4	3	4	11	Potential Loyalists
5727	2024-11-13	2025-08-26	2024-11-01	127	7	9267.21	1323.89	3	4	4	11	Loyal Customers
6256	2024-09-25	2025-09-05	2024-09-01	117	7	9259.10	1322.73	3	4	4	11	Loyal Customers
6451	2024-04-22	2025-11-03	2024-04-01	58	7	9238.00	1319.71	3	4	4	11	Loyal Customers
3850	2024-01-13	2025-12-11	2024-01-01	20	5	9219.62	1843.92	4	3	4	11	Potential Loyalists
1668	2024-12-04	2025-11-17	2024-12-01	44	6	9212.69	1535.45	4	3	4	11	Potential Loyalists
1188	2024-04-11	2025-12-10	2024-04-01	21	6	9184.77	1530.80	4	3	4	11	Potential Loyalists
2789	2024-01-13	2025-04-25	2024-01-01	250	8	9164.06	1145.51	2	5	4	11	High Value At Risk
282	2025-08-19	2025-11-09	2025-08-01	52	5	9135.15	1827.03	4	3	4	11	Potential Loyalists
6444	2024-09-18	2025-08-18	2024-09-01	135	8	9119.97	1140.00	3	4	4	11	Loyal Customers
3657	2024-06-24	2025-09-12	2024-06-01	110	8	9114.39	1139.30	3	4	4	11	Loyal Customers
407	2024-01-01	2025-09-25	2024-01-01	97	7	9113.84	1301.98	3	4	4	11	Loyal Customers
6207	2024-03-29	2025-09-15	2024-03-01	107	8	9113.26	1139.16	3	4	4	11	Loyal Customers
5803	2024-07-09	2025-11-20	2024-07-01	41	6	9083.30	1513.88	4	3	4	11	Potential Loyalists
5985	2025-06-01	2025-12-10	2025-06-01	21	5	9082.01	1816.40	4	3	4	11	Potential Loyalists
3660	2025-04-13	2025-10-08	2025-04-01	84	8	9075.77	1134.47	3	4	4	11	Loyal Customers
2800	2024-05-19	2025-11-22	2024-05-01	39	5	9066.58	1813.32	4	3	4	11	Potential Loyalists
5563	2025-04-07	2025-11-25	2025-04-01	36	6	9062.15	1510.36	4	3	4	11	Potential Loyalists
4509	2024-03-05	2025-09-16	2024-03-01	106	8	9050.15	1131.27	3	4	4	11	Loyal Customers
6107	2025-02-20	2025-11-13	2025-02-01	48	6	9047.50	1507.92	4	3	4	11	Potential Loyalists
3966	2024-12-26	2025-10-01	2024-12-01	91	8	9018.66	1127.33	3	4	4	11	Loyal Customers
7771	2024-09-30	2025-11-14	2024-09-01	47	6	9015.77	1502.63	4	3	4	11	Potential Loyalists
4784	2024-12-09	2025-10-09	2024-12-01	83	8	8963.88	1120.49	3	4	4	11	Loyal Customers
4652	2024-09-22	2025-11-28	2024-09-01	33	6	8913.41	1485.57	4	3	4	11	Potential Loyalists
644	2025-07-14	2025-10-17	2025-07-01	75	7	8898.56	1271.22	3	4	4	11	Loyal Customers
1305	2024-02-03	2025-08-14	2024-02-01	139	7	8896.25	1270.89	3	4	4	11	Loyal Customers
417	2025-07-21	2025-11-21	2025-07-01	40	6	8886.65	1481.11	4	3	4	11	Potential Loyalists
7824	2025-02-24	2025-09-21	2025-02-01	101	8	8855.35	1106.92	3	4	4	11	Loyal Customers
5477	2024-02-11	2025-10-16	2024-02-01	76	8	8841.97	1105.25	3	4	4	11	Loyal Customers
6674	2024-06-15	2025-08-29	2024-06-01	124	8	8823.08	1102.89	3	4	4	11	Loyal Customers
1712	2025-01-08	2025-10-31	2025-01-01	61	7	8741.74	1248.82	3	4	4	11	Loyal Customers
4951	2024-04-17	2025-11-13	2024-04-01	48	6	8736.83	1456.14	4	3	4	11	Potential Loyalists
672	2024-05-07	2025-08-18	2024-05-01	135	7	8727.63	1246.80	3	4	4	11	Loyal Customers
7468	2024-12-14	2025-10-24	2024-12-01	68	8	8712.08	1089.01	3	4	4	11	Loyal Customers
3117	2024-10-26	2025-10-28	2024-10-01	64	7	8697.26	1242.47	3	4	4	11	Loyal Customers
457	2024-07-09	2025-08-04	2024-07-01	149	8	8686.65	1085.83	2	5	4	11	High Value At Risk
2949	2024-10-27	2025-11-07	2024-10-01	54	7	8684.80	1240.69	3	4	4	11	Loyal Customers
4543	2024-08-25	2025-12-03	2024-08-01	28	5	8677.67	1735.53	4	3	4	11	Potential Loyalists
7128	2025-03-19	2025-08-17	2025-03-01	136	8	8673.82	1084.23	3	4	4	11	Loyal Customers
7124	2024-06-10	2025-12-12	2024-06-01	19	6	8664.31	1444.05	4	3	4	11	Potential Loyalists
3291	2024-04-16	2025-09-06	2024-04-01	116	7	8648.90	1235.56	3	4	4	11	Loyal Customers
1506	2024-02-04	2025-08-31	2024-02-01	122	7	8644.65	1234.95	3	4	4	11	Loyal Customers
5418	2024-09-06	2025-11-06	2024-09-01	55	7	8629.27	1232.75	3	4	4	11	Loyal Customers
2821	2025-04-19	2025-12-03	2025-04-01	28	2	8623.75	4311.88	4	3	4	11	Potential Loyalists
1210	2024-01-20	2025-11-27	2024-01-01	34	6	8615.37	1435.90	4	3	4	11	Potential Loyalists
2745	2025-06-03	2025-12-03	2025-06-01	28	6	8606.32	1434.39	4	3	4	11	Potential Loyalists
446	2024-03-01	2025-08-13	2024-03-01	140	7	8585.85	1226.55	3	4	4	11	Loyal Customers
6699	2024-07-31	2025-09-16	2024-07-01	106	8	8582.52	1072.82	3	4	4	11	Loyal Customers
3527	2024-04-01	2025-09-16	2024-04-01	106	8	8550.89	1068.86	3	4	4	11	Loyal Customers
324	2024-09-28	2025-11-19	2024-09-01	42	6	8548.76	1424.79	4	3	4	11	Potential Loyalists
3392	2024-02-14	2025-07-10	2024-02-01	174	8	8547.49	1068.44	2	5	4	11	High Value At Risk
6042	2024-06-13	2025-10-05	2024-06-01	87	7	8543.25	1220.46	3	4	4	11	Loyal Customers
3926	2024-05-29	2025-09-22	2024-05-01	100	8	8533.42	1066.68	3	4	4	11	Loyal Customers
4841	2024-05-11	2025-12-10	2024-05-01	21	6	8533.39	1422.23	4	3	4	11	Potential Loyalists
7156	2024-08-15	2025-11-26	2024-08-01	35	5	8523.38	1704.68	4	3	4	11	Potential Loyalists
6076	2024-09-17	2025-09-06	2024-09-01	116	7	8512.00	1216.00	3	4	4	11	Loyal Customers
6715	2024-04-24	2025-09-07	2024-04-01	115	7	8496.36	1213.77	3	4	4	11	Loyal Customers
3059	2024-10-03	2025-07-17	2024-10-01	167	8	8461.36	1057.67	2	5	4	11	High Value At Risk
5318	2025-03-22	2025-08-22	2025-03-01	131	7	8445.75	1206.54	3	4	4	11	Loyal Customers
2543	2024-10-22	2025-12-03	2024-10-01	28	6	8431.11	1405.19	4	3	4	11	Potential Loyalists
6264	2024-08-02	2025-09-14	2024-08-01	108	8	8428.56	1053.57	3	4	4	11	Loyal Customers
4372	2024-07-20	2025-11-05	2024-07-01	56	8	8424.10	1053.01	3	4	4	11	Loyal Customers
5703	2024-01-03	2025-11-03	2024-01-01	58	8	8410.94	1051.37	3	4	4	11	Loyal Customers
4824	2024-02-10	2025-09-06	2024-02-01	116	7	8407.21	1201.03	3	4	4	11	Loyal Customers
6018	2024-11-21	2025-09-07	2024-11-01	115	8	8403.98	1050.50	3	4	4	11	Loyal Customers
6029	2024-08-26	2025-11-06	2024-08-01	55	7	8401.20	1200.17	3	4	4	11	Loyal Customers
6247	2024-04-04	2025-10-28	2024-04-01	64	8	8395.08	1049.39	3	4	4	11	Loyal Customers
7011	2024-07-01	2025-11-10	2024-07-01	51	7	8362.52	1194.65	4	3	4	11	Potential Loyalists
7808	2025-01-18	2025-11-04	2025-01-01	57	8	8344.65	1043.08	3	4	4	11	Loyal Customers
738	2024-08-05	2025-11-02	2024-08-01	59	7	8344.23	1192.03	3	4	4	11	Loyal Customers
1597	2025-11-10	2025-12-02	2025-11-01	29	6	8304.28	1384.05	4	3	4	11	Potential Loyalists
7474	2024-09-05	2025-11-08	2024-09-01	53	7	8298.40	1185.49	4	3	4	11	Potential Loyalists
38	2024-03-15	2025-09-15	2024-03-01	107	7	8286.31	1183.76	3	4	4	11	Loyal Customers
6243	2025-08-01	2025-11-07	2025-08-01	54	7	8243.28	1177.61	3	4	4	11	Loyal Customers
7637	2024-02-07	2025-12-13	2024-02-01	18	6	8232.27	1372.05	4	3	4	11	Potential Loyalists
5145	2024-07-09	2025-10-25	2024-07-01	67	7	8231.26	1175.89	3	4	4	11	Loyal Customers
5951	2024-02-15	2025-11-05	2024-02-01	56	7	8229.90	1175.70	3	4	4	11	Loyal Customers
1819	2024-10-14	2025-11-02	2024-10-01	59	7	8224.36	1174.91	3	4	4	11	Loyal Customers
4625	2025-01-11	2025-10-06	2025-01-01	86	8	8204.34	1025.54	3	4	4	11	Loyal Customers
4936	2024-10-25	2025-11-11	2024-10-01	50	6	8182.44	1363.74	4	3	4	11	Potential Loyalists
3738	2024-11-23	2025-11-03	2024-11-01	58	8	8180.83	1022.60	3	4	4	11	Loyal Customers
982	2025-01-10	2025-12-09	2025-01-01	22	6	8168.47	1361.41	4	3	4	11	Potential Loyalists
6354	2024-09-07	2025-10-13	2024-09-01	79	7	8144.87	1163.55	3	4	4	11	Loyal Customers
4411	2024-11-24	2025-10-29	2024-11-01	63	8	8133.58	1016.70	3	4	4	11	Loyal Customers
6384	2024-07-09	2025-10-09	2024-07-01	83	8	8127.19	1015.90	3	4	4	11	Loyal Customers
6493	2024-04-08	2025-09-25	2024-04-01	97	7	8103.96	1157.71	3	4	4	11	Loyal Customers
4971	2025-08-15	2025-10-15	2025-08-01	77	7	8101.81	1157.40	3	4	4	11	Loyal Customers
4832	2024-10-26	2025-10-26	2024-10-01	66	7	8100.18	1157.17	3	4	4	11	Loyal Customers
2261	2024-06-05	2025-11-19	2024-06-01	42	6	8097.97	1349.66	4	3	4	11	Potential Loyalists
195	2024-05-19	2025-10-24	2024-05-01	68	7	8097.93	1156.85	3	4	4	11	Loyal Customers
2805	2024-11-06	2025-10-28	2024-11-01	64	7	8069.38	1152.77	3	4	4	11	Loyal Customers
6142	2025-05-04	2025-11-03	2025-05-01	58	7	8044.10	1149.16	3	4	4	11	Loyal Customers
2850	2025-05-28	2025-11-21	2025-05-01	40	6	8042.50	1340.42	4	3	4	11	Potential Loyalists
2083	2025-05-14	2025-10-11	2025-05-01	81	8	8042.48	1005.31	3	5	3	11	Loyal Customers
1563	2024-02-18	2025-11-29	2024-02-01	32	7	8041.05	1148.72	4	4	3	11	Loyal Customers
1469	2024-04-03	2025-11-18	2024-04-01	43	7	8035.34	1147.91	4	4	3	11	Loyal Customers
950	2025-09-01	2025-12-08	2025-09-01	23	7	8034.61	1147.80	4	4	3	11	Loyal Customers
3974	2024-10-04	2025-11-13	2024-10-01	48	7	8025.12	1146.45	4	4	3	11	Loyal Customers
638	2024-01-25	2025-11-01	2024-01-01	60	14	8015.25	572.52	3	5	3	11	Loyal Customers
4199	2025-08-14	2025-12-17	2025-08-01	14	5	8002.39	1600.48	5	3	3	11	Potential Loyalists
2735	2025-08-08	2025-12-27	2025-08-01	4	6	7997.30	1332.88	5	3	3	11	Potential Loyalists
7949	2025-09-16	2025-12-06	2025-09-01	25	8	7993.20	999.15	4	4	3	11	Loyal Customers
7029	2024-07-18	2025-11-24	2024-07-01	37	8	7985.11	998.14	4	4	3	11	Loyal Customers
7729	2024-03-11	2025-11-13	2024-03-01	48	8	7950.46	993.81	4	4	3	11	Loyal Customers
7999	2024-02-27	2025-10-25	2024-02-01	67	9	7945.34	882.82	3	5	3	11	Loyal Customers
6869	2024-12-31	2025-11-09	2024-12-01	52	7	7936.70	1133.81	4	4	3	11	Loyal Customers
2936	2025-03-10	2025-10-27	2025-03-01	65	8	7927.15	990.89	3	5	3	11	Loyal Customers
4351	2025-02-09	2025-12-08	2025-02-01	23	7	7892.40	1127.49	4	4	3	11	Loyal Customers
1952	2024-10-28	2025-08-25	2024-10-01	128	8	7887.50	985.94	3	5	3	11	Loyal Customers
3378	2024-11-16	2025-12-04	2024-11-01	27	7	7867.74	1123.96	4	4	3	11	Loyal Customers
1762	2025-08-29	2025-12-08	2025-08-01	23	7	7852.51	1121.79	4	4	3	11	Loyal Customers
5326	2025-04-07	2025-11-23	2025-04-01	38	7	7851.25	1121.61	4	4	3	11	Loyal Customers
4252	2025-05-03	2025-12-13	2025-05-01	18	8	7849.92	981.24	4	4	3	11	Loyal Customers
5547	2025-11-22	2025-12-30	2025-11-01	1	6	7841.19	1306.87	5	3	3	11	Potential Loyalists
7024	2024-12-09	2025-12-04	2024-12-01	27	8	7822.48	977.81	4	4	3	11	Loyal Customers
6176	2025-10-06	2025-12-06	2025-10-01	25	7	7811.48	1115.93	4	4	3	11	Loyal Customers
2087	2025-03-02	2025-12-06	2025-03-01	25	7	7807.18	1115.31	4	4	3	11	Loyal Customers
7212	2025-03-18	2025-12-08	2025-03-01	23	8	7799.46	974.93	4	4	3	11	Loyal Customers
4527	2025-04-25	2025-12-27	2025-04-01	4	5	7781.63	1556.33	5	3	3	11	Potential Loyalists
5269	2025-03-28	2025-11-24	2025-03-01	37	7	7769.13	1109.88	4	4	3	11	Loyal Customers
2258	2024-12-22	2025-12-24	2024-12-01	7	2	7761.68	3880.84	5	3	3	11	Potential Loyalists
5649	2024-09-13	2025-12-27	2024-09-01	4	6	7737.37	1289.56	5	3	3	11	Potential Loyalists
5934	2024-01-01	2025-11-28	2024-01-01	33	7	7737.33	1105.33	4	4	3	11	Loyal Customers
4280	2025-02-28	2025-12-16	2025-02-01	15	6	7725.14	1287.52	5	3	3	11	Potential Loyalists
4836	2024-07-06	2025-12-12	2024-07-01	19	7	7719.67	1102.81	4	4	3	11	Loyal Customers
5098	2025-07-12	2025-11-22	2025-07-01	39	7	7718.31	1102.62	4	4	3	11	Loyal Customers
1437	2025-11-10	2025-12-30	2025-11-01	1	5	7717.81	1543.56	5	3	3	11	Potential Loyalists
3138	2025-10-08	2025-12-26	2025-10-01	5	6	7708.82	1284.80	5	3	3	11	Potential Loyalists
2765	2025-05-25	2025-12-05	2025-05-01	26	7	7680.52	1097.22	4	4	3	11	Loyal Customers
1964	2024-11-16	2025-12-24	2024-11-01	7	6	7675.41	1279.24	5	3	3	11	Potential Loyalists
2073	2024-02-25	2025-10-10	2024-02-01	82	8	7674.75	959.34	3	5	3	11	Loyal Customers
6804	2025-09-09	2025-12-21	2025-09-01	10	6	7672.32	1278.72	5	3	3	11	Potential Loyalists
4236	2025-02-16	2025-11-10	2025-02-01	51	7	7665.88	1095.13	4	4	3	11	Loyal Customers
4276	2024-05-10	2025-11-20	2024-05-01	41	7	7640.68	1091.53	4	4	3	11	Loyal Customers
7349	2025-09-10	2025-12-18	2025-09-01	13	6	7632.70	1272.12	5	3	3	11	Potential Loyalists
2759	2025-01-20	2025-08-24	2025-01-01	129	8	7631.84	953.98	3	5	3	11	Loyal Customers
3136	2024-03-23	2025-11-13	2024-03-01	48	7	7618.06	1088.29	4	4	3	11	Loyal Customers
6843	2024-03-16	2025-11-25	2024-03-01	36	8	7617.27	952.16	4	4	3	11	Loyal Customers
2248	2024-06-22	2025-11-16	2024-06-01	45	7	7607.06	1086.72	4	4	3	11	Loyal Customers
7629	2025-10-15	2025-12-27	2025-10-01	4	5	7605.24	1521.05	5	3	3	11	Potential Loyalists
1894	2025-05-09	2025-12-08	2025-05-01	23	7	7593.62	1084.80	4	4	3	11	Loyal Customers
5399	2024-12-12	2025-11-24	2024-12-01	37	8	7582.23	947.78	4	4	3	11	Loyal Customers
6742	2025-04-19	2025-12-11	2025-04-01	20	8	7556.95	944.62	4	4	3	11	Loyal Customers
2986	2024-10-16	2025-12-14	2024-10-01	17	5	7548.50	1509.70	5	3	3	11	Potential Loyalists
2816	2025-01-05	2025-12-11	2025-01-01	20	7	7544.18	1077.74	4	4	3	11	Loyal Customers
3836	2024-06-11	2025-11-17	2024-06-01	44	7	7514.81	1073.54	4	4	3	11	Loyal Customers
3960	2025-12-03	2025-12-18	2025-12-01	13	6	7497.24	1249.54	5	3	3	11	Potential Loyalists
5202	2024-12-12	2025-11-22	2024-12-01	39	8	7497.12	937.14	4	4	3	11	Loyal Customers
6262	2025-06-22	2025-11-29	2025-06-01	32	8	7461.06	932.63	4	4	3	11	Loyal Customers
6898	2025-06-30	2025-12-10	2025-06-01	21	7	7445.01	1063.57	4	4	3	11	Loyal Customers
7823	2025-09-14	2025-12-21	2025-09-01	10	7	7441.58	1063.08	5	3	3	11	Potential Loyalists
2330	2025-07-09	2025-11-21	2025-07-01	40	7	7403.80	1057.69	4	4	3	11	Loyal Customers
3908	2024-11-29	2025-12-20	2024-11-01	11	6	7401.19	1233.53	5	3	3	11	Potential Loyalists
4915	2024-09-25	2025-11-15	2024-09-01	46	7	7393.76	1056.25	4	4	3	11	Loyal Customers
4622	2025-03-19	2025-12-22	2025-03-01	9	5	7387.98	1477.60	5	3	3	11	Potential Loyalists
3636	2024-07-12	2025-11-09	2024-07-01	52	8	7379.84	922.48	4	4	3	11	Loyal Customers
7719	2024-12-17	2025-12-25	2024-12-01	6	7	7354.22	1050.60	5	3	3	11	Potential Loyalists
17	2024-12-03	2025-10-24	2024-12-01	68	8	7324.77	915.60	3	5	3	11	Loyal Customers
2298	2025-03-10	2025-11-18	2025-03-01	43	7	7318.44	1045.49	4	4	3	11	Loyal Customers
128	2024-09-11	2025-12-04	2024-09-01	27	7	7301.66	1043.09	4	4	3	11	Loyal Customers
6512	2024-02-10	2025-11-13	2024-02-01	48	8	7284.90	910.61	4	4	3	11	Loyal Customers
3931	2024-05-02	2025-12-30	2024-05-01	1	6	7272.71	1212.12	5	3	3	11	Potential Loyalists
3183	2024-07-15	2025-11-15	2024-07-01	46	7	7268.40	1038.34	4	4	3	11	Loyal Customers
2692	2024-05-06	2025-11-19	2024-05-01	42	7	7256.91	1036.70	4	4	3	11	Loyal Customers
1544	2024-11-27	2025-11-08	2024-11-01	53	7	7247.69	1035.38	4	4	3	11	Loyal Customers
4426	2025-10-28	2025-12-28	2025-10-01	3	6	7241.43	1206.91	5	3	3	11	Potential Loyalists
6759	2024-05-02	2025-11-11	2024-05-01	50	8	7222.83	902.85	4	4	3	11	Loyal Customers
2535	2025-06-14	2025-12-06	2025-06-01	25	7	7222.30	1031.76	4	4	3	11	Loyal Customers
2210	2024-01-24	2025-12-22	2024-01-01	9	6	7215.00	1202.50	5	3	3	11	Potential Loyalists
1226	2025-08-28	2025-12-09	2025-08-01	22	7	7194.86	1027.84	4	4	3	11	Loyal Customers
2111	2025-04-09	2025-12-16	2025-04-01	15	2	7190.28	3595.14	5	3	3	11	Potential Loyalists
636	2024-08-20	2025-09-19	2024-08-01	103	8	7177.12	897.14	3	5	3	11	Loyal Customers
6417	2024-09-17	2025-11-28	2024-09-01	33	7	7170.61	1024.37	4	4	3	11	Loyal Customers
5204	2025-10-06	2025-12-29	2025-10-01	2	6	7146.38	1191.06	5	3	3	11	Potential Loyalists
5170	2024-04-17	2025-11-17	2024-04-01	44	7	7136.90	1019.56	4	4	3	11	Loyal Customers
4438	2025-06-29	2025-12-11	2025-06-01	20	7	7116.32	1016.62	4	4	3	11	Loyal Customers
180	2024-10-31	2025-12-26	2024-10-01	5	6	7114.14	1185.69	5	3	3	11	Potential Loyalists
7359	2025-03-27	2025-11-29	2025-03-01	32	8	7106.68	888.34	4	4	3	11	Loyal Customers
3988	2025-11-07	2025-12-27	2025-11-01	4	6	7104.32	1184.05	5	3	3	11	Potential Loyalists
4642	2025-06-21	2025-12-01	2025-06-01	30	7	7103.56	1014.79	4	4	3	11	Loyal Customers
6439	2024-02-22	2025-12-04	2024-02-01	27	8	7085.91	885.74	4	4	3	11	Loyal Customers
6044	2025-07-21	2025-12-05	2025-07-01	26	7	7057.99	1008.28	4	4	3	11	Loyal Customers
6876	2025-01-09	2025-11-30	2025-01-01	31	7	7034.55	1004.94	4	4	3	11	Loyal Customers
2212	2025-07-12	2025-12-01	2025-07-01	30	7	6988.48	998.35	4	4	3	11	Loyal Customers
7290	2025-10-17	2025-12-20	2025-10-01	11	6	6982.10	1163.68	5	3	3	11	Potential Loyalists
189	2025-05-12	2025-11-27	2025-05-01	34	7	6955.57	993.65	4	4	3	11	Loyal Customers
1167	2025-10-14	2025-12-25	2025-10-01	6	6	6913.87	1152.31	5	3	3	11	Potential Loyalists
7507	2025-07-13	2025-12-26	2025-07-01	5	7	6887.87	983.98	5	3	3	11	Potential Loyalists
7501	2025-07-05	2025-12-18	2025-07-01	13	6	6874.41	1145.74	5	3	3	11	Potential Loyalists
5493	2025-05-02	2025-11-30	2025-05-01	31	8	6867.77	858.47	4	4	3	11	Loyal Customers
751	2025-09-05	2025-12-02	2025-09-01	29	7	6860.84	980.12	4	4	3	11	Loyal Customers
4013	2024-06-15	2025-12-28	2024-06-01	3	6	6847.44	1141.24	5	3	3	11	Potential Loyalists
1996	2024-01-13	2025-11-07	2024-01-01	54	7	6826.09	975.16	4	4	3	11	Loyal Customers
1229	2025-11-26	2025-12-23	2025-11-01	8	5	6811.88	1362.38	5	3	3	11	Potential Loyalists
145	2024-06-24	2025-11-05	2024-06-01	56	8	6809.20	851.15	3	5	3	11	Loyal Customers
3295	2024-01-31	2025-10-23	2024-01-01	69	8	6807.77	850.97	3	5	3	11	Loyal Customers
4137	2025-02-17	2025-12-24	2025-02-01	7	6	6807.56	1134.59	5	3	3	11	Potential Loyalists
921	2025-02-04	2025-09-09	2025-02-01	113	8	6802.62	850.33	3	5	3	11	Loyal Customers
7948	2024-04-26	2025-12-10	2024-04-01	21	8	6797.93	849.74	4	4	3	11	Loyal Customers
2259	2024-11-14	2025-10-15	2024-11-01	77	8	6757.22	844.65	3	5	3	11	Loyal Customers
7402	2024-08-08	2025-11-19	2024-08-01	42	8	6719.92	839.99	4	4	3	11	Loyal Customers
2024	2025-05-24	2025-11-28	2025-05-01	33	7	6716.96	959.57	4	4	3	11	Loyal Customers
6994	2025-09-06	2025-12-28	2025-09-01	3	6	6705.93	1117.66	5	3	3	11	Potential Loyalists
3694	2025-05-27	2025-11-18	2025-05-01	43	7	6699.02	957.00	4	4	3	11	Loyal Customers
4198	2024-05-11	2025-12-19	2024-05-01	12	6	6659.26	1109.88	5	3	3	11	Potential Loyalists
1304	2025-03-07	2025-11-03	2025-03-01	58	8	6579.55	822.44	3	5	3	11	Loyal Customers
743	2025-07-20	2025-12-20	2025-07-01	11	6	6573.24	1095.54	5	3	3	11	Potential Loyalists
1961	2025-01-06	2025-09-26	2025-01-01	96	8	6570.22	821.28	3	5	3	11	Loyal Customers
5734	2025-09-09	2025-12-25	2025-09-01	6	6	6558.50	1093.08	5	3	3	11	Potential Loyalists
2617	2024-03-07	2025-12-03	2024-03-01	28	7	6526.56	932.37	4	4	3	11	Loyal Customers
6522	2025-02-10	2025-11-25	2025-02-01	36	7	6526.32	932.33	4	4	3	11	Loyal Customers
922	2025-07-01	2025-12-02	2025-07-01	29	7	6518.51	931.22	4	4	3	11	Loyal Customers
7419	2024-06-11	2025-12-20	2024-06-01	11	7	6489.82	927.12	5	3	3	11	Potential Loyalists
6970	2025-02-21	2025-11-21	2025-02-01	40	8	6487.58	810.95	4	4	3	11	Loyal Customers
4224	2024-09-30	2025-12-19	2024-09-01	12	6	6478.73	1079.79	5	3	3	11	Potential Loyalists
2610	2024-01-12	2025-10-20	2024-01-01	72	8	6473.41	809.18	3	5	3	11	Loyal Customers
532	2025-01-05	2025-12-25	2025-01-01	6	6	6463.00	1077.17	5	3	3	11	Potential Loyalists
2508	2024-08-02	2025-12-04	2024-08-01	27	7	6461.51	923.07	4	4	3	11	Loyal Customers
4950	2025-10-11	2025-12-03	2025-10-01	28	7	6458.96	922.71	4	4	3	11	Loyal Customers
1937	2024-01-20	2025-11-22	2024-01-01	39	7	6455.43	922.20	4	4	3	11	Loyal Customers
7783	2025-06-12	2025-11-08	2025-06-01	53	8	6435.33	804.42	4	4	3	11	Loyal Customers
1092	2025-05-23	2025-10-29	2025-05-01	63	8	6431.98	804.00	3	5	3	11	Loyal Customers
7712	2025-05-09	2025-12-12	2025-05-01	19	8	6380.30	797.54	4	4	3	11	Loyal Customers
1150	2024-02-26	2025-11-01	2024-02-01	60	8	6331.41	791.43	3	5	3	11	Loyal Customers
7339	2025-04-24	2025-12-12	2025-04-01	19	8	6323.69	790.46	4	4	3	11	Loyal Customers
3662	2025-03-06	2025-12-18	2025-03-01	13	6	6319.49	1053.25	5	3	3	11	Potential Loyalists
7706	2024-06-23	2025-12-23	2024-06-01	8	7	6305.15	900.74	5	3	3	11	Potential Loyalists
548	2025-02-20	2025-12-21	2025-02-01	10	5	6244.99	1249.00	5	3	3	11	Potential Loyalists
5140	2025-05-04	2025-12-28	2025-05-01	3	6	6244.87	1040.81	5	3	3	11	Potential Loyalists
560	2025-04-27	2025-12-23	2025-04-01	8	2	6198.97	3099.49	5	3	3	11	Potential Loyalists
7773	2024-10-06	2025-12-15	2024-10-01	16	6	6198.93	1033.16	5	3	3	11	Potential Loyalists
7688	2024-04-11	2025-12-28	2024-04-01	3	7	6197.30	885.33	5	3	3	11	Potential Loyalists
5428	2025-04-02	2025-12-13	2025-04-01	18	8	6193.52	774.19	4	4	3	11	Loyal Customers
3090	2025-02-19	2025-12-28	2025-02-01	3	2	6168.43	3084.22	5	3	3	11	Potential Loyalists
4063	2025-02-12	2025-11-30	2025-02-01	31	8	6159.87	769.98	4	4	3	11	Loyal Customers
6982	2025-08-23	2025-12-16	2025-08-01	15	5	6100.32	1220.06	5	3	3	11	Potential Loyalists
5696	2024-09-25	2025-12-15	2024-09-01	16	6	6099.16	1016.53	5	3	3	11	Potential Loyalists
515	2025-09-10	2025-12-07	2025-09-01	24	7	6088.03	869.72	4	4	3	11	Loyal Customers
3248	2024-09-01	2025-11-01	2024-09-01	60	8	6079.03	759.88	3	5	3	11	Loyal Customers
4201	2024-03-01	2025-11-22	2024-03-01	39	7	6071.32	867.33	4	4	3	11	Loyal Customers
2096	2024-01-09	2025-11-02	2024-01-01	59	13	6039.70	464.59	3	5	3	11	Loyal Customers
2859	2024-02-07	2025-11-04	2024-02-01	57	8	6039.05	754.88	3	5	3	11	Loyal Customers
4677	2025-02-10	2025-12-23	2025-02-01	8	2	6028.89	3014.45	5	3	3	11	Potential Loyalists
5533	2025-04-11	2025-12-06	2025-04-01	25	7	5953.23	850.46	4	4	3	11	Loyal Customers
1342	2024-11-13	2025-11-03	2024-11-01	58	8	5947.01	743.38	3	5	3	11	Loyal Customers
2630	2025-09-12	2025-12-06	2025-09-01	25	7	5929.51	847.07	4	4	3	11	Loyal Customers
6626	2025-06-02	2025-11-30	2025-06-01	31	7	5925.05	846.44	4	4	3	11	Loyal Customers
3634	2025-09-18	2025-11-14	2025-09-01	47	7	5858.83	836.98	4	4	3	11	Loyal Customers
4472	2024-06-21	2025-11-29	2024-06-01	32	7	5855.50	836.50	4	4	3	11	Loyal Customers
3390	2024-10-15	2025-10-17	2024-10-01	75	8	5847.79	730.97	3	5	3	11	Loyal Customers
2059	2024-01-23	2025-11-09	2024-01-01	52	7	5839.46	834.21	4	4	3	11	Loyal Customers
5698	2024-03-25	2025-11-20	2024-03-01	41	7	5776.98	825.28	4	4	3	11	Loyal Customers
628	2024-05-07	2025-12-05	2024-05-01	26	7	5767.63	823.95	4	4	3	11	Loyal Customers
124	2025-03-16	2025-11-03	2025-03-01	58	8	5765.92	720.74	3	5	3	11	Loyal Customers
940	2025-01-23	2025-12-06	2025-01-01	25	7	5753.85	821.98	4	4	3	11	Loyal Customers
5720	2025-05-04	2025-11-28	2025-05-01	33	7	5750.25	821.46	4	4	3	11	Loyal Customers
5526	2024-11-10	2025-11-27	2024-11-01	34	7	5743.13	820.45	4	4	3	11	Loyal Customers
1461	2024-09-06	2025-11-05	2024-09-01	56	8	5699.15	712.39	3	5	3	11	Loyal Customers
7416	2025-04-28	2025-12-16	2025-04-01	15	6	5645.67	940.95	5	3	3	11	Potential Loyalists
5927	2025-07-01	2025-12-11	2025-07-01	20	8	5624.24	703.03	4	4	3	11	Loyal Customers
6926	2025-02-03	2025-12-03	2025-02-01	28	7	5618.46	802.64	4	4	3	11	Loyal Customers
3335	2025-04-28	2025-12-21	2025-04-01	10	2	5611.75	2805.88	5	3	3	11	Potential Loyalists
1740	2025-03-15	2025-11-26	2025-03-01	35	7	5540.53	791.50	4	4	3	11	Loyal Customers
2566	2025-11-16	2025-12-24	2025-11-01	7	5	5522.11	1104.42	5	3	3	11	Potential Loyalists
3851	2025-11-09	2025-12-24	2025-11-01	7	6	5497.10	916.18	5	3	3	11	Potential Loyalists
5154	2024-03-19	2025-11-18	2024-03-01	43	7	5462.07	780.30	4	4	3	11	Loyal Customers
7996	2024-05-02	2025-12-26	2024-05-01	5	7	5399.69	771.38	5	3	3	11	Potential Loyalists
782	2024-09-21	2025-12-10	2024-09-01	21	7	5361.62	765.95	4	4	3	11	Loyal Customers
6905	2024-06-24	2025-11-22	2024-06-01	39	8	5321.49	665.19	4	4	3	11	Loyal Customers
2744	2025-03-30	2025-11-23	2025-03-01	38	7	5272.66	753.24	4	4	3	11	Loyal Customers
4222	2024-01-14	2025-11-13	2024-01-01	48	8	5237.00	654.63	4	4	3	11	Loyal Customers
6266	2024-11-08	2025-12-04	2024-11-01	27	8	5220.22	652.53	4	4	3	11	Loyal Customers
3771	2025-06-22	2025-12-06	2025-06-01	25	8	5217.49	652.19	4	4	3	11	Loyal Customers
6019	2025-07-16	2025-12-10	2025-07-01	21	8	5202.85	650.36	4	4	3	11	Loyal Customers
3570	2025-05-13	2025-12-16	2025-05-01	15	2	5170.37	2585.19	5	3	3	11	Potential Loyalists
4815	2025-10-16	2025-12-29	2025-10-01	2	6	5121.30	853.55	5	3	3	11	Potential Loyalists
5879	2024-08-17	2025-12-08	2024-08-01	23	8	5105.79	638.22	4	4	3	11	Loyal Customers
6048	2025-05-28	2025-12-16	2025-05-01	15	5	5054.14	1010.83	5	3	3	11	Potential Loyalists
4113	2025-07-19	2025-12-11	2025-07-01	20	7	5035.10	719.30	4	4	3	11	Loyal Customers
2931	2024-10-26	2025-09-17	2024-10-01	105	8	5015.13	626.89	3	5	3	11	Loyal Customers
7175	2025-11-25	2025-12-17	2025-11-01	14	6	4979.28	829.88	5	3	3	11	Potential Loyalists
5756	2024-02-11	2025-11-14	2024-02-01	47	8	4901.66	612.71	4	4	3	11	Loyal Customers
6629	2025-02-24	2025-12-24	2025-02-01	7	6	4870.40	811.73	5	3	3	11	Potential Loyalists
1316	2024-09-02	2025-11-08	2024-09-01	53	7	4829.22	689.89	4	4	3	11	Loyal Customers
7840	2025-09-06	2025-12-16	2025-09-01	15	7	4826.19	689.46	5	3	3	11	Potential Loyalists
2240	2024-11-25	2025-12-24	2024-11-01	7	2	4818.69	2409.35	5	3	3	11	Potential Loyalists
6110	2024-06-14	2025-11-15	2024-06-01	46	7	4803.04	686.15	4	4	3	11	Loyal Customers
7511	2025-06-15	2025-12-16	2025-06-01	15	7	4694.41	670.63	5	3	3	11	Potential Loyalists
2295	2024-12-09	2025-11-25	2024-12-01	36	7	4689.28	669.90	4	4	3	11	Loyal Customers
6743	2024-09-23	2025-11-08	2024-09-01	53	7	4662.42	666.06	4	4	3	11	Loyal Customers
2361	2024-02-19	2025-11-22	2024-02-01	39	7	4628.19	661.17	4	4	3	11	Loyal Customers
3846	2024-10-17	2025-11-09	2024-10-01	52	7	4612.00	658.86	4	4	3	11	Loyal Customers
5632	2025-02-13	2025-12-08	2025-02-01	23	7	4605.69	657.96	4	4	3	11	Loyal Customers
4243	2024-10-22	2025-12-26	2024-10-01	5	6	4595.30	765.88	5	3	3	11	Potential Loyalists
5092	2024-04-17	2025-11-24	2024-04-01	37	7	4590.31	655.76	4	4	3	11	Loyal Customers
1718	2025-08-18	2025-11-26	2025-08-01	35	7	4545.91	649.42	4	4	3	11	Loyal Customers
4142	2024-08-08	2025-12-03	2024-08-01	28	7	4479.94	639.99	4	4	3	11	Loyal Customers
1654	2024-07-24	2025-12-17	2024-07-01	14	5	4466.63	893.33	5	3	3	11	Potential Loyalists
1184	2025-08-18	2025-12-17	2025-08-01	14	5	4432.84	886.57	5	3	3	11	Potential Loyalists
4014	2024-09-24	2025-12-20	2024-09-01	11	2	4389.25	2194.63	5	3	3	11	Potential Loyalists
2766	2025-04-16	2025-12-20	2025-04-01	11	2	4389.16	2194.58	5	3	3	11	Potential Loyalists
4500	2024-05-17	2025-12-08	2024-05-01	23	8	4326.46	540.81	4	4	3	11	Loyal Customers
5933	2024-11-06	2025-12-16	2024-11-01	15	6	4235.23	705.87	5	3	3	11	Potential Loyalists
3417	2024-01-21	2025-10-06	2024-01-01	86	8	4228.91	528.61	3	5	3	11	Loyal Customers
5799	2024-01-29	2025-12-26	2024-01-01	5	6	4049.03	674.84	5	3	3	11	Potential Loyalists
3302	2025-09-14	2025-12-18	2025-09-01	13	6	3998.82	666.47	5	3	3	11	Potential Loyalists
2347	2024-05-09	2025-12-18	2024-05-01	13	5	3984.93	796.99	5	3	3	11	Potential Loyalists
3768	2025-03-15	2025-12-20	2025-03-01	11	2	3977.85	1988.93	5	3	3	11	Potential Loyalists
4579	2025-04-07	2025-12-30	2025-04-01	1	2	3961.52	1980.76	5	3	3	11	Potential Loyalists
2016	2025-07-24	2025-12-28	2025-07-01	3	6	3644.25	607.38	5	3	3	11	Potential Loyalists
410	2024-01-22	2025-10-28	2024-01-01	64	8	3620.56	452.57	3	5	3	11	Loyal Customers
2373	2024-11-23	2025-12-23	2024-11-01	8	2	3583.59	1791.80	5	3	3	11	Potential Loyalists
2682	2024-10-13	2025-12-01	2024-10-01	30	7	3576.55	510.94	4	4	3	11	Loyal Customers
1460	2024-11-14	2025-12-14	2024-11-01	17	2	3447.30	1723.65	5	3	3	11	Potential Loyalists
3320	2024-09-18	2025-12-25	2024-09-01	6	2	3430.93	1715.47	5	3	3	11	Potential Loyalists
4697	2024-07-04	2025-12-06	2024-07-01	25	7	3403.34	486.19	4	4	3	11	Loyal Customers
2689	2025-01-12	2025-12-26	2025-01-01	5	2	3291.19	1645.60	5	3	3	11	Potential Loyalists
3853	2024-02-21	2025-11-27	2024-02-01	34	7	3268.14	466.88	4	4	3	11	Loyal Customers
1069	2024-12-06	2025-12-29	2024-12-01	2	6	3235.99	539.33	5	3	3	11	Potential Loyalists
3610	2025-05-05	2025-12-23	2025-05-01	8	2	3177.01	1588.51	5	3	3	11	Potential Loyalists
6728	2024-05-23	2025-12-16	2024-05-01	15	5	3127.58	625.52	5	3	3	11	Potential Loyalists
64	2025-05-03	2025-12-16	2025-05-01	15	2	3106.04	1553.02	5	3	3	11	Potential Loyalists
5924	2025-05-20	2025-12-23	2025-05-01	8	7	3005.85	429.41	5	4	2	11	Loyal Customers
6471	2024-06-16	2025-12-25	2024-06-01	6	7	2873.45	410.49	5	4	2	11	Loyal Customers
7943	2024-09-18	2025-06-30	2024-09-01	184	7	24763.15	3537.59	2	3	5	10	High Value At Risk
6799	2024-03-06	2025-05-28	2024-03-01	217	6	21035.25	3505.88	2	3	5	10	High Value At Risk
5255	2024-08-21	2025-08-10	2024-08-01	143	5	19576.91	3915.38	2	3	5	10	High Value At Risk
6368	2024-05-23	2025-07-21	2024-05-01	163	6	19283.49	3213.92	2	3	5	10	High Value At Risk
7555	2024-04-27	2025-06-09	2024-04-01	205	7	17834.70	2547.81	2	3	5	10	High Value At Risk
3178	2024-05-26	2025-03-17	2024-05-01	289	6	16654.81	2775.80	2	3	5	10	High Value At Risk
1192	2024-08-11	2025-02-23	2024-08-01	311	6	15396.52	2566.09	2	3	5	10	High Value At Risk
7409	2024-11-07	2025-07-25	2024-11-01	159	7	14985.41	2140.77	2	3	5	10	High Value At Risk
7022	2024-01-22	2025-02-23	2024-01-01	311	7	14591.35	2084.48	2	3	5	10	High Value At Risk
3614	2024-04-07	2025-05-18	2024-04-01	227	5	14203.14	2840.63	2	3	5	10	High Value At Risk
5191	2024-07-16	2025-06-28	2024-07-01	186	6	13723.37	2287.23	2	3	5	10	High Value At Risk
7158	2024-08-08	2025-08-08	2024-08-01	145	7	13588.49	1941.21	2	3	5	10	High Value At Risk
6694	2024-02-18	2025-04-20	2024-02-01	255	8	13343.24	1667.91	2	4	4	10	High Value At Risk
5813	2024-01-06	2025-08-01	2024-01-01	152	8	13326.13	1665.77	2	4	4	10	High Value At Risk
5198	2024-05-09	2025-03-05	2024-05-01	301	8	13294.86	1661.86	2	4	4	10	High Value At Risk
6420	2024-03-27	2025-10-17	2024-03-01	75	6	13291.47	2215.25	3	3	4	10	Needs Attention
860	2024-10-21	2025-08-29	2024-10-01	124	6	13277.21	2212.87	3	3	4	10	Needs Attention
2169	2024-08-11	2025-10-12	2024-08-01	80	6	13179.83	2196.64	3	3	4	10	Needs Attention
7284	2024-08-04	2025-10-11	2024-08-01	81	6	13179.20	2196.53	3	3	4	10	Needs Attention
5250	2024-04-03	2025-07-16	2024-04-01	168	7	12941.30	1848.76	2	4	4	10	High Value At Risk
4666	2024-08-24	2025-09-15	2024-08-01	107	6	12906.72	2151.12	3	3	4	10	Needs Attention
5164	2024-09-24	2025-07-10	2024-09-01	174	8	12897.15	1612.14	2	4	4	10	High Value At Risk
6230	2024-03-07	2025-10-07	2024-03-01	85	6	12863.15	2143.86	3	3	4	10	Needs Attention
1951	2024-04-10	2025-09-05	2024-04-01	117	6	12724.88	2120.81	3	3	4	10	Needs Attention
7730	2024-02-09	2025-10-16	2024-02-01	76	7	12660.74	1808.68	3	3	4	10	Needs Attention
187	2024-06-13	2025-07-01	2024-06-01	183	7	12654.36	1807.77	2	4	4	10	High Value At Risk
7224	2025-01-05	2025-08-24	2025-01-01	129	7	12628.56	1804.08	3	3	4	10	Needs Attention
7030	2024-06-27	2025-09-13	2024-06-01	109	7	12625.75	1803.68	3	3	4	10	Needs Attention
4294	2024-04-20	2025-07-28	2024-04-01	156	7	12574.61	1796.37	2	4	4	10	High Value At Risk
6853	2024-10-10	2025-11-04	2024-10-01	57	6	12563.23	2093.87	3	3	4	10	Needs Attention
5016	2024-04-30	2025-10-24	2024-04-01	68	6	12542.69	2090.45	3	3	4	10	Needs Attention
1263	2025-09-26	2025-10-31	2025-09-01	61	6	12538.50	2089.75	3	3	4	10	Needs Attention
3019	2024-11-24	2025-10-17	2024-11-01	75	6	12469.74	2078.29	3	3	4	10	Needs Attention
6617	2025-01-19	2025-10-01	2025-01-01	91	6	12431.79	2071.97	3	3	4	10	Needs Attention
4285	2024-02-15	2025-06-04	2024-02-01	210	7	12326.71	1760.96	2	4	4	10	High Value At Risk
1002	2024-08-21	2025-10-29	2024-08-01	63	6	12283.11	2047.19	3	3	4	10	Needs Attention
7198	2024-03-07	2025-05-17	2024-03-01	228	8	12272.94	1534.12	2	4	4	10	High Value At Risk
3606	2024-04-24	2025-03-23	2024-04-01	283	7	12174.87	1739.27	2	4	4	10	High Value At Risk
5834	2024-06-15	2025-09-11	2024-06-01	111	6	12171.90	2028.65	3	3	4	10	Needs Attention
5286	2024-08-20	2025-06-28	2024-08-01	186	8	12171.56	1521.45	2	4	4	10	High Value At Risk
212	2024-04-12	2025-08-17	2024-04-01	136	6	12140.14	2023.36	3	3	4	10	Needs Attention
4395	2024-02-07	2025-07-04	2024-02-01	180	8	12138.04	1517.26	2	4	4	10	High Value At Risk
2419	2024-05-19	2025-10-03	2024-05-01	89	6	12106.68	2017.78	3	3	4	10	Needs Attention
5457	2025-06-28	2025-10-18	2025-06-01	74	6	12023.25	2003.88	3	3	4	10	Needs Attention
6606	2024-07-01	2025-09-17	2024-07-01	105	5	11924.86	2384.97	3	3	4	10	Needs Attention
7162	2024-02-25	2025-09-17	2024-02-01	105	7	11898.72	1699.82	3	3	4	10	Needs Attention
4425	2025-06-30	2025-09-17	2025-06-01	105	6	11864.11	1977.35	3	3	4	10	Needs Attention
3551	2024-03-25	2025-05-08	2024-03-01	237	7	11859.39	1694.20	2	4	4	10	High Value At Risk
3690	2024-04-19	2025-08-29	2024-04-01	124	6	11800.45	1966.74	3	3	4	10	Needs Attention
4105	2025-01-03	2025-09-17	2025-01-01	105	6	11764.71	1960.79	3	3	4	10	Needs Attention
6565	2024-02-10	2025-02-23	2024-02-01	311	8	11759.63	1469.95	2	4	4	10	High Value At Risk
2515	2024-09-06	2025-10-25	2024-09-01	67	5	11723.08	2344.62	3	3	4	10	Needs Attention
1086	2024-02-21	2025-07-22	2024-02-01	162	7	11714.99	1673.57	2	4	4	10	High Value At Risk
3343	2024-04-21	2025-05-21	2024-04-01	224	7	11664.36	1666.34	2	4	4	10	High Value At Risk
6602	2024-07-23	2025-07-22	2024-07-01	162	7	11649.41	1664.20	2	4	4	10	High Value At Risk
6345	2024-10-05	2025-03-09	2024-10-01	297	7	11645.17	1663.60	2	4	4	10	High Value At Risk
5973	2024-12-01	2025-05-25	2024-12-01	220	7	11610.95	1658.71	2	4	4	10	High Value At Risk
3906	2024-01-24	2025-07-09	2024-01-01	175	7	11564.72	1652.10	2	4	4	10	High Value At Risk
3164	2024-02-16	2025-05-20	2024-02-01	225	7	11554.96	1650.71	2	4	4	10	High Value At Risk
7114	2024-02-20	2025-08-20	2024-02-01	133	7	11547.92	1649.70	3	3	4	10	Needs Attention
4086	2025-01-22	2025-07-10	2025-01-01	174	7	11536.40	1648.06	2	4	4	10	High Value At Risk
2763	2024-12-08	2025-09-17	2024-12-01	105	6	11470.14	1911.69	3	3	4	10	Needs Attention
6958	2025-03-12	2025-10-05	2025-03-01	87	7	11405.88	1629.41	3	3	4	10	Needs Attention
7680	2024-08-28	2025-07-28	2024-08-01	156	8	11400.90	1425.11	2	4	4	10	High Value At Risk
2603	2024-03-31	2025-07-29	2024-03-01	155	7	11352.15	1621.74	2	4	4	10	High Value At Risk
7457	2024-01-26	2025-10-22	2024-01-01	70	7	11313.51	1616.22	3	3	4	10	Needs Attention
7201	2024-12-04	2025-09-16	2024-12-01	106	5	11295.05	2259.01	3	3	4	10	Needs Attention
6045	2025-01-11	2025-09-13	2025-01-01	109	6	11285.28	1880.88	3	3	4	10	Needs Attention
1963	2024-09-21	2025-11-02	2024-09-01	59	6	11201.44	1866.91	3	3	4	10	Needs Attention
412	2024-08-27	2025-07-23	2024-08-01	161	7	11180.26	1597.18	2	4	4	10	High Value At Risk
4293	2024-09-16	2025-11-02	2024-09-01	59	6	11125.83	1854.31	3	3	4	10	Needs Attention
7667	2025-02-14	2025-09-02	2025-02-01	120	7	11084.70	1583.53	3	3	4	10	Needs Attention
6755	2024-07-17	2025-05-31	2024-07-01	214	8	11055.17	1381.90	2	4	4	10	High Value At Risk
2092	2024-11-12	2025-10-22	2024-11-01	70	5	11019.06	2203.81	3	3	4	10	Needs Attention
7763	2024-12-31	2025-08-21	2024-12-01	132	7	11012.94	1573.28	3	3	4	10	Needs Attention
2226	2025-02-10	2025-10-03	2025-02-01	89	5	10972.99	2194.60	3	3	4	10	Needs Attention
4623	2024-08-13	2025-10-30	2024-08-01	62	6	10969.38	1828.23	3	3	4	10	Needs Attention
7031	2024-09-10	2025-10-21	2024-09-01	71	7	10966.86	1566.69	3	3	4	10	Needs Attention
7556	2024-01-18	2025-09-26	2024-01-01	96	7	10932.95	1561.85	3	3	4	10	Needs Attention
1276	2024-11-05	2025-08-04	2024-11-01	149	7	10858.02	1551.15	2	4	4	10	High Value At Risk
1732	2024-11-05	2025-10-02	2024-11-01	90	5	10844.11	2168.82	3	3	4	10	Needs Attention
7614	2024-10-06	2025-10-19	2024-10-01	73	6	10805.97	1801.00	3	3	4	10	Needs Attention
6973	2024-11-30	2025-10-30	2024-11-01	62	7	10724.41	1532.06	3	3	4	10	Needs Attention
7526	2025-04-23	2025-11-04	2025-04-01	57	7	10680.90	1525.84	3	3	4	10	Needs Attention
7002	2024-05-10	2025-09-14	2024-05-01	108	7	10608.15	1515.45	3	3	4	10	Needs Attention
812	2025-02-14	2025-09-27	2025-02-01	95	6	10546.25	1757.71	3	3	4	10	Needs Attention
3582	2024-03-13	2025-04-04	2024-03-01	271	7	10527.55	1503.94	2	4	4	10	High Value At Risk
6504	2024-04-01	2025-06-18	2024-04-01	196	8	10526.98	1315.87	2	4	4	10	High Value At Risk
4357	2024-02-29	2025-05-31	2024-02-01	214	7	10457.12	1493.87	2	4	4	10	High Value At Risk
6784	2024-04-03	2025-05-28	2024-04-01	217	8	10404.64	1300.58	2	4	4	10	High Value At Risk
5283	2024-02-14	2025-09-15	2024-02-01	107	6	10400.40	1733.40	3	3	4	10	Needs Attention
5588	2024-03-01	2025-05-24	2024-03-01	221	8	10394.74	1299.34	2	4	4	10	High Value At Risk
7008	2024-03-10	2025-08-18	2024-03-01	135	7	10384.70	1483.53	3	3	4	10	Needs Attention
3517	2024-04-12	2025-07-23	2024-04-01	161	8	10380.05	1297.51	2	4	4	10	High Value At Risk
467	2024-11-20	2025-09-09	2024-11-01	113	4	10374.47	2593.62	3	3	4	10	Needs Attention
5647	2024-07-26	2025-09-15	2024-07-01	107	6	10307.84	1717.97	3	3	4	10	Needs Attention
5911	2024-11-09	2025-08-18	2024-11-01	135	6	10268.87	1711.48	3	3	4	10	Needs Attention
978	2024-11-21	2025-07-28	2024-11-01	156	7	10253.64	1464.81	2	4	4	10	High Value At Risk
7794	2024-04-08	2025-10-02	2024-04-01	90	7	10232.40	1461.77	3	3	4	10	Needs Attention
5347	2024-01-07	2025-03-24	2024-01-01	282	8	10229.09	1278.64	2	4	4	10	High Value At Risk
6445	2025-02-16	2025-08-17	2025-02-01	136	6	10226.64	1704.44	3	3	4	10	Needs Attention
5589	2024-03-11	2025-09-15	2024-03-01	107	5	10182.34	2036.47	3	3	4	10	Needs Attention
7479	2024-08-13	2025-09-08	2024-08-01	114	6	10181.48	1696.91	3	3	4	10	Needs Attention
7324	2024-12-16	2025-11-04	2024-12-01	57	7	10145.78	1449.40	3	3	4	10	Needs Attention
5444	2024-06-12	2025-06-15	2024-06-01	199	7	10102.14	1443.16	2	4	4	10	High Value At Risk
5045	2024-04-14	2025-08-09	2024-04-01	144	7	10089.29	1441.33	2	4	4	10	High Value At Risk
7107	2024-01-14	2025-10-31	2024-01-01	61	7	10075.68	1439.38	3	3	4	10	Needs Attention
5807	2024-08-20	2025-07-12	2024-08-01	172	7	10032.62	1433.23	2	4	4	10	High Value At Risk
2888	2024-02-11	2025-11-06	2024-02-01	55	6	10024.63	1670.77	3	3	4	10	Needs Attention
7445	2025-03-27	2025-09-15	2025-03-01	107	7	9994.73	1427.82	3	3	4	10	Needs Attention
4538	2024-05-11	2025-05-11	2024-05-01	234	7	9939.59	1419.94	2	4	4	10	High Value At Risk
1691	2025-06-28	2025-09-14	2025-06-01	108	6	9896.65	1649.44	3	3	4	10	Needs Attention
4065	2025-03-12	2025-10-09	2025-03-01	83	6	9893.52	1648.92	3	3	4	10	Needs Attention
2207	2024-05-16	2025-07-17	2024-05-01	167	7	9882.21	1411.74	2	4	4	10	High Value At Risk
5658	2024-07-05	2025-06-17	2024-07-01	197	7	9844.03	1406.29	2	4	4	10	High Value At Risk
2846	2024-01-03	2025-08-10	2024-01-01	143	7	9829.42	1404.20	2	4	4	10	High Value At Risk
5486	2024-02-26	2025-07-17	2024-02-01	167	8	9790.68	1223.84	2	4	4	10	High Value At Risk
4678	2025-03-03	2025-09-07	2025-03-01	115	6	9762.64	1627.11	3	3	4	10	Needs Attention
1658	2024-08-19	2025-09-18	2024-08-01	104	6	9735.02	1622.50	3	3	4	10	Needs Attention
1018	2024-09-09	2025-10-07	2024-09-01	85	6	9697.16	1616.19	3	3	4	10	Needs Attention
5913	2024-09-30	2025-05-17	2024-09-01	228	7	9655.46	1379.35	2	4	4	10	High Value At Risk
4384	2024-01-13	2025-07-15	2024-01-01	169	7	9640.24	1377.18	2	4	4	10	High Value At Risk
2838	2024-08-29	2025-08-26	2024-08-01	127	6	9625.88	1604.31	3	3	4	10	Needs Attention
4186	2025-02-16	2025-09-19	2025-02-01	103	6	9544.13	1590.69	3	3	4	10	Needs Attention
3222	2025-05-12	2025-09-22	2025-05-01	100	2	9463.80	4731.90	3	3	4	10	Needs Attention
853	2024-02-24	2025-04-05	2024-02-01	270	7	9444.45	1349.21	2	4	4	10	High Value At Risk
7036	2024-05-25	2025-06-15	2024-05-01	199	8	9419.26	1177.41	2	4	4	10	High Value At Risk
3779	2025-02-25	2025-09-13	2025-02-01	109	6	9417.16	1569.53	3	3	4	10	Needs Attention
2185	2025-05-15	2025-09-08	2025-05-01	114	2	9410.17	4705.09	3	3	4	10	Needs Attention
7623	2024-02-19	2025-11-07	2024-02-01	54	7	9333.25	1333.32	3	3	4	10	Needs Attention
6586	2024-04-16	2025-05-20	2024-04-01	225	7	9319.56	1331.37	2	4	4	10	High Value At Risk
7482	2024-10-09	2025-10-19	2024-10-01	73	7	9317.96	1331.14	3	3	4	10	Needs Attention
2124	2024-11-02	2025-08-12	2024-11-01	141	5	9315.15	1863.03	3	3	4	10	Needs Attention
3742	2024-11-18	2025-10-13	2024-11-01	79	6	9301.88	1550.31	3	3	4	10	Needs Attention
179	2024-01-06	2025-04-07	2024-01-01	268	7	9292.86	1327.55	2	4	4	10	High Value At Risk
7302	2024-08-13	2025-11-06	2024-08-01	55	7	9286.90	1326.70	3	3	4	10	Needs Attention
7112	2025-03-19	2025-10-27	2025-03-01	65	5	9241.94	1848.39	3	3	4	10	Needs Attention
872	2024-03-19	2025-09-23	2024-03-01	99	6	9170.80	1528.47	3	3	4	10	Needs Attention
5542	2024-06-21	2025-10-04	2024-06-01	88	6	9122.09	1520.35	3	3	4	10	Needs Attention
1128	2024-01-21	2025-10-14	2024-01-01	78	6	9105.76	1517.63	3	3	4	10	Needs Attention
5422	2024-06-20	2025-06-10	2024-06-01	204	8	9032.15	1129.02	2	4	4	10	High Value At Risk
3824	2025-03-20	2025-09-25	2025-03-01	97	6	8990.97	1498.50	3	3	4	10	Needs Attention
1706	2024-08-30	2025-09-25	2024-08-01	97	6	8973.31	1495.55	3	3	4	10	Needs Attention
4225	2024-05-17	2025-10-30	2024-05-01	62	6	8939.49	1489.92	3	3	4	10	Needs Attention
7983	2024-09-27	2025-10-06	2024-09-01	86	6	8856.92	1476.15	3	3	4	10	Needs Attention
2975	2024-03-19	2024-12-04	2024-03-01	392	7	8794.67	1256.38	2	4	4	10	High Value At Risk
3032	2024-01-07	2025-11-06	2024-01-01	55	5	8780.76	1756.15	3	3	4	10	Needs Attention
3006	2025-05-18	2025-10-03	2025-05-01	89	2	8754.17	4377.09	3	3	4	10	Needs Attention
5850	2024-02-05	2025-10-02	2024-02-01	90	5	8746.78	1749.36	3	3	4	10	Needs Attention
1556	2025-03-16	2025-10-30	2025-03-01	62	6	8741.59	1456.93	3	3	4	10	Needs Attention
1123	2024-06-13	2025-07-18	2024-06-01	166	7	8726.61	1246.66	2	4	4	10	High Value At Risk
4547	2024-02-05	2025-10-22	2024-02-01	70	6	8646.88	1441.15	3	3	4	10	Needs Attention
4171	2025-04-30	2025-09-11	2025-04-01	111	5	8635.65	1727.13	3	3	4	10	Needs Attention
2616	2025-07-20	2025-10-08	2025-07-01	84	6	8477.28	1412.88	3	3	4	10	Needs Attention
5153	2024-05-12	2025-09-29	2024-05-01	93	6	8475.07	1412.51	3	3	4	10	Needs Attention
6115	2024-08-20	2025-04-07	2024-08-01	268	7	8464.71	1209.24	2	4	4	10	High Value At Risk
3535	2025-06-27	2025-09-13	2025-06-01	109	6	8447.35	1407.89	3	3	4	10	Needs Attention
4397	2025-06-01	2025-08-23	2025-06-01	130	6	8410.01	1401.67	3	3	4	10	Needs Attention
810	2024-01-18	2025-10-15	2024-01-01	77	6	8367.12	1394.52	3	3	4	10	Needs Attention
5745	2024-12-09	2025-09-25	2024-12-01	97	6	8355.80	1392.63	3	3	4	10	Needs Attention
5132	2025-01-26	2025-11-02	2025-01-01	59	5	8347.43	1669.49	3	3	4	10	Needs Attention
4884	2024-02-16	2025-05-01	2024-02-01	244	7	8341.73	1191.68	2	4	4	10	High Value At Risk
1729	2024-04-26	2025-06-22	2024-04-01	192	7	8330.03	1190.00	2	4	4	10	High Value At Risk
7628	2025-02-20	2025-10-31	2025-02-01	61	7	8253.88	1179.13	3	3	4	10	Needs Attention
7240	2025-02-18	2025-10-19	2025-02-01	73	7	8184.10	1169.16	3	3	4	10	Needs Attention
5966	2025-05-07	2025-12-06	2025-05-01	25	2	8175.20	4087.60	4	2	4	10	Potential Loyalists
7781	2024-10-29	2025-10-08	2024-10-01	84	7	8165.04	1166.43	3	3	4	10	Needs Attention
5967	2024-06-16	2025-06-01	2024-06-01	213	8	8098.05	1012.26	2	4	4	10	High Value At Risk
3708	2025-05-08	2025-10-03	2025-05-01	89	2	8090.97	4045.49	3	3	4	10	Needs Attention
1083	2024-09-15	2025-10-24	2024-09-01	68	2	8074.26	4037.13	3	3	4	10	Needs Attention
285	2025-05-07	2025-08-11	2025-05-01	142	2	8058.51	4029.26	3	3	4	10	Needs Attention
5661	2024-07-16	2025-08-06	2024-07-01	147	7	8047.31	1149.62	2	4	4	10	High Value At Risk
2772	2024-12-01	2025-11-02	2024-12-01	59	7	8037.08	1148.15	3	4	3	10	Loyal Customers
4368	2025-01-20	2025-11-05	2025-01-01	56	7	8025.17	1146.45	3	4	3	10	Loyal Customers
7502	2024-04-15	2025-10-07	2024-04-01	85	8	8017.79	1002.22	3	4	3	10	Loyal Customers
1077	2025-02-10	2025-12-10	2025-02-01	21	6	8016.92	1336.15	4	3	3	10	Potential Loyalists
4731	2024-04-05	2025-12-08	2024-04-01	23	4	8001.49	2000.37	4	3	3	10	Potential Loyalists
5487	2025-01-03	2025-11-03	2025-01-01	58	8	7995.21	999.40	3	4	3	10	Loyal Customers
1742	2024-10-25	2025-11-23	2024-10-01	38	5	7971.37	1594.27	4	3	3	10	Potential Loyalists
100	2025-05-09	2025-12-11	2025-05-01	20	6	7940.69	1323.45	4	3	3	10	Potential Loyalists
6993	2025-04-04	2025-12-10	2025-04-01	21	7	7918.08	1131.15	4	3	3	10	Potential Loyalists
1180	2024-03-12	2025-11-30	2024-03-01	31	6	7876.85	1312.81	4	3	3	10	Potential Loyalists
2911	2025-05-30	2025-11-25	2025-05-01	36	2	7873.23	3936.62	4	3	3	10	Potential Loyalists
6670	2024-12-04	2025-10-08	2024-12-01	84	7	7863.73	1123.39	3	4	3	10	Loyal Customers
1044	2024-03-25	2025-09-12	2024-03-01	110	7	7818.47	1116.92	3	4	3	10	Loyal Customers
4435	2025-02-27	2025-10-09	2025-02-01	83	7	7812.45	1116.06	3	4	3	10	Loyal Customers
1512	2024-07-11	2025-08-31	2024-07-01	122	7	7808.78	1115.54	3	4	3	10	Loyal Customers
7863	2024-01-16	2025-12-08	2024-01-01	23	7	7801.22	1114.46	4	3	3	10	Potential Loyalists
3014	2024-04-30	2025-07-25	2024-04-01	159	8	7767.72	970.97	2	5	3	10	At Risk
6036	2024-04-13	2025-08-03	2024-04-01	150	10	7740.77	774.08	2	5	3	10	At Risk
4711	2024-03-27	2025-11-26	2024-03-01	35	5	7722.36	1544.47	4	3	3	10	Potential Loyalists
4717	2024-10-05	2025-10-26	2024-10-01	66	7	7672.36	1096.05	3	4	3	10	Loyal Customers
2172	2024-07-15	2025-10-11	2024-07-01	81	7	7668.69	1095.53	3	4	3	10	Loyal Customers
4478	2025-05-05	2025-11-13	2025-05-01	48	6	7655.40	1275.90	4	3	3	10	Potential Loyalists
5359	2025-03-11	2025-10-08	2025-03-01	84	7	7633.58	1090.51	3	4	3	10	Loyal Customers
480	2024-10-01	2025-11-28	2024-10-01	33	6	7610.31	1268.39	4	3	3	10	Potential Loyalists
3645	2024-07-01	2025-11-29	2024-07-01	32	6	7571.91	1261.99	4	3	3	10	Potential Loyalists
6697	2024-04-23	2025-11-07	2024-04-01	54	8	7510.50	938.81	3	4	3	10	Loyal Customers
1111	2025-01-12	2025-12-12	2025-01-01	19	5	7493.09	1498.62	4	3	3	10	Potential Loyalists
3503	2025-03-14	2025-10-23	2025-03-01	69	7	7485.84	1069.41	3	4	3	10	Loyal Customers
1514	2024-10-04	2025-12-11	2024-10-01	20	6	7481.66	1246.94	4	3	3	10	Potential Loyalists
5990	2025-01-24	2025-09-09	2025-01-01	113	8	7468.91	933.61	3	4	3	10	Loyal Customers
3046	2025-02-04	2025-11-16	2025-02-01	45	2	7400.49	3700.25	4	3	3	10	Potential Loyalists
3727	2024-05-05	2025-09-08	2024-05-01	114	7	7395.24	1056.46	3	4	3	10	Loyal Customers
3917	2025-10-25	2025-11-29	2025-10-01	32	6	7359.20	1226.53	4	3	3	10	Potential Loyalists
2099	2024-10-15	2025-11-09	2024-10-01	52	6	7355.93	1225.99	4	3	3	10	Potential Loyalists
2898	2025-05-13	2025-11-21	2025-05-01	40	6	7340.81	1223.47	4	3	3	10	Potential Loyalists
7237	2025-04-24	2025-12-08	2025-04-01	23	7	7331.68	1047.38	4	3	3	10	Potential Loyalists
6932	2024-04-07	2025-12-05	2024-04-01	26	6	7330.05	1221.68	4	3	3	10	Potential Loyalists
7264	2024-01-10	2025-11-22	2024-01-01	39	6	7296.94	1216.16	4	3	3	10	Potential Loyalists
3740	2024-08-30	2025-10-30	2024-08-01	62	7	7288.17	1041.17	3	4	3	10	Loyal Customers
6473	2025-05-14	2025-10-12	2025-05-01	80	7	7283.33	1040.48	3	4	3	10	Loyal Customers
6120	2024-02-03	2025-10-23	2024-02-01	69	7	7251.59	1035.94	3	4	3	10	Loyal Customers
3808	2024-03-20	2025-11-04	2024-03-01	57	7	7213.18	1030.45	3	4	3	10	Loyal Customers
2167	2025-04-06	2025-11-09	2025-04-01	52	2	7201.03	3600.52	4	3	3	10	Potential Loyalists
6235	2024-01-07	2025-11-21	2024-01-01	40	6	7190.03	1198.34	4	3	3	10	Potential Loyalists
1640	2024-05-29	2025-12-06	2024-05-01	25	6	7162.83	1193.81	4	3	3	10	Potential Loyalists
2398	2024-11-05	2025-11-06	2024-11-01	55	7	7158.38	1022.63	3	4	3	10	Loyal Customers
5218	2024-04-18	2025-10-15	2024-04-01	77	7	7157.82	1022.55	3	4	3	10	Loyal Customers
4497	2024-10-12	2025-08-10	2024-10-01	143	13	7152.44	550.19	2	5	3	10	At Risk
2291	2024-09-17	2025-11-02	2024-09-01	59	7	7142.75	1020.39	3	4	3	10	Loyal Customers
6927	2025-02-14	2025-10-19	2025-02-01	73	7	7137.99	1019.71	3	4	3	10	Loyal Customers
5957	2024-07-27	2025-11-20	2024-07-01	41	6	7109.03	1184.84	4	3	3	10	Potential Loyalists
6796	2024-03-21	2025-12-02	2024-03-01	29	6	7092.04	1182.01	4	3	3	10	Potential Loyalists
4040	2024-11-19	2025-09-24	2024-11-01	98	7	7087.19	1012.46	3	4	3	10	Loyal Customers
5211	2024-08-05	2025-08-21	2024-08-01	132	8	7081.43	885.18	3	4	3	10	Loyal Customers
68	2024-06-09	2025-08-13	2024-06-01	140	7	7077.84	1011.12	3	4	3	10	Loyal Customers
4404	2024-07-27	2025-08-20	2024-07-01	133	7	7070.08	1010.01	3	4	3	10	Loyal Customers
7968	2025-01-12	2025-11-25	2025-01-01	36	5	7060.52	1412.10	4	3	3	10	Potential Loyalists
6423	2024-12-10	2025-10-10	2024-12-01	82	8	7055.38	881.92	3	4	3	10	Loyal Customers
4875	2024-09-29	2025-09-13	2024-09-01	109	7	7035.67	1005.10	3	4	3	10	Loyal Customers
6947	2024-06-10	2025-10-02	2024-06-01	90	8	7004.09	875.51	3	4	3	10	Loyal Customers
1391	2025-07-03	2025-12-09	2025-07-01	22	5	6998.07	1399.61	4	3	3	10	Potential Loyalists
178	2024-01-29	2025-11-28	2024-01-01	33	6	6975.76	1162.63	4	3	3	10	Potential Loyalists
4797	2024-01-18	2025-09-23	2024-01-01	99	7	6899.77	985.68	3	4	3	10	Loyal Customers
5398	2024-08-22	2025-11-11	2024-08-01	50	6	6899.12	1149.85	4	3	3	10	Potential Loyalists
1707	2024-12-22	2025-11-21	2024-12-01	40	4	6897.00	1724.25	4	3	3	10	Potential Loyalists
5188	2024-01-13	2025-08-28	2024-01-01	125	7	6879.47	982.78	3	4	3	10	Loyal Customers
6609	2024-12-10	2025-11-08	2024-12-01	53	6	6865.81	1144.30	4	3	3	10	Potential Loyalists
5890	2024-05-27	2025-09-20	2024-05-01	102	8	6864.33	858.04	3	4	3	10	Loyal Customers
1435	2025-04-28	2025-12-11	2025-04-01	20	5	6799.25	1359.85	4	3	3	10	Potential Loyalists
7703	2024-12-11	2025-09-01	2024-12-01	121	8	6788.46	848.56	3	4	3	10	Loyal Customers
6806	2024-12-01	2025-11-14	2024-12-01	47	6	6746.74	1124.46	4	3	3	10	Potential Loyalists
3709	2024-10-07	2025-11-20	2024-10-01	41	2	6680.93	3340.47	4	3	3	10	Potential Loyalists
1862	2024-01-14	2025-10-17	2024-01-01	75	7	6654.39	950.63	3	4	3	10	Loyal Customers
1875	2024-08-13	2025-06-27	2024-08-01	187	8	6644.81	830.60	2	5	3	10	At Risk
4965	2024-02-29	2025-09-26	2024-02-01	96	7	6639.75	948.54	3	4	3	10	Loyal Customers
5810	2024-06-25	2025-10-26	2024-06-01	66	7	6600.48	942.93	3	4	3	10	Loyal Customers
1497	2025-01-31	2025-10-17	2025-01-01	75	7	6574.20	939.17	3	4	3	10	Loyal Customers
5582	2024-05-07	2025-10-31	2024-05-01	61	8	6553.43	819.18	3	4	3	10	Loyal Customers
1501	2024-08-08	2025-07-26	2024-08-01	158	8	6551.35	818.92	2	5	3	10	At Risk
3620	2025-05-20	2025-12-01	2025-05-01	30	2	6547.21	3273.61	4	3	3	10	Potential Loyalists
5732	2024-08-06	2025-09-16	2024-08-01	106	7	6538.43	934.06	3	4	3	10	Loyal Customers
6637	2025-07-19	2025-12-09	2025-07-01	22	5	6532.98	1306.60	4	3	3	10	Potential Loyalists
5474	2025-04-12	2025-09-02	2025-04-01	120	8	6526.31	815.79	3	4	3	10	Loyal Customers
1777	2024-03-13	2025-08-21	2024-03-01	132	7	6522.98	931.85	3	4	3	10	Loyal Customers
6915	2024-08-07	2025-10-18	2024-08-01	74	7	6480.99	925.86	3	4	3	10	Loyal Customers
5414	2024-12-07	2025-09-30	2024-12-01	92	7	6472.09	924.58	3	4	3	10	Loyal Customers
3546	2024-08-08	2025-10-11	2024-08-01	81	8	6457.27	807.16	3	4	3	10	Loyal Customers
4381	2024-09-21	2025-11-13	2024-09-01	48	6	6436.64	1072.77	4	3	3	10	Potential Loyalists
3873	2024-10-15	2025-11-01	2024-10-01	60	8	6417.35	802.17	3	4	3	10	Loyal Customers
592	2025-05-19	2025-12-04	2025-05-01	27	2	6408.74	3204.37	4	3	3	10	Potential Loyalists
5136	2024-05-22	2025-11-12	2024-05-01	49	6	6394.62	1065.77	4	3	3	10	Potential Loyalists
2640	2025-04-01	2025-11-03	2025-04-01	58	7	6349.41	907.06	3	4	3	10	Loyal Customers
2237	2024-09-20	2025-10-02	2024-09-01	90	7	6336.73	905.25	3	4	3	10	Loyal Customers
1799	2025-04-02	2025-10-18	2025-04-01	74	7	6330.83	904.40	3	4	3	10	Loyal Customers
936	2025-05-19	2025-11-29	2025-05-01	32	6	6322.70	1053.78	4	3	3	10	Potential Loyalists
7466	2024-10-21	2025-10-11	2024-10-01	81	8	6308.97	788.62	3	4	3	10	Loyal Customers
7120	2025-06-01	2025-12-12	2025-06-01	19	6	6308.17	1051.36	4	3	3	10	Potential Loyalists
1800	2025-08-31	2025-10-31	2025-08-01	61	7	6283.28	897.61	3	4	3	10	Loyal Customers
3524	2024-01-30	2025-10-23	2024-01-01	69	7	6281.98	897.43	3	4	3	10	Loyal Customers
2655	2024-02-22	2025-08-18	2024-02-01	135	7	6279.04	897.01	3	4	3	10	Loyal Customers
7438	2024-11-23	2025-10-17	2024-11-01	75	8	6244.88	780.61	3	4	3	10	Loyal Customers
1615	2024-05-23	2025-09-24	2024-05-01	98	7	6244.72	892.10	3	4	3	10	Loyal Customers
7404	2024-08-17	2025-12-04	2024-08-01	27	7	6236.53	890.93	4	3	3	10	Potential Loyalists
3333	2024-08-16	2025-08-27	2024-08-01	126	7	6223.53	889.08	3	4	3	10	Loyal Customers
755	2024-01-20	2025-12-12	2024-01-01	19	6	6195.93	1032.66	4	3	3	10	Potential Loyalists
2458	2024-11-27	2025-09-10	2024-11-01	112	7	6175.04	882.15	3	4	3	10	Loyal Customers
2284	2025-04-08	2025-11-26	2025-04-01	35	2	6145.22	3072.61	4	3	3	10	Potential Loyalists
2068	2024-06-29	2025-09-25	2024-06-01	97	7	6113.41	873.34	3	4	3	10	Loyal Customers
2364	2025-06-01	2025-12-03	2025-06-01	28	6	6064.19	1010.70	4	3	3	10	Potential Loyalists
5438	2025-03-22	2025-09-23	2025-03-01	99	8	6023.97	753.00	3	4	3	10	Loyal Customers
4604	2024-12-01	2025-12-10	2024-12-01	21	2	5997.39	2998.70	4	3	3	10	Potential Loyalists
1949	2024-01-21	2025-11-25	2024-01-01	36	6	5921.95	986.99	4	3	3	10	Potential Loyalists
3036	2025-05-04	2025-11-11	2025-05-01	50	2	5868.38	2934.19	4	3	3	10	Potential Loyalists
6065	2024-03-31	2025-09-08	2024-03-01	114	7	5843.91	834.84	3	4	3	10	Loyal Customers
7800	2024-01-03	2025-11-22	2024-01-01	39	6	5826.00	971.00	4	3	3	10	Potential Loyalists
5382	2024-07-09	2025-09-22	2024-07-01	100	7	5812.45	830.35	3	4	3	10	Loyal Customers
7134	2025-07-21	2025-12-14	2025-07-01	17	7	5801.13	828.73	4	3	3	10	Potential Loyalists
6608	2025-08-13	2025-12-12	2025-08-01	19	6	5788.40	964.73	4	3	3	10	Potential Loyalists
3914	2024-09-12	2025-11-16	2024-09-01	45	6	5767.45	961.24	4	3	3	10	Potential Loyalists
387	2024-03-22	2025-11-14	2024-03-01	47	6	5732.73	955.46	4	3	3	10	Potential Loyalists
5811	2025-02-01	2025-09-27	2025-02-01	95	8	5716.09	714.51	3	4	3	10	Loyal Customers
4605	2025-08-25	2025-11-28	2025-08-01	33	5	5715.56	1143.11	4	3	3	10	Potential Loyalists
5835	2024-10-14	2025-10-02	2024-10-01	90	7	5712.53	816.08	3	4	3	10	Loyal Customers
3283	2025-05-01	2025-12-10	2025-05-01	21	2	5694.76	2847.38	4	3	3	10	Potential Loyalists
626	2025-01-16	2025-12-08	2025-01-01	23	5	5686.31	1137.26	4	3	3	10	Potential Loyalists
7522	2025-01-14	2025-11-28	2025-01-01	33	7	5663.66	809.09	4	3	3	10	Potential Loyalists
3789	2024-03-22	2025-11-02	2024-03-01	59	7	5654.43	807.78	3	4	3	10	Loyal Customers
6966	2024-01-19	2025-10-05	2024-01-01	87	8	5575.00	696.88	3	4	3	10	Loyal Customers
4081	2025-11-08	2025-12-10	2025-11-01	21	6	5566.01	927.67	4	3	3	10	Potential Loyalists
3632	2025-04-18	2025-12-04	2025-04-01	27	5	5558.03	1111.61	4	3	3	10	Potential Loyalists
5000	2025-03-06	2025-11-21	2025-03-01	40	6	5515.91	919.32	4	3	3	10	Potential Loyalists
5095	2025-02-16	2025-11-13	2025-02-01	48	5	5501.85	1100.37	4	3	3	10	Potential Loyalists
6008	2024-06-10	2025-12-04	2024-06-01	27	6	5454.92	909.15	4	3	3	10	Potential Loyalists
6593	2025-05-26	2025-11-02	2025-05-01	59	7	5397.92	771.13	3	4	3	10	Loyal Customers
854	2025-04-14	2025-11-13	2025-04-01	48	2	5389.93	2694.97	4	3	3	10	Potential Loyalists
5097	2025-04-27	2025-10-25	2025-04-01	67	7	5372.51	767.50	3	4	3	10	Loyal Customers
4444	2024-02-10	2025-10-02	2024-02-01	90	7	5312.30	758.90	3	4	3	10	Loyal Customers
2183	2025-08-03	2025-12-11	2025-08-01	20	5	5310.02	1062.00	4	3	3	10	Potential Loyalists
3595	2024-08-10	2025-09-08	2024-08-01	114	7	5300.70	757.24	3	4	3	10	Loyal Customers
3579	2024-09-07	2025-10-08	2024-09-01	84	7	5287.12	755.30	3	4	3	10	Loyal Customers
3578	2025-01-07	2025-10-28	2025-01-01	64	7	5284.01	754.86	3	4	3	10	Loyal Customers
2645	2025-03-18	2025-12-11	2025-03-01	20	6	5231.37	871.90	4	3	3	10	Potential Loyalists
6748	2025-05-12	2025-11-08	2025-05-01	53	6	5228.86	871.48	4	3	3	10	Potential Loyalists
3004	2024-06-01	2025-10-14	2024-06-01	78	7	5170.85	738.69	3	4	3	10	Loyal Customers
1728	2025-07-20	2025-11-21	2025-07-01	40	6	5125.63	854.27	4	3	3	10	Potential Loyalists
2257	2025-03-10	2025-11-21	2025-03-01	40	6	5083.37	847.23	4	3	3	10	Potential Loyalists
4072	2025-08-16	2025-12-01	2025-08-01	30	5	5059.10	1011.82	4	3	3	10	Potential Loyalists
6096	2024-06-06	2025-11-24	2024-06-01	37	6	5058.24	843.04	4	3	3	10	Potential Loyalists
4590	2025-09-21	2025-12-08	2025-09-01	23	6	5005.47	834.25	4	3	3	10	Potential Loyalists
1530	2025-12-29	2025-12-29	2025-12-01	2	1	5003.22	5003.22	5	2	3	10	Potential Loyalists
4333	2024-05-26	2025-10-16	2024-05-01	76	7	4943.88	706.27	3	4	3	10	Loyal Customers
4147	2024-07-14	2025-10-29	2024-07-01	63	8	4926.83	615.85	3	4	3	10	Loyal Customers
1354	2025-06-21	2025-10-04	2025-06-01	88	7	4926.78	703.83	3	4	3	10	Loyal Customers
772	2024-03-07	2025-07-27	2024-03-01	157	8	4922.93	615.37	2	5	3	10	At Risk
6193	2025-05-04	2025-12-29	2025-05-01	2	2	4795.69	2397.85	5	2	3	10	Potential Loyalists
2338	2024-12-26	2025-12-05	2024-12-01	26	2	4789.31	2394.66	4	3	3	10	Potential Loyalists
4185	2024-07-11	2025-10-02	2024-07-01	90	7	4716.52	673.79	3	4	3	10	Loyal Customers
3008	2024-04-04	2025-10-25	2024-04-01	67	7	4632.49	661.78	3	4	3	10	Loyal Customers
1763	2025-04-20	2025-12-04	2025-04-01	27	6	4610.84	768.47	4	3	3	10	Potential Loyalists
3096	2025-05-22	2025-11-12	2025-05-01	49	2	4592.20	2296.10	4	3	3	10	Potential Loyalists
3561	2024-08-03	2025-08-16	2024-08-01	137	7	4590.45	655.78	3	4	3	10	Loyal Customers
7192	2024-09-09	2025-12-12	2024-09-01	19	6	4531.07	755.18	4	3	3	10	Potential Loyalists
3957	2024-10-05	2025-12-01	2024-10-01	30	6	4504.79	750.80	4	3	3	10	Potential Loyalists
5062	2024-07-23	2025-09-09	2024-07-01	113	7	4491.83	641.69	3	4	3	10	Loyal Customers
7809	2025-07-21	2025-11-23	2025-07-01	38	7	4398.33	628.33	4	3	3	10	Potential Loyalists
2440	2025-02-17	2025-11-16	2025-02-01	45	6	4388.81	731.47	4	3	3	10	Potential Loyalists
2066	2025-07-29	2025-11-24	2025-07-01	37	5	4372.92	874.58	4	3	3	10	Potential Loyalists
3712	2024-12-19	2025-12-09	2024-12-01	22	2	4339.73	2169.87	4	3	3	10	Potential Loyalists
7355	2024-01-30	2025-12-09	2024-01-01	22	6	4261.61	710.27	4	3	3	10	Potential Loyalists
4027	2024-02-17	2025-11-18	2024-02-01	43	6	4249.10	708.18	4	3	3	10	Potential Loyalists
919	2025-06-03	2025-12-10	2025-06-01	21	5	4194.72	838.94	4	3	3	10	Potential Loyalists
2996	2024-08-20	2025-12-12	2024-08-01	19	6	4178.22	696.37	4	3	3	10	Potential Loyalists
6058	2025-02-02	2025-09-24	2025-02-01	98	8	4177.89	522.24	3	4	3	10	Loyal Customers
1505	2024-05-13	2025-09-03	2024-05-01	119	7	4159.74	594.25	3	4	3	10	Loyal Customers
7078	2024-12-08	2025-12-27	2024-12-01	4	2	4154.88	2077.44	5	2	3	10	Potential Loyalists
474	2024-12-04	2025-12-12	2024-12-01	19	6	4152.93	692.16	4	3	3	10	Potential Loyalists
1368	2025-04-02	2025-11-29	2025-04-01	32	6	4093.72	682.29	4	3	3	10	Potential Loyalists
330	2025-12-14	2025-12-14	2025-12-01	17	1	4079.30	4079.30	5	2	3	10	Potential Loyalists
7090	2025-03-19	2025-12-18	2025-03-01	13	2	4064.71	2032.36	5	2	3	10	Potential Loyalists
4606	2024-07-02	2025-12-03	2024-07-01	28	6	4050.09	675.02	4	3	3	10	Potential Loyalists
6448	2025-05-30	2025-12-16	2025-05-01	15	2	4041.44	2020.72	5	2	3	10	Potential Loyalists
1588	2024-02-27	2025-08-12	2024-02-01	141	7	4028.89	575.56	3	4	3	10	Loyal Customers
1536	2025-12-30	2025-12-30	2025-12-01	1	1	4014.28	4014.28	5	2	3	10	Potential Loyalists
2562	2025-01-07	2025-11-17	2025-01-01	44	2	3958.11	1979.06	4	3	3	10	Potential Loyalists
5849	2024-02-26	2025-09-26	2024-02-01	96	8	3952.39	494.05	3	4	3	10	Loyal Customers
49	2025-03-14	2025-10-10	2025-03-01	82	7	3924.04	560.58	3	4	3	10	Loyal Customers
4660	2025-04-08	2025-11-11	2025-04-01	50	2	3840.92	1920.46	4	3	3	10	Potential Loyalists
1262	2024-10-28	2025-11-17	2024-10-01	44	5	3798.56	759.71	4	3	3	10	Potential Loyalists
361	2025-03-15	2025-10-28	2025-03-01	64	7	3764.21	537.74	3	4	3	10	Loyal Customers
2223	2025-01-08	2025-09-27	2025-01-01	95	7	3655.33	522.19	3	4	3	10	Loyal Customers
7868	2024-01-01	2025-12-04	2024-01-01	27	5	3645.57	729.11	4	3	3	10	Potential Loyalists
1991	2025-04-08	2025-12-12	2025-04-01	19	2	3527.00	1763.50	4	3	3	10	Potential Loyalists
6156	2024-06-18	2025-11-22	2024-06-01	39	6	3480.94	580.16	4	3	3	10	Potential Loyalists
5239	2025-05-20	2025-12-20	2025-05-01	11	2	3305.55	1652.78	5	2	3	10	Potential Loyalists
2345	2024-06-08	2025-11-24	2024-06-01	37	2	3263.94	1631.97	4	3	3	10	Potential Loyalists
3145	2025-02-24	2025-11-27	2025-02-01	34	2	3245.26	1622.63	4	3	3	10	Potential Loyalists
6589	2025-01-18	2025-09-26	2025-01-01	96	7	3148.51	449.79	3	4	3	10	Loyal Customers
1587	2025-12-22	2025-12-22	2025-12-01	9	1	3073.51	3073.51	5	2	3	10	Potential Loyalists
4563	2024-05-25	2025-11-28	2024-05-01	33	2	3063.35	1531.68	4	3	3	10	Potential Loyalists
1076	2025-05-23	2025-12-30	2025-05-01	1	2	3034.04	1517.02	5	3	2	10	Potential Loyalists
2808	2025-04-25	2025-12-25	2025-04-01	6	2	3018.60	1509.30	5	3	2	10	Potential Loyalists
701	2024-11-04	2025-12-14	2024-11-01	17	2	2965.11	1482.56	5	3	2	10	Potential Loyalists
3107	2025-10-08	2025-12-06	2025-10-01	25	7	2874.94	410.71	4	4	2	10	Loyal Customers
1613	2025-04-24	2025-12-29	2025-04-01	2	2	2787.92	1393.96	5	3	2	10	Potential Loyalists
3975	2025-04-15	2025-12-25	2025-04-01	6	2	2781.67	1390.84	5	3	2	10	Potential Loyalists
4035	2024-11-02	2025-12-07	2024-11-01	24	7	2731.45	390.21	4	4	2	10	Loyal Customers
1883	2025-05-16	2025-12-27	2025-05-01	4	2	2685.27	1342.64	5	3	2	10	Potential Loyalists
722	2025-05-29	2025-12-14	2025-05-01	17	2	2547.73	1273.87	5	3	2	10	Potential Loyalists
640	2025-05-27	2025-12-29	2025-05-01	2	2	2379.83	1189.92	5	3	2	10	Potential Loyalists
2471	2025-05-24	2025-12-29	2025-05-01	2	2	2332.81	1166.41	5	3	2	10	Potential Loyalists
2182	2024-06-03	2025-12-23	2024-06-01	8	2	2202.47	1101.24	5	3	2	10	Potential Loyalists
118	2025-05-03	2025-12-23	2025-05-01	8	2	2102.15	1051.08	5	3	2	10	Potential Loyalists
7788	2025-10-03	2025-12-21	2025-10-01	10	5	2053.77	410.75	5	3	2	10	Potential Loyalists
828	2024-09-20	2025-12-17	2024-09-01	14	2	1838.36	919.18	5	3	2	10	Potential Loyalists
3613	2025-05-03	2025-12-25	2025-05-01	6	2	1731.97	865.99	5	3	2	10	Potential Loyalists
1296	2025-05-29	2025-12-30	2025-05-01	1	2	1729.46	864.73	5	3	2	10	Potential Loyalists
3865	2025-05-20	2025-12-23	2025-05-01	8	2	1680.53	840.27	5	3	2	10	Potential Loyalists
1950	2024-12-25	2025-12-26	2024-12-01	5	2	1537.29	768.65	5	3	2	10	Potential Loyalists
3388	2025-02-28	2025-12-25	2025-02-01	6	2	1454.80	727.40	5	3	2	10	Potential Loyalists
3421	2025-05-22	2025-12-27	2025-05-01	4	2	1432.96	716.48	5	3	2	10	Potential Loyalists
6434	2025-03-09	2025-05-27	2025-03-01	218	2	13900.87	6950.44	2	2	5	9	High Value At Risk
7613	2024-04-14	2025-02-24	2024-04-01	310	7	13185.14	1883.59	2	3	4	9	High Value At Risk
2506	2024-03-21	2025-07-17	2024-03-01	167	6	12614.05	2102.34	2	3	4	9	High Value At Risk
7295	2024-08-07	2025-06-03	2024-08-01	211	6	12427.20	2071.20	2	3	4	9	High Value At Risk
3942	2024-06-09	2025-07-30	2024-06-01	154	5	12278.05	2455.61	2	3	4	9	High Value At Risk
6528	2024-11-21	2025-09-16	2024-11-01	106	2	12197.78	6098.89	3	2	4	9	Needs Attention
3233	2024-12-13	2025-07-01	2024-12-01	183	6	12123.53	2020.59	2	3	4	9	High Value At Risk
4586	2025-03-03	2025-07-28	2025-03-01	156	2	12044.30	6022.15	2	3	4	9	High Value At Risk
2672	2024-12-04	2025-05-05	2024-12-01	240	2	11804.68	5902.34	2	3	4	9	High Value At Risk
6360	2025-02-02	2025-10-02	2025-02-01	90	2	11351.53	5675.77	3	2	4	9	Needs Attention
1465	2024-02-13	2025-03-25	2024-02-01	281	6	11228.71	1871.45	2	3	4	9	High Value At Risk
5886	2024-10-11	2025-04-02	2024-10-01	273	5	11042.53	2208.51	2	3	4	9	High Value At Risk
7699	2024-02-08	2025-03-15	2024-02-01	291	7	10686.70	1526.67	2	3	4	9	High Value At Risk
4130	2025-04-24	2025-08-10	2025-04-01	143	6	10661.29	1776.88	2	3	4	9	High Value At Risk
3318	2024-05-01	2025-05-03	2024-05-01	242	6	10547.92	1757.99	2	3	4	9	High Value At Risk
883	2025-01-02	2025-03-17	2025-01-01	289	2	10514.54	5257.27	2	3	4	9	High Value At Risk
4732	2025-05-07	2025-06-21	2025-05-01	193	2	10390.60	5195.30	2	3	4	9	High Value At Risk
2557	2024-07-20	2025-06-15	2024-07-01	199	6	10364.12	1727.35	2	3	4	9	High Value At Risk
1840	2024-01-14	2025-05-29	2024-01-01	216	5	10313.02	2062.60	2	3	4	9	High Value At Risk
1847	2024-07-18	2025-01-02	2024-07-01	363	6	10282.89	1713.82	2	3	4	9	High Value At Risk
7417	2024-11-10	2025-08-07	2024-11-01	146	6	10197.84	1699.64	2	3	4	9	High Value At Risk
4008	2024-12-13	2025-07-20	2024-12-01	164	5	10161.56	2032.31	2	3	4	9	High Value At Risk
1315	2024-08-07	2025-05-17	2024-08-01	228	5	10053.07	2010.61	2	3	4	9	High Value At Risk
7494	2024-01-15	2024-10-18	2024-01-01	439	6	9964.98	1660.83	2	3	4	9	High Value At Risk
1572	2025-03-08	2025-04-27	2025-03-01	248	2	9928.45	4964.23	2	3	4	9	High Value At Risk
3592	2024-02-22	2025-07-24	2024-02-01	160	6	9704.46	1617.41	2	3	4	9	High Value At Risk
6185	2025-05-16	2025-11-04	2025-05-01	57	2	9647.80	4823.90	3	2	4	9	Needs Attention
2555	2024-11-06	2025-05-03	2024-11-01	242	2	9326.75	4663.38	2	3	4	9	High Value At Risk
2577	2024-03-29	2025-06-19	2024-03-01	195	6	9299.65	1549.94	2	3	4	9	High Value At Risk
1293	2024-11-17	2025-01-01	2024-11-01	364	2	9290.34	4645.17	2	3	4	9	High Value At Risk
725	2024-11-25	2025-07-18	2024-11-01	166	2	9267.39	4633.70	2	3	4	9	High Value At Risk
6536	2024-01-23	2025-07-24	2024-01-01	160	6	9062.45	1510.41	2	3	4	9	High Value At Risk
1120	2025-09-24	2025-09-24	2025-09-01	98	1	9060.45	9060.45	3	2	4	9	Needs Attention
7247	2024-06-26	2025-08-11	2024-06-01	142	6	9004.94	1500.82	2	3	4	9	High Value At Risk
1098	2024-07-03	2025-07-21	2024-07-01	163	5	8815.30	1763.06	2	3	4	9	High Value At Risk
7932	2024-05-24	2025-09-03	2024-05-01	119	2	8766.22	4383.11	3	2	4	9	Needs Attention
7069	2024-08-07	2025-04-29	2024-08-01	246	6	8745.05	1457.51	2	3	4	9	High Value At Risk
6686	2024-09-12	2025-10-31	2024-09-01	61	2	8708.25	4354.13	3	2	4	9	Needs Attention
7222	2024-10-18	2025-07-13	2024-10-01	171	7	8653.81	1236.26	2	3	4	9	High Value At Risk
1674	2025-02-22	2025-08-07	2025-02-01	146	2	8640.81	4320.41	2	3	4	9	High Value At Risk
1433	2025-10-06	2025-10-06	2025-10-01	86	1	8595.55	8595.55	3	2	4	9	Needs Attention
2191	2024-01-07	2025-05-06	2024-01-01	239	2	8471.46	4235.73	2	3	4	9	High Value At Risk
7770	2024-02-06	2025-04-09	2024-02-01	266	6	8377.68	1396.28	2	3	4	9	High Value At Risk
2921	2024-03-14	2024-09-28	2024-03-01	459	2	8376.74	4188.37	2	3	4	9	High Value At Risk
1283	2024-01-18	2025-03-26	2024-01-01	280	6	8373.60	1395.60	2	3	4	9	High Value At Risk
4163	2024-01-26	2025-07-25	2024-01-01	159	6	8318.03	1386.34	2	3	4	9	High Value At Risk
7375	2025-04-20	2025-09-24	2025-04-01	98	2	8267.49	4133.75	3	2	4	9	Needs Attention
1577	2024-06-09	2025-05-21	2024-06-01	224	2	8207.79	4103.90	2	3	4	9	High Value At Risk
7294	2024-05-10	2025-07-03	2024-05-01	181	6	8193.15	1365.53	2	3	4	9	High Value At Risk
4441	2025-05-21	2025-07-17	2025-05-01	167	2	8179.03	4089.52	2	3	4	9	High Value At Risk
4980	2024-05-16	2025-07-24	2024-05-01	160	5	8128.20	1625.64	2	3	4	9	High Value At Risk
4227	2024-11-03	2025-07-20	2024-11-01	164	2	8083.36	4041.68	2	3	4	9	High Value At Risk
7396	2024-03-26	2025-06-11	2024-03-01	203	7	8068.67	1152.67	2	3	4	9	High Value At Risk
2264	2024-10-07	2025-10-12	2024-10-01	80	5	8031.25	1606.25	3	3	3	9	Needs Attention
3143	2024-12-11	2025-10-31	2024-12-01	61	6	8013.06	1335.51	3	3	3	9	Needs Attention
5603	2024-10-06	2025-09-15	2024-10-01	107	6	8010.37	1335.06	3	3	3	9	Needs Attention
6422	2024-09-04	2025-07-26	2024-09-01	158	7	8004.28	1143.47	2	4	3	9	At Risk
3617	2024-01-14	2025-11-04	2024-01-01	57	5	8004.20	1600.84	3	3	3	9	Needs Attention
1841	2024-08-15	2025-07-01	2024-08-01	183	7	7994.04	1142.01	2	4	3	9	At Risk
5690	2025-01-06	2025-10-14	2025-01-01	78	6	7985.21	1330.87	3	3	3	9	Needs Attention
2162	2024-01-26	2025-10-05	2024-01-01	87	5	7968.13	1593.63	3	3	3	9	Needs Attention
6903	2024-01-14	2025-09-06	2024-01-01	116	6	7962.02	1327.00	3	3	3	9	Needs Attention
3310	2025-06-19	2025-09-29	2025-06-01	93	5	7953.70	1590.74	3	3	3	9	Needs Attention
3989	2024-03-09	2025-08-03	2024-03-01	150	7	7951.51	1135.93	2	4	3	9	At Risk
6888	2024-02-02	2025-07-04	2024-02-01	180	7	7915.11	1130.73	2	4	3	9	At Risk
4837	2024-03-30	2025-01-21	2024-03-01	344	7	7882.95	1126.14	2	4	3	9	At Risk
5061	2024-09-25	2025-10-17	2024-09-01	75	6	7875.62	1312.60	3	3	3	9	Needs Attention
1202	2025-01-15	2025-08-20	2025-01-01	133	2	7861.68	3930.84	3	3	3	9	Needs Attention
351	2024-11-14	2025-08-18	2024-11-01	135	2	7851.16	3925.58	3	3	3	9	Needs Attention
4565	2024-12-06	2025-09-24	2024-12-01	98	2	7805.68	3902.84	3	3	3	9	Needs Attention
7608	2025-01-24	2025-10-23	2025-01-01	69	7	7805.03	1115.00	3	3	3	9	Needs Attention
3418	2024-02-26	2025-10-21	2024-02-01	71	6	7765.42	1294.24	3	3	3	9	Needs Attention
5946	2024-09-26	2025-07-25	2024-09-01	159	7	7727.12	1103.87	2	4	3	9	At Risk
1390	2025-05-16	2025-09-24	2025-05-01	98	4	7679.33	1919.83	3	3	3	9	Needs Attention
148	2024-11-10	2025-08-17	2024-11-01	136	6	7663.15	1277.19	3	3	3	9	Needs Attention
4000	2024-01-27	2025-11-05	2024-01-01	56	6	7632.97	1272.16	3	3	3	9	Needs Attention
5788	2024-04-05	2025-07-30	2024-04-01	154	8	7623.99	953.00	2	4	3	9	At Risk
813	2025-03-15	2025-08-27	2025-03-01	126	6	7613.64	1268.94	3	3	3	9	Needs Attention
5884	2025-01-14	2025-09-02	2025-01-01	120	5	7580.21	1516.04	3	3	3	9	Needs Attention
2263	2025-07-06	2025-10-31	2025-07-01	61	6	7531.71	1255.29	3	3	3	9	Needs Attention
7988	2024-04-26	2025-09-07	2024-04-01	115	5	7504.71	1500.94	3	3	3	9	Needs Attention
2221	2024-04-29	2025-11-06	2024-04-01	55	2	7479.14	3739.57	3	3	3	9	Needs Attention
4012	2025-05-18	2025-09-30	2025-05-01	92	6	7463.71	1243.95	3	3	3	9	Needs Attention
1769	2025-03-04	2025-09-26	2025-03-01	96	2	7407.73	3703.87	3	3	3	9	Needs Attention
816	2024-11-21	2025-10-16	2024-11-01	76	6	7391.67	1231.95	3	3	3	9	Needs Attention
7650	2024-09-13	2025-07-27	2024-09-01	157	8	7379.82	922.48	2	4	3	9	At Risk
6634	2024-05-27	2025-05-01	2024-05-01	244	8	7377.23	922.15	2	4	3	9	At Risk
3901	2025-06-18	2025-10-24	2025-06-01	68	6	7361.12	1226.85	3	3	3	9	Needs Attention
6710	2024-06-01	2025-06-29	2024-06-01	185	7	7246.30	1035.19	2	4	3	9	At Risk
3513	2024-01-20	2025-06-30	2024-01-01	184	7	7186.87	1026.70	2	4	3	9	At Risk
6740	2024-08-03	2025-10-13	2024-08-01	79	6	7132.63	1188.77	3	3	3	9	Needs Attention
3777	2024-03-26	2025-07-23	2024-03-01	161	8	7059.08	882.39	2	4	3	9	At Risk
7499	2024-06-05	2025-05-26	2024-06-01	219	8	7033.80	879.23	2	4	3	9	At Risk
3317	2024-01-20	2025-05-18	2024-01-01	227	7	7027.50	1003.93	2	4	3	9	At Risk
5081	2024-05-01	2025-04-08	2024-05-01	267	7	6983.89	997.70	2	4	3	9	At Risk
1081	2025-01-16	2025-08-13	2025-01-01	140	2	6954.24	3477.12	3	3	3	9	Needs Attention
7084	2025-02-16	2025-10-28	2025-02-01	64	5	6853.11	1370.62	3	3	3	9	Needs Attention
7130	2025-12-23	2025-12-23	2025-12-01	8	1	6846.27	6846.27	5	1	3	9	New Customers
2844	2025-09-08	2025-10-27	2025-09-01	65	5	6827.84	1365.57	3	3	3	9	Needs Attention
7510	2024-12-28	2025-11-07	2024-12-01	54	7	6803.79	971.97	3	3	3	9	Needs Attention
2987	2024-07-12	2025-10-07	2024-07-01	85	2	6793.09	3396.55	3	3	3	9	Needs Attention
2636	2024-10-25	2025-08-17	2024-10-01	136	6	6772.41	1128.74	3	3	3	9	Needs Attention
141	2024-05-14	2025-10-31	2024-05-01	61	5	6772.26	1354.45	3	3	3	9	Needs Attention
163	2024-11-29	2025-09-01	2024-11-01	121	6	6755.73	1125.96	3	3	3	9	Needs Attention
3540	2025-05-01	2025-10-30	2025-05-01	62	2	6754.03	3377.02	3	3	3	9	Needs Attention
1657	2024-09-20	2025-09-08	2024-09-01	114	6	6721.63	1120.27	3	3	3	9	Needs Attention
1595	2024-05-11	2024-12-14	2024-05-01	382	7	6688.95	955.56	2	4	3	9	At Risk
975	2025-05-11	2025-09-27	2025-05-01	95	2	6671.97	3335.99	3	3	3	9	Needs Attention
6005	2024-04-02	2025-08-06	2024-04-01	147	8	6628.92	828.62	2	4	3	9	At Risk
7855	2024-08-22	2025-10-25	2024-08-01	67	7	6628.72	946.96	3	3	3	9	Needs Attention
5192	2024-03-26	2025-10-07	2024-03-01	85	6	6621.33	1103.56	3	3	3	9	Needs Attention
621	2025-02-17	2025-11-01	2025-02-01	60	2	6612.84	3306.42	3	3	3	9	Needs Attention
2978	2025-01-08	2025-10-07	2025-01-01	85	6	6580.52	1096.75	3	3	3	9	Needs Attention
902	2024-01-09	2025-10-01	2024-01-01	91	6	6522.29	1087.05	3	3	3	9	Needs Attention
6756	2024-05-07	2025-07-08	2024-05-01	176	7	6509.17	929.88	2	4	3	9	At Risk
7971	2024-02-03	2025-09-25	2024-02-01	97	7	6489.26	927.04	3	3	3	9	Needs Attention
575	2024-03-29	2025-11-01	2024-03-01	60	6	6422.49	1070.42	3	3	3	9	Needs Attention
360	2025-03-14	2025-09-27	2025-03-01	95	6	6419.48	1069.91	3	3	3	9	Needs Attention
6034	2024-02-15	2025-02-04	2024-02-01	330	8	6387.81	798.48	2	4	3	9	At Risk
6936	2024-12-30	2025-11-04	2024-12-01	57	6	6368.45	1061.41	3	3	3	9	Needs Attention
5364	2024-07-16	2025-10-08	2024-07-01	84	6	6346.81	1057.80	3	3	3	9	Needs Attention
440	2025-01-15	2025-09-21	2025-01-01	101	2	6335.01	3167.51	3	3	3	9	Needs Attention
7263	2025-02-03	2025-11-08	2025-02-01	53	2	6334.02	3167.01	4	2	3	9	Potential Loyalists
1626	2025-02-28	2025-09-18	2025-02-01	104	6	6332.94	1055.49	3	3	3	9	Needs Attention
3167	2025-02-13	2025-10-20	2025-02-01	72	6	6325.06	1054.18	3	3	3	9	Needs Attention
6252	2024-07-06	2025-07-17	2024-07-01	167	7	6315.76	902.25	2	4	3	9	At Risk
7790	2025-04-12	2025-12-07	2025-04-01	24	2	6298.86	3149.43	4	2	3	9	Potential Loyalists
5151	2024-02-09	2025-10-03	2024-02-01	89	5	6228.45	1245.69	3	3	3	9	Needs Attention
3627	2025-05-21	2025-09-19	2025-05-01	103	6	6215.14	1035.86	3	3	3	9	Needs Attention
5949	2024-11-25	2025-10-15	2024-11-01	77	6	6212.90	1035.48	3	3	3	9	Needs Attention
564	2025-05-25	2025-10-09	2025-05-01	83	2	6175.34	3087.67	3	3	3	9	Needs Attention
6241	2024-10-28	2025-09-22	2024-10-01	100	6	6142.35	1023.73	3	3	3	9	Needs Attention
5677	2025-04-16	2025-09-17	2025-04-01	105	6	6137.53	1022.92	3	3	3	9	Needs Attention
7064	2024-03-07	2025-10-12	2024-03-01	80	5	6129.51	1225.90	3	3	3	9	Needs Attention
6024	2025-02-07	2025-10-08	2025-02-01	84	6	6118.92	1019.82	3	3	3	9	Needs Attention
1508	2024-08-13	2025-11-01	2024-08-01	60	6	6117.98	1019.66	3	3	3	9	Needs Attention
7841	2024-01-02	2025-11-06	2024-01-01	55	7	5957.00	851.00	3	3	3	9	Needs Attention
67	2024-07-28	2025-09-11	2024-07-01	111	6	5914.11	985.69	3	3	3	9	Needs Attention
4308	2024-07-13	2025-10-19	2024-07-01	73	5	5865.17	1173.03	3	3	3	9	Needs Attention
920	2024-03-30	2025-09-22	2024-03-01	100	2	5826.86	2913.43	3	3	3	9	Needs Attention
4378	2024-03-17	2025-05-30	2024-03-01	215	7	5785.97	826.57	2	4	3	9	At Risk
6244	2024-10-02	2025-11-06	2024-10-01	55	6	5782.10	963.68	3	3	3	9	Needs Attention
5893	2024-09-02	2025-10-26	2024-09-01	66	6	5750.67	958.45	3	3	3	9	Needs Attention
4779	2024-01-31	2025-10-02	2024-01-01	90	2	5737.35	2868.68	3	3	3	9	Needs Attention
320	2024-11-04	2025-10-17	2024-11-01	75	6	5667.40	944.57	3	3	3	9	Needs Attention
6552	2025-05-26	2025-12-05	2025-05-01	26	2	5636.15	2818.08	4	2	3	9	Potential Loyalists
974	2025-04-12	2025-08-18	2025-04-01	135	2	5629.86	2814.93	3	3	3	9	Needs Attention
5573	2024-08-07	2025-10-10	2024-08-01	82	5	5587.84	1117.57	3	3	3	9	Needs Attention
955	2025-05-02	2025-10-11	2025-05-01	81	2	5579.06	2789.53	3	3	3	9	Needs Attention
44	2024-09-24	2025-08-14	2024-09-01	139	6	5516.84	919.47	3	3	3	9	Needs Attention
1201	2025-04-12	2025-08-17	2025-04-01	136	2	5446.24	2723.12	3	3	3	9	Needs Attention
7281	2025-01-07	2025-09-15	2025-01-01	107	7	5417.40	773.91	3	3	3	9	Needs Attention
6496	2024-06-21	2025-05-05	2024-06-01	240	7	5371.97	767.42	2	4	3	9	At Risk
2420	2024-07-10	2025-09-17	2024-07-01	105	4	5348.37	1337.09	3	3	3	9	Needs Attention
4143	2025-01-22	2025-08-26	2025-01-01	127	2	5313.20	2656.60	3	3	3	9	Needs Attention
6437	2024-09-14	2025-11-24	2024-09-01	37	2	5294.76	2647.38	4	2	3	9	Potential Loyalists
7723	2024-12-14	2025-10-18	2024-12-01	74	7	5276.83	753.83	3	3	3	9	Needs Attention
1384	2025-04-28	2025-11-03	2025-04-01	58	2	5267.83	2633.92	3	3	3	9	Needs Attention
6043	2024-06-06	2025-09-10	2024-06-01	112	6	5266.23	877.71	3	3	3	9	Needs Attention
3305	2025-03-25	2025-10-25	2025-03-01	67	2	5260.64	2630.32	3	3	3	9	Needs Attention
6562	2025-01-31	2025-11-05	2025-01-01	56	6	5257.50	876.25	3	3	3	9	Needs Attention
6873	2024-01-18	2025-10-02	2024-01-01	90	6	5225.35	870.89	3	3	3	9	Needs Attention
7394	2025-05-20	2025-11-24	2025-05-01	37	2	5186.75	2593.38	4	2	3	9	Potential Loyalists
7692	2024-01-09	2025-10-15	2024-01-01	77	5	5160.95	1032.19	3	3	3	9	Needs Attention
7186	2024-10-18	2025-09-09	2024-10-01	113	7	5156.13	736.59	3	3	3	9	Needs Attention
1489	2024-08-12	2025-09-21	2024-08-01	101	2	5136.86	2568.43	3	3	3	9	Needs Attention
3056	2024-06-30	2025-10-24	2024-06-01	68	6	5126.28	854.38	3	3	3	9	Needs Attention
6372	2025-03-27	2025-11-09	2025-03-01	52	2	5117.82	2558.91	4	2	3	9	Potential Loyalists
91	2025-05-19	2025-08-31	2025-05-01	122	2	5107.74	2553.87	3	3	3	9	Needs Attention
1475	2024-05-12	2025-10-18	2024-05-01	74	6	5091.38	848.56	3	3	3	9	Needs Attention
5845	2024-09-12	2025-10-28	2024-09-01	64	5	5087.75	1017.55	3	3	3	9	Needs Attention
4382	2024-07-06	2025-10-06	2024-07-01	86	6	5077.43	846.24	3	3	3	9	Needs Attention
1906	2024-12-09	2025-08-02	2024-12-01	151	7	5065.85	723.69	2	4	3	9	At Risk
6824	2025-05-08	2025-08-24	2025-05-01	129	4	5053.40	1263.35	3	3	3	9	Needs Attention
13	2024-07-26	2025-09-11	2024-07-01	111	6	5045.77	840.96	3	3	3	9	Needs Attention
348	2025-05-25	2025-09-22	2025-05-01	100	2	5044.41	2522.21	3	3	3	9	Needs Attention
5237	2024-05-29	2025-08-22	2024-05-01	131	6	5033.63	838.94	3	3	3	9	Needs Attention
5831	2025-07-30	2025-11-06	2025-07-01	55	6	4987.48	831.25	3	3	3	9	Needs Attention
1231	2025-04-10	2025-08-16	2025-04-01	137	2	4977.16	2488.58	3	3	3	9	Needs Attention
7291	2024-10-03	2025-11-05	2024-10-01	56	7	4946.00	706.57	3	3	3	9	Needs Attention
7997	2025-03-27	2025-11-22	2025-03-01	39	2	4945.72	2472.86	4	2	3	9	Potential Loyalists
6056	2025-12-21	2025-12-21	2025-12-01	10	1	4924.86	4924.86	5	1	3	9	New Customers
4374	2024-04-13	2025-05-18	2024-04-01	227	7	4923.65	703.38	2	4	3	9	At Risk
6897	2025-04-01	2025-11-22	2025-04-01	39	2	4908.65	2454.33	4	2	3	9	Potential Loyalists
1815	2025-05-04	2025-09-17	2025-05-01	105	2	4908.60	2454.30	3	3	3	9	Needs Attention
5830	2025-05-20	2025-12-10	2025-05-01	21	2	4907.81	2453.91	4	2	3	9	Potential Loyalists
1454	2024-11-14	2025-10-05	2024-11-01	87	4	4852.19	1213.05	3	3	3	9	Needs Attention
5759	2025-04-13	2025-11-28	2025-04-01	33	2	4846.13	2423.07	4	2	3	9	Potential Loyalists
7896	2024-12-29	2025-11-18	2024-12-01	43	2	4776.31	2388.16	4	2	3	9	Potential Loyalists
5634	2025-09-02	2025-10-31	2025-09-01	61	6	4721.43	786.91	3	3	3	9	Needs Attention
7925	2025-06-03	2025-10-20	2025-06-01	72	7	4666.34	666.62	3	3	3	9	Needs Attention
3758	2024-07-09	2025-11-05	2024-07-01	56	2	4651.41	2325.71	3	3	3	9	Needs Attention
7493	2025-02-02	2025-11-17	2025-02-01	44	2	4639.65	2319.83	4	2	3	9	Potential Loyalists
5804	2025-05-21	2025-12-07	2025-05-01	24	2	4601.65	2300.83	4	2	3	9	Potential Loyalists
3635	2025-04-12	2025-08-27	2025-04-01	126	2	4569.06	2284.53	3	3	3	9	Needs Attention
3130	2025-05-03	2025-09-19	2025-05-01	103	2	4542.50	2271.25	3	3	3	9	Needs Attention
3173	2025-12-19	2025-12-19	2025-12-01	12	1	4525.88	4525.88	5	1	3	9	New Customers
5257	2024-03-24	2025-07-23	2024-03-01	161	8	4429.28	553.66	2	4	3	9	At Risk
3306	2025-02-07	2025-09-18	2025-02-01	104	2	4413.65	2206.83	3	3	3	9	Needs Attention
400	2025-05-29	2025-09-26	2025-05-01	96	2	4393.68	2196.84	3	3	3	9	Needs Attention
5116	2025-04-09	2025-12-09	2025-04-01	22	2	4381.95	2190.98	4	2	3	9	Potential Loyalists
6342	2025-02-13	2025-11-13	2025-02-01	48	2	4370.86	2185.43	4	2	3	9	Potential Loyalists
832	2024-12-14	2025-10-16	2024-12-01	76	2	4366.90	2183.45	3	3	3	9	Needs Attention
1557	2024-09-11	2025-08-29	2024-09-01	124	2	4350.83	2175.42	3	3	3	9	Needs Attention
379	2025-04-05	2025-10-01	2025-04-01	91	2	4317.66	2158.83	3	3	3	9	Needs Attention
4028	2025-12-19	2025-12-19	2025-12-01	12	1	4315.62	4315.62	5	1	3	9	New Customers
7872	2025-01-09	2025-11-29	2025-01-01	32	2	4308.54	2154.27	4	2	3	9	Potential Loyalists
3589	2024-11-21	2025-10-22	2024-11-01	70	2	4300.89	2150.45	3	3	3	9	Needs Attention
1356	2025-03-13	2025-09-15	2025-03-01	107	2	4285.71	2142.86	3	3	3	9	Needs Attention
1535	2024-01-11	2025-09-07	2024-01-01	115	5	4270.35	854.07	3	3	3	9	Needs Attention
7986	2024-02-12	2025-10-16	2024-02-01	76	7	4268.64	609.81	3	3	3	9	Needs Attention
123	2025-02-02	2025-10-05	2025-02-01	87	2	4249.14	2124.57	3	3	3	9	Needs Attention
5069	2024-11-07	2025-11-25	2024-11-01	36	2	4229.01	2114.51	4	2	3	9	Potential Loyalists
3516	2024-06-29	2025-11-05	2024-06-01	56	6	4214.29	702.38	3	3	3	9	Needs Attention
2558	2024-11-04	2025-08-22	2024-11-01	131	2	4202.96	2101.48	3	3	3	9	Needs Attention
5323	2025-04-20	2025-12-04	2025-04-01	27	2	4188.38	2094.19	4	2	3	9	Potential Loyalists
6322	2024-01-14	2025-10-18	2024-01-01	74	5	4185.32	837.06	3	3	3	9	Needs Attention
4690	2025-05-16	2025-09-22	2025-05-01	100	2	4164.32	2082.16	3	3	3	9	Needs Attention
1056	2024-06-23	2025-10-22	2024-06-01	70	6	4153.58	692.26	3	3	3	9	Needs Attention
247	2025-01-04	2025-08-12	2025-01-01	141	2	4105.69	2052.85	3	3	3	9	Needs Attention
127	2024-03-05	2025-08-24	2024-03-01	129	6	4083.63	680.61	3	3	3	9	Needs Attention
62	2025-05-22	2025-10-16	2025-05-01	76	2	4036.93	2018.47	3	3	3	9	Needs Attention
1233	2025-05-02	2025-09-18	2025-05-01	104	2	4031.32	2015.66	3	3	3	9	Needs Attention
5130	2025-12-14	2025-12-14	2025-12-01	17	1	4008.46	4008.46	5	1	3	9	New Customers
7259	2025-02-26	2025-11-15	2025-02-01	46	2	4006.86	2003.43	4	2	3	9	Potential Loyalists
2927	2025-04-20	2025-08-16	2025-04-01	137	2	3987.71	1993.86	3	3	3	9	Needs Attention
272	2024-07-05	2025-10-17	2024-07-01	75	2	3973.77	1986.89	3	3	3	9	Needs Attention
1451	2025-02-04	2025-08-22	2025-02-01	131	2	3962.70	1981.35	3	3	3	9	Needs Attention
3560	2024-10-21	2025-08-17	2024-10-01	136	6	3962.14	660.36	3	3	3	9	Needs Attention
6731	2024-06-22	2025-12-09	2024-06-01	22	2	3946.41	1973.21	4	2	3	9	Potential Loyalists
4283	2024-07-25	2025-09-26	2024-07-01	96	2	3942.11	1971.06	3	3	3	9	Needs Attention
7521	2024-08-05	2025-11-08	2024-08-01	53	2	3915.14	1957.57	4	2	3	9	Potential Loyalists
556	2025-04-01	2025-10-11	2025-04-01	81	2	3893.44	1946.72	3	3	3	9	Needs Attention
2756	2025-05-03	2025-10-09	2025-05-01	83	2	3891.14	1945.57	3	3	3	9	Needs Attention
4930	2024-09-25	2025-11-28	2024-09-01	33	2	3857.88	1928.94	4	2	3	9	Potential Loyalists
593	2024-09-17	2025-11-06	2024-09-01	55	2	3830.71	1915.36	3	3	3	9	Needs Attention
3555	2024-03-23	2025-10-13	2024-03-01	79	2	3825.37	1912.69	3	3	3	9	Needs Attention
6761	2024-09-01	2025-11-03	2024-09-01	58	6	3821.31	636.89	3	3	3	9	Needs Attention
7993	2025-04-28	2025-11-16	2025-04-01	45	2	3787.65	1893.83	4	2	3	9	Potential Loyalists
7489	2025-05-03	2025-12-14	2025-05-01	17	2	3768.59	1884.30	4	2	3	9	Potential Loyalists
4601	2024-03-31	2025-11-04	2024-03-01	57	2	3750.77	1875.39	3	3	3	9	Needs Attention
7142	2025-03-22	2025-12-05	2025-03-01	26	2	3738.10	1869.05	4	2	3	9	Potential Loyalists
2853	2025-04-22	2025-08-30	2025-04-01	123	2	3695.80	1847.90	3	3	3	9	Needs Attention
7492	2024-01-15	2025-10-07	2024-01-01	85	7	3663.81	523.40	3	3	3	9	Needs Attention
4401	2024-12-18	2025-09-29	2024-12-01	93	2	3643.99	1822.00	3	3	3	9	Needs Attention
2879	2025-05-12	2025-09-11	2025-05-01	111	2	3637.70	1818.85	3	3	3	9	Needs Attention
5743	2024-01-04	2025-09-13	2024-01-01	109	6	3616.51	602.75	3	3	3	9	Needs Attention
3847	2025-02-14	2025-10-01	2025-02-01	91	2	3615.54	1807.77	3	3	3	9	Needs Attention
4406	2025-03-15	2025-09-21	2025-03-01	101	2	3609.48	1804.74	3	3	3	9	Needs Attention
5028	2025-04-25	2025-12-07	2025-04-01	24	2	3593.53	1796.77	4	2	3	9	Potential Loyalists
7558	2025-03-14	2025-11-29	2025-03-01	32	2	3565.69	1782.85	4	2	3	9	Potential Loyalists
1771	2025-05-19	2025-10-16	2025-05-01	76	2	3562.55	1781.28	3	3	3	9	Needs Attention
1220	2024-12-01	2025-10-30	2024-12-01	62	2	3560.53	1780.27	3	3	3	9	Needs Attention
1082	2024-10-21	2025-08-29	2024-10-01	124	2	3536.79	1768.40	3	3	3	9	Needs Attention
877	2025-05-03	2025-09-28	2025-05-01	94	2	3525.53	1762.77	3	3	3	9	Needs Attention
61	2025-01-11	2025-09-01	2025-01-01	121	2	3492.57	1746.29	3	3	3	9	Needs Attention
1526	2024-04-29	2025-08-16	2024-04-01	137	2	3466.26	1733.13	3	3	3	9	Needs Attention
1093	2025-03-16	2025-10-29	2025-03-01	63	2	3461.93	1730.97	3	3	3	9	Needs Attention
5117	2025-12-24	2025-12-24	2025-12-01	7	1	3449.85	3449.85	5	1	3	9	New Customers
1927	2025-03-02	2025-10-19	2025-03-01	73	6	3417.58	569.60	3	3	3	9	Needs Attention
191	2025-03-29	2025-10-07	2025-03-01	85	2	3387.19	1693.60	3	3	3	9	Needs Attention
602	2025-12-07	2025-12-07	2025-12-01	24	1	3350.45	3350.45	4	2	3	9	Potential Loyalists
2736	2024-07-10	2025-09-16	2024-07-01	106	2	3343.82	1671.91	3	3	3	9	Needs Attention
3859	2025-05-24	2025-09-11	2025-05-01	111	2	3335.13	1667.57	3	3	3	9	Needs Attention
3492	2025-02-05	2025-09-19	2025-02-01	103	2	3321.08	1660.54	3	3	3	9	Needs Attention
2579	2025-05-23	2025-09-10	2025-05-01	112	2	3275.77	1637.89	3	3	3	9	Needs Attention
5653	2024-10-12	2025-11-07	2024-10-01	54	5	3237.02	647.40	3	3	3	9	Needs Attention
221	2024-05-19	2025-10-06	2024-05-01	86	4	3236.87	809.22	3	3	3	9	Needs Attention
3016	2025-11-23	2025-11-23	2025-11-01	38	1	3228.01	3228.01	4	2	3	9	Potential Loyalists
4114	2025-02-18	2025-10-20	2025-02-01	72	2	3208.91	1604.46	3	3	3	9	Needs Attention
4168	2025-12-28	2025-12-28	2025-12-01	3	1	3189.17	3189.17	5	1	3	9	New Customers
2644	2025-11-11	2025-11-11	2025-11-01	50	1	3141.44	3141.44	4	2	3	9	Potential Loyalists
4505	2025-12-20	2025-12-20	2025-12-01	11	1	3128.25	3128.25	5	1	3	9	New Customers
4615	2025-05-12	2025-09-09	2025-05-01	113	2	3122.07	1561.04	3	3	3	9	Needs Attention
3359	2024-08-28	2025-09-17	2024-08-01	105	2	3114.59	1557.30	3	3	3	9	Needs Attention
2220	2025-11-24	2025-11-24	2025-11-01	37	1	3106.78	3106.78	4	2	3	9	Potential Loyalists
794	2025-12-05	2025-12-05	2025-12-01	26	1	3080.37	3080.37	4	2	3	9	Potential Loyalists
6657	2025-03-01	2025-09-27	2025-03-01	95	6	3066.87	511.15	3	3	3	9	Needs Attention
4299	2024-02-14	2025-11-21	2024-02-01	40	2	3023.95	1511.98	4	3	2	9	Potential Loyalists
1133	2025-03-19	2025-11-11	2025-03-01	50	2	2979.68	1489.84	4	3	2	9	Potential Loyalists
7966	2025-03-30	2025-12-16	2025-03-01	15	2	2894.83	1447.42	5	2	2	9	Potential Loyalists
4858	2024-07-19	2025-12-26	2024-07-01	5	2	2894.16	1447.08	5	2	2	9	Potential Loyalists
6390	2025-05-27	2025-12-20	2025-05-01	11	2	2893.64	1446.82	5	2	2	9	Potential Loyalists
185	2025-12-25	2025-12-25	2025-12-01	6	1	2891.03	2891.03	5	2	2	9	Potential Loyalists
2046	2025-05-01	2025-12-10	2025-05-01	21	2	2863.67	1431.84	4	3	2	9	Potential Loyalists
1349	2025-05-02	2025-11-14	2025-05-01	47	2	2789.92	1394.96	4	3	2	9	Potential Loyalists
7167	2025-03-25	2025-12-06	2025-03-01	25	7	2755.92	393.70	4	3	2	9	Potential Loyalists
7383	2024-08-15	2025-11-11	2024-08-01	50	6	2749.49	458.25	4	3	2	9	Potential Loyalists
7684	2025-01-21	2025-12-16	2025-01-01	15	2	2733.91	1366.96	5	2	2	9	Potential Loyalists
925	2025-12-27	2025-12-27	2025-12-01	4	1	2680.51	2680.51	5	2	2	9	Potential Loyalists
4776	2025-05-01	2025-12-03	2025-05-01	28	2	2665.95	1332.98	4	3	2	9	Potential Loyalists
447	2025-09-17	2025-12-02	2025-09-01	29	5	2625.94	525.19	4	3	2	9	Potential Loyalists
1739	2025-01-30	2025-11-13	2025-01-01	48	2	2581.68	1290.84	4	3	2	9	Potential Loyalists
2247	2025-04-23	2025-11-23	2025-04-01	38	2	2571.76	1285.88	4	3	2	9	Potential Loyalists
5053	2025-04-26	2025-12-19	2025-04-01	12	2	2557.99	1279.00	5	2	2	9	Potential Loyalists
139	2024-04-21	2025-12-09	2024-04-01	22	2	2455.93	1227.97	4	3	2	9	Potential Loyalists
7337	2025-04-09	2025-12-24	2025-04-01	7	2	2427.58	1213.79	5	2	2	9	Potential Loyalists
4795	2024-06-14	2025-09-06	2024-06-01	116	7	2397.34	342.48	3	4	2	9	Loyal Customers
2093	2025-01-14	2025-12-04	2025-01-01	27	2	2367.74	1183.87	4	3	2	9	Potential Loyalists
6604	2025-04-26	2025-12-25	2025-04-01	6	2	2328.76	1164.38	5	2	2	9	Potential Loyalists
569	2025-12-18	2025-12-18	2025-12-01	13	1	2312.41	2312.41	5	2	2	9	Potential Loyalists
4649	2024-09-03	2025-12-10	2024-09-01	21	2	2235.81	1117.91	4	3	2	9	Potential Loyalists
886	2024-10-18	2025-11-28	2024-10-01	33	2	2226.81	1113.41	4	3	2	9	Potential Loyalists
54	2025-04-26	2025-12-09	2025-04-01	22	2	2205.39	1102.70	4	3	2	9	Potential Loyalists
4391	2025-05-06	2025-12-03	2025-05-01	28	2	2127.02	1063.51	4	3	2	9	Potential Loyalists
4078	2025-04-21	2025-11-23	2025-04-01	38	2	2112.68	1056.34	4	3	2	9	Potential Loyalists
1260	2025-12-20	2025-12-20	2025-12-01	11	1	2070.68	2070.68	5	2	2	9	Potential Loyalists
6515	2025-05-05	2025-12-18	2025-05-01	13	2	2014.39	1007.20	5	2	2	9	Potential Loyalists
4566	2024-07-29	2025-11-16	2024-07-01	45	2	1989.21	994.61	4	3	2	9	Potential Loyalists
171	2025-12-27	2025-12-27	2025-12-01	4	1	1979.89	1979.89	5	2	2	9	Potential Loyalists
7669	2024-07-30	2025-12-26	2024-07-01	5	2	1963.97	981.99	5	2	2	9	Potential Loyalists
3523	2025-05-30	2025-11-12	2025-05-01	49	2	1901.81	950.91	4	3	2	9	Potential Loyalists
5356	2025-05-26	2025-12-25	2025-05-01	6	2	1881.80	940.90	5	2	2	9	Potential Loyalists
6688	2025-06-30	2025-11-26	2025-06-01	35	4	1851.68	462.92	4	3	2	9	Potential Loyalists
3682	2025-01-21	2025-12-10	2025-01-01	21	2	1834.27	917.14	4	3	2	9	Potential Loyalists
70	2025-04-11	2025-11-30	2025-04-01	31	2	1814.03	907.02	4	3	2	9	Potential Loyalists
665	2025-04-01	2025-12-13	2025-04-01	18	2	1806.82	903.41	4	3	2	9	Potential Loyalists
1484	2025-04-26	2025-11-17	2025-04-01	44	2	1779.70	889.85	4	3	2	9	Potential Loyalists
6350	2024-12-22	2025-12-20	2024-12-01	11	2	1752.28	876.14	5	2	2	9	Potential Loyalists
1854	2025-05-30	2025-12-13	2025-05-01	18	2	1646.35	823.18	4	3	2	9	Potential Loyalists
733	2024-09-20	2025-12-13	2024-09-01	18	2	1628.48	814.24	4	3	2	9	Potential Loyalists
4214	2025-04-25	2025-12-03	2025-04-01	28	2	1602.04	801.02	4	3	2	9	Potential Loyalists
362	2025-12-17	2025-12-17	2025-12-01	14	1	1580.49	1580.49	5	2	2	9	Potential Loyalists
5846	2025-02-10	2025-12-24	2025-02-01	7	2	1565.01	782.51	5	2	2	9	Potential Loyalists
2710	2025-05-07	2025-11-21	2025-05-01	40	2	1562.18	781.09	4	3	2	9	Potential Loyalists
3598	2025-05-23	2025-11-18	2025-05-01	43	2	1491.05	745.53	4	3	2	9	Potential Loyalists
1517	2025-12-18	2025-12-18	2025-12-01	13	1	1484.12	1484.12	5	2	2	9	Potential Loyalists
1127	2025-04-10	2025-12-06	2025-04-01	25	2	1410.47	705.24	4	3	2	9	Potential Loyalists
4434	2025-05-11	2025-11-26	2025-05-01	35	2	1312.16	656.08	4	3	2	9	Potential Loyalists
3809	2024-02-24	2025-11-10	2024-02-01	51	2	1231.49	615.75	4	3	2	9	Potential Loyalists
169	2025-01-16	2025-12-28	2025-01-01	3	2	1209.54	604.77	5	3	1	9	Potential Loyalists
3803	2025-02-14	2025-12-17	2025-02-01	14	2	1029.15	514.58	5	3	1	9	Potential Loyalists
1337	2024-10-25	2025-12-18	2024-10-01	13	2	978.34	489.17	5	3	1	9	Potential Loyalists
3576	2025-05-30	2025-12-23	2025-05-01	8	2	907.28	453.64	5	3	1	9	Potential Loyalists
4613	2024-10-12	2025-12-26	2024-10-01	5	2	795.89	397.95	5	3	1	9	Potential Loyalists
3970	2025-04-27	2025-12-22	2025-04-01	9	2	736.29	368.15	5	3	1	9	Potential Loyalists
2777	2025-05-24	2025-12-16	2025-05-01	15	2	502.32	251.16	5	3	1	9	Potential Loyalists
809	2024-12-29	2025-12-21	2024-12-01	10	2	410.76	205.38	5	3	1	9	Potential Loyalists
5595	2025-02-11	2025-07-24	2025-02-01	160	2	9371.38	4685.69	2	2	4	8	High Value At Risk
1027	2025-04-29	2025-04-29	2025-04-01	246	1	8812.71	8812.71	2	2	4	8	High Value At Risk
6144	2024-08-13	2024-09-29	2024-08-01	458	2	8658.23	4329.12	2	2	4	8	High Value At Risk
5583	2025-04-30	2025-06-13	2025-04-01	201	2	8409.49	4204.75	2	2	4	8	High Value At Risk
5275	2025-03-14	2025-06-08	2025-03-01	206	2	8400.91	4200.46	2	2	4	8	High Value At Risk
881	2025-05-07	2025-05-07	2025-05-01	238	1	8289.45	8289.45	2	2	4	8	High Value At Risk
5995	2025-02-13	2025-06-08	2025-02-01	206	2	8075.39	4037.70	2	2	4	8	High Value At Risk
7542	2025-05-02	2025-06-16	2025-05-01	198	2	8047.49	4023.75	2	2	4	8	High Value At Risk
7835	2024-04-20	2025-04-27	2024-04-01	248	6	8009.58	1334.93	2	3	3	8	At Risk
7341	2024-07-15	2025-07-08	2024-07-01	176	6	7873.63	1312.27	2	3	3	8	At Risk
3253	2024-02-11	2024-08-25	2024-02-01	493	2	7867.44	3933.72	2	3	3	8	At Risk
2854	2024-01-17	2025-05-14	2024-01-01	231	2	7804.21	3902.11	2	3	3	8	At Risk
4417	2025-04-28	2025-06-04	2025-04-01	210	2	7773.65	3886.83	2	3	3	8	At Risk
1382	2024-07-19	2024-08-18	2024-07-01	500	2	7720.79	3860.40	2	3	3	8	At Risk
7935	2024-03-08	2025-08-06	2024-03-01	147	7	7718.62	1102.66	2	3	3	8	At Risk
5114	2024-11-15	2025-08-27	2024-11-01	126	2	7712.70	3856.35	3	2	3	8	Needs Attention
4077	2024-12-10	2025-04-03	2024-12-01	272	6	7642.08	1273.68	2	3	3	8	At Risk
7670	2025-01-31	2025-08-14	2025-01-01	139	2	7581.78	3790.89	3	2	3	8	Needs Attention
1785	2025-03-17	2025-06-13	2025-03-01	201	2	7555.88	3777.94	2	3	3	8	At Risk
7921	2024-02-04	2024-12-27	2024-02-01	369	6	7535.12	1255.85	2	3	3	8	At Risk
4432	2024-12-09	2025-03-17	2024-12-01	289	2	7495.11	3747.56	2	3	3	8	At Risk
2101	2024-08-31	2025-02-09	2024-08-01	325	5	7491.48	1498.30	2	3	3	8	At Risk
1812	2024-02-15	2025-07-08	2024-02-01	176	6	7430.66	1238.44	2	3	3	8	At Risk
2012	2024-04-26	2025-03-11	2024-04-01	295	2	7405.98	3702.99	2	3	3	8	At Risk
6965	2024-02-04	2025-07-17	2024-02-01	167	5	7389.26	1477.85	2	3	3	8	At Risk
3543	2024-10-19	2025-05-15	2024-10-01	230	2	7366.94	3683.47	2	3	3	8	At Risk
3260	2025-02-15	2025-07-21	2025-02-01	163	2	7347.88	3673.94	2	3	3	8	At Risk
3271	2024-12-31	2025-08-02	2024-12-01	151	2	7336.53	3668.27	2	3	3	8	At Risk
1634	2024-04-07	2025-02-20	2024-04-01	314	6	7229.29	1204.88	2	3	3	8	At Risk
6889	2025-02-03	2025-11-03	2025-02-01	58	2	7111.52	3555.76	3	2	3	8	Needs Attention
4634	2024-09-24	2025-08-04	2024-09-01	149	2	7047.71	3523.86	2	3	3	8	At Risk
2194	2024-02-07	2025-06-09	2024-02-01	205	5	7021.96	1404.39	2	3	3	8	At Risk
1856	2024-01-29	2025-02-14	2024-01-01	320	6	6912.85	1152.14	2	3	3	8	At Risk
7102	2025-03-08	2025-08-31	2025-03-01	122	2	6822.88	3411.44	3	2	3	8	Needs Attention
3038	2024-02-19	2025-05-21	2024-02-01	224	2	6807.39	3403.70	2	3	3	8	At Risk
4003	2024-05-26	2025-03-25	2024-05-01	281	6	6779.99	1130.00	2	3	3	8	At Risk
5366	2025-05-20	2025-09-03	2025-05-01	119	2	6766.91	3383.46	3	2	3	8	Needs Attention
4167	2024-05-04	2025-03-03	2024-05-01	303	2	6739.31	3369.66	2	3	3	8	At Risk
2529	2024-05-29	2024-07-10	2024-05-01	539	2	6681.30	3340.65	2	3	3	8	At Risk
5569	2024-12-06	2025-09-25	2024-12-01	97	2	6678.33	3339.17	3	2	3	8	Needs Attention
2989	2025-03-14	2025-06-15	2025-03-01	199	2	6600.44	3300.22	2	3	3	8	At Risk
3916	2025-03-19	2025-06-22	2025-03-01	192	2	6586.34	3293.17	2	3	3	8	At Risk
2492	2025-05-17	2025-08-03	2025-05-01	150	2	6523.36	3261.68	2	3	3	8	At Risk
1822	2024-06-01	2025-01-21	2024-06-01	344	6	6501.80	1083.63	2	3	3	8	At Risk
589	2024-03-02	2025-06-29	2024-03-01	185	5	6463.04	1292.61	2	3	3	8	At Risk
342	2024-08-20	2025-07-22	2024-08-01	162	6	6416.20	1069.37	2	3	3	8	At Risk
7892	2024-05-20	2025-04-01	2024-05-01	274	6	6345.57	1057.60	2	3	3	8	At Risk
2341	2025-09-10	2025-09-10	2025-09-01	112	1	6320.65	6320.65	3	2	3	8	Needs Attention
268	2024-08-16	2024-12-14	2024-08-01	382	2	6270.54	3135.27	2	3	3	8	At Risk
2662	2024-07-31	2024-12-03	2024-07-01	393	2	6244.47	3122.24	2	3	3	8	At Risk
3514	2025-03-31	2025-07-25	2025-03-01	159	2	6182.41	3091.21	2	3	3	8	At Risk
2870	2025-08-24	2025-08-24	2025-08-01	129	1	6149.17	6149.17	3	2	3	8	Needs Attention
1143	2024-05-14	2024-07-24	2024-05-01	525	2	6114.04	3057.02	2	3	3	8	At Risk
3544	2024-12-19	2025-07-09	2024-12-01	175	2	6095.50	3047.75	2	3	3	8	At Risk
6677	2024-06-17	2025-10-08	2024-06-01	84	2	6086.85	3043.43	3	2	3	8	Needs Attention
3669	2024-01-10	2025-05-29	2024-01-01	216	6	6039.16	1006.53	2	3	3	8	At Risk
4270	2025-01-29	2025-08-04	2025-01-01	149	2	5966.79	2983.40	2	3	3	8	At Risk
3715	2024-12-16	2025-04-17	2024-12-01	258	2	5963.82	2981.91	2	3	3	8	At Risk
5737	2024-08-21	2025-05-13	2024-08-01	232	6	5932.86	988.81	2	3	3	8	At Risk
4334	2025-05-29	2025-07-30	2025-05-01	154	2	5854.62	2927.31	2	3	3	8	At Risk
6969	2025-02-16	2025-10-15	2025-02-01	77	2	5847.19	2923.60	3	2	3	8	Needs Attention
3765	2024-07-17	2025-06-04	2024-07-01	210	2	5815.20	2907.60	2	3	3	8	At Risk
4160	2024-05-16	2025-07-26	2024-05-01	158	6	5751.47	958.58	2	3	3	8	At Risk
7504	2024-10-31	2025-10-13	2024-10-01	79	2	5698.07	2849.04	3	2	3	8	Needs Attention
1529	2024-06-05	2024-10-04	2024-06-01	453	2	5687.06	2843.53	2	3	3	8	At Risk
2581	2024-05-19	2024-09-30	2024-05-01	457	2	5672.23	2836.12	2	3	3	8	At Risk
6357	2025-05-27	2025-09-29	2025-05-01	93	2	5650.57	2825.29	3	2	3	8	Needs Attention
260	2025-05-23	2025-07-12	2025-05-01	172	2	5643.36	2821.68	2	3	3	8	At Risk
3562	2024-02-29	2024-07-02	2024-02-01	547	2	5604.39	2802.20	2	3	3	8	At Risk
503	2025-02-13	2025-07-05	2025-02-01	179	2	5585.48	2792.74	2	3	3	8	At Risk
2774	2025-02-03	2025-07-30	2025-02-01	154	2	5584.14	2792.07	2	3	3	8	At Risk
1714	2025-05-30	2025-08-04	2025-05-01	149	2	5547.32	2773.66	2	3	3	8	At Risk
4558	2024-02-09	2024-08-19	2024-02-01	499	2	5522.54	2761.27	2	3	3	8	At Risk
3985	2024-01-10	2024-11-24	2024-01-01	402	4	5503.08	1375.77	2	3	3	8	At Risk
2296	2025-05-19	2025-07-22	2025-05-01	162	2	5449.62	2724.81	2	3	3	8	At Risk
518	2025-05-12	2025-08-08	2025-05-01	145	2	5414.52	2707.26	2	3	3	8	At Risk
2716	2025-01-29	2025-08-01	2025-01-01	152	2	5402.63	2701.32	2	3	3	8	At Risk
3230	2025-04-05	2025-07-10	2025-04-01	174	2	5378.12	2689.06	2	3	3	8	At Risk
245	2024-09-21	2024-12-21	2024-09-01	375	2	5352.79	2676.40	2	3	3	8	At Risk
1766	2024-06-27	2025-03-29	2024-06-01	277	2	5343.96	2671.98	2	3	3	8	At Risk
3574	2025-03-01	2025-04-29	2025-03-01	246	2	5322.00	2661.00	2	3	3	8	At Risk
7436	2025-05-26	2025-08-21	2025-05-01	132	2	5321.22	2660.61	3	2	3	8	Needs Attention
14	2025-01-17	2025-03-18	2025-01-01	288	2	5296.81	2648.41	2	3	3	8	At Risk
7465	2024-03-21	2025-03-20	2024-03-01	286	7	5296.07	756.58	2	3	3	8	At Risk
2401	2024-09-07	2025-05-26	2024-09-01	219	2	5253.59	2626.80	2	3	3	8	At Risk
296	2024-12-13	2025-04-12	2024-12-01	263	2	5234.43	2617.22	2	3	3	8	At Risk
26	2024-11-13	2025-08-07	2024-11-01	146	2	5179.62	2589.81	2	3	3	8	At Risk
3757	2024-08-15	2025-01-24	2024-08-01	341	2	5172.43	2586.22	2	3	3	8	At Risk
495	2024-11-02	2025-06-09	2024-11-01	205	2	5163.16	2581.58	2	3	3	8	At Risk
1972	2024-03-30	2025-07-22	2024-03-01	162	2	5150.33	2575.17	2	3	3	8	At Risk
120	2024-03-15	2025-01-13	2024-03-01	352	2	5113.74	2556.87	2	3	3	8	At Risk
421	2025-08-22	2025-08-22	2025-08-01	131	1	5102.05	5102.05	3	2	3	8	Needs Attention
30	2024-02-15	2025-03-29	2024-02-01	277	2	5088.19	2544.10	2	3	3	8	At Risk
567	2025-04-14	2025-06-27	2025-04-01	187	2	5063.39	2531.70	2	3	3	8	At Risk
4540	2025-03-08	2025-05-29	2025-03-01	216	2	5036.93	2518.47	2	3	3	8	At Risk
541	2025-02-11	2025-03-25	2025-02-01	281	2	5026.38	2513.19	2	3	3	8	At Risk
4531	2024-09-05	2025-02-16	2024-09-01	318	2	4969.17	2484.59	2	3	3	8	At Risk
4990	2025-02-18	2025-09-19	2025-02-01	103	2	4949.98	2474.99	3	2	3	8	Needs Attention
2749	2024-12-09	2025-02-04	2024-12-01	330	2	4948.46	2474.23	2	3	3	8	At Risk
2357	2025-02-23	2025-07-05	2025-02-01	179	2	4947.94	2473.97	2	3	3	8	At Risk
3547	2024-07-03	2024-12-09	2024-07-01	387	2	4946.00	2473.00	2	3	3	8	At Risk
811	2024-11-13	2025-05-15	2024-11-01	230	2	4942.57	2471.29	2	3	3	8	At Risk
946	2024-04-23	2025-06-15	2024-04-01	199	2	4939.69	2469.85	2	3	3	8	At Risk
2322	2024-09-16	2025-02-19	2024-09-01	315	2	4914.33	2457.17	2	3	3	8	At Risk
2058	2024-10-07	2024-12-13	2024-10-01	383	2	4874.85	2437.43	2	3	3	8	At Risk
5099	2025-03-26	2025-09-14	2025-03-01	108	2	4849.16	2424.58	3	2	3	8	Needs Attention
4322	2024-07-29	2025-01-21	2024-07-01	344	2	4848.34	2424.17	2	3	3	8	At Risk
5543	2025-03-21	2025-09-24	2025-03-01	98	2	4818.22	2409.11	3	2	3	8	Needs Attention
1842	2024-12-28	2025-02-09	2024-12-01	325	2	4798.45	2399.23	2	3	3	8	At Risk
7070	2024-12-29	2025-10-22	2024-12-01	70	2	4772.49	2386.25	3	2	3	8	Needs Attention
4807	2024-12-21	2025-07-11	2024-12-01	173	2	4757.20	2378.60	2	3	3	8	At Risk
3984	2025-02-25	2025-08-06	2025-02-01	147	2	4753.37	2376.69	2	3	3	8	At Risk
5163	2024-10-14	2025-10-24	2024-10-01	68	2	4743.79	2371.90	3	2	3	8	Needs Attention
2549	2025-03-17	2025-04-19	2025-03-01	256	2	4731.30	2365.65	2	3	3	8	At Risk
1874	2025-01-03	2025-03-16	2025-01-01	290	2	4715.33	2357.67	2	3	3	8	At Risk
1183	2025-01-19	2025-05-26	2025-01-01	219	2	4700.72	2350.36	2	3	3	8	At Risk
3793	2024-02-15	2025-05-07	2024-02-01	238	6	4690.36	781.73	2	3	3	8	At Risk
3003	2025-05-30	2025-08-03	2025-05-01	150	2	4664.95	2332.48	2	3	3	8	At Risk
3722	2024-10-28	2025-05-14	2024-10-01	231	6	4658.35	776.39	2	3	3	8	At Risk
207	2025-04-15	2025-07-24	2025-04-01	160	2	4656.64	2328.32	2	3	3	8	At Risk
82	2024-12-28	2025-05-07	2024-12-01	238	2	4610.14	2305.07	2	3	3	8	At Risk
1677	2024-11-18	2025-01-03	2024-11-01	362	2	4605.84	2302.92	2	3	3	8	At Risk
4813	2025-12-09	2025-12-09	2025-12-01	22	1	4605.35	4605.35	4	1	3	8	New Customers
2442	2024-02-10	2024-12-27	2024-02-01	369	2	4586.97	2293.49	2	3	3	8	At Risk
4747	2024-06-30	2025-01-06	2024-06-01	359	2	4561.74	2280.87	2	3	3	8	At Risk
3573	2025-05-12	2025-07-07	2025-05-01	177	2	4552.78	2276.39	2	3	3	8	At Risk
3149	2025-04-06	2025-07-08	2025-04-01	176	2	4550.63	2275.32	2	3	3	8	At Risk
3159	2024-01-23	2024-08-06	2024-01-01	512	2	4538.74	2269.37	2	3	3	8	At Risk
1441	2024-04-04	2025-04-21	2024-04-01	254	2	4526.66	2263.33	2	3	3	8	At Risk
7769	2025-05-15	2025-10-11	2025-05-01	81	2	4496.59	2248.30	3	2	3	8	Needs Attention
4221	2024-12-24	2025-01-28	2024-12-01	337	2	4488.35	2244.18	2	3	3	8	At Risk
5579	2024-12-06	2025-10-02	2024-12-01	90	2	4475.54	2237.77	3	2	3	8	Needs Attention
42	2025-02-06	2025-04-10	2025-02-01	265	2	4470.28	2235.14	2	3	3	8	At Risk
3754	2024-08-05	2024-11-12	2024-08-01	414	2	4461.10	2230.55	2	3	3	8	At Risk
5961	2025-02-13	2025-07-30	2025-02-01	154	3	4436.14	1478.71	2	3	3	8	At Risk
405	2024-05-26	2024-08-07	2024-05-01	511	2	4430.02	2215.01	2	3	3	8	At Risk
7573	2025-02-15	2025-08-20	2025-02-01	133	2	4422.87	2211.44	3	2	3	8	Needs Attention
7219	2025-01-13	2025-09-21	2025-01-01	101	2	4407.88	2203.94	3	2	3	8	Needs Attention
7886	2025-02-12	2025-09-28	2025-02-01	94	2	4343.95	2171.98	3	2	3	8	Needs Attention
414	2025-03-30	2025-07-12	2025-03-01	172	2	4339.68	2169.84	2	3	3	8	At Risk
1998	2025-02-13	2025-05-02	2025-02-01	243	2	4331.53	2165.77	2	3	3	8	At Risk
7585	2025-05-14	2025-11-04	2025-05-01	57	2	4327.80	2163.90	3	2	3	8	Needs Attention
3129	2024-07-09	2024-10-06	2024-07-01	451	2	4327.73	2163.87	2	3	3	8	At Risk
539	2025-09-08	2025-09-08	2025-09-01	114	1	4306.59	4306.59	3	2	3	8	Needs Attention
3274	2024-08-17	2025-02-28	2024-08-01	306	2	4296.83	2148.42	2	3	3	8	At Risk
1568	2025-01-15	2025-08-07	2025-01-01	146	2	4293.64	2146.82	2	3	3	8	At Risk
7967	2024-09-16	2025-10-04	2024-09-01	88	2	4286.12	2143.06	3	2	3	8	Needs Attention
6222	2025-02-25	2025-09-18	2025-02-01	104	2	4254.88	2127.44	3	2	3	8	Needs Attention
658	2025-09-26	2025-09-26	2025-09-01	96	1	4246.75	4246.75	3	2	3	8	Needs Attention
5606	2024-11-22	2025-10-07	2024-11-01	85	2	4225.41	2112.71	3	2	3	8	Needs Attention
1200	2025-05-13	2025-07-29	2025-05-01	155	2	4222.21	2111.11	2	3	3	8	At Risk
331	2025-02-24	2025-04-16	2025-02-01	259	2	4221.93	2110.97	2	3	3	8	At Risk
151	2024-09-18	2025-05-29	2024-09-01	216	2	4207.48	2103.74	2	3	3	8	At Risk
7944	2024-03-18	2024-12-09	2024-03-01	387	6	4179.80	696.63	2	3	3	8	At Risk
7317	2025-11-13	2025-11-13	2025-11-01	48	1	4179.36	4179.36	4	1	3	8	New Customers
1913	2024-07-01	2024-12-10	2024-07-01	386	2	4168.79	2084.40	2	3	3	8	At Risk
1466	2025-04-12	2025-06-17	2025-04-01	197	2	4163.24	2081.62	2	3	3	8	At Risk
4080	2024-01-25	2024-10-05	2024-01-01	452	2	4154.48	2077.24	2	3	3	8	At Risk
3928	2025-02-04	2025-06-08	2025-02-01	206	2	4151.27	2075.64	2	3	3	8	At Risk
807	2025-03-30	2025-05-10	2025-03-01	235	2	4138.29	2069.15	2	3	3	8	At Risk
584	2024-07-27	2024-11-13	2024-07-01	413	2	4129.97	2064.99	2	3	3	8	At Risk
307	2025-05-03	2025-07-20	2025-05-01	164	2	4116.06	2058.03	2	3	3	8	At Risk
5266	2025-04-02	2025-09-24	2025-04-01	98	2	4108.93	2054.47	3	2	3	8	Needs Attention
6901	2025-02-20	2025-10-14	2025-02-01	78	2	4089.35	2044.68	3	2	3	8	Needs Attention
1752	2025-01-14	2025-06-12	2025-01-01	202	2	4083.52	2041.76	2	3	3	8	At Risk
4235	2024-07-11	2024-12-11	2024-07-01	385	2	4083.22	2041.61	2	3	3	8	At Risk
1351	2025-09-23	2025-09-23	2025-09-01	99	1	4065.21	4065.21	3	2	3	8	Needs Attention
1038	2024-07-26	2025-04-04	2024-07-01	271	2	4059.40	2029.70	2	3	3	8	At Risk
3226	2024-10-17	2024-12-29	2024-10-01	367	2	4034.91	2017.46	2	3	3	8	At Risk
2764	2024-12-16	2025-08-02	2024-12-01	151	2	4025.36	2012.68	2	3	3	8	At Risk
317	2024-01-11	2025-05-23	2024-01-01	222	5	4021.04	804.21	2	3	3	8	At Risk
4194	2025-05-10	2025-06-21	2025-05-01	193	2	4019.65	2009.83	2	3	3	8	At Risk
4250	2025-11-23	2025-11-23	2025-11-01	38	1	4011.78	4011.78	4	1	3	8	New Customers
2663	2024-05-26	2024-09-13	2024-05-01	474	2	4009.59	2004.80	2	3	3	8	At Risk
3923	2024-02-12	2024-12-24	2024-02-01	372	2	3993.29	1996.65	2	3	3	8	At Risk
3948	2024-10-15	2025-01-27	2024-10-01	338	2	3993.27	1996.64	2	3	3	8	At Risk
6896	2024-01-31	2025-09-08	2024-01-01	114	2	3975.96	1987.98	3	2	3	8	Needs Attention
1395	2024-04-27	2025-04-19	2024-04-01	256	2	3970.11	1985.06	2	3	3	8	At Risk
949	2025-10-20	2025-10-20	2025-10-01	72	1	3970.08	3970.08	3	2	3	8	Needs Attention
3725	2024-03-30	2025-01-08	2024-03-01	357	2	3953.21	1976.61	2	3	3	8	At Risk
2190	2024-02-02	2025-04-30	2024-02-01	245	2	3918.59	1959.30	2	3	3	8	At Risk
728	2025-02-19	2025-05-01	2025-02-01	244	2	3902.37	1951.19	2	3	3	8	At Risk
7274	2025-05-14	2025-09-20	2025-05-01	102	2	3892.87	1946.44	3	2	3	8	Needs Attention
5236	2025-01-15	2025-09-17	2025-01-01	105	2	3870.57	1935.29	3	2	3	8	Needs Attention
677	2025-04-02	2025-08-06	2025-04-01	147	2	3868.68	1934.34	2	3	3	8	At Risk
1448	2025-05-26	2025-07-08	2025-05-01	176	2	3862.88	1931.44	2	3	3	8	At Risk
3781	2024-04-25	2024-08-01	2024-04-01	517	2	3848.06	1924.03	2	3	3	8	At Risk
7532	2024-06-06	2025-10-21	2024-06-01	71	2	3847.81	1923.91	3	2	3	8	Needs Attention
1244	2024-06-07	2025-06-30	2024-06-01	184	2	3818.97	1909.49	2	3	3	8	At Risk
5032	2025-04-10	2025-10-10	2025-04-01	82	2	3810.60	1905.30	3	2	3	8	Needs Attention
834	2024-11-17	2025-03-07	2024-11-01	299	2	3798.03	1899.02	2	3	3	8	At Risk
568	2024-12-09	2025-07-08	2024-12-01	176	2	3774.94	1887.47	2	3	3	8	At Risk
1507	2024-05-06	2025-03-09	2024-05-01	297	2	3772.62	1886.31	2	3	3	8	At Risk
2155	2025-04-28	2025-06-17	2025-04-01	197	2	3762.00	1881.00	2	3	3	8	At Risk
6726	2025-02-02	2025-09-10	2025-02-01	112	2	3735.81	1867.91	3	2	3	8	Needs Attention
2276	2025-01-07	2025-07-03	2025-01-01	181	2	3728.64	1864.32	2	3	3	8	At Risk
3104	2025-12-02	2025-12-02	2025-12-01	29	1	3721.68	3721.68	4	1	3	8	New Customers
4075	2025-02-28	2025-07-07	2025-02-01	177	2	3717.55	1858.78	2	3	3	8	At Risk
2035	2025-08-16	2025-08-16	2025-08-01	137	1	3676.86	3676.86	3	2	3	8	Needs Attention
4680	2025-02-24	2025-03-31	2025-02-01	275	2	3643.82	1821.91	2	3	3	8	At Risk
258	2024-02-19	2025-03-06	2024-02-01	300	2	3637.00	1818.50	2	3	3	8	At Risk
1932	2024-10-25	2025-03-03	2024-10-01	303	2	3636.85	1818.43	2	3	3	8	At Risk
4356	2025-05-08	2025-07-07	2025-05-01	177	2	3628.39	1814.20	2	3	3	8	At Risk
5472	2025-01-17	2025-10-09	2025-01-01	83	2	3619.99	1810.00	3	2	3	8	Needs Attention
2374	2025-09-08	2025-09-08	2025-09-01	114	1	3612.06	3612.06	3	2	3	8	Needs Attention
1284	2025-09-23	2025-09-23	2025-09-01	99	1	3606.15	3606.15	3	2	3	8	Needs Attention
4386	2025-05-27	2025-07-29	2025-05-01	155	2	3605.80	1802.90	2	3	3	8	At Risk
571	2024-05-16	2024-12-13	2024-05-01	383	2	3562.58	1781.29	2	3	3	8	At Risk
22	2025-05-04	2025-08-02	2025-05-01	151	2	3559.08	1779.54	2	3	3	8	At Risk
5007	2024-12-05	2025-06-24	2024-12-01	190	5	3549.45	709.89	2	3	3	8	At Risk
5825	2024-06-24	2025-09-09	2024-06-01	113	2	3528.65	1764.33	3	2	3	8	Needs Attention
7759	2025-03-27	2025-09-09	2025-03-01	113	2	3528.50	1764.25	3	2	3	8	Needs Attention
7801	2025-05-26	2025-10-23	2025-05-01	69	2	3526.97	1763.49	3	2	3	8	Needs Attention
6922	2025-11-30	2025-11-30	2025-11-01	31	1	3514.41	3514.41	4	1	3	8	New Customers
416	2025-03-19	2025-06-14	2025-03-01	200	2	3503.36	1751.68	2	3	3	8	At Risk
3079	2024-11-24	2025-07-01	2024-11-01	183	2	3493.74	1746.87	2	3	3	8	At Risk
6467	2025-05-21	2025-09-05	2025-05-01	117	2	3485.74	1742.87	3	2	3	8	Needs Attention
1709	2025-04-17	2025-05-21	2025-04-01	224	2	3485.49	1742.75	2	3	3	8	At Risk
7344	2025-05-01	2025-10-30	2025-05-01	62	2	3479.62	1739.81	3	2	3	8	Needs Attention
1134	2024-11-07	2025-04-14	2024-11-01	261	2	3473.43	1736.72	2	3	3	8	At Risk
4624	2025-05-25	2025-07-13	2025-05-01	171	2	3469.05	1734.53	2	3	3	8	At Risk
2470	2025-09-19	2025-09-19	2025-09-01	103	1	3449.83	3449.83	3	2	3	8	Needs Attention
7918	2025-01-19	2025-08-13	2025-01-01	140	2	3404.51	1702.26	3	2	3	8	Needs Attention
2203	2024-05-16	2024-11-22	2024-05-01	404	2	3399.49	1699.75	2	3	3	8	At Risk
7905	2025-05-28	2025-10-09	2025-05-01	83	2	3391.80	1695.90	3	2	3	8	Needs Attention
3480	2025-05-29	2025-07-25	2025-05-01	159	2	3381.28	1690.64	2	3	3	8	At Risk
1070	2025-04-05	2025-07-02	2025-04-01	182	2	3370.03	1685.02	2	3	3	8	At Risk
2530	2025-10-19	2025-10-19	2025-10-01	73	1	3368.36	3368.36	3	2	3	8	Needs Attention
8	2025-11-02	2025-11-02	2025-11-01	59	1	3360.53	3360.53	3	2	3	8	Needs Attention
7150	2024-12-19	2025-09-14	2024-12-01	108	2	3349.56	1674.78	3	2	3	8	Needs Attention
111	2025-03-11	2025-06-10	2025-03-01	204	2	3347.28	1673.64	2	3	3	8	At Risk
6134	2024-08-02	2025-10-25	2024-08-01	67	2	3338.72	1669.36	3	2	3	8	Needs Attention
7549	2025-11-21	2025-11-21	2025-11-01	40	1	3336.62	3336.62	4	1	3	8	New Customers
991	2025-02-15	2025-08-02	2025-02-01	151	2	3333.69	1666.85	2	3	3	8	At Risk
4234	2024-08-02	2024-12-22	2024-08-01	374	2	3315.37	1657.69	2	3	3	8	At Risk
2100	2025-04-19	2025-07-13	2025-04-01	171	2	3291.19	1645.60	2	3	3	8	At Risk
1217	2024-11-25	2025-04-09	2024-11-01	266	2	3285.85	1642.93	2	3	3	8	At Risk
6757	2024-12-24	2025-09-30	2024-12-01	92	2	3281.62	1640.81	3	2	3	8	Needs Attention
2587	2024-10-25	2025-03-08	2024-10-01	298	2	3270.95	1635.48	2	3	3	8	At Risk
3913	2024-01-19	2024-12-05	2024-01-01	391	2	3267.31	1633.66	2	3	3	8	At Risk
7883	2025-05-11	2025-11-04	2025-05-01	57	2	3258.59	1629.30	3	2	3	8	Needs Attention
3525	2025-02-09	2025-06-22	2025-02-01	192	2	3255.39	1627.70	2	3	3	8	At Risk
1361	2024-01-21	2025-01-24	2024-01-01	341	2	3246.63	1623.32	2	3	3	8	At Risk
1549	2024-04-23	2024-09-27	2024-04-01	460	2	3210.79	1605.40	2	3	3	8	At Risk
3207	2025-05-06	2025-06-25	2025-05-01	189	2	3210.34	1605.17	2	3	3	8	At Risk
7111	2025-03-19	2025-09-03	2025-03-01	119	2	3208.04	1604.02	3	2	3	8	Needs Attention
2946	2024-10-26	2025-03-10	2024-10-01	296	2	3199.77	1599.89	2	3	3	8	At Risk
2892	2024-11-04	2025-05-27	2024-11-01	218	2	3194.43	1597.22	2	3	3	8	At Risk
4101	2024-08-23	2025-07-28	2024-08-01	156	2	3188.63	1594.32	2	3	3	8	At Risk
550	2025-09-14	2025-09-14	2025-09-01	108	1	3177.72	3177.72	3	2	3	8	Needs Attention
1899	2024-11-16	2025-03-28	2024-11-01	278	2	3135.17	1567.59	2	3	3	8	At Risk
1662	2025-01-15	2025-06-30	2025-01-01	184	2	3121.36	1560.68	2	3	3	8	At Risk
2624	2025-01-31	2025-07-25	2025-01-01	159	2	3104.94	1552.47	2	3	3	8	At Risk
2569	2024-10-19	2025-03-02	2024-10-01	304	2	3098.33	1549.17	2	3	3	8	At Risk
2307	2024-04-29	2025-06-02	2024-04-01	212	2	3095.00	1547.50	2	3	3	8	At Risk
5478	2024-12-04	2025-08-11	2024-12-01	142	2	3092.69	1546.35	3	2	3	8	Needs Attention
5224	2025-04-05	2025-08-22	2025-04-01	131	2	3091.66	1545.83	3	2	3	8	Needs Attention
63	2024-06-04	2024-07-25	2024-06-01	524	2	3075.01	1537.51	2	3	3	8	At Risk
4741	2025-01-09	2025-02-15	2025-01-01	319	2	3068.07	1534.04	2	3	3	8	At Risk
5815	2024-12-18	2025-11-15	2024-12-01	46	2	3009.82	1504.91	4	2	2	8	Potential Loyalists
3819	2024-01-28	2025-04-06	2024-01-01	269	7	2999.48	428.50	2	4	2	8	At Risk
2195	2025-04-26	2025-09-12	2025-04-01	110	2	2982.90	1491.45	3	3	2	8	Needs Attention
6303	2025-01-23	2025-11-21	2025-01-01	40	2	2960.15	1480.08	4	2	2	8	Potential Loyalists
313	2025-11-25	2025-11-25	2025-11-01	36	1	2957.01	2957.01	4	2	2	8	Potential Loyalists
209	2025-05-09	2025-08-27	2025-05-01	126	2	2936.82	1468.41	3	3	2	8	Needs Attention
7422	2024-06-30	2025-09-16	2024-06-01	106	6	2913.89	485.65	3	3	2	8	Needs Attention
4704	2025-12-25	2025-12-25	2025-12-01	6	1	2881.42	2881.42	5	1	2	8	New Customers
5540	2025-03-15	2025-10-07	2025-03-01	85	4	2880.66	720.17	3	3	2	8	Needs Attention
7606	2025-05-29	2025-12-13	2025-05-01	18	2	2873.74	1436.87	4	2	2	8	Potential Loyalists
754	2025-03-25	2025-08-12	2025-03-01	141	2	2872.51	1436.26	3	3	2	8	Needs Attention
239	2025-01-31	2025-08-25	2025-01-01	128	2	2868.13	1434.07	3	3	2	8	Needs Attention
5432	2024-02-18	2025-10-22	2024-02-01	70	5	2858.10	571.62	3	3	2	8	Needs Attention
4780	2024-12-03	2025-11-03	2024-12-01	58	2	2842.62	1421.31	3	3	2	8	Needs Attention
1589	2025-03-18	2025-10-13	2025-03-01	79	2	2788.90	1394.45	3	3	2	8	Needs Attention
4459	2025-01-21	2025-10-01	2025-01-01	91	2	2782.62	1391.31	3	3	2	8	Needs Attention
28	2025-05-17	2025-08-22	2025-05-01	131	2	2768.74	1384.37	3	3	2	8	Needs Attention
353	2025-04-22	2025-10-03	2025-04-01	89	2	2758.72	1379.36	3	3	2	8	Needs Attention
3488	2024-09-05	2025-11-07	2024-09-01	54	2	2741.37	1370.69	3	3	2	8	Needs Attention
4886	2025-01-07	2025-11-17	2025-01-01	44	2	2714.50	1357.25	4	2	2	8	Potential Loyalists
5349	2025-05-26	2025-12-07	2025-05-01	24	2	2710.30	1355.15	4	2	2	8	Potential Loyalists
2334	2025-05-05	2025-10-31	2025-05-01	61	2	2698.16	1349.08	3	3	2	8	Needs Attention
2293	2025-02-10	2025-10-11	2025-02-01	81	2	2690.46	1345.23	3	3	2	8	Needs Attention
3219	2024-12-20	2025-09-22	2024-12-01	100	2	2685.39	1342.70	3	3	2	8	Needs Attention
37	2024-04-06	2025-08-19	2024-04-01	134	2	2668.95	1334.48	3	3	2	8	Needs Attention
735	2025-01-26	2025-08-25	2025-01-01	128	2	2660.65	1330.33	3	3	2	8	Needs Attention
2958	2025-04-12	2025-10-27	2025-04-01	65	2	2633.61	1316.81	3	3	2	8	Needs Attention
2797	2025-12-02	2025-12-02	2025-12-01	29	1	2584.23	2584.23	4	2	2	8	Potential Loyalists
5748	2025-12-18	2025-12-18	2025-12-01	13	1	2566.88	2566.88	5	1	2	8	New Customers
1939	2025-04-28	2025-09-16	2025-04-01	106	2	2547.80	1273.90	3	3	2	8	Needs Attention
500	2025-05-23	2025-08-30	2025-05-01	123	2	2541.94	1270.97	3	3	2	8	Needs Attention
4614	2025-05-25	2025-10-08	2025-05-01	84	2	2500.07	1250.04	3	3	2	8	Needs Attention
4223	2025-02-25	2025-10-02	2025-02-01	90	2	2475.07	1237.54	3	3	2	8	Needs Attention
787	2024-10-10	2025-08-26	2024-10-01	127	6	2468.96	411.49	3	3	2	8	Needs Attention
492	2025-05-22	2025-08-30	2025-05-01	123	2	2453.58	1226.79	3	3	2	8	Needs Attention
3616	2025-04-09	2025-10-17	2025-04-01	75	2	2452.16	1226.08	3	3	2	8	Needs Attention
4400	2025-04-15	2025-09-11	2025-04-01	111	2	2438.19	1219.10	3	3	2	8	Needs Attention
3057	2025-01-19	2025-08-22	2025-01-01	131	2	2413.95	1206.98	3	3	2	8	Needs Attention
3257	2024-12-15	2025-08-21	2024-12-01	132	2	2383.89	1191.95	3	3	2	8	Needs Attention
334	2025-12-03	2025-12-03	2025-12-01	28	1	2346.09	2346.09	4	2	2	8	Potential Loyalists
5018	2025-03-03	2025-12-07	2025-03-01	24	2	2340.59	1170.30	4	2	2	8	Potential Loyalists
1266	2024-10-14	2025-10-07	2024-10-01	85	2	2308.65	1154.33	3	3	2	8	Needs Attention
2519	2024-09-16	2025-10-04	2024-09-01	88	2	2282.62	1141.31	3	3	2	8	Needs Attention
4834	2025-12-29	2025-12-29	2025-12-01	2	1	2267.23	2267.23	5	1	2	8	New Customers
2321	2025-05-29	2025-11-03	2025-05-01	58	2	2263.15	1131.58	3	3	2	8	Needs Attention
2933	2025-05-31	2025-09-12	2025-05-01	110	2	2248.29	1124.15	3	3	2	8	Needs Attention
4513	2025-04-08	2025-10-01	2025-04-01	91	2	2246.97	1123.49	3	3	2	8	Needs Attention
3252	2025-05-27	2025-10-30	2025-05-01	62	2	2242.79	1121.40	3	3	2	8	Needs Attention
4161	2025-05-27	2025-08-16	2025-05-01	137	2	2240.33	1120.17	3	3	2	8	Needs Attention
5433	2025-02-28	2025-11-28	2025-02-01	33	2	2239.42	1119.71	4	2	2	8	Potential Loyalists
5693	2024-10-06	2025-12-01	2024-10-01	30	2	2228.16	1114.08	4	2	2	8	Potential Loyalists
7215	2024-11-14	2025-12-14	2024-11-01	17	2	2216.15	1108.08	4	2	2	8	Potential Loyalists
385	2025-11-27	2025-11-27	2025-11-01	34	1	2211.38	2211.38	4	2	2	8	Potential Loyalists
6431	2024-12-17	2025-12-04	2024-12-01	27	2	2202.27	1101.14	4	2	2	8	Potential Loyalists
7367	2025-05-24	2025-12-07	2025-05-01	24	2	2201.75	1100.88	4	2	2	8	Potential Loyalists
6951	2025-04-13	2025-12-10	2025-04-01	21	2	2199.36	1099.68	4	2	2	8	Potential Loyalists
177	2025-12-10	2025-12-10	2025-12-01	21	1	2199.12	2199.12	4	2	2	8	Potential Loyalists
52	2025-01-18	2025-08-31	2025-01-01	122	2	2184.30	1092.15	3	3	2	8	Needs Attention
1400	2024-04-26	2025-09-22	2024-04-01	100	2	2139.86	1069.93	3	3	2	8	Needs Attention
4349	2025-04-22	2025-08-14	2025-04-01	139	2	2132.42	1066.21	3	3	2	8	Needs Attention
5262	2025-02-13	2025-12-12	2025-02-01	19	2	2115.73	1057.87	4	2	2	8	Potential Loyalists
2680	2025-05-08	2025-09-14	2025-05-01	108	2	2079.35	1039.68	3	3	2	8	Needs Attention
4583	2025-05-25	2025-11-05	2025-05-01	56	2	2077.51	1038.76	3	3	2	8	Needs Attention
108	2025-03-29	2025-11-06	2025-03-01	55	2	2043.57	1021.79	3	3	2	8	Needs Attention
1958	2024-12-21	2025-08-23	2024-12-01	130	2	2028.63	1014.32	3	3	2	8	Needs Attention
2932	2025-11-09	2025-11-09	2025-11-01	52	1	2020.51	2020.51	4	2	2	8	Potential Loyalists
5679	2024-02-05	2025-11-22	2024-02-01	39	2	2016.40	1008.20	4	2	2	8	Potential Loyalists
7044	2025-12-20	2025-12-20	2025-12-01	11	1	2011.46	2011.46	5	1	2	8	New Customers
4577	2025-05-25	2025-08-30	2025-05-01	123	2	2010.77	1005.39	3	3	2	8	Needs Attention
3474	2025-12-30	2025-12-30	2025-12-01	1	1	2007.08	2007.08	5	1	2	8	New Customers
220	2025-11-15	2025-11-15	2025-11-01	46	1	2004.13	2004.13	4	2	2	8	Potential Loyalists
382	2024-11-01	2025-08-22	2024-11-01	131	2	1998.86	999.43	3	3	2	8	Needs Attention
929	2025-12-09	2025-12-09	2025-12-01	22	1	1993.04	1993.04	4	2	2	8	Potential Loyalists
5076	2025-02-11	2025-11-08	2025-02-01	53	2	1986.93	993.47	4	2	2	8	Potential Loyalists
753	2025-05-21	2025-10-20	2025-05-01	72	2	1986.31	993.16	3	3	2	8	Needs Attention
4979	2025-03-24	2025-12-07	2025-03-01	24	2	1985.88	992.94	4	2	2	8	Potential Loyalists
2734	2025-01-29	2025-10-21	2025-01-01	71	2	1982.45	991.23	3	3	2	8	Needs Attention
2988	2024-04-20	2025-10-30	2024-04-01	62	2	1959.18	979.59	3	3	2	8	Needs Attention
4085	2024-12-01	2025-10-09	2024-12-01	83	2	1932.91	966.46	3	3	2	8	Needs Attention
7356	2025-01-13	2025-11-28	2025-01-01	33	2	1912.66	956.33	4	2	2	8	Potential Loyalists
5688	2025-05-26	2025-11-16	2025-05-01	45	2	1899.64	949.82	4	2	2	8	Potential Loyalists
4737	2025-04-06	2025-09-06	2025-04-01	116	2	1892.65	946.33	3	3	2	8	Needs Attention
997	2024-05-26	2025-09-13	2024-05-01	109	2	1890.30	945.15	3	3	2	8	Needs Attention
7027	2025-12-28	2025-12-28	2025-12-01	3	1	1879.30	1879.30	5	1	2	8	New Customers
2335	2025-04-11	2025-09-18	2025-04-01	104	2	1878.40	939.20	3	3	2	8	Needs Attention
2896	2025-05-23	2025-09-16	2025-05-01	106	2	1870.43	935.22	3	3	2	8	Needs Attention
6315	2025-05-29	2025-11-15	2025-05-01	46	2	1869.76	934.88	4	2	2	8	Potential Loyalists
3158	2025-12-25	2025-12-25	2025-12-01	6	1	1864.95	1864.95	5	1	2	8	New Customers
976	2024-09-08	2025-10-18	2024-09-01	74	2	1864.53	932.27	3	3	2	8	Needs Attention
768	2025-11-17	2025-11-17	2025-11-01	44	1	1862.67	1862.67	4	2	2	8	Potential Loyalists
5868	2025-02-27	2025-11-17	2025-02-01	44	2	1826.43	913.22	4	2	2	8	Potential Loyalists
1218	2025-01-22	2025-09-28	2025-01-01	94	2	1821.91	910.96	3	3	2	8	Needs Attention
3788	2025-05-30	2025-10-19	2025-05-01	73	2	1812.03	906.02	3	3	2	8	Needs Attention
3045	2025-03-05	2025-10-09	2025-03-01	83	2	1810.23	905.12	3	3	2	8	Needs Attention
2243	2025-12-11	2025-12-11	2025-12-01	20	1	1809.21	1809.21	4	2	2	8	Potential Loyalists
4268	2024-10-30	2025-08-22	2024-10-01	131	2	1791.02	895.51	3	3	2	8	Needs Attention
7278	2025-12-24	2025-12-24	2025-12-01	7	1	1776.28	1776.28	5	1	2	8	New Customers
933	2025-03-15	2025-09-16	2025-03-01	106	2	1760.64	880.32	3	3	2	8	Needs Attention
6783	2025-01-12	2025-12-02	2025-01-01	29	2	1735.11	867.56	4	2	2	8	Potential Loyalists
481	2025-05-13	2025-10-05	2025-05-01	87	2	1706.85	853.43	3	3	2	8	Needs Attention
870	2025-12-01	2025-12-01	2025-12-01	30	1	1687.79	1687.79	4	2	2	8	Potential Loyalists
3419	2024-03-11	2025-10-28	2024-03-01	64	2	1681.60	840.80	3	3	2	8	Needs Attention
3097	2025-02-23	2025-10-20	2025-02-01	72	2	1679.96	839.98	3	3	2	8	Needs Attention
5755	2025-05-29	2025-11-12	2025-05-01	49	2	1679.37	839.69	4	2	2	8	Potential Loyalists
7802	2025-05-30	2025-11-09	2025-05-01	52	2	1678.54	839.27	4	2	2	8	Potential Loyalists
7934	2025-01-12	2025-12-06	2025-01-01	25	2	1672.94	836.47	4	2	2	8	Potential Loyalists
3626	2025-12-19	2025-12-19	2025-12-01	12	1	1671.53	1671.53	5	1	2	8	New Customers
1733	2025-11-26	2025-11-26	2025-11-01	35	1	1661.60	1661.60	4	2	2	8	Potential Loyalists
846	2024-08-18	2025-09-21	2024-08-01	101	2	1659.55	829.78	3	3	2	8	Needs Attention
1623	2025-04-25	2025-08-13	2025-04-01	140	2	1646.42	823.21	3	3	2	8	Needs Attention
845	2025-05-21	2025-10-31	2025-05-01	61	2	1620.21	810.11	3	3	2	8	Needs Attention
6651	2025-01-30	2025-11-24	2025-01-01	37	2	1619.40	809.70	4	2	2	8	Potential Loyalists
6794	2024-05-01	2025-12-04	2024-05-01	27	2	1609.09	804.55	4	2	2	8	Potential Loyalists
4343	2025-03-09	2025-10-27	2025-03-01	65	2	1574.22	787.11	3	3	2	8	Needs Attention
3026	2025-05-29	2025-09-19	2025-05-01	103	2	1569.22	784.61	3	3	2	8	Needs Attention
702	2025-11-21	2025-11-21	2025-11-01	40	1	1564.08	1564.08	4	2	2	8	Potential Loyalists
1888	2025-12-02	2025-12-02	2025-12-01	29	1	1552.47	1552.47	4	2	2	8	Potential Loyalists
6251	2025-02-14	2025-11-08	2025-02-01	53	2	1530.80	765.40	4	2	2	8	Potential Loyalists
2269	2024-11-27	2025-10-26	2024-11-01	66	2	1529.71	764.86	3	3	2	8	Needs Attention
1393	2025-02-18	2025-08-25	2025-02-01	128	2	1525.37	762.69	3	3	2	8	Needs Attention
4131	2024-11-08	2025-11-01	2024-11-01	60	2	1521.88	760.94	3	3	2	8	Needs Attention
4385	2025-03-27	2025-09-03	2025-03-01	119	2	1512.20	756.10	3	3	2	8	Needs Attention
4768	2024-08-19	2025-10-28	2024-08-01	64	2	1504.20	752.10	3	3	2	8	Needs Attention
4862	2025-05-10	2025-12-09	2025-05-01	22	2	1499.74	749.87	4	2	2	8	Potential Loyalists
2306	2025-04-26	2025-08-16	2025-04-01	137	2	1493.38	746.69	3	3	2	8	Needs Attention
427	2025-05-29	2025-10-13	2025-05-01	79	2	1482.33	741.17	3	3	2	8	Needs Attention
2360	2025-04-27	2025-09-13	2025-04-01	109	2	1471.30	735.65	3	3	2	8	Needs Attention
3213	2025-12-30	2025-12-30	2025-12-01	1	1	1456.10	1456.10	5	1	2	8	New Customers
2452	2025-02-19	2025-10-13	2025-02-01	79	2	1454.93	727.47	3	3	2	8	Needs Attention
4987	2025-12-30	2025-12-30	2025-12-01	1	1	1431.98	1431.98	5	1	2	8	New Customers
2517	2025-05-11	2025-10-25	2025-05-01	67	2	1425.20	712.60	3	3	2	8	Needs Attention
7007	2025-12-20	2025-12-20	2025-12-01	11	1	1417.88	1417.88	5	1	2	8	New Customers
1747	2025-12-11	2025-12-11	2025-12-01	20	1	1416.24	1416.24	4	2	2	8	Potential Loyalists
2762	2024-07-19	2025-10-04	2024-07-01	88	2	1415.09	707.55	3	3	2	8	Needs Attention
7538	2025-12-20	2025-12-20	2025-12-01	11	1	1397.36	1397.36	5	1	2	8	New Customers
993	2024-05-03	2025-08-17	2024-05-01	136	2	1395.80	697.90	3	3	2	8	Needs Attention
1904	2025-05-28	2025-09-12	2025-05-01	110	2	1384.95	692.48	3	3	2	8	Needs Attention
861	2025-05-16	2025-10-06	2025-05-01	86	2	1372.91	686.46	3	3	2	8	Needs Attention
7	2025-04-03	2025-08-16	2025-04-01	137	2	1368.78	684.39	3	3	2	8	Needs Attention
1879	2025-03-24	2025-10-24	2025-03-01	68	2	1354.56	677.28	3	3	2	8	Needs Attention
2737	2025-05-28	2025-11-02	2025-05-01	59	2	1334.02	667.01	3	3	2	8	Needs Attention
2580	2025-11-19	2025-11-19	2025-11-01	42	1	1320.78	1320.78	4	2	2	8	Potential Loyalists
2473	2025-04-28	2025-08-18	2025-04-01	135	2	1312.72	656.36	3	3	2	8	Needs Attention
4840	2025-12-14	2025-12-14	2025-12-01	17	1	1309.57	1309.57	5	1	2	8	New Customers
932	2025-12-07	2025-12-07	2025-12-01	24	1	1303.82	1303.82	4	2	2	8	Potential Loyalists
2079	2025-11-30	2025-11-30	2025-11-01	31	1	1291.66	1291.66	4	2	2	8	Potential Loyalists
737	2024-06-24	2025-10-19	2024-06-01	73	2	1284.66	642.33	3	3	2	8	Needs Attention
4327	2025-12-16	2025-12-16	2025-12-01	15	1	1277.56	1277.56	5	1	2	8	New Customers
1306	2024-06-24	2025-10-22	2024-06-01	70	2	1271.10	635.55	3	3	2	8	Needs Attention
5571	2025-04-21	2025-11-16	2025-04-01	45	2	1268.71	634.36	4	2	2	8	Potential Loyalists
3587	2024-10-26	2025-10-03	2024-10-01	89	2	1268.63	634.32	3	3	2	8	Needs Attention
2773	2025-11-30	2025-11-30	2025-11-01	31	1	1256.69	1256.69	4	2	2	8	Potential Loyalists
3680	2025-05-12	2025-10-03	2025-05-01	89	2	1241.48	620.74	3	3	2	8	Needs Attention
5767	2025-02-20	2025-12-09	2025-02-01	22	2	1233.02	616.51	4	2	2	8	Potential Loyalists
7121	2024-11-27	2025-12-30	2024-11-01	1	2	1196.20	598.10	5	2	1	8	Potential Loyalists
2008	2025-12-21	2025-12-21	2025-12-01	10	1	1142.52	1142.52	5	2	1	8	Potential Loyalists
203	2025-12-18	2025-12-18	2025-12-01	13	1	1126.33	1126.33	5	2	1	8	Potential Loyalists
3800	2025-05-06	2025-11-28	2025-05-01	33	2	1126.01	563.01	4	3	1	8	Potential Loyalists
389	2025-05-29	2025-12-03	2025-05-01	28	2	1111.40	555.70	4	3	1	8	Potential Loyalists
1586	2024-12-09	2025-11-14	2024-12-01	47	2	1098.78	549.39	4	3	1	8	Potential Loyalists
3461	2025-01-04	2025-11-27	2025-01-01	34	2	1060.90	530.45	4	3	1	8	Potential Loyalists
1916	2025-12-19	2025-12-19	2025-12-01	12	1	1002.44	1002.44	5	2	1	8	Potential Loyalists
2501	2025-12-14	2025-12-14	2025-12-01	17	1	988.88	988.88	5	2	1	8	Potential Loyalists
2547	2025-12-25	2025-12-25	2025-12-01	6	1	958.18	958.18	5	2	1	8	Potential Loyalists
1759	2025-03-07	2025-12-01	2025-03-01	30	2	916.27	458.14	4	3	1	8	Potential Loyalists
6318	2025-04-30	2025-12-24	2025-04-01	7	2	779.39	389.70	5	2	1	8	Potential Loyalists
3256	2025-05-03	2025-11-15	2025-05-01	46	2	750.05	375.03	4	3	1	8	Potential Loyalists
5313	2024-10-12	2025-12-17	2024-10-01	14	2	749.75	374.88	5	2	1	8	Potential Loyalists
7073	2025-05-03	2025-12-24	2025-05-01	7	2	740.47	370.24	5	2	1	8	Potential Loyalists
3047	2025-05-01	2025-12-03	2025-05-01	28	2	715.32	357.66	4	3	1	8	Potential Loyalists
3000	2025-12-20	2025-12-20	2025-12-01	11	1	651.84	651.84	5	2	1	8	Potential Loyalists
2596	2025-12-18	2025-12-18	2025-12-01	13	1	578.80	578.80	5	2	1	8	Potential Loyalists
736	2025-12-28	2025-12-28	2025-12-01	3	1	563.76	563.76	5	2	1	8	Potential Loyalists
4262	2025-04-25	2025-11-25	2025-04-01	36	2	511.18	255.59	4	3	1	8	Potential Loyalists
763	2025-12-30	2025-12-30	2025-12-01	1	1	366.79	366.79	5	2	1	8	Potential Loyalists
7643	2024-12-26	2025-12-17	2024-12-01	14	2	291.44	145.72	5	2	1	8	Potential Loyalists
4140	2025-03-02	2025-12-10	2025-03-01	21	2	285.54	142.77	4	3	1	8	Potential Loyalists
2431	2025-12-26	2025-12-26	2025-12-01	5	1	258.28	258.28	5	2	1	8	Potential Loyalists
2742	2025-12-14	2025-12-14	2025-12-01	17	1	222.69	222.69	5	2	1	8	Potential Loyalists
2348	2025-12-18	2025-12-18	2025-12-01	13	1	164.78	164.78	5	2	1	8	Potential Loyalists
2572	2025-12-17	2025-12-17	2025-12-01	14	1	151.16	151.16	5	2	1	8	Potential Loyalists
5610	2025-02-08	2025-02-08	2025-02-01	326	1	8056.29	8056.29	2	1	4	7	High Value At Risk
6560	2024-08-18	2024-09-17	2024-08-01	470	2	7797.57	3898.79	2	2	3	7	At Risk
7528	2024-07-04	2025-03-17	2024-07-01	289	2	7757.20	3878.60	2	2	3	7	At Risk
6408	2025-05-25	2025-07-25	2025-05-01	159	2	7713.26	3856.63	2	2	3	7	At Risk
7832	2024-09-11	2024-11-24	2024-09-01	402	2	7691.58	3845.79	2	2	3	7	At Risk
1149	2024-06-26	2024-06-26	2024-06-01	553	1	7634.72	7634.72	2	2	3	7	Needs Attention
7148	2025-10-13	2025-10-13	2025-10-01	79	1	7382.02	7382.02	3	1	3	7	Needs Attention
5336	2025-05-03	2025-06-29	2025-05-01	185	2	7351.95	3675.98	2	2	3	7	At Risk
5075	2025-08-18	2025-08-18	2025-08-01	135	1	7021.02	7021.02	3	1	3	7	Needs Attention
5500	2024-09-23	2024-12-01	2024-09-01	395	2	6917.04	3458.52	2	2	3	7	At Risk
6017	2024-09-09	2025-06-19	2024-09-01	195	2	6879.48	3439.74	2	2	3	7	At Risk
5750	2025-01-10	2025-06-25	2025-01-01	189	2	6842.46	3421.23	2	2	3	7	At Risk
7183	2024-02-24	2025-02-08	2024-02-01	326	2	6653.93	3326.97	2	2	3	7	At Risk
7656	2025-03-08	2025-04-20	2025-03-01	255	2	6600.79	3300.40	2	2	3	7	At Risk
7239	2024-05-30	2024-12-24	2024-05-01	372	2	6519.29	3259.65	2	2	3	7	At Risk
7283	2024-05-03	2024-10-16	2024-05-01	441	2	6452.90	3226.45	2	2	3	7	At Risk
7865	2024-08-24	2025-04-19	2024-08-01	256	2	6315.35	3157.68	2	2	3	7	At Risk
5762	2024-08-03	2025-05-02	2024-08-01	243	2	6266.04	3133.02	2	2	3	7	At Risk
7878	2025-01-02	2025-07-04	2025-01-01	180	2	6222.92	3111.46	2	2	3	7	At Risk
6141	2025-01-24	2025-03-04	2025-01-01	302	2	6166.26	3083.13	2	2	3	7	At Risk
6660	2025-09-07	2025-09-07	2025-09-01	115	1	6139.05	6139.05	3	1	3	7	Needs Attention
5355	2025-03-20	2025-08-07	2025-03-01	146	2	6119.73	3059.87	2	2	3	7	At Risk
6666	2024-08-10	2025-02-07	2024-08-01	327	2	6091.68	3045.84	2	2	3	7	At Risk
5904	2024-02-04	2025-01-17	2024-02-01	348	2	5986.32	2993.16	2	2	3	7	At Risk
6981	2025-03-31	2025-07-02	2025-03-01	182	2	5769.06	2884.53	2	2	3	7	At Risk
6440	2025-03-17	2025-06-09	2025-03-01	205	2	5747.23	2873.62	2	2	3	7	At Risk
7922	2025-04-14	2025-05-27	2025-04-01	218	2	5529.11	2764.56	2	2	3	7	At Risk
6339	2025-01-28	2025-04-24	2025-01-01	251	2	5508.00	2754.00	2	2	3	7	At Risk
5519	2025-04-18	2025-07-30	2025-04-01	154	2	5487.07	2743.54	2	2	3	7	At Risk
6072	2024-11-18	2025-06-20	2024-11-01	194	2	5464.38	2732.19	2	2	3	7	At Risk
7473	2024-10-02	2025-04-24	2024-10-01	251	2	5421.31	2710.66	2	2	3	7	At Risk
6909	2025-10-08	2025-10-08	2025-10-01	84	1	5383.31	5383.31	3	1	3	7	Needs Attention
7220	2024-12-04	2025-05-02	2024-12-01	243	2	5348.12	2674.06	2	2	3	7	At Risk
4481	2024-02-11	2024-04-22	2024-02-01	618	2	5316.56	2658.28	1	3	3	7	At Risk
5776	2024-08-30	2024-10-03	2024-08-01	454	2	5275.79	2637.90	2	2	3	7	At Risk
5181	2024-08-19	2024-10-14	2024-08-01	443	2	5251.63	2625.82	2	2	3	7	At Risk
5351	2024-12-15	2025-05-17	2024-12-01	228	2	5093.83	2546.92	2	2	3	7	At Risk
7076	2024-08-18	2025-01-20	2024-08-01	345	2	5080.16	2540.08	2	2	3	7	At Risk
3247	2025-11-05	2025-11-05	2025-11-01	56	1	5072.09	5072.09	3	1	3	7	Needs Attention
893	2024-12-14	2024-12-14	2024-12-01	382	1	4983.59	4983.59	2	2	3	7	Needs Attention
6375	2025-01-06	2025-03-24	2025-01-01	282	2	4951.12	2475.56	2	2	3	7	At Risk
5230	2025-01-12	2025-05-11	2025-01-01	234	2	4947.73	2473.87	2	2	3	7	At Risk
4744	2025-09-19	2025-09-19	2025-09-01	103	1	4845.96	4845.96	3	1	3	7	Needs Attention
2548	2024-10-16	2024-10-16	2024-10-01	441	1	4821.44	4821.44	2	2	3	7	Needs Attention
7681	2025-05-01	2025-07-17	2025-05-01	167	2	4739.96	2369.98	2	2	3	7	At Risk
7630	2024-08-30	2025-01-12	2024-08-01	353	2	4689.72	2344.86	2	2	3	7	At Risk
2238	2025-04-17	2025-04-17	2025-04-01	258	1	4686.19	4686.19	2	2	3	7	Needs Attention
7195	2025-03-20	2025-06-11	2025-03-01	203	2	4640.88	2320.44	2	2	3	7	At Risk
6618	2024-06-24	2025-08-04	2024-06-01	149	2	4630.76	2315.38	2	2	3	7	At Risk
7508	2025-04-09	2025-06-12	2025-04-01	202	2	4555.39	2277.70	2	2	3	7	At Risk
1621	2025-03-18	2025-03-18	2025-03-01	288	1	4516.47	4516.47	2	2	3	7	Needs Attention
2822	2025-02-12	2025-02-12	2025-02-01	322	1	4512.22	4512.22	2	2	3	7	Needs Attention
2480	2024-11-03	2024-11-03	2024-11-01	423	1	4501.58	4501.58	2	2	3	7	Needs Attention
7426	2025-01-15	2025-06-24	2025-01-01	190	2	4484.04	2242.02	2	2	3	7	At Risk
5189	2025-10-05	2025-10-05	2025-10-01	87	1	4422.65	4422.65	3	1	3	7	Needs Attention
5247	2025-04-25	2025-06-14	2025-04-01	200	2	4402.40	2201.20	2	2	3	7	At Risk
5895	2024-09-16	2025-01-22	2024-09-01	343	2	4352.65	2176.33	2	2	3	7	At Risk
5390	2025-01-16	2025-03-31	2025-01-01	275	2	4318.13	2159.07	2	2	3	7	At Risk
5402	2024-09-05	2024-10-25	2024-09-01	432	2	4309.29	2154.65	2	2	3	7	At Risk
1756	2024-01-14	2024-06-24	2024-01-01	555	2	4275.74	2137.87	1	3	3	7	At Risk
5143	2024-04-30	2025-04-30	2024-04-01	245	2	4261.69	2130.85	2	2	3	7	At Risk
7288	2025-02-08	2025-05-14	2025-02-01	231	2	4230.75	2115.38	2	2	3	7	At Risk
6373	2024-02-07	2024-07-23	2024-02-01	526	2	4227.60	2113.80	2	2	3	7	At Risk
5361	2025-02-22	2025-06-18	2025-02-01	196	2	4221.18	2110.59	2	2	3	7	At Risk
7463	2025-05-14	2025-08-06	2025-05-01	147	2	4172.62	2086.31	2	2	3	7	At Risk
170	2024-04-19	2024-05-19	2024-04-01	591	2	4129.44	2064.72	1	3	3	7	At Risk
5648	2024-03-19	2024-08-30	2024-03-01	488	2	4110.73	2055.37	2	2	3	7	At Risk
4536	2025-08-20	2025-08-20	2025-08-01	133	1	4103.41	4103.41	3	1	3	7	Needs Attention
6066	2024-06-25	2024-09-26	2024-06-01	461	2	4071.32	2035.66	2	2	3	7	At Risk
5680	2025-01-09	2025-02-14	2025-01-01	320	2	4033.06	2016.53	2	2	3	7	At Risk
359	2025-05-26	2025-05-26	2025-05-01	219	1	3994.93	3994.93	2	2	3	7	Needs Attention
6768	2025-04-20	2025-05-26	2025-04-01	219	2	3989.07	1994.54	2	2	3	7	At Risk
6907	2024-12-14	2025-07-02	2024-12-01	182	2	3973.88	1986.94	2	2	3	7	At Risk
7588	2024-12-02	2025-05-30	2024-12-01	215	2	3958.35	1979.18	2	2	3	7	At Risk
7229	2024-06-01	2025-02-27	2024-06-01	307	2	3956.92	1978.46	2	2	3	7	At Risk
6803	2024-10-12	2025-04-20	2024-10-01	255	2	3956.74	1978.37	2	2	3	7	At Risk
7936	2024-12-23	2025-02-23	2024-12-01	311	2	3949.32	1974.66	2	2	3	7	At Risk
7724	2025-02-04	2025-05-02	2025-02-01	243	2	3942.72	1971.36	2	2	3	7	At Risk
6886	2024-09-04	2025-05-05	2024-09-01	240	2	3927.86	1963.93	2	2	3	7	At Risk
850	2024-02-19	2024-04-23	2024-02-01	617	2	3920.01	1960.01	1	3	3	7	At Risk
5437	2025-11-06	2025-11-06	2025-11-01	55	1	3911.61	3911.61	3	1	3	7	Needs Attention
5968	2025-03-15	2025-05-31	2025-03-01	214	2	3885.24	1942.62	2	2	3	7	At Risk
5791	2024-12-07	2025-06-28	2024-12-01	186	2	3857.99	1929.00	2	2	3	7	At Risk
5657	2024-02-17	2025-04-22	2024-02-01	253	2	3832.20	1916.10	2	2	3	7	At Risk
5209	2024-10-18	2025-01-09	2024-10-01	356	2	3783.03	1891.52	2	2	3	7	At Risk
6659	2024-05-12	2024-12-16	2024-05-01	380	2	3773.75	1886.88	2	2	3	7	At Risk
3921	2024-04-24	2024-06-04	2024-04-01	575	2	3767.80	1883.90	1	3	3	7	At Risk
7717	2024-12-14	2025-08-04	2024-12-01	149	2	3742.22	1871.11	2	2	3	7	At Risk
7627	2025-02-01	2025-07-25	2025-02-01	159	2	3736.38	1868.19	2	2	3	7	At Risk
7437	2025-05-20	2025-07-14	2025-05-01	170	2	3716.58	1858.29	2	2	3	7	At Risk
6381	2025-11-07	2025-11-07	2025-11-01	54	1	3702.09	3702.09	3	1	3	7	Needs Attention
5556	2024-10-07	2025-01-29	2024-10-01	336	2	3662.73	1831.37	2	2	3	7	At Risk
5552	2024-08-05	2024-12-15	2024-08-01	381	2	3609.55	1804.78	2	2	3	7	At Risk
7657	2024-10-21	2025-03-19	2024-10-01	287	2	3603.71	1801.86	2	2	3	7	At Risk
7371	2024-04-28	2025-05-15	2024-04-01	230	2	3587.33	1793.67	2	2	3	7	At Risk
2518	2025-05-05	2025-05-05	2025-05-01	240	1	3582.74	3582.74	2	2	3	7	Needs Attention
6412	2024-07-19	2024-09-07	2024-07-01	480	2	3574.42	1787.21	2	2	3	7	At Risk
4359	2025-11-02	2025-11-02	2025-11-01	59	1	3554.57	3554.57	3	1	3	7	Needs Attention
6198	2024-10-20	2025-03-04	2024-10-01	302	2	3541.00	1770.50	2	2	3	7	At Risk
5341	2025-09-17	2025-09-17	2025-09-01	105	1	3535.39	3535.39	3	1	3	7	Needs Attention
325	2025-03-08	2025-03-08	2025-03-01	298	1	3504.48	3504.48	2	2	3	7	Needs Attention
6057	2024-05-17	2024-07-12	2024-05-01	537	2	3496.76	1748.38	2	2	3	7	At Risk
6530	2024-07-30	2025-02-21	2024-07-01	313	2	3494.58	1747.29	2	2	3	7	At Risk
5113	2025-05-26	2025-07-23	2025-05-01	161	2	3492.98	1746.49	2	2	3	7	At Risk
5929	2025-04-14	2025-07-02	2025-04-01	182	2	3465.52	1732.76	2	2	3	7	At Risk
6003	2024-10-21	2025-03-10	2024-10-01	296	2	3422.06	1711.03	2	2	3	7	At Risk
7890	2025-05-05	2025-07-14	2025-05-01	170	2	3410.59	1705.30	2	2	3	7	At Risk
6039	2024-12-04	2025-05-02	2024-12-01	243	2	3396.16	1698.08	2	2	3	7	At Risk
7595	2024-11-04	2025-07-26	2024-11-01	158	2	3354.67	1677.34	2	2	3	7	At Risk
5664	2025-03-02	2025-04-06	2025-03-01	269	2	3341.98	1670.99	2	2	3	7	At Risk
5195	2024-04-21	2024-08-11	2024-04-01	507	2	3264.13	1632.07	2	2	3	7	At Risk
2095	2025-05-02	2025-05-02	2025-05-01	243	1	3258.21	3258.21	2	2	3	7	Needs Attention
6253	2025-09-01	2025-09-01	2025-09-01	121	1	3248.14	3248.14	3	1	3	7	Needs Attention
2114	2024-08-06	2024-08-06	2024-08-01	512	1	3223.37	3223.37	2	2	3	7	Needs Attention
2609	2025-05-30	2025-05-30	2025-05-01	215	1	3222.29	3222.29	2	2	3	7	Needs Attention
4899	2024-08-14	2025-02-16	2024-08-01	318	2	3192.81	1596.41	2	2	3	7	At Risk
7460	2025-09-07	2025-09-07	2025-09-01	115	1	3189.24	3189.24	3	1	3	7	Needs Attention
5541	2025-03-29	2025-06-20	2025-03-01	194	2	3184.31	1592.16	2	2	3	7	At Risk
7795	2025-02-26	2025-06-20	2025-02-01	194	2	3183.24	1591.62	2	2	3	7	At Risk
5176	2024-08-25	2024-12-23	2024-08-01	373	2	3118.99	1559.50	2	2	3	7	At Risk
1012	2024-08-09	2024-08-09	2024-08-01	509	1	3116.64	3116.64	2	2	3	7	Needs Attention
5325	2025-08-31	2025-08-31	2025-08-01	122	1	3082.24	3082.24	3	1	3	7	Needs Attention
5273	2025-10-21	2025-10-21	2025-10-01	71	1	3061.16	3061.16	3	1	3	7	Needs Attention
3469	2024-10-03	2025-05-26	2024-10-01	219	2	3049.86	1524.93	2	3	2	7	At Risk
659	2024-11-25	2025-06-29	2024-11-01	185	2	3048.03	1524.02	2	3	2	7	At Risk
3190	2025-11-28	2025-11-28	2025-11-01	33	1	3025.04	3025.04	4	1	2	7	New Customers
4275	2024-06-15	2025-05-27	2024-06-01	218	2	3023.76	1511.88	2	3	2	7	At Risk
5863	2025-02-24	2025-09-14	2025-02-01	108	2	3023.44	1511.72	3	2	2	7	Needs Attention
475	2024-10-01	2025-07-15	2024-10-01	169	2	3019.68	1509.84	2	3	2	7	At Risk
965	2024-10-08	2025-07-06	2024-10-01	178	2	3017.47	1508.74	2	3	2	7	At Risk
5473	2025-05-21	2025-10-21	2025-05-01	71	2	3017.16	1508.58	3	2	2	7	Needs Attention
4602	2025-05-05	2025-08-05	2025-05-01	148	2	3015.05	1507.53	2	3	2	7	At Risk
231	2025-04-26	2025-07-14	2025-04-01	170	2	3009.86	1504.93	2	3	2	7	At Risk
230	2024-08-19	2024-11-21	2024-08-01	405	2	3004.08	1502.04	2	3	2	7	At Risk
1550	2024-11-18	2025-04-16	2024-11-01	259	2	3004.07	1502.04	2	3	2	7	At Risk
3776	2024-11-27	2025-01-24	2024-11-01	341	2	3002.74	1501.37	2	3	2	7	At Risk
3189	2024-01-30	2025-06-22	2024-01-01	192	2	2999.41	1499.71	2	3	2	7	At Risk
2241	2024-11-08	2025-05-20	2024-11-01	225	2	2996.06	1498.03	2	3	2	7	At Risk
1264	2025-05-17	2025-07-16	2025-05-01	168	2	2956.97	1478.49	2	3	2	7	At Risk
7736	2024-12-30	2025-08-26	2024-12-01	127	2	2935.62	1467.81	3	2	2	7	Needs Attention
6902	2025-01-09	2025-08-13	2025-01-01	140	2	2927.04	1463.52	3	2	2	7	Needs Attention
1074	2025-05-25	2025-07-21	2025-05-01	163	2	2925.24	1462.62	2	3	2	7	At Risk
5740	2025-11-20	2025-11-20	2025-11-01	41	1	2923.13	2923.13	4	1	2	7	New Customers
5958	2025-01-10	2025-10-11	2025-01-01	81	2	2919.95	1459.98	3	2	2	7	Needs Attention
3528	2024-03-14	2024-08-13	2024-03-01	505	2	2919.87	1459.94	2	3	2	7	At Risk
2967	2025-05-09	2025-08-01	2025-05-01	152	2	2918.24	1459.12	2	3	2	7	At Risk
3968	2024-09-25	2024-11-11	2024-09-01	415	2	2876.37	1438.19	2	3	2	7	At Risk
3072	2025-11-15	2025-11-15	2025-11-01	46	1	2873.44	2873.44	4	1	2	7	New Customers
6204	2024-07-28	2025-09-05	2024-07-01	117	2	2873.16	1436.58	3	2	2	7	Needs Attention
167	2025-05-07	2025-07-28	2025-05-01	156	2	2870.84	1435.42	2	3	2	7	At Risk
3116	2025-03-29	2025-07-18	2025-03-01	166	2	2855.25	1427.63	2	3	2	7	At Risk
3397	2024-08-02	2025-03-02	2024-08-01	304	2	2840.30	1420.15	2	3	2	7	At Risk
745	2024-05-30	2024-10-12	2024-05-01	445	2	2822.03	1411.02	2	3	2	7	At Risk
1138	2024-04-14	2024-07-25	2024-04-01	524	2	2816.55	1408.28	2	3	2	7	At Risk
746	2025-10-17	2025-10-17	2025-10-01	75	1	2816.47	2816.47	3	2	2	7	Needs Attention
6363	2025-11-13	2025-11-13	2025-11-01	48	1	2804.86	2804.86	4	1	2	7	New Customers
2952	2025-04-04	2025-08-01	2025-04-01	152	2	2801.27	1400.64	2	3	2	7	At Risk
1140	2025-04-29	2025-06-11	2025-04-01	203	2	2797.80	1398.90	2	3	2	7	At Risk
3452	2024-02-05	2024-12-03	2024-02-01	393	2	2761.45	1380.73	2	3	2	7	At Risk
3982	2024-08-30	2024-11-29	2024-08-01	397	2	2746.91	1373.46	2	3	2	7	At Risk
5926	2024-11-22	2025-09-26	2024-11-01	96	2	2742.79	1371.40	3	2	2	7	Needs Attention
4152	2024-11-16	2025-05-07	2024-11-01	238	2	2741.46	1370.73	2	3	2	7	At Risk
4765	2024-10-05	2025-05-14	2024-10-01	231	2	2721.84	1360.92	2	3	2	7	At Risk
1757	2024-04-05	2024-10-21	2024-04-01	436	2	2714.97	1357.49	2	3	2	7	At Risk
27	2025-02-09	2025-04-19	2025-02-01	256	2	2678.91	1339.46	2	3	2	7	At Risk
4902	2024-09-26	2025-11-06	2024-09-01	55	2	2676.03	1338.02	3	2	2	7	Needs Attention
827	2025-09-17	2025-09-17	2025-09-01	105	1	2671.44	2671.44	3	2	2	7	Needs Attention
859	2024-12-19	2025-01-26	2024-12-01	339	2	2664.12	1332.06	2	3	2	7	At Risk
4128	2025-02-19	2025-06-23	2025-02-01	191	2	2656.65	1328.33	2	3	2	7	At Risk
7299	2025-11-15	2025-11-15	2025-11-01	46	1	2654.41	2654.41	4	1	2	7	New Customers
7310	2025-02-02	2025-08-15	2025-02-01	138	2	2634.51	1317.26	3	2	2	7	Needs Attention
514	2025-10-14	2025-10-14	2025-10-01	78	1	2623.99	2623.99	3	2	2	7	Needs Attention
2523	2025-05-16	2025-07-20	2025-05-01	164	2	2621.01	1310.51	2	3	2	7	At Risk
4895	2024-09-30	2025-10-20	2024-09-01	72	2	2619.19	1309.60	3	2	2	7	Needs Attention
453	2024-12-18	2025-06-08	2024-12-01	206	2	2617.59	1308.80	2	3	2	7	At Risk
1616	2025-10-22	2025-10-22	2025-10-01	70	1	2613.65	2613.65	3	2	2	7	Needs Attention
5059	2025-05-01	2025-10-27	2025-05-01	65	2	2611.11	1305.56	3	2	2	7	Needs Attention
4626	2024-12-14	2025-02-03	2024-12-01	331	2	2609.72	1304.86	2	3	2	7	At Risk
5302	2025-05-26	2025-08-15	2025-05-01	138	2	2609.21	1304.61	3	2	2	7	Needs Attention
535	2025-03-09	2025-06-17	2025-03-01	197	2	2600.47	1300.24	2	3	2	7	At Risk
2417	2024-10-18	2025-01-12	2024-10-01	353	2	2596.28	1298.14	2	3	2	7	At Risk
2139	2024-12-29	2025-02-26	2024-12-01	308	2	2577.84	1288.92	2	3	2	7	At Risk
2837	2024-08-18	2025-06-10	2024-08-01	204	2	2574.52	1287.26	2	3	2	7	At Risk
1363	2025-01-08	2025-06-04	2025-01-01	210	2	2571.92	1285.96	2	3	2	7	At Risk
1212	2025-10-15	2025-10-15	2025-10-01	77	1	2556.19	2556.19	3	2	2	7	Needs Attention
43	2024-04-28	2024-10-03	2024-04-01	454	2	2551.85	1275.93	2	3	2	7	At Risk
202	2024-09-19	2025-06-03	2024-09-01	211	2	2545.28	1272.64	2	3	2	7	At Risk
2684	2025-04-12	2025-08-06	2025-04-01	147	2	2528.86	1264.43	2	3	2	7	At Risk
4041	2024-12-19	2025-08-06	2024-12-01	147	2	2526.92	1263.46	2	3	2	7	At Risk
1292	2024-08-24	2025-01-12	2024-08-01	353	2	2517.64	1258.82	2	3	2	7	At Risk
2732	2025-02-11	2025-05-02	2025-02-01	243	2	2514.94	1257.47	2	3	2	7	At Risk
19	2024-02-28	2025-06-12	2024-02-01	202	2	2504.55	1252.28	2	3	2	7	At Risk
1741	2024-07-05	2025-02-10	2024-07-01	324	2	2502.08	1251.04	2	3	2	7	At Risk
6845	2024-07-01	2025-09-02	2024-07-01	120	2	2501.52	1250.76	3	2	2	7	Needs Attention
3150	2025-03-20	2025-04-19	2025-03-01	256	2	2498.46	1249.23	2	3	2	7	At Risk
2175	2025-08-17	2025-08-17	2025-08-01	136	1	2491.58	2491.58	3	2	2	7	Needs Attention
2502	2024-07-15	2024-10-19	2024-07-01	438	2	2485.19	1242.60	2	3	2	7	At Risk
1004	2024-04-20	2025-04-30	2024-04-01	245	2	2484.54	1242.27	2	3	2	7	At Risk
4663	2024-01-14	2025-04-06	2024-01-01	269	2	2477.90	1238.95	2	3	2	7	At Risk
601	2025-04-23	2025-05-24	2025-04-01	221	2	2459.18	1229.59	2	3	2	7	At Risk
2755	2024-11-25	2025-01-15	2024-11-01	350	2	2455.43	1227.72	2	3	2	7	At Risk
5847	2025-05-13	2025-08-29	2025-05-01	124	2	2453.66	1226.83	3	2	2	7	Needs Attention
2177	2024-11-14	2025-05-24	2024-11-01	221	2	2434.98	1217.49	2	3	2	7	At Risk
5753	2025-12-09	2025-12-09	2025-12-01	22	1	2433.35	2433.35	4	1	2	7	New Customers
2722	2025-10-06	2025-10-06	2025-10-01	86	1	2431.31	2431.31	3	2	2	7	Needs Attention
4328	2024-01-05	2025-01-09	2024-01-01	356	6	2431.21	405.20	2	3	2	7	At Risk
2102	2025-04-26	2025-06-17	2025-04-01	197	2	2430.62	1215.31	2	3	2	7	At Risk
3979	2024-03-09	2025-07-02	2024-03-01	182	2	2428.35	1214.18	2	3	2	7	At Risk
2586	2024-10-25	2024-11-25	2024-10-01	401	2	2416.57	1208.29	2	3	2	7	At Risk
2038	2025-03-21	2025-08-07	2025-03-01	146	2	2392.45	1196.23	2	3	2	7	At Risk
831	2025-05-21	2025-07-10	2025-05-01	174	2	2390.32	1195.16	2	3	2	7	At Risk
365	2024-10-20	2025-07-21	2024-10-01	163	2	2379.56	1189.78	2	3	2	7	At Risk
3062	2025-10-08	2025-10-08	2025-10-01	84	1	2376.60	2376.60	3	2	2	7	Needs Attention
4681	2024-05-25	2024-08-11	2024-05-01	507	2	2364.59	1182.30	2	3	2	7	At Risk
3703	2025-03-16	2025-05-13	2025-03-01	232	2	2350.02	1175.01	2	3	2	7	At Risk
1064	2024-10-21	2025-07-17	2024-10-01	167	2	2346.70	1173.35	2	3	2	7	At Risk
5932	2025-11-20	2025-11-20	2025-11-01	41	1	2335.80	2335.80	4	1	2	7	New Customers
4021	2024-05-15	2024-09-25	2024-05-01	462	2	2333.00	1166.50	2	3	2	7	At Risk
6492	2025-11-16	2025-11-16	2025-11-01	45	1	2331.52	2331.52	4	1	2	7	New Customers
4477	2025-05-05	2025-06-14	2025-05-01	200	2	2327.58	1163.79	2	3	2	7	At Risk
5328	2025-04-16	2025-08-14	2025-04-01	139	2	2327.54	1163.77	3	2	2	7	Needs Attention
2794	2025-02-10	2025-07-20	2025-02-01	164	2	2322.09	1161.05	2	3	2	7	At Risk
682	2025-09-09	2025-09-09	2025-09-01	113	1	2314.31	2314.31	3	2	2	7	Needs Attention
1467	2024-04-15	2025-01-27	2024-04-01	338	2	2297.73	1148.87	2	3	2	7	At Risk
6174	2024-11-03	2025-09-10	2024-11-01	112	2	2282.96	1141.48	3	2	2	7	Needs Attention
7309	2025-05-27	2025-10-16	2025-05-01	76	2	2279.85	1139.93	3	2	2	7	Needs Attention
3861	2025-01-02	2025-05-18	2025-01-01	227	4	2273.85	568.46	2	3	2	7	At Risk
7998	2025-12-11	2025-12-11	2025-12-01	20	1	2269.69	2269.69	4	1	2	7	New Customers
3162	2024-08-01	2025-02-03	2024-08-01	331	2	2269.57	1134.79	2	3	2	7	At Risk
6648	2025-05-29	2025-09-17	2025-05-01	105	2	2269.46	1134.73	3	2	2	7	Needs Attention
7880	2025-11-14	2025-11-14	2025-11-01	47	1	2267.69	2267.69	4	1	2	7	New Customers
1339	2024-06-12	2024-12-26	2024-06-01	370	2	2261.35	1130.68	2	3	2	7	At Risk
966	2024-06-03	2025-01-17	2024-06-01	348	2	2258.50	1129.25	2	3	2	7	At Risk
512	2024-09-03	2024-10-14	2024-09-01	443	2	2256.02	1128.01	2	3	2	7	At Risk
6663	2025-05-23	2025-09-01	2025-05-01	121	2	2244.71	1122.36	3	2	2	7	Needs Attention
3337	2024-10-25	2025-06-11	2024-10-01	203	2	2241.16	1120.58	2	3	2	7	At Risk
591	2024-10-18	2025-07-29	2024-10-01	155	2	2221.64	1110.82	2	3	2	7	At Risk
1678	2024-07-05	2024-11-20	2024-07-01	406	2	2217.33	1108.67	2	3	2	7	At Risk
3586	2025-11-15	2025-11-15	2025-11-01	46	1	2216.88	2216.88	4	1	2	7	New Customers
2331	2025-03-17	2025-05-05	2025-03-01	240	2	2208.28	1104.14	2	3	2	7	At Risk
6466	2024-10-20	2025-09-13	2024-10-01	109	2	2198.85	1099.43	3	2	2	7	Needs Attention
999	2024-06-21	2025-03-19	2024-06-01	287	2	2196.66	1098.33	2	3	2	7	At Risk
5651	2024-12-23	2025-10-07	2024-12-01	85	2	2195.03	1097.52	3	2	2	7	Needs Attention
3818	2024-03-14	2025-06-10	2024-03-01	204	2	2191.48	1095.74	2	3	2	7	At Risk
5612	2024-09-05	2025-09-23	2024-09-01	99	2	2190.62	1095.31	3	2	2	7	Needs Attention
6706	2024-10-07	2025-09-03	2024-10-01	119	2	2187.09	1093.55	3	2	2	7	Needs Attention
4076	2025-12-12	2025-12-12	2025-12-01	19	1	2186.69	2186.69	4	1	2	7	New Customers
908	2025-08-26	2025-08-26	2025-08-01	127	1	2181.68	2181.68	3	2	2	7	Needs Attention
84	2025-05-27	2025-07-11	2025-05-01	173	2	2177.14	1088.57	2	3	2	7	At Risk
488	2024-09-19	2025-05-06	2024-09-01	239	2	2175.48	1087.74	2	3	2	7	At Risk
1130	2024-07-22	2025-01-11	2024-07-01	354	2	2171.62	1085.81	2	3	2	7	At Risk
2141	2024-07-05	2025-05-14	2024-07-01	231	2	2170.56	1085.28	2	3	2	7	At Risk
4379	2025-12-09	2025-12-09	2025-12-01	22	1	2159.28	2159.28	4	1	2	7	New Customers
4739	2024-08-02	2025-04-23	2024-08-01	252	2	2155.03	1077.52	2	3	2	7	At Risk
4048	2025-03-08	2025-06-27	2025-03-01	187	2	2153.36	1076.68	2	3	2	7	At Risk
4521	2025-02-12	2025-04-02	2025-02-01	273	2	2150.86	1075.43	2	3	2	7	At Risk
5899	2025-03-02	2025-09-02	2025-03-01	120	2	2149.79	1074.90	3	2	2	7	Needs Attention
5598	2025-04-08	2025-11-06	2025-04-01	55	2	2145.01	1072.51	3	2	2	7	Needs Attention
2727	2025-01-27	2025-08-09	2025-01-01	144	2	2138.76	1069.38	2	3	2	7	At Risk
4319	2024-01-02	2024-12-09	2024-01-01	387	2	2136.90	1068.45	2	3	2	7	At Risk
3828	2024-07-16	2025-05-24	2024-07-01	221	2	2132.51	1066.26	2	3	2	7	At Risk
1821	2025-11-05	2025-11-05	2025-11-01	56	1	2132.15	2132.15	3	2	2	7	Needs Attention
906	2025-04-23	2025-07-09	2025-04-01	175	2	2122.88	1061.44	2	3	2	7	At Risk
1206	2025-08-15	2025-08-15	2025-08-01	138	1	2120.00	2120.00	3	2	2	7	Needs Attention
7881	2025-04-27	2025-08-14	2025-04-01	139	2	2114.23	1057.12	3	2	2	7	Needs Attention
600	2025-04-27	2025-05-31	2025-04-01	214	2	2112.13	1056.07	2	3	2	7	At Risk
884	2025-05-28	2025-08-03	2025-05-01	150	2	2111.00	1055.50	2	3	2	7	At Risk
1247	2024-09-14	2025-07-08	2024-09-01	176	2	2086.82	1043.41	2	3	2	7	At Risk
4628	2025-12-06	2025-12-06	2025-12-01	25	1	2084.98	2084.98	4	1	2	7	New Customers
5118	2025-11-27	2025-11-27	2025-11-01	34	1	2078.24	2078.24	4	1	2	7	New Customers
377	2024-11-12	2025-05-08	2024-11-01	237	2	2075.08	1037.54	2	3	2	7	At Risk
2003	2025-05-05	2025-07-08	2025-05-01	176	2	2074.82	1037.41	2	3	2	7	At Risk
4312	2025-01-25	2025-06-05	2025-01-01	209	2	2071.78	1035.89	2	3	2	7	At Risk
2990	2024-07-26	2024-12-28	2024-07-01	368	2	2063.47	1031.74	2	3	2	7	At Risk
3843	2024-10-10	2025-08-01	2024-10-01	152	2	2062.65	1031.33	2	3	2	7	At Risk
153	2024-06-09	2025-04-06	2024-06-01	269	2	2057.90	1028.95	2	3	2	7	At Risk
486	2024-11-22	2025-07-11	2024-11-01	173	2	2057.76	1028.88	2	3	2	7	At Risk
1666	2024-06-25	2025-02-10	2024-06-01	324	2	2049.93	1024.97	2	3	2	7	At Risk
4196	2025-04-26	2025-06-12	2025-04-01	202	2	2045.95	1022.98	2	3	2	7	At Risk
4145	2024-10-19	2025-01-13	2024-10-01	352	2	2044.44	1022.22	2	3	2	7	At Risk
3270	2025-02-24	2025-04-25	2025-02-01	250	2	2033.42	1016.71	2	3	2	7	At Risk
2969	2025-04-18	2025-05-19	2025-04-01	226	2	2031.93	1015.97	2	3	2	7	At Risk
7753	2024-08-04	2025-08-16	2024-08-01	137	2	2028.80	1014.40	3	2	2	7	Needs Attention
7455	2025-11-11	2025-11-11	2025-11-01	50	1	2024.27	2024.27	4	1	2	7	New Customers
261	2025-03-12	2025-06-26	2025-03-01	188	2	2021.99	1011.00	2	3	2	7	At Risk
2924	2024-10-13	2025-07-18	2024-10-01	166	2	2019.83	1009.92	2	3	2	7	At Risk
2758	2024-03-07	2025-04-29	2024-03-01	246	2	2009.75	1004.88	2	3	2	7	At Risk
6567	2025-04-22	2025-10-12	2025-04-01	80	2	2002.92	1001.46	3	2	2	7	Needs Attention
4053	2024-07-26	2025-01-02	2024-07-01	363	2	1991.59	995.80	2	3	2	7	At Risk
959	2024-08-19	2025-02-16	2024-08-01	318	2	1985.49	992.75	2	3	2	7	At Risk
4924	2025-05-25	2025-09-06	2025-05-01	116	2	1984.24	992.12	3	2	2	7	Needs Attention
264	2024-06-07	2024-11-28	2024-06-01	398	2	1981.65	990.83	2	3	2	7	At Risk
7267	2024-11-10	2025-10-27	2024-11-01	65	2	1979.46	989.73	3	2	2	7	Needs Attention
7475	2025-01-08	2025-10-29	2025-01-01	63	2	1977.03	988.52	3	2	2	7	Needs Attention
4314	2025-02-19	2025-04-14	2025-02-01	261	2	1975.60	987.80	2	3	2	7	At Risk
1590	2025-09-12	2025-09-12	2025-09-01	110	1	1963.00	1963.00	3	2	2	7	Needs Attention
1088	2025-01-11	2025-04-06	2025-01-01	269	2	1962.80	981.40	2	3	2	7	At Risk
1648	2025-10-28	2025-10-28	2025-10-01	64	1	1960.39	1960.39	3	2	2	7	Needs Attention
7661	2024-05-09	2025-09-11	2024-05-01	111	2	1957.08	978.54	3	2	2	7	Needs Attention
6703	2025-04-07	2025-08-13	2025-04-01	140	2	1954.05	977.03	3	2	2	7	Needs Attention
5080	2025-01-02	2025-08-18	2025-01-01	135	2	1953.94	976.97	3	2	2	7	Needs Attention
6162	2025-12-06	2025-12-06	2025-12-01	25	1	1951.89	1951.89	4	1	2	7	New Customers
2842	2024-05-28	2025-06-18	2024-05-01	196	2	1950.66	975.33	2	3	2	7	At Risk
4773	2024-06-09	2025-04-03	2024-06-01	272	2	1946.66	973.33	2	3	2	7	At Risk
4051	2025-12-07	2025-12-07	2025-12-01	24	1	1945.39	1945.39	4	1	2	7	New Customers
4922	2025-05-25	2025-09-11	2025-05-01	111	2	1945.18	972.59	3	2	2	7	Needs Attention
1440	2024-06-08	2025-05-22	2024-06-01	223	2	1942.85	971.43	2	3	2	7	At Risk
2833	2025-01-05	2025-04-26	2025-01-01	249	2	1940.12	970.06	2	3	2	7	At Risk
3658	2025-01-14	2025-04-10	2025-01-01	265	2	1939.79	969.90	2	3	2	7	At Risk
2168	2024-09-17	2025-07-22	2024-09-01	162	2	1938.48	969.24	2	3	2	7	At Risk
6653	2025-03-19	2025-09-12	2025-03-01	110	2	1931.35	965.68	3	2	2	7	Needs Attention
4138	2025-12-07	2025-12-07	2025-12-01	24	1	1931.13	1931.13	4	1	2	7	New Customers
1942	2024-05-30	2025-03-22	2024-05-01	284	2	1909.12	954.56	2	3	2	7	At Risk
7713	2025-11-21	2025-11-21	2025-11-01	40	1	1901.63	1901.63	4	1	2	7	New Customers
1230	2024-05-02	2024-09-20	2024-05-01	467	2	1892.92	946.46	2	3	2	7	At Risk
5386	2025-12-10	2025-12-10	2025-12-01	21	1	1889.47	1889.47	4	1	2	7	New Customers
3898	2024-06-21	2024-08-02	2024-06-01	516	2	1883.05	941.53	2	3	2	7	At Risk
587	2024-11-27	2025-01-24	2024-11-01	341	2	1874.91	937.46	2	3	2	7	At Risk
6388	2025-11-29	2025-11-29	2025-11-01	32	1	1861.94	1861.94	4	1	2	7	New Customers
1581	2025-01-02	2025-04-30	2025-01-01	245	2	1861.06	930.53	2	3	2	7	At Risk
2646	2025-09-13	2025-09-13	2025-09-01	109	1	1860.00	1860.00	3	2	2	7	Needs Attention
3545	2024-10-14	2025-01-26	2024-10-01	339	2	1851.44	925.72	2	3	2	7	At Risk
6476	2025-03-11	2025-09-23	2025-03-01	99	2	1840.31	920.16	3	2	2	7	Needs Attention
2702	2025-05-09	2025-07-25	2025-05-01	159	2	1837.86	918.93	2	3	2	7	At Risk
1515	2025-02-08	2025-05-31	2025-02-01	214	2	1830.93	915.47	2	3	2	7	At Risk
4799	2025-11-17	2025-11-17	2025-11-01	44	1	1828.96	1828.96	4	1	2	7	New Customers
1450	2024-11-21	2025-03-16	2024-11-01	290	2	1827.06	913.53	2	3	2	7	At Risk
2218	2025-11-02	2025-11-02	2025-11-01	59	1	1825.29	1825.29	3	2	2	7	Needs Attention
2031	2024-11-27	2025-02-14	2024-11-01	320	2	1820.86	910.43	2	3	2	7	At Risk
3871	2024-07-08	2024-10-11	2024-07-01	446	2	1819.21	909.61	2	3	2	7	At Risk
7333	2025-04-03	2025-09-13	2025-04-01	109	2	1818.25	909.13	3	2	2	7	Needs Attention
4664	2024-04-27	2025-01-14	2024-04-01	351	2	1807.28	903.64	2	3	2	7	At Risk
133	2025-05-30	2025-07-16	2025-05-01	168	2	1807.04	903.52	2	3	2	7	At Risk
6802	2025-12-03	2025-12-03	2025-12-01	28	1	1799.25	1799.25	4	1	2	7	New Customers
6094	2024-10-18	2025-10-13	2024-10-01	79	2	1796.10	898.05	3	2	2	7	Needs Attention
1749	2025-08-29	2025-08-29	2025-08-01	124	1	1792.22	1792.22	3	2	2	7	Needs Attention
2147	2025-01-12	2025-07-26	2025-01-01	158	2	1785.61	892.81	2	3	2	7	At Risk
4043	2025-05-11	2025-08-04	2025-05-01	149	2	1782.78	891.39	2	3	2	7	At Risk
6725	2025-05-28	2025-09-11	2025-05-01	111	2	1768.93	884.47	3	2	2	7	Needs Attention
2660	2025-05-08	2025-07-16	2025-05-01	168	2	1765.34	882.67	2	3	2	7	At Risk
1947	2024-01-23	2024-11-24	2024-01-01	402	2	1746.06	873.03	2	3	2	7	At Risk
1790	2024-07-06	2025-02-20	2024-07-01	314	2	1736.18	868.09	2	3	2	7	At Risk
4808	2025-05-28	2025-10-29	2025-05-01	63	2	1732.06	866.03	3	2	2	7	Needs Attention
2769	2024-12-27	2025-02-12	2024-12-01	322	2	1730.37	865.19	2	3	2	7	At Risk
4937	2025-02-07	2025-11-05	2025-02-01	56	2	1727.20	863.60	3	2	2	7	Needs Attention
4205	2025-04-08	2025-05-08	2025-04-01	237	2	1726.22	863.11	2	3	2	7	At Risk
6734	2025-02-07	2025-08-13	2025-02-01	140	2	1725.89	862.95	3	2	2	7	Needs Attention
3583	2025-11-09	2025-11-09	2025-11-01	52	1	1719.02	1719.02	4	1	2	7	New Customers
2188	2024-05-28	2025-06-13	2024-05-01	201	2	1713.37	856.69	2	3	2	7	At Risk
2877	2024-02-26	2025-05-05	2024-02-01	240	2	1712.09	856.05	2	3	2	7	At Risk
2599	2025-08-11	2025-08-11	2025-08-01	142	1	1708.08	1708.08	3	2	2	7	Needs Attention
2062	2025-11-06	2025-11-06	2025-11-01	55	1	1706.72	1706.72	3	2	2	7	Needs Attention
4769	2025-05-26	2025-07-20	2025-05-01	164	2	1703.97	851.99	2	3	2	7	At Risk
3631	2025-05-05	2025-07-20	2025-05-01	164	2	1703.73	851.87	2	3	2	7	At Risk
2381	2025-05-20	2025-07-20	2025-05-01	164	2	1694.75	847.38	2	3	2	7	At Risk
7362	2024-11-20	2025-09-29	2024-11-01	93	2	1694.74	847.37	3	2	2	7	Needs Attention
2613	2025-01-25	2025-04-20	2025-01-01	255	2	1693.33	846.67	2	3	2	7	At Risk
1860	2025-05-09	2025-07-12	2025-05-01	172	2	1678.10	839.05	2	3	2	7	At Risk
4366	2024-02-03	2024-07-14	2024-02-01	535	2	1673.61	836.81	2	3	2	7	At Risk
3440	2024-08-03	2025-06-15	2024-08-01	199	2	1663.50	831.75	2	3	2	7	At Risk
4578	2025-02-25	2025-05-12	2025-02-01	233	2	1658.19	829.10	2	3	2	7	At Risk
1425	2025-11-04	2025-11-04	2025-11-01	57	1	1655.07	1655.07	3	2	2	7	Needs Attention
2085	2024-08-01	2024-10-30	2024-08-01	427	2	1652.67	826.34	2	3	2	7	At Risk
4309	2025-03-21	2025-05-04	2025-03-01	241	2	1649.97	824.99	2	3	2	7	At Risk
3412	2024-01-05	2024-10-18	2024-01-01	439	2	1646.61	823.31	2	3	2	7	At Risk
397	2024-06-04	2024-07-15	2024-06-01	534	2	1643.40	821.70	2	3	2	7	At Risk
5941	2025-04-03	2025-09-07	2025-04-01	115	2	1638.99	819.50	3	2	2	7	Needs Attention
5736	2025-03-02	2025-09-18	2025-03-01	104	2	1635.40	817.70	3	2	2	7	Needs Attention
7974	2025-05-18	2025-08-14	2025-05-01	139	2	1635.20	817.60	3	2	2	7	Needs Attention
2071	2025-05-07	2025-06-09	2025-05-01	205	2	1626.47	813.24	2	3	2	7	At Risk
3603	2025-03-08	2025-05-11	2025-03-01	234	2	1623.61	811.81	2	3	2	7	At Risk
683	2025-10-14	2025-10-14	2025-10-01	78	1	1621.37	1621.37	3	2	2	7	Needs Attention
252	2025-05-11	2025-07-12	2025-05-01	172	2	1619.67	809.84	2	3	2	7	At Risk
1518	2025-10-16	2025-10-16	2025-10-01	76	1	1618.88	1618.88	3	2	2	7	Needs Attention
477	2024-11-24	2025-02-08	2024-11-01	326	2	1612.39	806.20	2	3	2	7	At Risk
270	2025-01-02	2025-04-14	2025-01-01	261	2	1607.13	803.57	2	3	2	7	At Risk
780	2025-04-04	2025-05-05	2025-04-01	240	2	1597.19	798.60	2	3	2	7	At Risk
5896	2025-05-08	2025-09-12	2025-05-01	110	2	1590.61	795.31	3	2	2	7	Needs Attention
2537	2025-01-23	2025-07-02	2025-01-01	182	2	1588.97	794.49	2	3	2	7	At Risk
5917	2025-11-24	2025-11-24	2025-11-01	37	1	1587.98	1587.98	4	1	2	7	New Customers
4346	2025-04-21	2025-06-10	2025-04-01	204	2	1581.34	790.67	2	3	2	7	At Risk
1656	2025-04-03	2025-07-06	2025-04-01	178	2	1575.87	787.94	2	3	2	7	At Risk
686	2025-05-04	2025-08-03	2025-05-01	150	2	1561.25	780.63	2	3	2	7	At Risk
7537	2025-11-16	2025-11-16	2025-11-01	45	1	1560.35	1560.35	4	1	2	7	New Customers
4627	2024-07-25	2024-08-31	2024-07-01	487	2	1558.49	779.25	2	3	2	7	At Risk
2482	2024-08-01	2024-11-04	2024-08-01	422	2	1554.56	777.28	2	3	2	7	At Risk
6508	2025-05-30	2025-10-12	2025-05-01	80	2	1547.04	773.52	3	2	2	7	Needs Attention
1618	2025-01-02	2025-06-08	2025-01-01	206	2	1544.47	772.24	2	3	2	7	At Risk
767	2025-08-30	2025-08-30	2025-08-01	123	1	1525.52	1525.52	3	2	2	7	Needs Attention
4122	2025-04-20	2025-07-06	2025-04-01	178	2	1521.25	760.63	2	3	2	7	At Risk
705	2024-11-19	2025-02-23	2024-11-01	311	2	1520.40	760.20	2	3	2	7	At Risk
3232	2025-04-24	2025-07-22	2025-04-01	162	2	1504.91	752.46	2	3	2	7	At Risk
7727	2024-09-01	2025-10-06	2024-09-01	86	2	1504.20	752.10	3	2	2	7	Needs Attention
6305	2024-12-18	2025-10-29	2024-12-01	63	2	1502.43	751.22	3	2	2	7	Needs Attention
2687	2025-09-10	2025-09-10	2025-09-01	112	1	1497.40	1497.40	3	2	2	7	Needs Attention
393	2024-12-22	2025-05-18	2024-12-01	227	2	1494.03	747.02	2	3	2	7	At Risk
1627	2024-09-10	2025-06-03	2024-09-01	211	2	1491.65	745.83	2	3	2	7	At Risk
2977	2025-10-27	2025-10-27	2025-10-01	65	1	1489.36	1489.36	3	2	2	7	Needs Attention
214	2025-05-27	2025-07-12	2025-05-01	172	2	1485.69	742.85	2	3	2	7	At Risk
2365	2025-04-23	2025-07-25	2025-04-01	159	2	1480.95	740.48	2	3	2	7	At Risk
6620	2025-01-09	2025-08-13	2025-01-01	140	2	1470.68	735.34	3	2	2	7	Needs Attention
1730	2024-07-07	2025-05-07	2024-07-01	238	2	1466.00	733.00	2	3	2	7	At Risk
2642	2024-12-05	2025-06-18	2024-12-01	196	2	1449.93	724.97	2	3	2	7	At Risk
2743	2025-01-24	2025-04-27	2025-01-01	248	2	1447.77	723.89	2	3	2	7	At Risk
4974	2025-11-24	2025-11-24	2025-11-01	37	1	1439.61	1439.61	4	1	2	7	New Customers
1290	2024-03-03	2024-07-08	2024-03-01	541	2	1425.39	712.70	2	3	2	7	At Risk
4278	2024-06-24	2025-03-05	2024-06-01	301	2	1422.57	711.29	2	3	2	7	At Risk
5037	2024-12-29	2025-10-04	2024-12-01	88	2	1420.16	710.08	3	2	2	7	Needs Attention
3478	2024-12-29	2025-04-06	2024-12-01	269	2	1414.84	707.42	2	3	2	7	At Risk
580	2024-10-19	2025-06-24	2024-10-01	190	2	1409.95	704.98	2	3	2	7	At Risk
3043	2024-05-28	2024-10-08	2024-05-01	449	2	1407.95	703.98	2	3	2	7	At Risk
1921	2024-12-09	2025-02-23	2024-12-01	311	2	1402.54	701.27	2	3	2	7	At Risk
2551	2025-08-25	2025-08-25	2025-08-01	128	1	1401.58	1401.58	3	2	2	7	Needs Attention
1374	2025-04-03	2025-08-03	2025-04-01	150	2	1395.67	697.84	2	3	2	7	At Risk
4805	2025-02-25	2025-08-08	2025-02-01	145	2	1376.49	688.25	2	3	2	7	At Risk
1326	2025-10-20	2025-10-20	2025-10-01	72	1	1376.33	1376.33	3	2	2	7	Needs Attention
5908	2025-05-17	2025-08-26	2025-05-01	127	2	1375.39	687.70	3	2	2	7	Needs Attention
4771	2025-02-05	2025-03-28	2025-02-01	278	2	1365.94	682.97	2	3	2	7	At Risk
7194	2025-05-26	2025-09-04	2025-05-01	118	2	1355.62	677.81	3	2	2	7	Needs Attention
449	2025-01-10	2025-07-28	2025-01-01	156	2	1350.61	675.31	2	3	2	7	At Risk
7530	2025-12-06	2025-12-06	2025-12-01	25	1	1336.16	1336.16	4	1	2	7	New Customers
1158	2024-09-19	2025-04-10	2024-09-01	265	2	1331.96	665.98	2	3	2	7	At Risk
891	2024-01-27	2024-10-03	2024-01-01	454	2	1325.63	662.82	2	3	2	7	At Risk
3028	2025-04-08	2025-08-08	2025-04-01	145	2	1323.01	661.51	2	3	2	7	At Risk
240	2025-04-26	2025-06-05	2025-04-01	209	2	1317.85	658.93	2	3	2	7	At Risk
2300	2025-10-12	2025-10-12	2025-10-01	80	1	1312.28	1312.28	3	2	2	7	Needs Attention
6730	2025-11-15	2025-11-15	2025-11-01	46	1	1306.53	1306.53	4	1	2	7	New Customers
269	2025-09-17	2025-09-17	2025-09-01	105	1	1305.00	1305.00	3	2	2	7	Needs Attention
914	2025-09-11	2025-09-11	2025-09-01	111	1	1298.85	1298.85	3	2	2	7	Needs Attention
4135	2025-05-22	2025-06-28	2025-05-01	186	2	1298.58	649.29	2	3	2	7	At Risk
3804	2024-01-02	2025-06-16	2024-01-01	198	2	1294.99	647.50	2	3	2	7	At Risk
235	2025-08-30	2025-08-30	2025-08-01	123	1	1288.90	1288.90	3	2	2	7	Needs Attention
1370	2024-10-14	2024-11-25	2024-10-01	401	2	1287.80	643.90	2	3	2	7	At Risk
5812	2025-11-08	2025-11-08	2025-11-01	53	1	1286.14	1286.14	4	1	2	7	New Customers
619	2025-11-03	2025-11-03	2025-11-01	58	1	1286.02	1286.02	3	2	2	7	Needs Attention
2891	2024-01-29	2025-03-11	2024-01-01	295	2	1284.80	642.40	2	3	2	7	At Risk
6772	2025-03-28	2025-09-15	2025-03-01	107	2	1282.41	641.21	3	2	2	7	Needs Attention
2935	2025-03-28	2025-05-06	2025-03-01	239	2	1279.66	639.83	2	3	2	7	At Risk
5514	2025-05-01	2025-09-07	2025-05-01	115	2	1275.69	637.85	3	2	2	7	Needs Attention
3739	2025-11-16	2025-11-16	2025-11-01	45	1	1270.02	1270.02	4	1	2	7	New Customers
615	2025-02-20	2025-04-03	2025-02-01	272	2	1266.07	633.04	2	3	2	7	At Risk
820	2024-04-20	2024-12-28	2024-04-01	368	2	1263.17	631.59	2	3	2	7	At Risk
2830	2025-04-25	2025-08-01	2025-04-01	152	2	1260.15	630.08	2	3	2	7	At Risk
2720	2025-04-30	2025-06-16	2025-04-01	198	2	1257.33	628.67	2	3	2	7	At Risk
1560	2025-10-05	2025-10-05	2025-10-01	87	1	1251.49	1251.49	3	2	2	7	Needs Attention
3301	2025-11-15	2025-11-15	2025-11-01	46	1	1239.31	1239.31	4	1	2	7	New Customers
1053	2025-01-17	2025-04-20	2025-01-01	255	2	1235.36	617.68	2	3	2	7	At Risk
3054	2024-06-06	2025-07-02	2024-06-01	182	2	1231.75	615.88	2	3	2	7	At Risk
1999	2024-02-13	2025-07-14	2024-02-01	170	2	1230.56	615.28	2	3	2	7	At Risk
3268	2024-10-07	2025-04-25	2024-10-01	250	2	1228.55	614.28	2	3	2	7	At Risk
1905	2025-05-06	2025-09-17	2025-05-01	105	2	1227.24	613.62	3	3	1	7	Needs Attention
4619	2025-04-08	2025-11-05	2025-04-01	56	2	1220.54	610.27	3	3	1	7	Needs Attention
2426	2024-11-06	2025-09-10	2024-11-01	112	2	1207.67	603.84	3	3	1	7	Needs Attention
2811	2024-09-26	2025-08-12	2024-09-01	141	2	1202.29	601.15	3	3	1	7	Needs Attention
3029	2025-02-11	2025-09-06	2025-02-01	116	2	1191.49	595.75	3	3	1	7	Needs Attention
2439	2025-04-16	2025-08-15	2025-04-01	138	2	1184.72	592.36	3	3	1	7	Needs Attention
3113	2024-12-29	2025-10-25	2024-12-01	67	2	1184.62	592.31	3	3	1	7	Needs Attention
1181	2025-04-25	2025-09-16	2025-04-01	106	2	1154.52	577.26	3	3	1	7	Needs Attention
7099	2024-08-16	2025-12-09	2024-08-01	22	2	1147.45	573.73	4	2	1	7	Potential Loyalists
2786	2025-05-26	2025-11-02	2025-05-01	59	2	1129.51	564.76	3	3	1	7	Needs Attention
3884	2025-01-05	2025-10-26	2025-01-01	66	2	1127.46	563.73	3	3	1	7	Needs Attention
7305	2025-04-12	2025-12-01	2025-04-01	30	2	1120.15	560.08	4	2	1	7	Potential Loyalists
5663	2025-05-14	2025-12-01	2025-05-01	30	2	1113.60	556.80	4	2	1	7	Potential Loyalists
1358	2025-11-07	2025-11-07	2025-11-01	54	1	1109.64	1109.64	4	2	1	7	Potential Loyalists
76	2025-04-13	2025-10-04	2025-04-01	88	2	1103.74	551.87	3	3	1	7	Needs Attention
785	2025-11-30	2025-11-30	2025-11-01	31	1	1098.16	1098.16	4	2	1	7	Potential Loyalists
5551	2024-02-07	2025-12-01	2024-02-01	30	2	1090.85	545.43	4	2	1	7	Potential Loyalists
7057	2025-12-30	2025-12-30	2025-12-01	1	1	1088.38	1088.38	5	1	1	7	New Customers
6037	2024-12-05	2025-11-09	2024-12-01	52	2	1055.63	527.82	4	2	1	7	Potential Loyalists
5931	2025-03-10	2025-11-25	2025-03-01	36	2	1014.37	507.19	4	2	1	7	Potential Loyalists
251	2025-11-28	2025-11-28	2025-11-01	33	1	1012.42	1012.42	4	2	1	7	Potential Loyalists
4966	2025-02-02	2025-11-29	2025-02-01	32	2	1001.28	500.64	4	2	1	7	Potential Loyalists
4693	2025-05-29	2025-10-09	2025-05-01	83	2	995.61	497.81	3	3	1	7	Needs Attention
4893	2025-12-26	2025-12-26	2025-12-01	5	1	995.32	995.32	5	1	1	7	New Customers
5697	2025-12-26	2025-12-26	2025-12-01	5	1	988.96	988.96	5	1	1	7	New Customers
7917	2025-05-23	2025-12-01	2025-05-01	30	2	988.49	494.25	4	2	1	7	Potential Loyalists
4431	2024-12-22	2025-09-04	2024-12-01	118	2	978.21	489.11	3	3	1	7	Needs Attention
3491	2025-05-08	2025-08-28	2025-05-01	125	2	961.34	480.67	3	3	1	7	Needs Attention
6611	2025-05-15	2025-11-18	2025-05-01	43	2	954.29	477.15	4	2	1	7	Potential Loyalists
2060	2025-12-03	2025-12-03	2025-12-01	28	1	936.74	936.74	4	2	1	7	Potential Loyalists
6980	2025-04-23	2025-11-10	2025-04-01	51	2	927.06	463.53	4	2	1	7	Potential Loyalists
5315	2025-12-14	2025-12-14	2025-12-01	17	1	918.47	918.47	5	1	1	7	New Customers
6358	2025-04-06	2025-11-28	2025-04-01	33	2	918.16	459.08	4	2	1	7	Potential Loyalists
1271	2024-07-26	2025-10-15	2024-07-01	77	2	899.08	449.54	3	3	1	7	Needs Attention
5261	2024-11-24	2025-12-11	2024-11-01	20	2	889.14	444.57	4	2	1	7	Potential Loyalists
6316	2025-12-24	2025-12-24	2025-12-01	7	1	876.26	876.26	5	1	1	7	New Customers
2186	2024-10-21	2025-10-22	2024-10-01	70	2	864.85	432.43	3	3	1	7	Needs Attention
5561	2025-12-26	2025-12-26	2025-12-01	5	1	864.04	864.04	5	1	1	7	New Customers
2930	2025-11-20	2025-11-20	2025-11-01	41	1	854.10	854.10	4	2	1	7	Potential Loyalists
6995	2025-04-23	2025-12-09	2025-04-01	22	2	840.68	420.34	4	2	1	7	Potential Loyalists
3382	2025-12-19	2025-12-19	2025-12-01	12	1	838.68	838.68	5	1	1	7	New Customers
1911	2025-01-22	2025-10-11	2025-01-01	81	2	838.09	419.05	3	3	1	7	Needs Attention
1598	2025-03-27	2025-09-26	2025-03-01	96	2	836.90	418.45	3	3	1	7	Needs Attention
1289	2025-11-22	2025-11-22	2025-11-01	39	1	833.80	833.80	4	2	1	7	Potential Loyalists
4669	2025-12-30	2025-12-30	2025-12-01	1	1	827.37	827.37	5	1	1	7	New Customers
394	2025-12-08	2025-12-08	2025-12-01	23	1	807.77	807.77	4	2	1	7	Potential Loyalists
77	2025-11-27	2025-11-27	2025-11-01	34	1	799.62	799.62	4	2	1	7	Potential Loyalists
6469	2024-10-15	2025-11-21	2024-10-01	40	2	795.61	397.81	4	2	1	7	Potential Loyalists
373	2025-05-23	2025-10-28	2025-05-01	64	2	788.60	394.30	3	3	1	7	Needs Attention
3080	2025-04-07	2025-09-09	2025-04-01	113	2	780.22	390.11	3	3	1	7	Needs Attention
322	2025-11-10	2025-11-10	2025-11-01	51	1	774.66	774.66	4	2	1	7	Potential Loyalists
7819	2024-09-07	2025-11-28	2024-09-01	33	2	772.67	386.34	4	2	1	7	Potential Loyalists
85	2024-10-25	2025-08-30	2024-10-01	123	2	772.48	386.24	3	3	1	7	Needs Attention
1380	2025-04-26	2025-09-04	2025-04-01	118	2	760.57	380.29	3	3	1	7	Needs Attention
606	2025-03-03	2025-09-23	2025-03-01	99	2	758.78	379.39	3	3	1	7	Needs Attention
3842	2025-05-09	2025-08-11	2025-05-01	142	2	752.02	376.01	3	3	1	7	Needs Attention
7176	2025-04-16	2025-11-16	2025-04-01	45	2	751.00	375.50	4	2	1	7	Potential Loyalists
2385	2025-12-02	2025-12-02	2025-12-01	29	1	717.08	717.08	4	2	1	7	Potential Loyalists
2205	2025-12-06	2025-12-06	2025-12-01	25	1	700.57	700.57	4	2	1	7	Potential Loyalists
259	2025-05-06	2025-10-23	2025-05-01	69	2	674.28	337.14	3	3	1	7	Needs Attention
1153	2024-11-16	2025-09-11	2024-11-01	111	2	674.03	337.02	3	3	1	7	Needs Attention
7348	2025-05-29	2025-11-16	2025-05-01	45	2	669.77	334.89	4	2	1	7	Potential Loyalists
448	2025-11-20	2025-11-20	2025-11-01	41	1	658.96	658.96	4	2	1	7	Potential Loyalists
2462	2025-11-27	2025-11-27	2025-11-01	34	1	644.65	644.65	4	2	1	7	Potential Loyalists
6840	2025-05-03	2025-11-23	2025-05-01	38	2	632.13	316.07	4	2	1	7	Potential Loyalists
2256	2025-04-20	2025-09-27	2025-04-01	95	2	617.96	308.98	3	3	1	7	Needs Attention
3681	2025-12-30	2025-12-30	2025-12-01	1	1	606.76	606.76	5	1	1	7	New Customers
7119	2025-12-15	2025-12-15	2025-12-01	16	1	577.13	577.13	5	1	1	7	New Customers
2413	2025-11-27	2025-11-27	2025-11-01	34	1	569.80	569.80	4	2	1	7	Potential Loyalists
1144	2025-11-20	2025-11-20	2025-11-01	41	1	564.63	564.63	4	2	1	7	Potential Loyalists
4501	2025-05-26	2025-09-16	2025-05-01	106	2	544.30	272.15	3	3	1	7	Needs Attention
2036	2025-11-08	2025-11-08	2025-11-01	53	1	529.96	529.96	4	2	1	7	Potential Loyalists
2422	2025-04-14	2025-10-16	2025-04-01	76	2	527.85	263.93	3	3	1	7	Needs Attention
1945	2024-10-21	2025-09-11	2024-10-01	111	2	506.33	253.17	3	3	1	7	Needs Attention
1891	2025-04-16	2025-10-01	2025-04-01	91	2	484.35	242.18	3	3	1	7	Needs Attention
7561	2025-05-24	2025-11-30	2025-05-01	31	2	457.36	228.68	4	2	1	7	Potential Loyalists
1091	2025-11-27	2025-11-27	2025-11-01	34	1	451.13	451.13	4	2	1	7	Potential Loyalists
2685	2025-03-11	2025-08-15	2025-03-01	138	2	427.26	213.63	3	3	1	7	Needs Attention
273	2025-12-08	2025-12-08	2025-12-01	23	1	419.30	419.30	4	2	1	7	Potential Loyalists
501	2024-09-09	2025-10-09	2024-09-01	83	2	391.09	195.55	3	3	1	7	Needs Attention
3965	2025-12-30	2025-12-30	2025-12-01	1	1	383.65	383.65	5	1	1	7	New Customers
2268	2025-12-09	2025-12-09	2025-12-01	22	1	379.26	379.26	4	2	1	7	Potential Loyalists
2550	2025-11-20	2025-11-20	2025-11-01	41	1	334.85	334.85	4	2	1	7	Potential Loyalists
775	2025-11-11	2025-11-11	2025-11-01	50	1	301.56	301.56	4	2	1	7	Potential Loyalists
4496	2025-12-30	2025-12-30	2025-12-01	1	1	289.63	289.63	5	1	1	7	New Customers
3215	2025-12-27	2025-12-27	2025-12-01	4	1	277.70	277.70	5	1	1	7	New Customers
2993	2025-12-08	2025-12-08	2025-12-01	23	1	271.14	271.14	4	2	1	7	Potential Loyalists
2048	2025-11-26	2025-11-26	2025-11-01	35	1	260.10	260.10	4	2	1	7	Potential Loyalists
1596	2025-11-23	2025-11-23	2025-11-01	38	1	234.63	234.63	4	2	1	7	Potential Loyalists
6746	2025-12-19	2025-12-19	2025-12-01	12	1	215.97	215.97	5	1	1	7	New Customers
4057	2025-12-18	2025-12-18	2025-12-01	13	1	212.21	212.21	5	1	1	7	New Customers
6559	2025-12-15	2025-12-15	2025-12-01	16	1	212.06	212.06	5	1	1	7	New Customers
383	2025-11-29	2025-11-29	2025-11-01	32	1	208.89	208.89	4	2	1	7	Potential Loyalists
911	2025-11-15	2025-11-15	2025-11-01	46	1	185.49	185.49	4	2	1	7	Potential Loyalists
6343	2025-12-22	2025-12-22	2025-12-01	9	1	178.68	178.68	5	1	1	7	New Customers
1423	2025-12-05	2025-12-05	2025-12-01	26	1	145.79	145.79	4	2	1	7	Potential Loyalists
1753	2025-12-01	2025-12-01	2025-12-01	30	1	121.61	121.61	4	2	1	7	Potential Loyalists
1071	2025-05-12	2025-09-23	2025-05-01	99	2	108.42	54.21	3	3	1	7	Needs Attention
2118	2025-12-06	2025-12-06	2025-12-01	25	1	90.79	90.79	4	2	1	7	Potential Loyalists
484	2025-12-03	2025-12-03	2025-12-01	28	1	72.89	72.89	4	2	1	7	Potential Loyalists
930	2025-12-07	2025-12-07	2025-12-01	24	1	51.13	51.13	4	2	1	7	Potential Loyalists
1245	2025-12-04	2025-12-04	2025-12-01	27	1	40.26	40.26	4	2	1	7	Potential Loyalists
1214	2025-11-12	2025-11-12	2025-11-01	49	1	35.96	35.96	4	2	1	7	Potential Loyalists
6835	2025-12-20	2025-12-20	2025-12-01	11	1	33.17	33.17	5	1	1	7	New Customers
4202	2024-05-10	2024-05-10	2024-05-01	600	1	8707.66	8707.66	1	1	4	6	High Value At Risk
5665	2024-06-04	2024-06-04	2024-06-01	575	1	8323.52	8323.52	1	1	4	6	High Value At Risk
3198	2025-04-02	2025-04-02	2025-04-01	273	1	7695.51	7695.51	2	1	3	6	Needs Attention
903	2024-04-24	2024-04-24	2024-04-01	616	1	7536.28	7536.28	1	2	3	6	Needs Attention
1601	2024-03-30	2024-03-30	2024-03-01	641	1	7494.50	7494.50	1	2	3	6	Needs Attention
1944	2024-02-19	2024-02-19	2024-02-01	681	1	7411.23	7411.23	1	2	3	6	Needs Attention
2843	2024-01-29	2024-01-29	2024-01-01	702	1	7108.40	7108.40	1	2	3	6	Needs Attention
990	2024-03-02	2024-03-02	2024-03-01	669	1	7081.54	7081.54	1	2	3	6	Needs Attention
652	2024-04-11	2024-04-11	2024-04-01	629	1	6895.54	6895.54	1	2	3	6	Needs Attention
33	2024-01-17	2024-01-17	2024-01-01	714	1	6862.95	6862.95	1	2	3	6	Needs Attention
973	2024-03-06	2024-03-06	2024-03-01	665	1	6446.58	6446.58	1	2	3	6	Needs Attention
6229	2024-02-07	2024-05-14	2024-02-01	596	2	6285.85	3142.93	1	2	3	6	At Risk
328	2024-01-06	2024-01-06	2024-01-01	725	1	5952.55	5952.55	1	2	3	6	Needs Attention
6163	2024-01-31	2024-04-16	2024-01-01	624	2	5566.52	2783.26	1	2	3	6	At Risk
2476	2024-05-20	2024-05-20	2024-05-01	590	1	5532.87	5532.87	1	2	3	6	Needs Attention
2494	2024-04-19	2024-04-19	2024-04-01	621	1	5516.38	5516.38	1	2	3	6	Needs Attention
1974	2024-05-13	2024-05-13	2024-05-01	597	1	5458.43	5458.43	1	2	3	6	Needs Attention
5496	2025-02-13	2025-02-13	2025-02-01	321	1	5442.31	5442.31	2	1	3	6	Needs Attention
2623	2024-04-04	2024-04-04	2024-04-01	636	1	5389.69	5389.69	1	2	3	6	Needs Attention
795	2024-03-31	2024-03-31	2024-03-01	640	1	5286.68	5286.68	1	2	3	6	Needs Attention
7829	2024-04-12	2024-06-06	2024-04-01	573	2	5252.69	2626.35	1	2	3	6	At Risk
5365	2025-05-17	2025-05-17	2025-05-01	228	1	5195.85	5195.85	2	1	3	6	Needs Attention
1357	2024-04-21	2024-04-21	2024-04-01	619	1	5114.87	5114.87	1	2	3	6	Needs Attention
5184	2025-04-21	2025-04-21	2025-04-01	254	1	5042.26	5042.26	2	1	3	6	Needs Attention
401	2024-02-05	2024-02-05	2024-02-01	695	1	5018.95	5018.95	1	2	3	6	Needs Attention
1277	2024-06-08	2024-06-08	2024-06-01	571	1	5014.33	5014.33	1	2	3	6	Needs Attention
6723	2025-07-10	2025-07-10	2025-07-01	174	1	4925.44	4925.44	2	1	3	6	Needs Attention
7411	2025-07-23	2025-07-23	2025-07-01	161	1	4859.66	4859.66	2	1	3	6	Needs Attention
761	2024-06-21	2024-06-21	2024-06-01	558	1	4779.54	4779.54	1	2	3	6	Needs Attention
2069	2024-06-23	2024-06-23	2024-06-01	556	1	4673.58	4673.58	1	2	3	6	Needs Attention
5272	2025-06-03	2025-06-03	2025-06-01	211	1	4663.41	4663.41	2	1	3	6	Needs Attention
2407	2024-04-18	2024-04-18	2024-04-01	622	1	4616.48	4616.48	1	2	3	6	Needs Attention
2460	2024-03-28	2024-03-28	2024-03-01	643	1	4486.58	4486.58	1	2	3	6	Needs Attention
692	2024-04-19	2024-04-19	2024-04-01	621	1	4435.22	4435.22	1	2	3	6	Needs Attention
7067	2025-07-25	2025-07-25	2025-07-01	159	1	4411.84	4411.84	2	1	3	6	Needs Attention
1700	2024-06-07	2024-06-07	2024-06-01	572	1	4284.92	4284.92	1	2	3	6	Needs Attention
3817	2025-04-17	2025-04-17	2025-04-01	258	1	4284.72	4284.72	2	1	3	6	Needs Attention
2367	2024-04-22	2024-04-22	2024-04-01	618	1	4280.44	4280.44	1	2	3	6	Needs Attention
1456	2024-03-16	2024-03-16	2024-03-01	655	1	4253.68	4253.68	1	2	3	6	Needs Attention
4442	2025-05-08	2025-05-08	2025-05-01	237	1	4232.56	4232.56	2	1	3	6	Needs Attention
4316	2025-04-03	2025-04-03	2025-04-01	272	1	4230.87	4230.87	2	1	3	6	Needs Attention
546	2024-02-16	2024-02-16	2024-02-01	684	1	4145.42	4145.42	1	2	3	6	Needs Attention
1750	2024-03-12	2024-03-12	2024-03-01	659	1	4119.72	4119.72	1	2	3	6	Needs Attention
2255	2024-05-28	2024-05-28	2024-05-01	582	1	4079.11	4079.11	1	2	3	6	Needs Attention
6396	2025-01-02	2025-01-02	2025-01-01	363	1	4068.98	4068.98	2	1	3	6	Needs Attention
858	2024-04-16	2024-04-16	2024-04-01	624	1	4024.90	4024.90	1	2	3	6	Needs Attention
5416	2024-08-08	2024-08-08	2024-08-01	510	1	3992.01	3992.01	2	1	3	6	Needs Attention
1697	2024-05-25	2024-05-25	2024-05-01	585	1	3981.84	3981.84	1	2	3	6	Needs Attention
6004	2024-06-29	2024-06-29	2024-06-01	550	1	3967.18	3967.18	2	1	3	6	Needs Attention
109	2024-05-31	2024-05-31	2024-05-01	579	1	3909.22	3909.22	1	2	3	6	Needs Attention
1806	2024-03-22	2024-03-22	2024-03-01	649	1	3856.70	3856.70	1	2	3	6	Needs Attention
4970	2025-08-09	2025-08-09	2025-08-01	144	1	3844.44	3844.44	2	1	3	6	Needs Attention
680	2024-01-25	2024-01-25	2024-01-01	706	1	3795.87	3795.87	1	2	3	6	Needs Attention
3435	2024-09-16	2024-09-16	2024-09-01	471	1	3762.39	3762.39	2	1	3	6	Needs Attention
4825	2025-04-29	2025-04-29	2025-04-01	246	1	3744.86	3744.86	2	1	3	6	Needs Attention
6298	2025-08-03	2025-08-03	2025-08-01	150	1	3743.83	3743.83	2	1	3	6	Needs Attention
4608	2025-05-24	2025-05-24	2025-05-01	221	1	3728.83	3728.83	2	1	3	6	Needs Attention
1926	2024-01-22	2024-01-22	2024-01-01	709	1	3726.09	3726.09	1	2	3	6	Needs Attention
2611	2024-02-11	2024-02-11	2024-02-01	689	1	3721.19	3721.19	1	2	3	6	Needs Attention
6590	2025-01-07	2025-01-07	2025-01-01	358	1	3707.08	3707.08	2	1	3	6	Needs Attention
2410	2024-04-15	2024-04-15	2024-04-01	625	1	3684.22	3684.22	1	2	3	6	Needs Attention
2629	2024-04-17	2024-04-17	2024-04-01	623	1	3645.84	3645.84	1	2	3	6	Needs Attention
5939	2025-02-14	2025-02-14	2025-02-01	320	1	3641.28	3641.28	2	1	3	6	Needs Attention
1228	2024-01-17	2024-01-17	2024-01-01	714	1	3614.85	3614.85	1	2	3	6	Needs Attention
6013	2024-02-06	2024-06-01	2024-02-01	578	2	3606.27	1803.14	1	2	3	6	At Risk
7786	2025-01-16	2025-01-16	2025-01-01	349	1	3529.37	3529.37	2	1	3	6	Needs Attention
1548	2024-02-14	2024-02-14	2024-02-01	686	1	3520.58	3520.58	1	2	3	6	Needs Attention
3358	2025-02-06	2025-02-06	2025-02-01	328	1	3516.27	3516.27	2	1	3	6	Needs Attention
1490	2024-03-28	2024-03-28	2024-03-01	643	1	3505.57	3505.57	1	2	3	6	Needs Attention
679	2024-06-18	2024-06-18	2024-06-01	561	1	3503.79	3503.79	1	2	3	6	Needs Attention
7547	2025-06-18	2025-06-18	2025-06-01	196	1	3461.71	3461.71	2	1	3	6	Needs Attention
2584	2024-04-25	2024-04-25	2024-04-01	615	1	3409.08	3409.08	1	2	3	6	Needs Attention
6182	2024-11-02	2024-11-02	2024-11-01	424	1	3405.98	3405.98	2	1	3	6	Needs Attention
1463	2024-01-15	2024-01-15	2024-01-01	716	1	3402.28	3402.28	1	2	3	6	Needs Attention
2940	2024-03-30	2024-03-30	2024-03-01	641	1	3382.14	3382.14	1	2	3	6	Needs Attention
2027	2024-01-24	2024-01-24	2024-01-01	707	1	3348.09	3348.09	1	2	3	6	Needs Attention
3325	2025-07-11	2025-07-11	2025-07-01	173	1	3346.94	3346.94	2	1	3	6	Needs Attention
6890	2024-11-26	2024-11-26	2024-11-01	400	1	3341.31	3341.31	2	1	3	6	Needs Attention
805	2024-02-13	2024-02-13	2024-02-01	687	1	3340.19	3340.19	1	2	3	6	Needs Attention
5655	2025-02-12	2025-02-12	2025-02-01	322	1	3325.93	3325.93	2	1	3	6	Needs Attention
274	2024-01-02	2024-01-02	2024-01-01	729	1	3274.51	3274.51	1	2	3	6	Needs Attention
3497	2024-08-03	2024-08-03	2024-08-01	515	1	3224.21	3224.21	2	1	3	6	Needs Attention
2040	2024-04-05	2024-04-05	2024-04-01	635	1	3211.45	3211.45	1	2	3	6	Needs Attention
2862	2024-06-15	2024-06-15	2024-06-01	564	1	3196.70	3196.70	1	2	3	6	Needs Attention
5940	2024-11-28	2024-11-28	2024-11-01	398	1	3185.33	3185.33	2	1	3	6	Needs Attention
117	2024-04-21	2024-04-21	2024-04-01	619	1	3185.22	3185.22	1	2	3	6	Needs Attention
2823	2024-03-24	2024-03-24	2024-03-01	647	1	3177.28	3177.28	1	2	3	6	Needs Attention
428	2024-01-29	2024-01-29	2024-01-01	702	1	3160.21	3160.21	1	2	3	6	Needs Attention
7123	2024-12-24	2024-12-24	2024-12-01	372	1	3149.04	3149.04	2	1	3	6	Needs Attention
837	2024-04-09	2024-04-09	2024-04-01	631	1	3143.94	3143.94	1	2	3	6	Needs Attention
10	2024-04-16	2024-04-16	2024-04-01	624	1	3134.18	3134.18	1	2	3	6	Needs Attention
1809	2024-01-24	2024-01-24	2024-01-01	707	1	3110.60	3110.60	1	2	3	6	Needs Attention
818	2024-01-11	2024-01-11	2024-01-01	720	1	3097.09	3097.09	1	2	3	6	Needs Attention
1925	2024-04-29	2024-04-29	2024-04-01	611	1	3087.60	3087.60	1	2	3	6	Needs Attention
1775	2024-03-05	2024-03-05	2024-03-01	666	1	3082.37	3082.37	1	2	3	6	Needs Attention
7046	2025-09-26	2025-09-26	2025-09-01	96	1	3015.91	3015.91	3	1	2	6	Needs Attention
6136	2024-06-22	2025-05-01	2024-06-01	244	2	3006.89	1503.45	2	2	2	6	At Risk
1119	2025-07-18	2025-07-18	2025-07-01	166	1	2985.60	2985.60	2	2	2	6	Needs Attention
7386	2025-09-11	2025-09-11	2025-09-01	111	1	2978.57	2978.57	3	1	2	6	Needs Attention
4843	2024-07-18	2025-03-24	2024-07-01	282	2	2957.66	1478.83	2	2	2	6	At Risk
5765	2024-02-10	2025-01-10	2024-02-01	355	2	2885.08	1442.54	2	2	2	6	At Risk
5452	2024-06-16	2025-06-03	2024-06-01	211	2	2838.79	1419.40	2	2	2	6	At Risk
5666	2025-10-29	2025-10-29	2025-10-01	63	1	2837.18	2837.18	3	1	2	6	Needs Attention
5405	2025-04-05	2025-07-06	2025-04-01	178	2	2830.25	1415.13	2	2	2	6	At Risk
5471	2025-09-03	2025-09-03	2025-09-01	119	1	2813.84	2813.84	3	1	2	6	Needs Attention
1941	2025-07-17	2025-07-17	2025-07-01	167	1	2812.13	2812.13	2	2	2	6	Needs Attention
7566	2024-09-25	2024-12-15	2024-09-01	381	2	2784.50	1392.25	2	2	2	6	At Risk
7199	2025-09-02	2025-09-02	2025-09-01	120	1	2780.84	2780.84	3	1	2	6	Needs Attention
5458	2024-12-31	2025-04-04	2024-12-01	271	2	2771.73	1385.87	2	2	2	6	At Risk
7563	2025-10-15	2025-10-15	2025-10-01	77	1	2766.22	2766.22	3	1	2	6	Needs Attention
5833	2025-08-18	2025-08-18	2025-08-01	135	1	2762.07	2762.07	3	1	2	6	Needs Attention
5303	2024-05-17	2025-04-04	2024-05-01	271	2	2761.92	1380.96	2	2	2	6	At Risk
6503	2024-08-07	2025-01-21	2024-08-01	344	2	2757.51	1378.76	2	2	2	6	At Risk
6028	2024-06-26	2025-02-26	2024-06-01	308	2	2749.28	1374.64	2	2	2	6	At Risk
843	2025-01-24	2025-01-24	2025-01-01	341	1	2748.95	2748.95	2	2	2	6	Needs Attention
7232	2024-04-05	2025-03-18	2024-04-01	288	2	2742.73	1371.37	2	2	2	6	At Risk
757	2024-12-23	2024-12-23	2024-12-01	373	1	2737.46	2737.46	2	2	2	6	Needs Attention
7298	2024-10-05	2025-01-30	2024-10-01	335	2	2730.40	1365.20	2	2	2	6	At Risk
6103	2024-12-01	2025-01-22	2024-12-01	343	2	2725.48	1362.74	2	2	2	6	At Risk
2127	2025-05-18	2025-05-18	2025-05-01	227	1	2720.64	2720.64	2	2	2	6	Needs Attention
4377	2024-04-04	2024-06-16	2024-04-01	563	2	2690.74	1345.37	1	3	2	6	At Risk
6446	2024-07-20	2025-02-27	2024-07-01	307	2	2689.54	1344.77	2	2	2	6	At Risk
7006	2025-05-22	2025-07-07	2025-05-01	177	2	2684.56	1342.28	2	2	2	6	At Risk
6814	2024-04-16	2025-07-06	2024-04-01	178	2	2683.43	1341.72	2	2	2	6	At Risk
6923	2025-02-07	2025-04-21	2025-02-01	254	2	2678.71	1339.36	2	2	2	6	At Risk
6986	2025-04-23	2025-08-07	2025-04-01	146	2	2673.53	1336.77	2	2	2	6	At Risk
1625	2025-05-26	2025-05-26	2025-05-01	219	1	2672.30	2672.30	2	2	2	6	Needs Attention
4541	2024-02-03	2024-04-04	2024-02-01	636	2	2641.00	1320.50	1	3	2	6	At Risk
1661	2024-03-11	2024-06-20	2024-03-01	559	2	2638.53	1319.27	1	3	2	6	At Risk
2697	2025-02-20	2025-02-20	2025-02-01	314	1	2631.96	2631.96	2	2	2	6	Needs Attention
7520	2024-05-30	2024-08-05	2024-05-01	513	2	2620.17	1310.09	2	2	2	6	At Risk
6988	2025-02-06	2025-04-17	2025-02-01	258	2	2602.64	1301.32	2	2	2	6	At Risk
3101	2025-08-16	2025-08-16	2025-08-01	137	1	2595.52	2595.52	3	1	2	6	Needs Attention
5705	2025-03-16	2025-05-25	2025-03-01	220	2	2588.54	1294.27	2	2	2	6	At Risk
2368	2025-03-01	2025-03-01	2025-03-01	305	1	2564.50	2564.50	2	2	2	6	Needs Attention
4849	2024-10-26	2025-04-24	2024-10-01	251	2	2555.07	1277.54	2	2	2	6	At Risk
5468	2025-11-04	2025-11-04	2025-11-01	57	1	2539.06	2539.06	3	1	2	6	Needs Attention
6613	2025-08-27	2025-08-27	2025-08-01	126	1	2535.68	2535.68	3	1	2	6	Needs Attention
1328	2025-01-29	2025-01-29	2025-01-01	336	1	2532.96	2532.96	2	2	2	6	Needs Attention
290	2024-10-13	2024-10-13	2024-10-01	444	1	2531.83	2531.83	2	2	2	6	Needs Attention
4918	2025-05-04	2025-06-17	2025-05-01	197	2	2513.30	1256.65	2	2	2	6	At Risk
4823	2024-11-09	2025-04-30	2024-11-01	245	2	2510.17	1255.09	2	2	2	6	At Risk
3814	2025-11-02	2025-11-02	2025-11-01	59	1	2485.53	2485.53	3	1	2	6	Needs Attention
2116	2025-08-09	2025-08-09	2025-08-01	144	1	2481.55	2481.55	2	2	2	6	Needs Attention
821	2024-12-13	2024-12-13	2024-12-01	383	1	2472.06	2472.06	2	2	2	6	Needs Attention
3947	2025-10-18	2025-10-18	2025-10-01	74	1	2454.10	2454.10	3	1	2	6	Needs Attention
5375	2025-09-14	2025-09-14	2025-09-01	108	1	2438.17	2438.17	3	1	2	6	Needs Attention
6846	2025-05-21	2025-07-21	2025-05-01	163	2	2437.90	1218.95	2	2	2	6	At Risk
6623	2024-04-18	2024-08-10	2024-04-01	508	2	2431.02	1215.51	2	2	2	6	At Risk
5578	2025-08-23	2025-08-23	2025-08-01	130	1	2428.43	2428.43	3	1	2	6	Needs Attention
6346	2024-10-28	2025-05-16	2024-10-01	229	2	2424.03	1212.02	2	2	2	6	At Risk
5775	2024-05-02	2024-10-14	2024-05-01	443	2	2420.32	1210.16	2	2	2	6	At Risk
5938	2024-11-25	2025-07-08	2024-11-01	176	2	2416.93	1208.47	2	2	2	6	At Risk
1848	2025-02-01	2025-02-01	2025-02-01	333	1	2404.55	2404.55	2	2	2	6	Needs Attention
6689	2024-12-10	2025-07-07	2024-12-01	177	2	2404.42	1202.21	2	2	2	6	At Risk
6219	2025-03-26	2025-07-08	2025-03-01	176	2	2398.80	1199.40	2	2	2	6	At Risk
5638	2024-03-19	2024-08-02	2024-03-01	516	2	2390.44	1195.22	2	2	2	6	At Risk
7347	2024-10-01	2024-11-27	2024-10-01	399	2	2387.60	1193.80	2	2	2	6	At Risk
7387	2024-09-05	2024-12-25	2024-09-01	371	2	2365.50	1182.75	2	2	2	6	At Risk
6583	2025-04-12	2025-05-16	2025-04-01	229	2	2363.66	1181.83	2	2	2	6	At Risk
7450	2024-02-24	2025-04-09	2024-02-01	266	2	2362.27	1181.14	2	2	2	6	At Risk
1698	2024-11-01	2024-11-01	2024-11-01	425	1	2361.90	2361.90	2	2	2	6	Needs Attention
11	2025-05-26	2025-05-26	2025-05-01	219	1	2361.30	2361.30	2	2	2	6	Needs Attention
1667	2025-02-15	2025-02-15	2025-02-01	319	1	2360.18	2360.18	2	2	2	6	Needs Attention
7118	2024-07-30	2024-10-13	2024-07-01	444	2	2343.43	1171.72	2	2	2	6	At Risk
1797	2024-11-27	2024-11-27	2024-11-01	399	1	2341.65	2341.65	2	2	2	6	Needs Attention
7307	2025-05-17	2025-07-31	2025-05-01	153	2	2340.20	1170.10	2	2	2	6	At Risk
5254	2025-03-16	2025-06-06	2025-03-01	208	2	2337.63	1168.82	2	2	2	6	At Risk
5123	2025-02-11	2025-06-18	2025-02-01	196	2	2336.66	1168.33	2	2	2	6	At Risk
6676	2025-09-15	2025-09-15	2025-09-01	107	1	2322.98	2322.98	3	1	2	6	Needs Attention
6395	2025-05-27	2025-07-19	2025-05-01	165	2	2319.56	1159.78	2	2	2	6	At Risk
5309	2025-03-09	2025-06-23	2025-03-01	191	2	2317.34	1158.67	2	2	2	6	At Risk
1026	2024-06-28	2024-06-28	2024-06-01	551	1	2310.22	2310.22	2	2	2	6	Needs Attention
6959	2024-10-21	2025-02-05	2024-10-01	329	2	2300.17	1150.09	2	2	2	6	At Risk
6157	2024-01-16	2025-01-17	2024-01-01	348	2	2286.31	1143.16	2	2	2	6	At Risk
6577	2025-10-18	2025-10-18	2025-10-01	74	1	2278.60	2278.60	3	1	2	6	Needs Attention
7319	2025-02-11	2025-05-23	2025-02-01	222	2	2270.00	1135.00	2	2	2	6	At Risk
7398	2024-08-11	2025-01-12	2024-08-01	353	2	2269.69	1134.85	2	2	2	6	At Risk
5865	2024-08-07	2025-05-11	2024-08-01	234	2	2253.64	1126.82	2	2	2	6	At Risk
5260	2025-02-28	2025-05-04	2025-02-01	241	2	2243.93	1121.97	2	2	2	6	At Risk
1042	2024-07-28	2024-07-28	2024-07-01	521	1	2237.81	2237.81	2	2	2	6	Needs Attention
5232	2025-03-10	2025-07-28	2025-03-01	156	2	2224.55	1112.28	2	2	2	6	At Risk
7145	2025-10-09	2025-10-09	2025-10-01	83	1	2222.45	2222.45	3	1	2	6	Needs Attention
6300	2025-10-15	2025-10-15	2025-10-01	77	1	2221.95	2221.95	3	1	2	6	Needs Attention
2239	2025-05-27	2025-05-27	2025-05-01	218	1	2218.27	2218.27	2	2	2	6	Needs Attention
4758	2025-10-26	2025-10-26	2025-10-01	66	1	2214.47	2214.47	3	1	2	6	Needs Attention
5464	2024-04-13	2025-05-10	2024-04-01	235	2	2208.35	1104.18	2	2	2	6	At Risk
7444	2025-09-22	2025-09-22	2025-09-01	100	1	2207.70	2207.70	3	1	2	6	Needs Attention
5129	2025-01-13	2025-03-01	2025-01-01	305	2	2207.09	1103.55	2	2	2	6	At Risk
6123	2024-05-29	2024-07-14	2024-05-01	535	2	2206.97	1103.49	2	2	2	6	At Risk
7104	2025-05-02	2025-06-10	2025-05-01	204	2	2203.01	1101.51	2	2	2	6	At Risk
1622	2025-03-26	2025-03-26	2025-03-01	280	1	2194.56	2194.56	2	2	2	6	Needs Attention
3956	2024-03-08	2024-05-04	2024-03-01	606	2	2193.71	1096.86	1	3	2	6	At Risk
5228	2025-05-06	2025-07-22	2025-05-01	162	2	2191.56	1095.78	2	2	2	6	At Risk
5490	2025-05-26	2025-07-04	2025-05-01	180	2	2189.24	1094.62	2	2	2	6	At Risk
7206	2024-10-26	2025-07-11	2024-10-01	173	2	2178.25	1089.13	2	2	2	6	At Risk
5138	2025-03-23	2025-06-13	2025-03-01	201	2	2165.56	1082.78	2	2	2	6	At Risk
371	2024-11-06	2024-11-06	2024-11-01	420	1	2165.16	2165.16	2	2	2	6	Needs Attention
1109	2025-01-13	2025-01-13	2025-01-01	352	1	2154.62	2154.62	2	2	2	6	Needs Attention
6717	2024-12-06	2025-06-10	2024-12-01	204	2	2150.82	1075.41	2	2	2	6	At Risk
6362	2024-04-13	2024-08-12	2024-04-01	506	2	2141.31	1070.66	2	2	2	6	At Risk
7762	2024-10-15	2025-08-05	2024-10-01	148	2	2121.34	1060.67	2	2	2	6	At Risk
6671	2024-09-29	2025-04-23	2024-09-01	252	2	2117.50	1058.75	2	2	2	6	At Risk
7242	2025-02-25	2025-04-09	2025-02-01	266	2	2115.26	1057.63	2	2	2	6	At Risk
2192	2025-02-10	2025-02-10	2025-02-01	324	1	2114.49	2114.49	2	2	2	6	Needs Attention
2739	2025-04-17	2025-04-17	2025-04-01	258	1	2113.57	2113.57	2	2	2	6	Needs Attention
463	2025-06-29	2025-06-29	2025-06-01	185	1	2109.39	2109.39	2	2	2	6	Needs Attention
6962	2024-08-02	2025-05-27	2024-08-01	218	2	2106.82	1053.41	2	2	2	6	At Risk
7531	2024-05-19	2024-09-21	2024-05-01	466	2	2104.54	1052.27	2	2	2	6	At Risk
6270	2025-08-22	2025-08-22	2025-08-01	131	1	2091.77	2091.77	3	1	2	6	Needs Attention
6724	2024-05-21	2024-07-02	2024-05-01	547	2	2089.68	1044.84	2	2	2	6	At Risk
874	2024-06-29	2024-06-29	2024-06-01	550	1	2082.91	2082.91	2	2	2	6	Needs Attention
6696	2025-02-14	2025-05-16	2025-02-01	229	2	2071.13	1035.57	2	2	2	6	At Risk
660	2025-02-27	2025-02-27	2025-02-01	307	1	2067.72	2067.72	2	2	2	6	Needs Attention
6616	2024-01-25	2025-06-05	2024-01-01	209	2	2061.33	1030.67	2	2	2	6	At Risk
2438	2024-06-29	2024-06-29	2024-06-01	550	1	2039.55	2039.55	2	2	2	6	Needs Attention
5103	2024-09-25	2025-03-17	2024-09-01	289	2	2033.25	1016.63	2	2	2	6	At Risk
934	2025-05-08	2025-05-08	2025-05-01	237	1	2029.29	2029.29	2	2	2	6	Needs Attention
451	2025-03-05	2025-03-05	2025-03-01	301	1	2000.56	2000.56	2	2	2	6	Needs Attention
7322	2025-01-02	2025-06-15	2025-01-01	199	2	1999.63	999.82	2	2	2	6	At Risk
917	2025-01-05	2025-01-05	2025-01-01	360	1	1981.24	1981.24	2	2	2	6	Needs Attention
5839	2024-06-26	2025-03-29	2024-06-01	277	2	1965.78	982.89	2	2	2	6	At Risk
7775	2024-08-22	2024-10-26	2024-08-01	431	2	1964.99	982.50	2	2	2	6	At Risk
5049	2024-03-17	2025-03-01	2024-03-01	305	2	1962.32	981.16	2	2	2	6	At Risk
7487	2024-08-31	2024-11-09	2024-08-01	417	2	1961.19	980.60	2	2	2	6	At Risk
7516	2025-03-28	2025-05-17	2025-03-01	228	2	1960.61	980.31	2	2	2	6	At Risk
6987	2025-10-20	2025-10-20	2025-10-01	72	1	1954.53	1954.53	3	1	2	6	Needs Attention
5528	2025-08-29	2025-08-29	2025-08-01	124	1	1926.35	1926.35	3	1	2	6	Needs Attention
895	2025-03-11	2025-03-11	2025-03-01	295	1	1919.13	1919.13	2	2	2	6	Needs Attention
2509	2024-10-16	2024-10-16	2024-10-01	441	1	1915.70	1915.70	2	2	2	6	Needs Attention
6181	2025-03-18	2025-07-16	2025-03-01	168	2	1912.45	956.23	2	2	2	6	At Risk
1576	2024-06-30	2024-06-30	2024-06-01	549	1	1880.02	1880.02	2	2	2	6	Needs Attention
6238	2025-05-30	2025-08-02	2025-05-01	151	2	1876.70	938.35	2	2	2	6	At Risk
7223	2024-11-05	2025-02-02	2024-11-01	332	2	1863.30	931.65	2	2	2	6	At Risk
7741	2025-09-10	2025-09-10	2025-09-01	112	1	1862.83	1862.83	3	1	2	6	Needs Attention
5641	2024-07-08	2025-03-04	2024-07-01	302	2	1862.39	931.20	2	2	2	6	At Risk
5462	2025-03-06	2025-06-01	2025-03-01	213	2	1860.34	930.17	2	2	2	6	At Risk
6405	2025-09-28	2025-09-28	2025-09-01	94	1	1858.25	1858.25	3	1	2	6	Needs Attention
5881	2024-06-21	2025-08-05	2024-06-01	148	2	1844.47	922.24	2	2	2	6	At Risk
2246	2025-08-10	2025-08-10	2025-08-01	143	1	1841.21	1841.21	2	2	2	6	Needs Attention
6258	2025-04-13	2025-05-17	2025-04-01	228	2	1838.14	919.07	2	2	2	6	At Risk
7831	2024-12-20	2025-05-02	2024-12-01	243	2	1835.87	917.94	2	2	2	6	At Risk
5470	2025-02-28	2025-05-09	2025-02-01	236	2	1832.43	916.22	2	2	2	6	At Risk
1990	2024-06-29	2024-06-29	2024-06-01	550	1	1821.89	1821.89	2	2	2	6	Needs Attention
7548	2025-01-01	2025-02-14	2025-01-01	320	2	1816.22	908.11	2	2	2	6	At Risk
6022	2025-02-01	2025-03-17	2025-02-01	289	2	1814.84	907.42	2	2	2	6	At Risk
2329	2025-08-01	2025-08-01	2025-08-01	152	1	1807.16	1807.16	2	2	2	6	Needs Attention
6675	2024-07-17	2024-10-05	2024-07-01	452	2	1806.01	903.01	2	2	2	6	At Risk
2416	2024-10-06	2024-10-06	2024-10-01	451	1	1794.24	1794.24	2	2	2	6	Needs Attention
445	2025-04-04	2025-04-04	2025-04-01	271	1	1784.26	1784.26	2	2	2	6	Needs Attention
479	2024-12-29	2024-12-29	2024-12-01	367	1	1778.76	1778.76	2	2	2	6	Needs Attention
1344	2025-02-25	2025-02-25	2025-02-01	309	1	1773.89	1773.89	2	2	2	6	Needs Attention
5465	2024-06-21	2025-01-16	2024-06-01	349	2	1772.86	886.43	2	2	2	6	At Risk
7155	2024-11-19	2025-01-14	2024-11-01	351	2	1772.04	886.02	2	2	2	6	At Risk
1606	2025-07-16	2025-07-16	2025-07-01	168	1	1765.22	1765.22	2	2	2	6	Needs Attention
4942	2025-02-15	2025-06-16	2025-02-01	198	2	1748.33	874.17	2	2	2	6	At Risk
3109	2025-09-26	2025-09-26	2025-09-01	96	1	1727.01	1727.01	3	1	2	6	Needs Attention
710	2025-06-04	2025-06-04	2025-06-01	210	1	1718.29	1718.29	2	2	2	6	Needs Attention
5373	2025-08-27	2025-08-27	2025-08-01	126	1	1716.64	1716.64	3	1	2	6	Needs Attention
6059	2024-01-30	2024-08-30	2024-01-01	488	2	1711.40	855.70	2	2	2	6	At Risk
6175	2024-10-22	2025-07-16	2024-10-01	168	2	1701.47	850.74	2	2	2	6	At Risk
7351	2025-08-14	2025-08-14	2025-08-01	139	1	1696.53	1696.53	3	1	2	6	Needs Attention
7318	2025-10-29	2025-10-29	2025-10-01	63	1	1680.04	1680.04	3	1	2	6	Needs Attention
6810	2025-09-08	2025-09-08	2025-09-01	114	1	1679.15	1679.15	3	1	2	6	Needs Attention
7258	2025-10-19	2025-10-19	2025-10-01	73	1	1668.42	1668.42	3	1	2	6	Needs Attention
7484	2025-01-25	2025-04-12	2025-01-01	263	2	1654.64	827.32	2	2	2	6	At Risk
1768	2024-10-20	2024-10-20	2024-10-01	437	1	1653.38	1653.38	2	2	2	6	Needs Attention
6409	2025-03-27	2025-06-15	2025-03-01	199	2	1653.30	826.65	2	2	2	6	At Risk
131	2024-08-16	2024-08-16	2024-08-01	502	1	1631.30	1631.30	2	2	2	6	Needs Attention
3983	2025-10-09	2025-10-09	2025-10-01	83	1	1628.03	1628.03	3	1	2	6	Needs Attention
2595	2025-07-13	2025-07-13	2025-07-01	171	1	1620.77	1620.77	2	2	2	6	Needs Attention
2274	2025-07-19	2025-07-19	2025-07-01	165	1	1620.60	1620.60	2	2	2	6	Needs Attention
7636	2025-03-11	2025-06-25	2025-03-01	189	2	1619.01	809.51	2	2	2	6	At Risk
5240	2024-12-10	2025-04-01	2024-12-01	274	2	1615.49	807.75	2	2	2	6	At Risk
7975	2025-02-23	2025-04-04	2025-02-01	271	2	1614.00	807.00	2	2	2	6	At Risk
1935	2024-06-30	2024-06-30	2024-06-01	549	1	1599.03	1599.03	2	2	2	6	Needs Attention
2890	2025-01-19	2025-01-19	2025-01-01	346	1	1596.35	1596.35	2	2	2	6	Needs Attention
6967	2024-11-12	2025-02-10	2024-11-01	324	2	1593.24	796.62	2	2	2	6	At Risk
7140	2024-11-20	2025-04-16	2024-11-01	259	2	1584.10	792.05	2	2	2	6	At Risk
7325	2025-08-22	2025-08-22	2025-08-01	131	1	1582.18	1582.18	3	1	2	6	Needs Attention
7365	2025-09-20	2025-09-20	2025-09-01	102	1	1572.96	1572.96	3	1	2	6	Needs Attention
4889	2025-08-17	2025-08-17	2025-08-01	136	1	1572.01	1572.01	3	1	2	6	Needs Attention
4703	2025-08-16	2025-08-16	2025-08-01	137	1	1562.07	1562.07	3	1	2	6	Needs Attention
345	2024-06-29	2024-06-29	2024-06-01	550	1	1557.20	1557.20	2	2	2	6	Needs Attention
6353	2025-02-04	2025-05-07	2025-02-01	238	2	1557.06	778.53	2	2	2	6	At Risk
3654	2025-10-25	2025-10-25	2025-10-01	67	1	1555.66	1555.66	3	1	2	6	Needs Attention
1989	2025-04-13	2025-04-13	2025-04-01	262	1	1552.30	1552.30	2	2	2	6	Needs Attention
7147	2024-08-09	2025-05-12	2024-08-01	233	2	1544.51	772.26	2	2	2	6	At Risk
6555	2025-05-03	2025-06-20	2025-05-01	194	2	1540.86	770.43	2	2	2	6	At Risk
7806	2024-10-06	2025-07-24	2024-10-01	160	2	1524.43	762.22	2	2	2	6	At Risk
1603	2025-07-08	2025-07-08	2025-07-01	176	1	1521.22	1521.22	2	2	2	6	Needs Attention
7066	2025-01-20	2025-05-24	2025-01-01	221	2	1515.65	757.83	2	2	2	6	At Risk
5672	2024-09-02	2025-05-10	2024-09-01	235	2	1506.20	753.10	2	2	2	6	At Risk
7557	2024-02-23	2025-01-01	2024-02-01	364	2	1504.05	752.03	2	2	2	6	At Risk
7213	2025-01-14	2025-06-14	2025-01-01	200	2	1500.20	750.10	2	2	2	6	At Risk
3326	2025-08-28	2025-08-28	2025-08-01	125	1	1498.85	1498.85	3	1	2	6	Needs Attention
6506	2025-10-09	2025-10-09	2025-10-01	83	1	1485.02	1485.02	3	1	2	6	Needs Attention
7173	2025-10-30	2025-10-30	2025-10-01	62	1	1478.19	1478.19	3	1	2	6	Needs Attention
4929	2025-08-24	2025-08-24	2025-08-01	129	1	1471.40	1471.40	3	1	2	6	Needs Attention
6371	2025-11-01	2025-11-01	2025-11-01	60	1	1457.97	1457.97	3	1	2	6	Needs Attention
5205	2025-09-11	2025-09-11	2025-09-01	111	1	1457.74	1457.74	3	1	2	6	Needs Attention
6563	2024-10-08	2025-05-18	2024-10-01	227	2	1454.33	727.17	2	2	2	6	At Risk
5067	2024-11-12	2025-05-04	2024-11-01	241	2	1452.69	726.35	2	2	2	6	At Risk
5615	2025-09-27	2025-09-27	2025-09-01	95	1	1443.34	1443.34	3	1	2	6	Needs Attention
6750	2024-12-09	2025-02-15	2024-12-01	319	2	1440.56	720.28	2	2	2	6	At Risk
855	2025-06-18	2025-06-18	2025-06-01	196	1	1438.18	1438.18	2	2	2	6	Needs Attention
1124	2025-05-05	2025-05-05	2025-05-01	240	1	1433.75	1433.75	2	2	2	6	Needs Attention
5161	2024-06-02	2025-07-30	2024-06-01	154	2	1428.70	714.35	2	2	2	6	At Risk
4985	2024-11-14	2025-02-12	2024-11-01	322	2	1426.33	713.17	2	2	2	6	At Risk
6882	2025-10-03	2025-10-03	2025-10-01	89	1	1420.67	1420.67	3	1	2	6	Needs Attention
278	2025-01-29	2025-01-29	2025-01-01	336	1	1419.67	1419.67	2	2	2	6	Needs Attention
6078	2025-02-14	2025-03-25	2025-02-01	281	2	1419.41	709.71	2	2	2	6	At Risk
7094	2024-09-19	2024-10-28	2024-09-01	429	2	1416.43	708.22	2	2	2	6	At Risk
2465	2025-08-01	2025-08-01	2025-08-01	152	1	1412.06	1412.06	2	2	2	6	Needs Attention
1157	2025-05-24	2025-05-24	2025-05-01	221	1	1411.98	1411.98	2	2	2	6	Needs Attention
2775	2025-03-04	2025-03-04	2025-03-01	302	1	1410.48	1410.48	2	2	2	6	Needs Attention
597	2024-07-02	2024-07-02	2024-07-01	547	1	1405.37	1405.37	2	2	2	6	Needs Attention
6014	2025-03-24	2025-05-05	2025-03-01	240	2	1402.82	701.41	2	2	2	6	At Risk
5802	2025-10-08	2025-10-08	2025-10-01	84	1	1400.70	1400.70	3	1	2	6	Needs Attention
7638	2025-01-29	2025-03-23	2025-01-01	283	2	1396.93	698.47	2	2	2	6	At Risk
90	2025-05-01	2025-05-01	2025-05-01	244	1	1395.87	1395.87	2	2	2	6	Needs Attention
6899	2024-12-07	2025-03-26	2024-12-01	280	2	1384.67	692.34	2	2	2	6	At Risk
6130	2025-11-06	2025-11-06	2025-11-01	55	1	1382.03	1382.03	3	1	2	6	Needs Attention
2973	2025-07-01	2025-07-01	2025-07-01	183	1	1381.85	1381.85	2	2	2	6	Needs Attention
5370	2025-01-21	2025-03-18	2025-01-01	288	2	1377.71	688.86	2	2	2	6	At Risk
6282	2024-04-23	2025-07-06	2024-04-01	178	2	1372.49	686.25	2	2	2	6	At Risk
7619	2025-09-08	2025-09-08	2025-09-01	114	1	1369.31	1369.31	3	1	2	6	Needs Attention
511	2025-03-01	2025-03-01	2025-03-01	305	1	1364.91	1364.91	2	2	2	6	Needs Attention
7108	2025-04-05	2025-07-12	2025-04-01	172	2	1355.95	677.98	2	2	2	6	At Risk
2970	2025-03-31	2025-03-31	2025-03-01	275	1	1331.51	1331.51	2	2	2	6	Needs Attention
579	2025-07-07	2025-07-07	2025-07-01	177	1	1323.10	1323.10	2	2	2	6	Needs Attention
257	2024-06-27	2024-06-27	2024-06-01	552	1	1319.81	1319.81	2	2	2	6	Needs Attention
5862	2025-04-01	2025-08-10	2025-04-01	143	2	1318.17	659.09	2	2	2	6	At Risk
4830	2025-09-15	2025-09-15	2025-09-01	107	1	1318.02	1318.02	3	1	2	6	Needs Attention
4083	2025-10-26	2025-10-26	2025-10-01	66	1	1303.40	1303.40	3	1	2	6	Needs Attention
6183	2025-04-01	2025-06-11	2025-04-01	203	2	1300.45	650.23	2	2	2	6	At Risk
2227	2025-03-09	2025-03-09	2025-03-01	297	1	1291.43	1291.43	2	2	2	6	Needs Attention
137	2025-08-09	2025-08-09	2025-08-01	144	1	1290.11	1290.11	2	2	2	6	Needs Attention
6765	2024-09-23	2025-02-17	2024-09-01	317	2	1288.57	644.29	2	2	2	6	At Risk
4861	2025-08-25	2025-08-25	2025-08-01	128	1	1281.73	1281.73	3	1	2	6	Needs Attention
3064	2025-03-02	2025-03-02	2025-03-01	304	1	1281.15	1281.15	2	2	2	6	Needs Attention
1837	2024-06-28	2024-06-28	2024-06-01	551	1	1280.45	1280.45	2	2	2	6	Needs Attention
3489	2025-09-14	2025-09-14	2025-09-01	108	1	1274.20	1274.20	3	1	2	6	Needs Attention
1922	2025-07-14	2025-07-14	2025-07-01	170	1	1273.30	1273.30	2	2	2	6	Needs Attention
6924	2025-05-15	2025-07-27	2025-05-01	157	2	1262.73	631.37	2	2	2	6	At Risk
7137	2025-04-16	2025-05-22	2025-04-01	223	2	1261.43	630.72	2	2	2	6	At Risk
103	2025-04-21	2025-04-21	2025-04-01	254	1	1258.39	1258.39	2	2	2	6	Needs Attention
5142	2025-03-01	2025-04-12	2025-03-01	263	2	1254.35	627.18	2	2	2	6	At Risk
5900	2024-10-04	2025-05-02	2024-10-01	243	2	1248.54	624.27	2	2	2	6	At Risk
5087	2025-10-03	2025-10-03	2025-10-01	89	1	1242.50	1242.50	3	1	2	6	Needs Attention
204	2025-06-22	2025-06-22	2025-06-01	192	1	1229.49	1229.49	2	2	2	6	Needs Attention
7660	2025-04-12	2025-11-04	2025-04-01	57	2	1224.36	612.18	3	2	1	6	Needs Attention
2905	2024-08-09	2024-12-06	2024-08-01	390	2	1223.69	611.85	2	3	1	6	At Risk
3023	2024-08-20	2025-05-23	2024-08-01	222	2	1222.49	611.25	2	3	1	6	At Risk
6293	2025-02-13	2025-08-16	2025-02-01	137	2	1216.08	608.04	3	2	1	6	Needs Attention
5778	2025-11-09	2025-11-09	2025-11-01	52	1	1214.25	1214.25	4	1	1	6	New Customers
889	2025-01-04	2025-02-14	2025-01-01	320	2	1200.83	600.42	2	3	1	6	At Risk
1981	2024-06-26	2024-08-01	2024-06-01	517	2	1193.70	596.85	2	3	1	6	At Risk
2724	2025-02-05	2025-04-23	2025-02-01	252	2	1192.00	596.00	2	3	1	6	At Risk
4360	2025-02-03	2025-08-03	2025-02-01	150	2	1186.59	593.30	2	3	1	6	At Risk
1495	2025-10-19	2025-10-19	2025-10-01	73	1	1183.04	1183.04	3	2	1	6	Needs Attention
2803	2024-12-10	2025-04-28	2024-12-01	247	2	1178.91	589.46	2	3	1	6	At Risk
5368	2025-11-20	2025-11-20	2025-11-01	41	1	1171.55	1171.55	4	1	1	6	New Customers
5322	2025-11-12	2025-11-12	2025-11-01	49	1	1162.57	1162.57	4	1	1	6	New Customers
2783	2024-11-27	2025-07-02	2024-11-01	182	2	1151.29	575.65	2	3	1	6	At Risk
4801	2025-11-23	2025-11-23	2025-11-01	38	1	1148.32	1148.32	4	1	1	6	New Customers
4338	2025-03-12	2025-07-12	2025-03-01	172	2	1147.81	573.91	2	3	1	6	At Risk
5507	2025-05-22	2025-10-22	2025-05-01	70	2	1143.85	571.93	3	2	1	6	Needs Attention
57	2024-08-09	2024-12-22	2024-08-01	374	2	1142.42	571.21	2	3	1	6	At Risk
236	2024-09-09	2024-10-17	2024-09-01	440	2	1134.87	567.44	2	3	1	6	At Risk
2105	2024-12-13	2025-04-17	2024-12-01	258	2	1127.26	563.63	2	3	1	6	At Risk
2196	2025-05-27	2025-06-26	2025-05-01	188	2	1121.41	560.71	2	3	1	6	At Risk
2900	2025-01-20	2025-04-19	2025-01-01	256	2	1110.95	555.48	2	3	1	6	At Risk
4503	2025-03-11	2025-06-10	2025-03-01	204	2	1108.89	554.45	2	3	1	6	At Risk
1500	2025-10-26	2025-10-26	2025-10-01	66	1	1104.98	1104.98	3	2	1	6	Needs Attention
4631	2025-02-04	2025-07-28	2025-02-01	156	2	1102.63	551.32	2	3	1	6	At Risk
2278	2025-10-02	2025-10-02	2025-10-01	90	1	1100.51	1100.51	3	2	1	6	Needs Attention
835	2025-11-01	2025-11-01	2025-11-01	60	1	1086.05	1086.05	3	2	1	6	Needs Attention
3648	2025-05-25	2025-06-24	2025-05-01	190	2	1083.59	541.80	2	3	1	6	At Risk
7216	2025-12-02	2025-12-02	2025-12-01	29	1	1082.57	1082.57	4	1	1	6	New Customers
378	2025-11-04	2025-11-04	2025-11-01	57	1	1077.11	1077.11	3	2	1	6	Needs Attention
1122	2025-08-27	2025-08-27	2025-08-01	126	1	1072.51	1072.51	3	2	1	6	Needs Attention
4124	2025-03-12	2025-05-21	2025-03-01	224	2	1063.97	531.99	2	3	1	6	At Risk
3683	2025-11-14	2025-11-14	2025-11-01	47	1	1052.44	1052.44	4	1	1	6	New Customers
86	2025-03-26	2025-07-13	2025-03-01	171	2	1046.48	523.24	2	3	1	6	At Risk
694	2025-02-06	2025-04-17	2025-02-01	258	2	1043.66	521.83	2	3	1	6	At Risk
905	2025-08-12	2025-08-12	2025-08-01	141	1	1029.99	1029.99	3	2	1	6	Needs Attention
726	2025-05-09	2025-07-29	2025-05-01	155	2	1027.52	513.76	2	3	1	6	At Risk
2082	2025-10-03	2025-10-03	2025-10-01	89	1	1016.70	1016.70	3	2	1	6	Needs Attention
2950	2024-04-06	2025-08-03	2024-04-01	150	2	1015.48	507.74	2	3	1	6	At Risk
6268	2024-01-06	2025-10-20	2024-01-01	72	2	1006.79	503.40	3	2	1	6	Needs Attention
6534	2024-05-07	2025-10-19	2024-05-01	73	2	1005.99	503.00	3	2	1	6	Needs Attention
3140	2025-05-12	2025-06-26	2025-05-01	188	2	1003.69	501.85	2	3	1	6	At Risk
523	2025-09-23	2025-09-23	2025-09-01	99	1	996.27	996.27	3	2	1	6	Needs Attention
434	2025-09-23	2025-09-23	2025-09-01	99	1	992.64	992.64	3	2	1	6	Needs Attention
3501	2025-04-17	2025-06-05	2025-04-01	209	2	988.89	494.45	2	3	1	6	At Risk
1427	2025-03-09	2025-07-07	2025-03-01	177	2	987.72	493.86	2	3	1	6	At Risk
1066	2024-07-24	2024-09-26	2024-07-01	461	2	986.18	493.09	2	3	1	6	At Risk
4172	2024-05-10	2025-06-12	2024-05-01	202	2	983.93	491.97	2	3	1	6	At Risk
5277	2024-12-02	2025-10-31	2024-12-01	61	2	981.89	490.95	3	2	1	6	Needs Attention
2656	2025-09-10	2025-09-10	2025-09-01	112	1	971.65	971.65	3	2	1	6	Needs Attention
2872	2025-09-29	2025-09-29	2025-09-01	93	1	970.24	970.24	3	2	1	6	Needs Attention
4519	2024-12-28	2025-05-06	2024-12-01	239	2	930.16	465.08	2	3	1	6	At Risk
524	2024-10-23	2025-02-23	2024-10-01	311	2	927.16	463.58	2	3	1	6	At Risk
2070	2025-10-02	2025-10-02	2025-10-01	90	1	924.66	924.66	3	2	1	6	Needs Attention
2643	2024-09-28	2025-01-25	2024-09-01	340	2	921.33	460.67	2	3	1	6	At Risk
2885	2025-10-02	2025-10-02	2025-10-01	90	1	919.61	919.61	3	2	1	6	Needs Attention
5999	2025-03-19	2025-09-04	2025-03-01	118	2	918.30	459.15	3	2	1	6	Needs Attention
7311	2025-05-18	2025-10-31	2025-05-01	61	2	917.93	458.97	3	2	1	6	Needs Attention
5794	2025-12-04	2025-12-04	2025-12-01	27	1	912.05	912.05	4	1	1	6	New Customers
6691	2024-06-11	2025-10-18	2024-06-01	74	2	901.75	450.88	3	2	1	6	Needs Attention
5102	2025-03-18	2025-10-04	2025-03-01	88	2	897.51	448.76	3	2	1	6	Needs Attention
4761	2024-08-22	2025-05-15	2024-08-01	230	2	893.78	446.89	2	3	1	6	At Risk
5274	2025-12-05	2025-12-05	2025-12-01	26	1	886.41	886.41	4	1	1	6	New Customers
1521	2025-02-12	2025-03-25	2025-02-01	281	2	876.24	438.12	2	3	1	6	At Risk
3351	2025-05-08	2025-07-27	2025-05-01	157	2	873.83	436.92	2	3	1	6	At Risk
4710	2025-11-19	2025-11-19	2025-11-01	42	1	864.93	864.93	4	1	1	6	New Customers
1037	2025-10-19	2025-10-19	2025-10-01	73	1	859.94	859.94	3	2	1	6	Needs Attention
797	2025-09-10	2025-09-10	2025-09-01	112	1	847.87	847.87	3	2	1	6	Needs Attention
1372	2025-09-16	2025-09-16	2025-09-01	106	1	847.39	847.39	3	2	1	6	Needs Attention
340	2024-12-09	2025-07-09	2024-12-01	175	2	847.33	423.67	2	3	1	6	At Risk
5443	2025-05-28	2025-09-09	2025-05-01	113	2	845.59	422.80	3	2	1	6	Needs Attention
4018	2025-11-09	2025-11-09	2025-11-01	52	1	832.23	832.23	4	1	1	6	New Customers
4657	2024-09-25	2025-05-03	2024-09-01	242	2	826.73	413.37	2	3	1	6	At Risk
2015	2024-02-28	2025-01-24	2024-02-01	341	2	823.24	411.62	2	3	1	6	At Risk
2964	2025-01-07	2025-05-22	2025-01-01	223	2	820.02	410.01	2	3	1	6	At Risk
16	2025-08-11	2025-08-11	2025-08-01	142	1	817.06	817.06	3	2	1	6	Needs Attention
880	2025-01-12	2025-05-13	2025-01-01	232	2	813.32	406.66	2	3	1	6	At Risk
4305	2025-05-13	2025-06-22	2025-05-01	192	2	799.79	399.90	2	3	1	6	At Risk
3653	2025-11-24	2025-11-24	2025-11-01	37	1	796.25	796.25	4	1	1	6	New Customers
5155	2025-12-12	2025-12-12	2025-12-01	19	1	771.03	771.03	4	1	1	6	New Customers
2968	2025-10-28	2025-10-28	2025-10-01	64	1	770.11	770.11	3	2	1	6	Needs Attention
7233	2025-11-08	2025-11-08	2025-11-01	53	1	768.29	768.29	4	1	1	6	New Customers
4069	2025-05-19	2025-08-08	2025-05-01	145	2	760.71	380.36	2	3	1	6	At Risk
582	2024-01-17	2024-10-24	2024-01-01	433	2	758.25	379.13	2	3	1	6	At Risk
5005	2025-03-24	2025-10-07	2025-03-01	85	2	753.07	376.54	3	2	1	6	Needs Attention
1246	2025-09-11	2025-09-11	2025-09-01	111	1	751.43	751.43	3	2	1	6	Needs Attention
6584	2025-11-15	2025-11-15	2025-11-01	46	1	750.81	750.81	4	1	1	6	New Customers
2926	2025-09-09	2025-09-09	2025-09-01	113	1	733.55	733.55	3	2	1	6	Needs Attention
2491	2024-07-29	2024-10-03	2024-07-01	454	2	733.51	366.76	2	3	1	6	At Risk
2866	2025-10-14	2025-10-14	2025-10-01	78	1	724.38	724.38	3	2	1	6	Needs Attention
2252	2024-08-24	2024-12-01	2024-08-01	395	2	708.62	354.31	2	3	1	6	At Risk
800	2024-02-19	2024-08-16	2024-02-01	502	2	697.52	348.76	2	3	1	6	At Risk
7648	2024-09-23	2025-10-04	2024-09-01	88	2	695.68	347.84	3	2	1	6	Needs Attention
7498	2025-11-16	2025-11-16	2025-11-01	45	1	684.92	684.92	4	1	1	6	New Customers
6376	2025-12-07	2025-12-07	2025-12-01	24	1	683.88	683.88	4	1	1	6	New Customers
5824	2025-12-01	2025-12-01	2025-12-01	30	1	680.41	680.41	4	1	1	6	New Customers
5602	2025-12-01	2025-12-01	2025-12-01	30	1	667.09	667.09	4	1	1	6	New Customers
4959	2025-12-10	2025-12-10	2025-12-01	21	1	666.07	666.07	4	1	1	6	New Customers
458	2025-11-04	2025-11-04	2025-11-01	57	1	664.00	664.00	3	2	1	6	Needs Attention
5910	2024-04-18	2025-08-29	2024-04-01	124	2	657.16	328.58	3	2	1	6	Needs Attention
595	2024-11-17	2025-01-08	2024-11-01	357	2	656.69	328.35	2	3	1	6	At Risk
1408	2024-11-26	2025-02-22	2024-11-01	312	2	648.10	324.05	2	3	1	6	At Risk
2668	2025-08-31	2025-08-31	2025-08-01	122	1	646.98	646.98	3	2	1	6	Needs Attention
4188	2025-12-13	2025-12-13	2025-12-01	18	1	646.24	646.24	4	1	1	6	New Customers
5401	2025-12-07	2025-12-07	2025-12-01	24	1	638.06	638.06	4	1	1	6	New Customers
1170	2025-10-20	2025-10-20	2025-10-01	72	1	632.42	632.42	3	2	1	6	Needs Attention
7004	2025-11-29	2025-11-29	2025-11-01	32	1	629.00	629.00	4	1	1	6	New Customers
590	2024-10-02	2025-06-21	2024-10-01	193	2	628.47	314.24	2	3	1	6	At Risk
2980	2025-09-24	2025-09-24	2025-09-01	98	1	624.85	624.85	3	2	1	6	Needs Attention
3591	2025-12-01	2025-12-01	2025-12-01	30	1	623.78	623.78	4	1	1	6	New Customers
4891	2024-04-24	2025-08-28	2024-04-01	125	2	614.52	307.26	3	2	1	6	Needs Attention
675	2025-10-04	2025-10-04	2025-10-01	88	1	574.48	574.48	3	2	1	6	Needs Attention
2242	2025-03-31	2025-08-06	2025-03-01	147	2	567.99	284.00	2	3	1	6	At Risk
7168	2025-11-24	2025-11-24	2025-11-01	37	1	566.62	566.62	4	1	1	6	New Customers
4361	2024-04-18	2025-03-18	2024-04-01	288	2	563.70	281.85	2	3	1	6	At Risk
1087	2025-03-10	2025-05-17	2025-03-01	228	2	559.39	279.70	2	3	1	6	At Risk
2451	2025-10-13	2025-10-13	2025-10-01	79	1	557.49	557.49	3	2	1	6	Needs Attention
6127	2025-11-25	2025-11-25	2025-11-01	36	1	543.35	543.35	4	1	1	6	New Customers
3368	2025-11-11	2025-11-11	2025-11-01	50	1	543.03	543.03	4	1	1	6	New Customers
5042	2025-11-26	2025-11-26	2025-11-01	35	1	532.89	532.89	4	1	1	6	New Customers
3155	2025-03-18	2025-05-28	2025-03-01	217	2	529.93	264.97	2	3	1	6	At Risk
596	2025-10-30	2025-10-30	2025-10-01	62	1	523.76	523.76	3	2	1	6	Needs Attention
2456	2025-10-19	2025-10-19	2025-10-01	73	1	517.79	517.79	3	2	1	6	Needs Attention
1477	2025-08-18	2025-08-18	2025-08-01	135	1	497.43	497.43	3	2	1	6	Needs Attention
3284	2025-04-09	2025-06-19	2025-04-01	195	2	484.66	242.33	2	3	1	6	At Risk
1373	2024-07-11	2025-01-04	2024-07-01	361	2	475.97	237.99	2	3	1	6	At Risk
1673	2025-10-23	2025-10-23	2025-10-01	69	1	455.03	455.03	3	2	1	6	Needs Attention
248	2025-08-11	2025-08-11	2025-08-01	142	1	454.35	454.35	3	2	1	6	Needs Attention
1338	2025-08-22	2025-08-22	2025-08-01	131	1	452.71	452.71	3	2	1	6	Needs Attention
4157	2024-07-07	2025-04-12	2024-07-01	263	2	451.70	225.85	2	3	1	6	At Risk
6920	2025-11-21	2025-11-21	2025-11-01	40	1	441.86	441.86	4	1	1	6	New Customers
2353	2025-03-30	2025-07-18	2025-03-01	166	2	433.85	216.93	2	3	1	6	At Risk
6551	2025-11-10	2025-11-10	2025-11-01	51	1	432.43	432.43	4	1	1	6	New Customers
7673	2025-11-17	2025-11-17	2025-11-01	44	1	426.60	426.60	4	1	1	6	New Customers
1319	2025-08-11	2025-08-11	2025-08-01	142	1	391.09	391.09	3	2	1	6	Needs Attention
6741	2025-11-27	2025-11-27	2025-11-01	34	1	389.49	389.49	4	1	1	6	New Customers
2052	2025-10-18	2025-10-18	2025-10-01	74	1	381.20	381.20	3	2	1	6	Needs Attention
4508	2024-08-26	2025-03-22	2024-08-01	284	2	369.59	184.80	2	3	1	6	At Risk
7567	2025-04-23	2025-10-24	2025-04-01	68	2	368.67	184.34	3	2	1	6	Needs Attention
748	2024-11-22	2025-05-09	2024-11-01	236	2	350.06	175.03	2	3	1	6	At Risk
101	2025-11-06	2025-11-06	2025-11-01	55	1	349.71	349.71	3	2	1	6	Needs Attention
1496	2025-10-07	2025-10-07	2025-10-01	85	1	347.72	347.72	3	2	1	6	Needs Attention
2115	2025-09-15	2025-09-15	2025-09-01	107	1	346.02	346.02	3	2	1	6	Needs Attention
107	2025-10-07	2025-10-07	2025-10-01	85	1	345.36	345.36	3	2	1	6	Needs Attention
634	2025-09-22	2025-09-22	2025-09-01	100	1	344.24	344.24	3	2	1	6	Needs Attention
6236	2025-05-26	2025-10-13	2025-05-01	79	2	339.06	169.53	3	2	1	6	Needs Attention
2486	2025-09-13	2025-09-13	2025-09-01	109	1	332.97	332.97	3	2	1	6	Needs Attention
4570	2024-04-20	2025-07-23	2024-04-01	161	2	328.20	164.10	2	3	1	6	At Risk
2747	2025-02-22	2025-08-07	2025-02-01	146	2	328.12	164.06	2	3	1	6	At Risk
2435	2025-08-29	2025-08-29	2025-08-01	124	1	323.55	323.55	3	2	1	6	Needs Attention
3481	2025-02-13	2025-05-29	2025-02-01	216	2	317.14	158.57	2	3	1	6	At Risk
4766	2025-05-29	2025-08-09	2025-05-01	144	2	299.87	149.94	2	3	1	6	At Risk
5730	2025-11-22	2025-11-22	2025-11-01	39	1	276.46	276.46	4	1	1	6	New Customers
3588	2025-11-13	2025-11-13	2025-11-01	48	1	266.71	266.71	4	1	1	6	New Customers
3058	2025-08-28	2025-08-28	2025-08-01	125	1	259.85	259.85	3	2	1	6	Needs Attention
551	2025-10-28	2025-10-28	2025-10-01	64	1	259.83	259.83	3	2	1	6	Needs Attention
2594	2025-10-21	2025-10-21	2025-10-01	71	1	258.05	258.05	3	2	1	6	Needs Attention
1280	2025-08-15	2025-08-15	2025-08-01	138	1	254.41	254.41	3	2	1	6	Needs Attention
7965	2025-11-17	2025-11-17	2025-11-01	44	1	244.55	244.55	4	1	1	6	New Customers
4820	2025-11-27	2025-11-27	2025-11-01	34	1	236.81	236.81	4	1	1	6	New Customers
2760	2025-08-11	2025-08-11	2025-08-01	142	1	234.00	234.00	3	2	1	6	Needs Attention
1869	2025-08-30	2025-08-30	2025-08-01	123	1	230.48	230.48	3	2	1	6	Needs Attention
5419	2025-12-07	2025-12-07	2025-12-01	24	1	230.29	230.29	4	1	1	6	New Customers
497	2025-08-22	2025-08-22	2025-08-01	131	1	225.43	225.43	3	2	1	6	Needs Attention
1383	2025-10-18	2025-10-18	2025-10-01	74	1	221.40	221.40	3	2	1	6	Needs Attention
3408	2025-11-22	2025-11-22	2025-11-01	39	1	221.21	221.21	4	1	1	6	New Customers
6167	2025-12-01	2025-12-01	2025-12-01	30	1	214.52	214.52	4	1	1	6	New Customers
6263	2025-11-11	2025-11-11	2025-11-01	50	1	203.86	203.86	4	1	1	6	New Customers
2677	2025-10-07	2025-10-07	2025-10-01	85	1	195.09	195.09	3	2	1	6	Needs Attention
7843	2025-11-09	2025-11-09	2025-11-01	52	1	192.89	192.89	4	1	1	6	New Customers
836	2025-09-10	2025-09-10	2025-09-01	112	1	191.73	191.73	3	2	1	6	Needs Attention
6945	2025-12-13	2025-12-13	2025-12-01	18	1	189.70	189.70	4	1	1	6	New Customers
3849	2024-10-28	2025-06-06	2024-10-01	208	2	184.29	92.15	2	3	1	6	At Risk
1396	2025-10-06	2025-10-06	2025-10-01	86	1	171.59	171.59	3	2	1	6	Needs Attention
3498	2025-12-09	2025-12-09	2025-12-01	22	1	159.08	159.08	4	1	1	6	New Customers
2834	2025-11-03	2025-11-03	2025-11-01	58	1	136.20	136.20	3	2	1	6	Needs Attention
7576	2025-11-23	2025-11-23	2025-11-01	38	1	122.70	122.70	4	1	1	6	New Customers
3628	2025-12-10	2025-12-10	2025-12-01	21	1	108.90	108.90	4	1	1	6	New Customers
2806	2025-08-11	2025-08-11	2025-08-01	142	1	52.62	52.62	3	2	1	6	Needs Attention
4968	2025-12-09	2025-12-09	2025-12-01	22	1	44.95	44.95	4	1	1	6	New Customers
7979	2025-12-10	2025-12-10	2025-12-01	21	1	34.83	34.83	4	1	1	6	New Customers
6379	2024-03-29	2024-03-29	2024-03-01	642	1	6955.00	6955.00	1	1	3	5	Needs Attention
4017	2024-05-21	2024-05-21	2024-05-01	589	1	6699.25	6699.25	1	1	3	5	Needs Attention
7866	2024-05-08	2024-05-08	2024-05-01	602	1	6571.86	6571.86	1	1	3	5	Needs Attention
6327	2024-06-24	2024-06-24	2024-06-01	555	1	6285.03	6285.03	1	1	3	5	Needs Attention
3086	2024-01-02	2024-01-02	2024-01-01	729	1	6265.45	6265.45	1	1	3	5	Needs Attention
7400	2024-06-24	2024-06-24	2024-06-01	555	1	6249.79	6249.79	1	1	3	5	Needs Attention
4935	2024-05-21	2024-05-21	2024-05-01	589	1	6227.02	6227.02	1	1	3	5	Needs Attention
5407	2024-06-15	2024-06-15	2024-06-01	564	1	5980.41	5980.41	1	1	3	5	Needs Attention
4389	2024-05-09	2024-05-09	2024-05-01	601	1	5959.34	5959.34	1	1	3	5	Needs Attention
6735	2024-06-25	2024-06-25	2024-06-01	554	1	5947.02	5947.02	1	1	3	5	Needs Attention
6836	2024-04-15	2024-04-15	2024-04-01	625	1	5809.49	5809.49	1	1	3	5	Needs Attention
5616	2024-04-23	2024-04-23	2024-04-01	617	1	5756.41	5756.41	1	1	3	5	Needs Attention
7958	2024-05-30	2024-05-30	2024-05-01	580	1	5436.17	5436.17	1	1	3	5	Needs Attention
7672	2024-06-07	2024-06-07	2024-06-01	572	1	5359.87	5359.87	1	1	3	5	Needs Attention
3323	2024-02-13	2024-02-13	2024-02-01	687	1	5353.47	5353.47	1	1	3	5	Needs Attention
7399	2024-05-16	2024-05-16	2024-05-01	594	1	5315.13	5315.13	1	1	3	5	Needs Attention
4388	2024-01-19	2024-01-19	2024-01-01	712	1	5291.90	5291.90	1	1	3	5	Needs Attention
3986	2024-02-12	2024-02-12	2024-02-01	688	1	5259.10	5259.10	1	1	3	5	Needs Attention
5446	2024-04-19	2024-04-19	2024-04-01	621	1	5222.71	5222.71	1	1	3	5	Needs Attention
3866	2024-06-18	2024-06-18	2024-06-01	561	1	5198.84	5198.84	1	1	3	5	Needs Attention
4831	2024-01-31	2024-01-31	2024-01-01	700	1	5164.15	5164.15	1	1	3	5	Needs Attention
3577	2024-04-24	2024-04-24	2024-04-01	616	1	5139.12	5139.12	1	1	3	5	Needs Attention
5708	2024-06-02	2024-06-02	2024-06-01	577	1	5108.96	5108.96	1	1	3	5	Needs Attention
3567	2024-05-24	2024-05-24	2024-05-01	586	1	5103.87	5103.87	1	1	3	5	Needs Attention
3840	2024-03-30	2024-03-30	2024-03-01	641	1	5095.25	5095.25	1	1	3	5	Needs Attention
7040	2024-02-06	2024-02-06	2024-02-01	694	1	5036.46	5036.46	1	1	3	5	Needs Attention
4369	2024-02-19	2024-02-19	2024-02-01	681	1	5013.96	5013.96	1	1	3	5	Needs Attention
4437	2024-05-10	2024-05-10	2024-05-01	600	1	4995.81	4995.81	1	1	3	5	Needs Attention
4482	2024-05-24	2024-05-24	2024-05-01	586	1	4988.82	4988.82	1	1	3	5	Needs Attention
6645	2024-05-14	2024-05-14	2024-05-01	596	1	4976.19	4976.19	1	1	3	5	Needs Attention
6866	2024-05-25	2024-05-25	2024-05-01	585	1	4912.42	4912.42	1	1	3	5	Needs Attention
4530	2024-03-20	2024-03-20	2024-03-01	651	1	4909.89	4909.89	1	1	3	5	Needs Attention
3902	2024-05-28	2024-05-28	2024-05-01	582	1	4903.23	4903.23	1	1	3	5	Needs Attention
5640	2024-06-10	2024-06-10	2024-06-01	569	1	4892.65	4892.65	1	1	3	5	Needs Attention
6060	2024-03-15	2024-03-15	2024-03-01	656	1	4874.08	4874.08	1	1	3	5	Needs Attention
4679	2024-05-05	2024-05-05	2024-05-01	605	1	4853.42	4853.42	1	1	3	5	Needs Attention
5713	2024-02-27	2024-02-27	2024-02-01	673	1	4804.83	4804.83	1	1	3	5	Needs Attention
4944	2024-02-06	2024-02-06	2024-02-01	694	1	4786.24	4786.24	1	1	3	5	Needs Attention
4946	2024-01-16	2024-01-16	2024-01-01	715	1	4777.65	4777.65	1	1	3	5	Needs Attention
5685	2024-04-25	2024-04-25	2024-04-01	615	1	4770.01	4770.01	1	1	3	5	Needs Attention
3601	2024-03-10	2024-03-10	2024-03-01	661	1	4768.15	4768.15	1	1	3	5	Needs Attention
4733	2024-04-20	2024-04-20	2024-04-01	620	1	4724.24	4724.24	1	1	3	5	Needs Attention
5771	2024-02-26	2024-02-26	2024-02-01	674	1	4650.46	4650.46	1	1	3	5	Needs Attention
5139	2024-04-01	2024-04-01	2024-04-01	639	1	4631.45	4631.45	1	1	3	5	Needs Attention
3352	2024-06-12	2024-06-12	2024-06-01	567	1	4626.00	4626.00	1	1	3	5	Needs Attention
6313	2024-05-31	2024-05-31	2024-05-01	579	1	4587.77	4587.77	1	1	3	5	Needs Attention
7424	2024-05-03	2024-05-03	2024-05-01	607	1	4568.54	4568.54	1	1	3	5	Needs Attention
5276	2024-05-06	2024-05-06	2024-05-01	604	1	4334.49	4334.49	1	1	3	5	Needs Attention
7331	2024-05-12	2024-05-12	2024-05-01	598	1	4319.20	4319.20	1	1	3	5	Needs Attention
7687	2024-05-11	2024-05-11	2024-05-01	599	1	4215.12	4215.12	1	1	3	5	Needs Attention
5902	2024-05-13	2024-05-13	2024-05-01	597	1	4190.37	4190.37	1	1	3	5	Needs Attention
3746	2024-04-12	2024-04-12	2024-04-01	628	1	4175.61	4175.61	1	1	3	5	Needs Attention
5074	2024-01-15	2024-01-15	2024-01-01	716	1	4167.91	4167.91	1	1	3	5	Needs Attention
3661	2024-01-16	2024-01-16	2024-01-01	715	1	4167.86	4167.86	1	1	3	5	Needs Attention
4537	2024-04-18	2024-04-18	2024-04-01	622	1	4128.66	4128.66	1	1	3	5	Needs Attention
5417	2024-03-18	2024-03-18	2024-03-01	653	1	4091.17	4091.17	1	1	3	5	Needs Attention
7447	2024-06-22	2024-06-22	2024-06-01	557	1	4085.93	4085.93	1	1	3	5	Needs Attention
4440	2024-03-07	2024-03-07	2024-03-01	664	1	4066.15	4066.15	1	1	3	5	Needs Attention
3202	2024-02-05	2024-02-05	2024-02-01	695	1	4065.14	4065.14	1	1	3	5	Needs Attention
3330	2024-01-19	2024-01-19	2024-01-01	712	1	4060.01	4060.01	1	1	3	5	Needs Attention
3624	2024-01-16	2024-01-16	2024-01-01	715	1	4040.97	4040.97	1	1	3	5	Needs Attention
3479	2024-04-25	2024-04-25	2024-04-01	615	1	4014.00	4014.00	1	1	3	5	Needs Attention
4409	2024-06-08	2024-06-08	2024-06-01	571	1	4010.11	4010.11	1	1	3	5	Needs Attention
5754	2024-01-24	2024-01-24	2024-01-01	707	1	3990.46	3990.46	1	1	3	5	Needs Attention
4647	2024-04-07	2024-04-07	2024-04-01	633	1	3980.86	3980.86	1	1	3	5	Needs Attention
7382	2024-06-07	2024-06-07	2024-06-01	572	1	3977.84	3977.84	1	1	3	5	Needs Attention
4358	2024-03-17	2024-03-17	2024-03-01	654	1	3938.52	3938.52	1	1	3	5	Needs Attention
7621	2024-02-12	2024-02-12	2024-02-01	688	1	3919.97	3919.97	1	1	3	5	Needs Attention
3147	2024-05-12	2024-05-12	2024-05-01	598	1	3890.46	3890.46	1	1	3	5	Needs Attention
3751	2024-03-21	2024-03-21	2024-03-01	650	1	3871.90	3871.90	1	1	3	5	Needs Attention
6217	2024-05-25	2024-05-25	2024-05-01	585	1	3863.93	3863.93	1	1	3	5	Needs Attention
6453	2024-06-13	2024-06-13	2024-06-01	566	1	3849.55	3849.55	1	1	3	5	Needs Attention
3564	2024-01-14	2024-01-14	2024-01-01	717	1	3845.71	3845.71	1	1	3	5	Needs Attention
6557	2024-05-01	2024-05-01	2024-05-01	609	1	3817.33	3817.33	1	1	3	5	Needs Attention
5675	2024-04-25	2024-04-25	2024-04-01	615	1	3808.14	3808.14	1	1	3	5	Needs Attention
7462	2024-01-28	2024-01-28	2024-01-01	703	1	3792.80	3792.80	1	1	3	5	Needs Attention
4548	2024-02-20	2024-02-20	2024-02-01	680	1	3789.71	3789.71	1	1	3	5	Needs Attention
4405	2024-01-31	2024-01-31	2024-01-01	700	1	3761.96	3761.96	1	1	3	5	Needs Attention
7026	2024-05-14	2024-05-14	2024-05-01	596	1	3740.54	3740.54	1	1	3	5	Needs Attention
7357	2024-06-06	2024-06-06	2024-06-01	573	1	3736.33	3736.33	1	1	3	5	Needs Attention
5714	2024-04-12	2024-04-12	2024-04-01	628	1	3727.98	3727.98	1	1	3	5	Needs Attention
3434	2024-01-09	2024-01-09	2024-01-01	722	1	3707.53	3707.53	1	1	3	5	Needs Attention
7804	2024-02-27	2024-02-27	2024-02-01	673	1	3668.22	3668.22	1	1	3	5	Needs Attention
5518	2024-03-13	2024-03-13	2024-03-01	658	1	3635.28	3635.28	1	1	3	5	Needs Attention
3643	2024-05-31	2024-05-31	2024-05-01	579	1	3629.67	3629.67	1	1	3	5	Needs Attention
4070	2024-03-01	2024-03-01	2024-03-01	670	1	3573.30	3573.30	1	1	3	5	Needs Attention
6558	2024-03-19	2024-03-19	2024-03-01	652	1	3546.06	3546.06	1	1	3	5	Needs Attention
3381	2024-04-20	2024-04-20	2024-04-01	620	1	3546.00	3546.00	1	1	3	5	Needs Attention
6779	2024-02-19	2024-02-19	2024-02-01	681	1	3525.05	3525.05	1	1	3	5	Needs Attention
7515	2024-03-06	2024-03-06	2024-03-01	665	1	3458.09	3458.09	1	1	3	5	Needs Attention
3379	2024-04-26	2024-04-26	2024-04-01	614	1	3425.89	3425.89	1	1	3	5	Needs Attention
3810	2024-03-25	2024-03-25	2024-03-01	646	1	3417.89	3417.89	1	1	3	5	Needs Attention
3071	2024-04-23	2024-04-23	2024-04-01	617	1	3396.57	3396.57	1	1	3	5	Needs Attention
5769	2024-04-12	2024-04-12	2024-04-01	628	1	3389.41	3389.41	1	1	3	5	Needs Attention
6393	2024-05-15	2024-05-15	2024-05-01	595	1	3372.93	3372.93	1	1	3	5	Needs Attention
5488	2024-04-25	2024-04-25	2024-04-01	615	1	3366.21	3366.21	1	1	3	5	Needs Attention
6369	2024-02-20	2024-02-20	2024-02-01	680	1	3361.30	3361.30	1	1	3	5	Needs Attention
5872	2024-04-27	2024-04-27	2024-04-01	613	1	3356.61	3356.61	1	1	3	5	Needs Attention
5036	2024-04-18	2024-04-18	2024-04-01	622	1	3334.63	3334.63	1	1	3	5	Needs Attention
7607	2024-01-04	2024-01-04	2024-01-01	727	1	3333.73	3333.73	1	1	3	5	Needs Attention
5440	2024-01-31	2024-01-31	2024-01-01	700	1	3320.91	3320.91	1	1	3	5	Needs Attention
5120	2024-05-14	2024-05-14	2024-05-01	596	1	3293.98	3293.98	1	1	3	5	Needs Attention
4253	2024-03-20	2024-03-20	2024-03-01	651	1	3281.86	3281.86	1	1	3	5	Needs Attention
6295	2024-06-25	2024-06-25	2024-06-01	554	1	3279.43	3279.43	1	1	3	5	Needs Attention
4651	2024-05-03	2024-05-03	2024-05-01	607	1	3277.31	3277.31	1	1	3	5	Needs Attention
3356	2024-04-01	2024-04-01	2024-04-01	639	1	3248.51	3248.51	1	1	3	5	Needs Attention
6272	2024-04-06	2024-04-06	2024-04-01	634	1	3244.49	3244.49	1	1	3	5	Needs Attention
5135	2024-03-09	2024-03-09	2024-03-01	662	1	3182.94	3182.94	1	1	3	5	Needs Attention
7303	2024-01-03	2024-01-03	2024-01-01	728	1	3181.58	3181.58	1	1	3	5	Needs Attention
6280	2024-03-04	2024-03-04	2024-03-01	667	1	3180.56	3180.56	1	1	3	5	Needs Attention
4688	2024-01-24	2024-01-24	2024-01-01	707	1	3164.87	3164.87	1	1	3	5	Needs Attention
6403	2024-01-03	2024-01-03	2024-01-01	728	1	3154.25	3154.25	1	1	3	5	Needs Attention
6177	2024-04-02	2024-04-02	2024-04-01	638	1	3152.96	3152.96	1	1	3	5	Needs Attention
5852	2024-04-06	2024-04-06	2024-04-01	634	1	3138.11	3138.11	1	1	3	5	Needs Attention
6976	2024-02-20	2024-02-20	2024-02-01	680	1	3131.25	3131.25	1	1	3	5	Needs Attention
5070	2024-01-21	2024-01-21	2024-01-01	710	1	3108.27	3108.27	1	1	3	5	Needs Attention
6822	2024-06-03	2024-06-03	2024-06-01	576	1	3087.91	3087.91	1	1	3	5	Needs Attention
5550	2024-04-30	2024-04-30	2024-04-01	610	1	3083.74	3083.74	1	1	3	5	Needs Attention
4423	2024-05-18	2024-05-18	2024-05-01	592	1	3069.93	3069.93	1	1	3	5	Needs Attention
6985	2024-04-11	2024-04-11	2024-04-01	629	1	3068.47	3068.47	1	1	3	5	Needs Attention
423	2024-02-05	2024-02-05	2024-02-01	695	1	3037.70	3037.70	1	2	2	5	Needs Attention
2575	2024-02-22	2024-02-22	2024-02-01	678	1	3031.88	3031.88	1	2	2	5	Needs Attention
4923	2025-05-16	2025-05-16	2025-05-01	229	1	3024.91	3024.91	2	1	2	5	Needs Attention
2415	2024-02-27	2024-02-27	2024-02-01	673	1	3020.78	3020.78	1	2	2	5	Needs Attention
1198	2024-03-31	2024-03-31	2024-03-01	640	1	3016.28	3016.28	1	2	2	5	Needs Attention
1532	2024-04-21	2024-04-21	2024-04-01	619	1	3004.50	3004.50	1	2	2	5	Needs Attention
3807	2025-08-08	2025-08-08	2025-08-01	145	1	3002.65	3002.65	2	1	2	5	Needs Attention
6775	2025-02-15	2025-02-15	2025-02-01	319	1	3001.67	3001.67	2	1	2	5	Needs Attention
5608	2024-12-18	2024-12-18	2024-12-01	378	1	2996.96	2996.96	2	1	2	5	Needs Attention
1388	2024-01-16	2024-01-16	2024-01-01	715	1	2992.53	2992.53	1	2	2	5	Needs Attention
2120	2024-02-10	2024-02-10	2024-02-01	690	1	2948.49	2948.49	1	2	2	5	Needs Attention
1574	2024-01-16	2024-01-16	2024-01-01	715	1	2939.11	2939.11	1	2	2	5	Needs Attention
2625	2024-05-10	2024-05-10	2024-05-01	600	1	2920.74	2920.74	1	2	2	5	Needs Attention
2647	2024-02-17	2024-02-17	2024-02-01	683	1	2892.76	2892.76	1	2	2	5	Needs Attention
3672	2025-03-20	2025-03-20	2025-03-01	286	1	2891.07	2891.07	2	1	2	5	Needs Attention
1378	2024-04-26	2024-04-26	2024-04-01	614	1	2890.24	2890.24	1	2	2	5	Needs Attention
806	2024-04-26	2024-04-26	2024-04-01	614	1	2888.17	2888.17	1	2	2	5	Needs Attention
1237	2024-01-24	2024-01-24	2024-01-01	707	1	2875.63	2875.63	1	2	2	5	Needs Attention
1403	2024-03-14	2024-03-14	2024-03-01	657	1	2862.86	2862.86	1	2	2	5	Needs Attention
7180	2024-09-30	2024-09-30	2024-09-01	457	1	2856.96	2856.96	2	1	2	5	Needs Attention
6978	2025-02-21	2025-02-21	2025-02-01	313	1	2851.09	2851.09	2	1	2	5	Needs Attention
2591	2024-02-06	2024-02-06	2024-02-01	694	1	2848.65	2848.65	1	2	2	5	Needs Attention
2303	2024-05-28	2024-05-28	2024-05-01	582	1	2839.89	2839.89	1	2	2	5	Needs Attention
150	2024-01-17	2024-01-17	2024-01-01	714	1	2833.57	2833.57	1	2	2	5	Needs Attention
1849	2024-04-19	2024-04-19	2024-04-01	621	1	2825.91	2825.91	1	2	2	5	Needs Attention
2824	2024-02-11	2024-02-11	2024-02-01	689	1	2820.86	2820.86	1	2	2	5	Needs Attention
1971	2024-06-04	2024-06-04	2024-06-01	575	1	2813.22	2813.22	1	2	2	5	Needs Attention
862	2024-03-07	2024-03-07	2024-03-01	664	1	2805.79	2805.79	1	2	2	5	Needs Attention
241	2024-03-02	2024-03-02	2024-03-01	669	1	2804.11	2804.11	1	2	2	5	Needs Attention
2148	2024-05-24	2024-05-24	2024-05-01	586	1	2802.83	2802.83	1	2	2	5	Needs Attention
469	2024-02-20	2024-02-20	2024-02-01	680	1	2791.41	2791.41	1	2	2	5	Needs Attention
3012	2024-03-03	2024-03-03	2024-03-01	668	1	2782.51	2782.51	1	2	2	5	Needs Attention
5889	2025-05-11	2025-05-11	2025-05-01	234	1	2779.54	2779.54	2	1	2	5	Needs Attention
1503	2024-04-28	2024-04-28	2024-04-01	612	1	2759.72	2759.72	1	2	2	5	Needs Attention
424	2024-04-13	2024-04-13	2024-04-01	627	1	2757.74	2757.74	1	2	2	5	Needs Attention
3265	2024-06-27	2024-06-27	2024-06-01	552	1	2731.89	2731.89	2	1	2	5	Needs Attention
110	2024-03-24	2024-03-24	2024-03-01	647	1	2720.83	2720.83	1	2	2	5	Needs Attention
2479	2024-04-18	2024-04-18	2024-04-01	622	1	2719.40	2719.40	1	2	2	5	Needs Attention
4066	2025-06-11	2025-06-11	2025-06-01	203	1	2716.30	2716.30	2	1	2	5	Needs Attention
5668	2024-09-14	2024-09-14	2024-09-01	473	1	2712.72	2712.72	2	1	2	5	Needs Attention
616	2024-05-14	2024-05-14	2024-05-01	596	1	2701.75	2701.75	1	2	2	5	Needs Attention
190	2024-02-29	2024-02-29	2024-02-01	671	1	2692.50	2692.50	1	2	2	5	Needs Attention
662	2024-05-03	2024-05-03	2024-05-01	607	1	2684.94	2684.94	1	2	2	5	Needs Attention
1162	2024-04-30	2024-04-30	2024-04-01	610	1	2657.47	2657.47	1	2	2	5	Needs Attention
2376	2024-04-17	2024-04-17	2024-04-01	623	1	2638.59	2638.59	1	2	2	5	Needs Attention
4424	2025-05-15	2025-05-15	2025-05-01	230	1	2634.19	2634.19	2	1	2	5	Needs Attention
289	2024-04-08	2024-04-08	2024-04-01	632	1	2631.64	2631.64	1	2	2	5	Needs Attention
2041	2024-01-01	2024-01-01	2024-01-01	730	1	2611.37	2611.37	1	2	2	5	Needs Attention
1045	2024-05-05	2024-05-05	2024-05-01	605	1	2602.76	2602.76	1	2	2	5	Needs Attention
1808	2024-06-25	2024-06-25	2024-06-01	554	1	2582.15	2582.15	1	2	2	5	Needs Attention
1297	2024-02-15	2024-02-15	2024-02-01	685	1	2580.28	2580.28	1	2	2	5	Needs Attention
2929	2024-04-25	2024-04-25	2024-04-01	615	1	2578.76	2578.76	1	2	2	5	Needs Attention
625	2024-06-14	2024-06-14	2024-06-01	565	1	2565.56	2565.56	1	2	2	5	Needs Attention
1644	2024-04-21	2024-04-21	2024-04-01	619	1	2550.27	2550.27	1	2	2	5	Needs Attention
2336	2024-01-16	2024-01-16	2024-01-01	715	1	2530.59	2530.59	1	2	2	5	Needs Attention
2002	2024-01-27	2024-01-27	2024-01-01	704	1	2528.18	2528.18	1	2	2	5	Needs Attention
3673	2025-04-19	2025-04-19	2025-04-01	256	1	2522.25	2522.25	2	1	2	5	Needs Attention
6673	2024-02-23	2024-06-19	2024-02-01	560	2	2509.67	1254.84	1	2	2	5	At Risk
1779	2024-05-20	2024-05-20	2024-05-01	590	1	2496.56	2496.56	1	2	2	5	Needs Attention
3075	2025-06-13	2025-06-13	2025-06-01	201	1	2487.28	2487.28	2	1	2	5	Needs Attention
1075	2024-01-31	2024-01-31	2024-01-01	700	1	2480.04	2480.04	1	2	2	5	Needs Attention
7500	2024-02-29	2024-06-03	2024-02-01	576	2	2471.97	1235.99	1	2	2	5	At Risk
4661	2025-04-22	2025-04-22	2025-04-01	253	1	2466.82	2466.82	2	1	2	5	Needs Attention
2343	2024-04-24	2024-04-24	2024-04-01	616	1	2455.88	2455.88	1	2	2	5	Needs Attention
5321	2025-08-07	2025-08-07	2025-08-01	146	1	2448.64	2448.64	2	1	2	5	Needs Attention
583	2024-06-04	2024-06-04	2024-06-01	575	1	2435.75	2435.75	1	2	2	5	Needs Attention
7826	2024-06-30	2024-06-30	2024-06-01	549	1	2425.01	2425.01	2	1	2	5	Needs Attention
341	2024-01-24	2024-01-24	2024-01-01	707	1	2422.01	2422.01	1	2	2	5	Needs Attention
690	2024-03-08	2024-03-08	2024-03-01	663	1	2390.83	2390.83	1	2	2	5	Needs Attention
7100	2025-01-23	2025-01-23	2025-01-01	342	1	2385.38	2385.38	2	1	2	5	Needs Attention
6603	2024-10-14	2024-10-14	2024-10-01	443	1	2381.49	2381.49	2	1	2	5	Needs Attention
1279	2024-03-16	2024-03-16	2024-03-01	655	1	2379.57	2379.57	1	2	2	5	Needs Attention
1716	2024-05-08	2024-05-08	2024-05-01	602	1	2366.88	2366.88	1	2	2	5	Needs Attention
525	2024-02-08	2024-02-08	2024-02-01	692	1	2365.69	2365.69	1	2	2	5	Needs Attention
276	2024-03-18	2024-03-18	2024-03-01	653	1	2345.62	2345.62	1	2	2	5	Needs Attention
4246	2025-01-29	2025-01-29	2025-01-01	336	1	2345.20	2345.20	2	1	2	5	Needs Attention
6482	2025-01-31	2025-01-31	2025-01-01	334	1	2339.70	2339.70	2	1	2	5	Needs Attention
2812	2024-04-21	2024-04-21	2024-04-01	619	1	2331.52	2331.52	1	2	2	5	Needs Attention
2198	2024-01-15	2024-01-15	2024-01-01	716	1	2309.74	2309.74	1	2	2	5	Needs Attention
2209	2024-03-31	2024-03-31	2024-03-01	640	1	2306.54	2306.54	1	2	2	5	Needs Attention
2683	2024-05-11	2024-05-11	2024-05-01	599	1	2298.86	2298.86	1	2	2	5	Needs Attention
6188	2025-05-17	2025-05-17	2025-05-01	228	1	2282.32	2282.32	2	1	2	5	Needs Attention
2355	2024-01-10	2024-01-10	2024-01-01	721	1	2274.06	2274.06	1	2	2	5	Needs Attention
1031	2024-01-28	2024-01-28	2024-01-01	703	1	2262.21	2262.21	1	2	2	5	Needs Attention
879	2024-02-23	2024-02-23	2024-02-01	677	1	2240.69	2240.69	1	2	2	5	Needs Attention
7091	2024-06-30	2024-06-30	2024-06-01	549	1	2238.87	2238.87	2	1	2	5	Needs Attention
489	2024-02-29	2024-02-29	2024-02-01	671	1	2236.47	2236.47	1	2	2	5	Needs Attention
2324	2024-03-19	2024-03-19	2024-03-01	652	1	2234.89	2234.89	1	2	2	5	Needs Attention
1738	2024-02-14	2024-02-14	2024-02-01	686	1	2234.10	2234.10	1	2	2	5	Needs Attention
6113	2024-08-03	2024-08-03	2024-08-01	515	1	2224.68	2224.68	2	1	2	5	Needs Attention
2044	2024-04-22	2024-04-22	2024-04-01	618	1	2223.24	2223.24	1	2	2	5	Needs Attention
7461	2025-01-23	2025-01-23	2025-01-01	342	1	2197.17	2197.17	2	1	2	5	Needs Attention
777	2024-04-01	2024-04-01	2024-04-01	639	1	2188.74	2188.74	1	2	2	5	Needs Attention
1823	2024-06-13	2024-06-13	2024-06-01	566	1	2165.24	2165.24	1	2	2	5	Needs Attention
1956	2024-04-30	2024-04-30	2024-04-01	610	1	2164.29	2164.29	1	2	2	5	Needs Attention
3053	2024-05-22	2024-05-22	2024-05-01	588	1	2161.46	2161.46	1	2	2	5	Needs Attention
1826	2024-03-31	2024-03-31	2024-03-01	640	1	2160.00	2160.00	1	2	2	5	Needs Attention
1910	2024-01-10	2024-01-10	2024-01-01	721	1	2154.53	2154.53	1	2	2	5	Needs Attention
7924	2024-09-25	2024-09-25	2024-09-01	462	1	2153.63	2153.63	2	1	2	5	Needs Attention
2923	2024-03-07	2024-03-07	2024-03-01	664	1	2140.30	2140.30	1	2	2	5	Needs Attention
2886	2024-06-03	2024-06-03	2024-06-01	576	1	2135.42	2135.42	1	2	2	5	Needs Attention
7904	2025-06-27	2025-06-27	2025-06-01	187	1	2135.29	2135.29	2	1	2	5	Needs Attention
1350	2024-05-28	2024-05-28	2024-05-01	582	1	2113.39	2113.39	1	2	2	5	Needs Attention
6257	2024-09-03	2024-09-03	2024-09-01	484	1	2099.38	2099.38	2	1	2	5	Needs Attention
466	2024-06-25	2024-06-25	2024-06-01	554	1	2095.23	2095.23	1	2	2	5	Needs Attention
4415	2024-11-11	2024-11-11	2024-11-01	415	1	2092.07	2092.07	2	1	2	5	Needs Attention
1726	2024-03-29	2024-03-29	2024-03-01	642	1	2089.59	2089.59	1	2	2	5	Needs Attention
2961	2024-06-25	2024-06-25	2024-06-01	554	1	2081.35	2081.35	1	2	2	5	Needs Attention
1381	2024-06-16	2024-06-16	2024-06-01	563	1	2080.88	2080.88	1	2	2	5	Needs Attention
3401	2025-07-26	2025-07-26	2025-07-01	158	1	2079.53	2079.53	2	1	2	5	Needs Attention
15	2024-02-07	2024-02-07	2024-02-01	693	1	2075.32	2075.32	1	2	2	5	Needs Attention
2778	2024-05-15	2024-05-15	2024-05-01	595	1	2064.35	2064.35	1	2	2	5	Needs Attention
804	2024-05-13	2024-05-13	2024-05-01	597	1	2056.88	2056.88	1	2	2	5	Needs Attention
95	2024-02-12	2024-02-12	2024-02-01	688	1	2053.91	2053.91	1	2	2	5	Needs Attention
2386	2024-06-05	2024-06-05	2024-06-01	574	1	2046.87	2046.87	1	2	2	5	Needs Attention
2641	2024-03-06	2024-03-06	2024-03-01	665	1	2046.70	2046.70	1	2	2	5	Needs Attention
3041	2024-01-22	2024-01-22	2024-01-01	709	1	2046.54	2046.54	1	2	2	5	Needs Attention
7275	2025-05-02	2025-05-02	2025-05-01	243	1	2035.76	2035.76	2	1	2	5	Needs Attention
2189	2024-06-08	2024-06-08	2024-06-01	571	1	2028.34	2028.34	1	2	2	5	Needs Attention
2244	2024-01-21	2024-01-21	2024-01-01	710	1	2027.53	2027.53	1	2	2	5	Needs Attention
912	2024-05-26	2024-05-26	2024-05-01	584	1	2022.41	2022.41	1	2	2	5	Needs Attention
1303	2024-06-07	2024-06-07	2024-06-01	572	1	2021.64	2021.64	1	2	2	5	Needs Attention
4700	2025-04-16	2025-04-16	2025-04-01	259	1	1999.37	1999.37	2	1	2	5	Needs Attention
7533	2024-06-30	2024-06-30	2024-06-01	549	1	1998.84	1998.84	2	1	2	5	Needs Attention
1973	2024-01-26	2024-01-26	2024-01-01	705	1	1998.45	1998.45	1	2	2	5	Needs Attention
1227	2024-01-01	2024-01-01	2024-01-01	730	1	1980.83	1980.83	1	2	2	5	Needs Attention
6780	2024-11-03	2024-11-03	2024-11-01	423	1	1961.37	1961.37	2	1	2	5	Needs Attention
293	2024-02-17	2024-02-17	2024-02-01	683	1	1935.65	1935.65	1	2	2	5	Needs Attention
6934	2025-02-17	2025-02-17	2025-02-01	317	1	1935.15	1935.15	2	1	2	5	Needs Attention
2080	2024-06-05	2024-06-05	2024-06-01	574	1	1928.84	1928.84	1	2	2	5	Needs Attention
2457	2024-06-24	2024-06-24	2024-06-01	555	1	1922.93	1922.93	1	2	2	5	Needs Attention
747	2024-03-11	2024-03-11	2024-03-01	660	1	1920.93	1920.93	1	2	2	5	Needs Attention
865	2024-02-27	2024-02-27	2024-02-01	673	1	1920.53	1920.53	1	2	2	5	Needs Attention
2867	2024-03-30	2024-03-30	2024-03-01	641	1	1917.91	1917.91	1	2	2	5	Needs Attention
160	2024-04-03	2024-04-03	2024-04-01	637	1	1913.23	1913.23	1	2	2	5	Needs Attention
6956	2024-09-03	2024-09-03	2024-09-01	484	1	1912.74	1912.74	2	1	2	5	Needs Attention
2627	2024-05-14	2024-05-14	2024-05-01	596	1	1907.79	1907.79	1	2	2	5	Needs Attention
2315	2024-06-23	2024-06-23	2024-06-01	556	1	1904.68	1904.68	1	2	2	5	Needs Attention
1049	2024-05-01	2024-05-01	2024-05-01	609	1	1902.96	1902.96	1	2	2	5	Needs Attention
1953	2024-03-10	2024-03-10	2024-03-01	661	1	1900.86	1900.86	1	2	2	5	Needs Attention
2818	2024-01-29	2024-01-29	2024-01-01	702	1	1897.64	1897.64	1	2	2	5	Needs Attention
1439	2024-06-15	2024-06-15	2024-06-01	564	1	1887.13	1887.13	1	2	2	5	Needs Attention
711	2024-01-24	2024-01-24	2024-01-01	707	1	1881.68	1881.68	1	2	2	5	Needs Attention
7864	2024-07-26	2024-07-26	2024-07-01	523	1	1870.84	1870.84	2	1	2	5	Needs Attention
4945	2024-02-05	2024-03-19	2024-02-01	652	2	1869.28	934.64	1	2	2	5	At Risk
5517	2025-05-28	2025-05-28	2025-05-01	217	1	1861.35	1861.35	2	1	2	5	Needs Attention
996	2024-02-23	2024-02-23	2024-02-01	677	1	1844.44	1844.44	1	2	2	5	Needs Attention
871	2024-05-11	2024-05-11	2024-05-01	599	1	1835.82	1835.82	1	2	2	5	Needs Attention
2466	2024-04-21	2024-04-21	2024-04-01	619	1	1830.20	1830.20	1	2	2	5	Needs Attention
7378	2025-05-07	2025-05-07	2025-05-01	238	1	1829.18	1829.18	2	1	2	5	Needs Attention
41	2024-06-15	2024-06-15	2024-06-01	564	1	1822.03	1822.03	1	2	2	5	Needs Attention
4058	2025-03-17	2025-03-17	2025-03-01	289	1	1814.92	1814.92	2	1	2	5	Needs Attention
3092	2025-02-24	2025-02-24	2025-02-01	310	1	1794.89	1794.89	2	1	2	5	Needs Attention
2143	2024-01-12	2024-01-12	2024-01-01	719	1	1789.96	1789.96	1	2	2	5	Needs Attention
5773	2025-06-20	2025-06-20	2025-06-01	194	1	1789.87	1789.87	2	1	2	5	Needs Attention
6795	2025-01-27	2025-01-27	2025-01-01	338	1	1773.40	1773.40	2	1	2	5	Needs Attention
2855	2024-02-26	2024-02-26	2024-02-01	674	1	1771.20	1771.20	1	2	2	5	Needs Attention
6248	2025-06-22	2025-06-22	2025-06-01	192	1	1758.75	1758.75	2	1	2	5	Needs Attention
1401	2024-06-15	2024-06-15	2024-06-01	564	1	1755.54	1755.54	1	2	2	5	Needs Attention
81	2024-06-24	2024-06-24	2024-06-01	555	1	1754.95	1754.95	1	2	2	5	Needs Attention
5332	2025-06-07	2025-06-07	2025-06-01	207	1	1752.21	1752.21	2	1	2	5	Needs Attention
2809	2024-02-11	2024-02-11	2024-02-01	689	1	1751.95	1751.95	1	2	2	5	Needs Attention
646	2024-01-04	2024-01-04	2024-01-01	727	1	1748.64	1748.64	1	2	2	5	Needs Attention
749	2024-04-28	2024-04-28	2024-04-01	612	1	1747.63	1747.63	1	2	2	5	Needs Attention
329	2024-04-24	2024-04-24	2024-04-01	616	1	1741.22	1741.22	1	2	2	5	Needs Attention
3034	2024-06-07	2024-06-07	2024-06-01	572	1	1740.01	1740.01	1	2	2	5	Needs Attention
5215	2025-03-18	2025-03-18	2025-03-01	288	1	1732.20	1732.20	2	1	2	5	Needs Attention
2827	2024-01-23	2024-01-23	2024-01-01	708	1	1732.08	1732.08	1	2	2	5	Needs Attention
6813	2025-05-08	2025-05-08	2025-05-01	237	1	1728.43	1728.43	2	1	2	5	Needs Attention
528	2024-04-25	2024-04-25	2024-04-01	615	1	1725.80	1725.80	1	2	2	5	Needs Attention
2088	2024-05-29	2024-05-29	2024-05-01	581	1	1714.12	1714.12	1	2	2	5	Needs Attention
3728	2025-04-06	2025-04-06	2025-04-01	269	1	1690.38	1690.38	2	1	2	5	Needs Attention
1317	2024-03-31	2024-03-31	2024-03-01	640	1	1689.75	1689.75	1	2	2	5	Needs Attention
1311	2024-02-10	2024-02-10	2024-02-01	690	1	1687.72	1687.72	1	2	2	5	Needs Attention
4052	2024-06-28	2024-06-28	2024-06-01	551	1	1681.70	1681.70	2	1	2	5	Needs Attention
7702	2025-03-18	2025-03-18	2025-03-01	288	1	1679.50	1679.50	2	1	2	5	Needs Attention
2741	2024-05-27	2024-05-27	2024-05-01	583	1	1676.19	1676.19	1	2	2	5	Needs Attention
4127	2025-06-10	2025-06-10	2025-06-01	204	1	1674.71	1674.71	2	1	2	5	Needs Attention
134	2024-04-04	2024-04-04	2024-04-01	636	1	1673.28	1673.28	1	2	2	5	Needs Attention
3621	2025-03-05	2025-03-05	2025-03-01	301	1	1663.71	1663.71	2	1	2	5	Needs Attention
2007	2024-03-27	2024-03-27	2024-03-01	644	1	1663.54	1663.54	1	2	2	5	Needs Attention
980	2024-03-08	2024-03-08	2024-03-01	663	1	1645.76	1645.76	1	2	2	5	Needs Attention
263	2024-06-15	2024-06-15	2024-06-01	564	1	1635.65	1635.65	1	2	2	5	Needs Attention
132	2024-01-12	2024-01-12	2024-01-01	719	1	1634.57	1634.57	1	2	2	5	Needs Attention
6578	2024-06-30	2024-06-30	2024-06-01	549	1	1626.17	1626.17	2	1	2	5	Needs Attention
31	2024-04-24	2024-04-24	2024-04-01	616	1	1624.47	1624.47	1	2	2	5	Needs Attention
3362	2025-04-12	2025-04-12	2025-04-01	263	1	1621.19	1621.19	2	1	2	5	Needs Attention
2510	2024-06-07	2024-06-07	2024-06-01	572	1	1614.89	1614.89	1	2	2	5	Needs Attention
1850	2024-01-14	2024-01-14	2024-01-01	717	1	1614.12	1614.12	1	2	2	5	Needs Attention
3077	2025-04-08	2025-04-08	2025-04-01	267	1	1601.35	1601.35	2	1	2	5	Needs Attention
1406	2024-04-20	2024-04-20	2024-04-01	620	1	1594.39	1594.39	1	2	2	5	Needs Attention
3404	2025-04-10	2025-04-10	2025-04-01	265	1	1593.48	1593.48	2	1	2	5	Needs Attention
460	2024-02-25	2024-02-25	2024-02-01	675	1	1592.92	1592.92	1	2	2	5	Needs Attention
2628	2024-06-05	2024-06-05	2024-06-01	574	1	1585.62	1585.62	1	2	2	5	Needs Attention
617	2024-05-15	2024-05-15	2024-05-01	595	1	1582.05	1582.05	1	2	2	5	Needs Attention
7546	2025-03-05	2025-03-05	2025-03-01	301	1	1570.16	1570.16	2	1	2	5	Needs Attention
7254	2024-07-08	2024-07-08	2024-07-01	541	1	1568.94	1568.94	2	1	2	5	Needs Attention
1275	2024-06-20	2024-06-20	2024-06-01	559	1	1568.34	1568.34	1	2	2	5	Needs Attention
1820	2024-05-11	2024-05-11	2024-05-01	599	1	1568.30	1568.30	1	2	2	5	Needs Attention
4206	2024-08-30	2024-08-30	2024-08-01	488	1	1562.88	1562.88	2	1	2	5	Needs Attention
5245	2025-04-25	2025-04-25	2025-04-01	250	1	1555.40	1555.40	2	1	2	5	Needs Attention
402	2024-03-23	2024-03-23	2024-03-01	648	1	1554.63	1554.63	1	2	2	5	Needs Attention
6939	2025-07-20	2025-07-20	2025-07-01	164	1	1547.52	1547.52	2	1	2	5	Needs Attention
2589	2024-05-27	2024-05-27	2024-05-01	583	1	1543.38	1543.38	1	2	2	5	Needs Attention
1884	2024-02-15	2024-02-15	2024-02-01	685	1	1534.87	1534.87	1	2	2	5	Needs Attention
7901	2025-06-12	2025-06-12	2025-06-01	202	1	1533.61	1533.61	2	1	2	5	Needs Attention
2344	2024-06-18	2024-06-18	2024-06-01	561	1	1525.41	1525.41	1	2	2	5	Needs Attention
7803	2025-07-07	2025-07-07	2025-07-01	177	1	1519.00	1519.00	2	1	2	5	Needs Attention
5415	2025-06-14	2025-06-14	2025-06-01	200	1	1517.53	1517.53	2	1	2	5	Needs Attention
2363	2024-06-04	2024-06-04	2024-06-01	575	1	1512.16	1512.16	1	2	2	5	Needs Attention
1539	2024-04-24	2024-04-24	2024-04-01	616	1	1511.91	1511.91	1	2	2	5	Needs Attention
941	2024-05-13	2024-05-13	2024-05-01	597	1	1510.94	1510.94	1	2	2	5	Needs Attention
7931	2025-04-25	2025-04-25	2025-04-01	250	1	1502.40	1502.40	2	1	2	5	Needs Attention
343	2024-01-30	2024-01-30	2024-01-01	701	1	1497.30	1497.30	1	2	2	5	Needs Attention
1007	2024-03-04	2024-03-04	2024-03-01	667	1	1495.31	1495.31	1	2	2	5	Needs Attention
3867	2025-05-26	2025-05-26	2025-05-01	219	1	1492.54	1492.54	2	1	2	5	Needs Attention
5960	2024-10-10	2024-10-10	2024-10-01	447	1	1488.37	1488.37	2	1	2	5	Needs Attention
5617	2025-05-23	2025-05-23	2025-05-01	222	1	1482.96	1482.96	2	1	2	5	Needs Attention
717	2024-06-25	2024-06-25	2024-06-01	554	1	1482.49	1482.49	1	2	2	5	Needs Attention
316	2024-04-14	2024-04-14	2024-04-01	626	1	1468.79	1468.79	1	2	2	5	Needs Attention
6692	2025-05-03	2025-05-03	2025-05-01	242	1	1464.10	1464.10	2	1	2	5	Needs Attention
2878	2024-03-14	2024-03-14	2024-03-01	657	1	1459.94	1459.94	1	2	2	5	Needs Attention
7911	2024-07-02	2024-07-02	2024-07-01	547	1	1459.75	1459.75	2	1	2	5	Needs Attention
7570	2025-05-20	2025-05-20	2025-05-01	225	1	1459.32	1459.32	2	1	2	5	Needs Attention
3723	2025-05-25	2025-05-25	2025-05-01	220	1	1459.10	1459.10	2	1	2	5	Needs Attention
6386	2025-07-26	2025-07-26	2025-07-01	158	1	1453.00	1453.00	2	1	2	5	Needs Attention
1480	2024-04-02	2024-04-02	2024-04-01	638	1	1449.62	1449.62	1	2	2	5	Needs Attention
2883	2024-03-18	2024-03-18	2024-03-01	653	1	1441.82	1441.82	1	2	2	5	Needs Attention
244	2024-06-05	2024-06-05	2024-06-01	574	1	1439.23	1439.23	1	2	2	5	Needs Attention
6679	2025-05-03	2025-05-03	2025-05-01	242	1	1426.39	1426.39	2	1	2	5	Needs Attention
1431	2024-05-05	2024-05-05	2024-05-01	605	1	1421.88	1421.88	1	2	2	5	Needs Attention
1525	2024-05-26	2024-05-26	2024-05-01	584	1	1421.58	1421.58	1	2	2	5	Needs Attention
2994	2024-05-17	2024-05-17	2024-05-01	593	1	1399.56	1399.56	1	2	2	5	Needs Attention
793	2024-02-29	2024-02-29	2024-02-01	671	1	1396.57	1396.57	1	2	2	5	Needs Attention
7488	2024-11-15	2024-11-15	2024-11-01	411	1	1392.72	1392.72	2	1	2	5	Needs Attention
2696	2024-05-05	2024-05-05	2024-05-01	605	1	1391.86	1391.86	1	2	2	5	Needs Attention
7575	2025-05-02	2025-05-02	2025-05-01	243	1	1389.86	1389.86	2	1	2	5	Needs Attention
4095	2025-01-30	2025-01-30	2025-01-01	335	1	1387.18	1387.18	2	1	2	5	Needs Attention
2719	2024-01-28	2024-01-28	2024-01-01	703	1	1384.28	1384.28	1	2	2	5	Needs Attention
92	2024-02-21	2024-02-21	2024-02-01	679	1	1383.93	1383.93	1	2	2	5	Needs Attention
1172	2024-04-12	2024-04-12	2024-04-01	628	1	1382.64	1382.64	1	2	2	5	Needs Attention
697	2024-02-18	2024-02-18	2024-02-01	682	1	1380.83	1380.83	1	2	2	5	Needs Attention
1649	2024-05-15	2024-05-15	2024-05-01	595	1	1376.56	1376.56	1	2	2	5	Needs Attention
116	2024-02-07	2024-02-07	2024-02-01	693	1	1374.05	1374.05	1	2	2	5	Needs Attention
3103	2025-02-18	2025-02-18	2025-02-01	316	1	1373.40	1373.40	2	1	2	5	Needs Attention
519	2024-04-22	2024-04-22	2024-04-01	618	1	1371.10	1371.10	1	2	2	5	Needs Attention
5724	2025-01-11	2025-01-11	2025-01-01	354	1	1370.64	1370.64	2	1	2	5	Needs Attention
1104	2024-04-18	2024-04-18	2024-04-01	622	1	1367.26	1367.26	1	2	2	5	Needs Attention
1980	2024-02-07	2024-02-07	2024-02-01	693	1	1364.80	1364.80	1	2	2	5	Needs Attention
2807	2024-01-31	2024-01-31	2024-01-01	700	1	1364.53	1364.53	1	2	2	5	Needs Attention
2390	2024-05-06	2024-05-06	2024-05-01	604	1	1358.77	1358.77	1	2	2	5	Needs Attention
227	2024-04-15	2024-04-15	2024-04-01	625	1	1353.97	1353.97	1	2	2	5	Needs Attention
464	2024-01-31	2024-01-31	2024-01-01	700	1	1352.82	1352.82	1	2	2	5	Needs Attention
7785	2025-07-03	2025-07-03	2025-07-01	181	1	1352.36	1352.36	2	1	2	5	Needs Attention
3013	2024-01-09	2024-01-09	2024-01-01	722	1	1349.87	1349.87	1	2	2	5	Needs Attention
3581	2025-05-27	2025-05-27	2025-05-01	218	1	1341.28	1341.28	2	1	2	5	Needs Attention
1983	2024-02-08	2024-02-08	2024-02-01	692	1	1335.44	1335.44	1	2	2	5	Needs Attention
2845	2024-04-23	2024-04-23	2024-04-01	617	1	1331.29	1331.29	1	2	2	5	Needs Attention
3971	2025-02-16	2025-02-16	2025-02-01	318	1	1329.55	1329.55	2	1	2	5	Needs Attention
2351	2024-06-25	2024-06-25	2024-06-01	554	1	1328.64	1328.64	1	2	2	5	Needs Attention
5339	2025-07-02	2025-07-02	2025-07-01	182	1	1324.87	1324.87	2	1	2	5	Needs Attention
3593	2024-12-23	2024-12-23	2024-12-01	373	1	1324.06	1324.06	2	1	2	5	Needs Attention
7581	2024-12-26	2024-12-26	2024-12-01	370	1	1323.23	1323.23	2	1	2	5	Needs Attention
2464	2024-03-08	2024-03-08	2024-03-01	663	1	1321.29	1321.29	1	2	2	5	Needs Attention
6228	2025-08-09	2025-08-09	2025-08-01	144	1	1317.94	1317.94	2	1	2	5	Needs Attention
6948	2025-01-09	2025-01-09	2025-01-01	356	1	1317.35	1317.35	2	1	2	5	Needs Attention
5768	2024-12-24	2024-12-24	2024-12-01	372	1	1314.66	1314.66	2	1	2	5	Needs Attention
3069	2025-04-27	2025-04-27	2025-04-01	248	1	1305.07	1305.07	2	1	2	5	Needs Attention
904	2024-05-24	2024-05-24	2024-05-01	586	1	1304.18	1304.18	1	2	2	5	Needs Attention
2202	2024-04-30	2024-04-30	2024-04-01	610	1	1295.48	1295.48	1	2	2	5	Needs Attention
1208	2024-04-20	2024-04-20	2024-04-01	620	1	1294.62	1294.62	1	2	2	5	Needs Attention
1895	2024-06-20	2024-06-20	2024-06-01	559	1	1293.40	1293.40	1	2	2	5	Needs Attention
4633	2025-04-04	2025-04-04	2025-04-01	271	1	1292.52	1292.52	2	1	2	5	Needs Attention
7941	2025-01-02	2025-01-02	2025-01-01	363	1	1291.47	1291.47	2	1	2	5	Needs Attention
3445	2025-06-10	2025-06-10	2025-06-01	204	1	1291.06	1291.06	2	1	2	5	Needs Attention
6111	2025-05-29	2025-05-29	2025-05-01	216	1	1288.41	1288.41	2	1	2	5	Needs Attention
1630	2024-01-26	2024-01-26	2024-01-01	705	1	1286.57	1286.57	1	2	2	5	Needs Attention
576	2024-02-27	2024-02-27	2024-02-01	673	1	1283.60	1283.60	1	2	2	5	Needs Attention
1688	2024-03-26	2024-03-26	2024-03-01	645	1	1282.08	1282.08	1	2	2	5	Needs Attention
2576	2024-06-14	2024-06-14	2024-06-01	565	1	1275.95	1275.95	1	2	2	5	Needs Attention
1019	2024-01-19	2024-01-19	2024-01-01	712	1	1273.49	1273.49	1	2	2	5	Needs Attention
7593	2024-06-29	2024-06-29	2024-06-01	550	1	1272.18	1272.18	2	1	2	5	Needs Attention
176	2024-06-23	2024-06-23	2024-06-01	556	1	1269.60	1269.60	1	2	2	5	Needs Attention
1541	2024-04-17	2024-04-17	2024-04-01	623	1	1264.81	1264.81	1	2	2	5	Needs Attention
533	2024-04-14	2024-04-14	2024-04-01	626	1	1259.36	1259.36	1	2	2	5	Needs Attention
7695	2024-11-07	2024-11-07	2024-11-01	419	1	1258.56	1258.56	2	1	2	5	Needs Attention
5177	2025-01-15	2025-01-15	2025-01-01	350	1	1257.37	1257.37	2	1	2	5	Needs Attention
3049	2024-05-30	2024-05-30	2024-05-01	580	1	1252.71	1252.71	1	2	2	5	Needs Attention
2280	2024-04-26	2024-04-26	2024-04-01	614	1	1248.48	1248.48	1	2	2	5	Needs Attention
1954	2024-02-18	2024-02-18	2024-02-01	682	1	1242.74	1242.74	1	2	2	5	Needs Attention
4267	2025-07-04	2025-07-04	2025-07-01	180	1	1240.21	1240.21	2	1	2	5	Needs Attention
415	2024-01-07	2024-01-07	2024-01-01	724	1	1238.40	1238.40	1	2	2	5	Needs Attention
4467	2025-05-07	2025-05-07	2025-05-01	238	1	1237.39	1237.39	2	1	2	5	Needs Attention
1050	2024-04-18	2024-04-18	2024-04-01	622	1	1229.47	1229.47	1	2	2	5	Needs Attention
2780	2024-02-24	2024-02-24	2024-02-01	676	1	1228.14	1228.14	1	2	2	5	Needs Attention
5216	2025-09-18	2025-09-18	2025-09-01	104	1	1224.27	1224.27	3	1	1	5	Needs Attention
4993	2025-09-16	2025-09-16	2025-09-01	106	1	1218.38	1218.38	3	1	1	5	Needs Attention
7743	2024-08-06	2025-03-10	2024-08-01	296	2	1216.95	608.48	2	2	1	5	At Risk
1693	2024-09-10	2024-09-10	2024-09-01	477	1	1213.02	1213.02	2	2	1	5	Needs Attention
1575	2025-05-08	2025-05-08	2025-05-01	237	1	1199.73	1199.73	2	2	1	5	Needs Attention
6672	2025-03-01	2025-04-17	2025-03-01	258	2	1179.06	589.53	2	2	1	5	At Risk
7364	2024-04-25	2025-06-23	2024-04-01	191	2	1175.82	587.91	2	2	1	5	At Risk
2405	2025-01-30	2025-01-30	2025-01-01	335	1	1175.11	1175.11	2	2	1	5	Needs Attention
7897	2025-08-21	2025-08-21	2025-08-01	132	1	1164.84	1164.84	3	1	1	5	Needs Attention
6429	2025-10-04	2025-10-04	2025-10-01	88	1	1146.18	1146.18	3	1	1	5	Needs Attention
468	2025-03-08	2025-03-08	2025-03-01	298	1	1139.96	1139.96	2	2	1	5	Needs Attention
5126	2025-11-02	2025-11-02	2025-11-01	59	1	1138.71	1138.71	3	1	1	5	Needs Attention
5086	2025-09-18	2025-09-18	2025-09-01	104	1	1137.46	1137.46	3	1	1	5	Needs Attention
6347	2024-10-12	2025-05-25	2024-10-01	220	2	1127.17	563.59	2	2	1	5	At Risk
7620	2025-03-19	2025-06-09	2025-03-01	205	2	1126.79	563.40	2	2	1	5	At Risk
5461	2025-02-01	2025-07-11	2025-02-01	173	2	1125.13	562.57	2	2	1	5	At Risk
6458	2024-07-03	2025-05-05	2024-07-01	240	2	1122.62	561.31	2	2	1	5	At Risk
7428	2024-09-29	2025-03-26	2024-09-01	280	2	1114.56	557.28	2	2	1	5	At Risk
1387	2024-12-07	2024-12-07	2024-12-01	389	1	1108.95	1108.95	2	2	1	5	Needs Attention
6861	2025-01-23	2025-06-20	2025-01-01	194	2	1103.96	551.98	2	2	1	5	At Risk
647	2025-05-24	2025-05-24	2025-05-01	221	1	1102.14	1102.14	2	2	1	5	Needs Attention
7425	2025-08-16	2025-08-16	2025-08-01	137	1	1099.05	1099.05	3	1	1	5	Needs Attention
5676	2025-11-05	2025-11-05	2025-11-01	56	1	1095.72	1095.72	3	1	1	5	Needs Attention
1852	2024-06-27	2024-06-27	2024-06-01	552	1	1095.26	1095.26	2	2	1	5	Needs Attention
6500	2024-09-25	2025-03-02	2024-09-01	304	2	1094.72	547.36	2	2	1	5	At Risk
5424	2024-10-10	2025-06-18	2024-10-01	196	2	1094.33	547.17	2	2	1	5	At Risk
6570	2025-01-15	2025-06-21	2025-01-01	193	2	1093.84	546.92	2	2	1	5	At Risk
4811	2025-08-23	2025-08-23	2025-08-01	130	1	1086.73	1086.73	3	1	1	5	Needs Attention
1258	2025-01-21	2025-01-21	2025-01-01	344	1	1080.72	1080.72	2	2	1	5	Needs Attention
5633	2024-12-06	2025-02-23	2024-12-01	311	2	1080.61	540.31	2	2	1	5	At Risk
838	2025-05-03	2025-05-03	2025-05-01	242	1	1073.77	1073.77	2	2	1	5	Needs Attention
6367	2025-09-22	2025-09-22	2025-09-01	100	1	1070.73	1070.73	3	1	1	5	Needs Attention
7086	2025-03-13	2025-06-10	2025-03-01	204	2	1066.46	533.23	2	2	1	5	At Risk
281	2025-08-05	2025-08-05	2025-08-01	148	1	1062.67	1062.67	2	2	1	5	Needs Attention
3887	2025-10-29	2025-10-29	2025-10-01	63	1	1062.66	1062.66	3	1	1	5	Needs Attention
122	2025-03-03	2025-03-03	2025-03-01	303	1	1059.17	1059.17	2	2	1	5	Needs Attention
1955	2024-06-30	2024-06-30	2024-06-01	549	1	1057.95	1057.95	2	2	1	5	Needs Attention
5497	2024-09-08	2024-11-07	2024-09-01	419	2	1055.96	527.98	2	2	1	5	At Risk
6851	2025-10-16	2025-10-16	2025-10-01	76	1	1055.62	1055.62	3	1	1	5	Needs Attention
5021	2025-02-28	2025-06-24	2025-02-01	190	2	1054.26	527.13	2	2	1	5	At Risk
374	2025-02-25	2025-02-25	2025-02-01	309	1	1050.15	1050.15	2	2	1	5	Needs Attention
2119	2024-06-27	2024-06-27	2024-06-01	552	1	1045.77	1045.77	2	2	1	5	Needs Attention
1255	2025-02-09	2025-02-09	2025-02-01	325	1	1044.82	1044.82	2	2	1	5	Needs Attention
1663	2025-05-12	2025-05-12	2025-05-01	233	1	1042.24	1042.24	2	2	1	5	Needs Attention
4957	2025-09-13	2025-09-13	2025-09-01	109	1	1039.94	1039.94	3	1	1	5	Needs Attention
1447	2024-06-27	2024-06-27	2024-06-01	552	1	1038.80	1038.80	2	2	1	5	Needs Attention
6461	2025-05-07	2025-07-12	2025-05-01	172	2	1038.11	519.06	2	2	1	5	At Risk
7525	2025-09-11	2025-09-11	2025-09-01	111	1	1031.09	1031.09	3	1	1	5	Needs Attention
2393	2024-09-03	2024-09-03	2024-09-01	484	1	1029.57	1029.57	2	2	1	5	Needs Attention
7915	2024-08-06	2025-07-27	2024-08-01	157	2	1027.91	513.96	2	2	1	5	At Risk
623	2025-08-10	2025-08-10	2025-08-01	143	1	1027.76	1027.76	2	2	1	5	Needs Attention
1017	2025-03-22	2025-03-22	2025-03-01	284	1	1020.33	1020.33	2	2	1	5	Needs Attention
6553	2025-10-18	2025-10-18	2025-10-01	74	1	1019.43	1019.43	3	1	1	5	Needs Attention
7903	2025-03-24	2025-06-27	2025-03-01	187	2	1016.88	508.44	2	2	1	5	At Risk
5993	2025-05-06	2025-07-10	2025-05-01	174	2	1016.75	508.38	2	2	1	5	At Risk
1519	2025-03-10	2025-03-10	2025-03-01	296	1	1011.37	1011.37	2	2	1	5	Needs Attention
7458	2025-09-16	2025-09-16	2025-09-01	106	1	1011.08	1011.08	3	1	1	5	Needs Attention
7033	2024-12-25	2025-02-06	2024-12-01	328	2	1001.05	500.53	2	2	1	5	At Risk
297	2025-08-09	2025-08-09	2025-08-01	144	1	999.58	999.58	2	2	1	5	Needs Attention
7853	2025-05-28	2025-07-17	2025-05-01	167	2	988.89	494.45	2	2	1	5	At Risk
3638	2025-11-06	2025-11-06	2025-11-01	55	1	986.47	986.47	3	1	1	5	Needs Attention
1420	2024-09-24	2024-09-24	2024-09-01	463	1	985.44	985.44	2	2	1	5	Needs Attention
2448	2024-12-03	2024-12-03	2024-12-01	393	1	982.80	982.80	2	2	1	5	Needs Attention
4408	2025-09-06	2025-09-06	2025-09-01	116	1	977.59	977.59	3	1	1	5	Needs Attention
2272	2025-05-25	2025-05-25	2025-05-01	220	1	967.31	967.31	2	2	1	5	Needs Attention
1014	2025-04-09	2025-04-09	2025-04-01	266	1	959.12	959.12	2	2	1	5	Needs Attention
7353	2024-06-21	2024-12-26	2024-06-01	370	2	958.00	479.00	2	2	1	5	At Risk
3319	2025-09-03	2025-09-03	2025-09-01	119	1	957.88	957.88	3	1	1	5	Needs Attention
2545	2025-04-21	2025-04-21	2025-04-01	254	1	955.05	955.05	2	2	1	5	Needs Attention
6739	2025-10-16	2025-10-16	2025-10-01	76	1	938.38	938.38	3	1	1	5	Needs Attention
4687	2025-09-18	2025-09-18	2025-09-01	104	1	934.73	934.73	3	1	1	5	Needs Attention
5085	2025-10-09	2025-10-09	2025-10-01	83	1	931.66	931.66	3	1	1	5	Needs Attention
4822	2025-10-30	2025-10-30	2025-10-01	62	1	930.70	930.70	3	1	1	5	Needs Attention
909	2025-05-20	2025-05-20	2025-05-01	225	1	929.90	929.90	2	2	1	5	Needs Attention
1915	2024-10-01	2024-10-01	2024-10-01	456	1	922.38	922.38	2	2	1	5	Needs Attention
6165	2025-09-21	2025-09-21	2025-09-01	101	1	921.92	921.92	3	1	1	5	Needs Attention
3191	2025-10-07	2025-10-07	2025-10-01	85	1	918.77	918.77	3	1	1	5	Needs Attention
2077	2024-07-30	2024-07-30	2024-07-01	519	1	912.45	912.45	2	2	1	5	Needs Attention
433	2025-06-16	2025-06-16	2025-06-01	198	1	901.86	901.86	2	2	1	5	Needs Attention
7014	2025-08-25	2025-08-25	2025-08-01	128	1	901.50	901.50	3	1	1	5	Needs Attention
5233	2024-05-04	2025-07-30	2024-05-01	154	2	898.53	449.27	2	2	1	5	At Risk
1669	2024-06-28	2024-06-28	2024-06-01	551	1	895.94	895.94	2	2	1	5	Needs Attention
51	2025-04-04	2025-04-04	2025-04-01	271	1	883.44	883.44	2	2	1	5	Needs Attention
7618	2024-12-22	2025-04-07	2024-12-01	268	2	869.35	434.68	2	2	1	5	At Risk
7761	2025-02-09	2025-05-02	2025-02-01	243	2	868.38	434.19	2	2	1	5	At Risk
3485	2024-01-27	2024-04-13	2024-01-01	627	2	854.99	427.50	1	3	1	5	At Risk
3457	2025-09-18	2025-09-18	2025-09-01	104	1	853.42	853.42	3	1	1	5	Needs Attention
1774	2024-10-06	2024-10-06	2024-10-01	451	1	842.45	842.45	2	2	1	5	Needs Attention
6643	2025-05-05	2025-06-09	2025-05-01	205	2	840.58	420.29	2	2	1	5	At Risk
4665	2025-11-02	2025-11-02	2025-11-01	59	1	837.96	837.96	3	1	1	5	Needs Attention
6079	2024-12-26	2025-06-10	2024-12-01	204	2	832.63	416.32	2	2	1	5	At Risk
1209	2025-05-18	2025-05-18	2025-05-01	227	1	830.94	830.94	2	2	1	5	Needs Attention
6195	2025-05-16	2025-07-22	2025-05-01	162	2	830.12	415.06	2	2	1	5	At Risk
7633	2025-05-21	2025-07-13	2025-05-01	171	2	828.93	414.47	2	2	1	5	At Risk
1982	2025-03-27	2025-03-27	2025-03-01	279	1	826.92	826.92	2	2	1	5	Needs Attention
6929	2025-09-06	2025-09-06	2025-09-01	116	1	821.26	821.26	3	1	1	5	Needs Attention
3031	2025-03-03	2025-03-03	2025-03-01	303	1	817.96	817.96	2	2	1	5	Needs Attention
1329	2025-05-29	2025-05-29	2025-05-01	216	1	815.57	815.57	2	2	1	5	Needs Attention
7562	2025-01-03	2025-02-26	2025-01-01	308	2	812.55	406.28	2	2	1	5	At Risk
599	2025-04-21	2025-04-21	2025-04-01	254	1	809.46	809.46	2	2	1	5	Needs Attention
6406	2025-10-23	2025-10-23	2025-10-01	69	1	807.71	807.71	3	1	1	5	Needs Attention
4992	2024-12-20	2025-04-30	2024-12-01	245	2	807.21	403.61	2	2	1	5	At Risk
7601	2025-08-21	2025-08-21	2025-08-01	132	1	798.28	798.28	3	1	1	5	Needs Attention
1796	2025-02-03	2025-02-03	2025-02-01	331	1	796.67	796.67	2	2	1	5	Needs Attention
6106	2025-11-04	2025-11-04	2025-11-01	57	1	787.15	787.15	3	1	1	5	Needs Attention
4816	2025-05-02	2025-06-28	2025-05-01	186	2	787.04	393.52	2	2	1	5	At Risk
1352	2025-03-13	2025-03-13	2025-03-01	293	1	785.66	785.66	2	2	1	5	Needs Attention
1931	2024-06-29	2024-06-29	2024-06-01	550	1	785.52	785.52	2	2	1	5	Needs Attention
2134	2024-10-07	2024-10-07	2024-10-01	450	1	782.68	782.68	2	2	1	5	Needs Attention
2925	2025-03-13	2025-03-13	2025-03-01	293	1	772.78	772.78	2	2	1	5	Needs Attention
1868	2024-11-16	2024-11-16	2024-11-01	410	1	755.27	755.27	2	2	1	5	Needs Attention
5180	2024-06-28	2025-06-12	2024-06-01	202	2	746.06	373.03	2	2	1	5	At Risk
87	2025-04-22	2025-04-22	2025-04-01	253	1	739.48	739.48	2	2	1	5	Needs Attention
5128	2025-10-10	2025-10-10	2025-10-01	82	1	738.73	738.73	3	1	1	5	Needs Attention
1908	2025-04-29	2025-04-29	2025-04-01	246	1	737.28	737.28	2	2	1	5	Needs Attention
102	2025-01-20	2025-01-20	2025-01-01	345	1	734.56	734.56	2	2	1	5	Needs Attention
1976	2025-04-25	2025-04-25	2025-04-01	250	1	731.96	731.96	2	2	1	5	Needs Attention
2045	2025-06-14	2025-06-14	2025-06-01	200	1	731.75	731.75	2	2	1	5	Needs Attention
1331	2025-08-07	2025-08-07	2025-08-01	146	1	730.56	730.56	2	2	1	5	Needs Attention
7820	2025-09-12	2025-09-12	2025-09-01	110	1	728.29	728.29	3	1	1	5	Needs Attention
1984	2024-11-05	2024-11-05	2024-11-01	421	1	717.24	717.24	2	2	1	5	Needs Attention
1692	2025-03-07	2025-03-07	2025-03-01	299	1	711.13	711.13	2	2	1	5	Needs Attention
6077	2025-08-26	2025-08-26	2025-08-01	127	1	703.35	703.35	3	1	1	5	Needs Attention
3536	2025-10-14	2025-10-14	2025-10-01	78	1	697.01	697.01	3	1	1	5	Needs Attention
1676	2025-07-27	2025-07-27	2025-07-01	157	1	693.96	693.96	2	2	1	5	Needs Attention
6231	2024-08-12	2024-10-04	2024-08-01	453	2	684.62	342.31	2	2	1	5	At Risk
2819	2024-07-25	2024-07-25	2024-07-01	524	1	679.76	679.76	2	2	1	5	Needs Attention
302	2024-10-26	2024-10-26	2024-10-01	431	1	678.49	678.49	2	2	1	5	Needs Attention
1584	2024-11-03	2024-11-03	2024-11-01	423	1	676.99	676.99	2	2	1	5	Needs Attention
5041	2025-05-07	2025-06-14	2025-05-01	200	2	673.73	336.87	2	2	1	5	At Risk
5480	2025-01-23	2025-06-13	2025-01-01	201	2	670.02	335.01	2	2	1	5	At Risk
3007	2025-08-09	2025-08-09	2025-08-01	144	1	668.03	668.03	2	2	1	5	Needs Attention
3277	2025-09-21	2025-09-21	2025-09-01	101	1	663.89	663.89	3	1	1	5	Needs Attention
5572	2025-10-19	2025-10-19	2025-10-01	73	1	652.04	652.04	3	1	1	5	Needs Attention
7174	2024-11-04	2025-04-21	2024-11-01	254	2	647.08	323.54	2	2	1	5	At Risk
2136	2025-07-17	2025-07-17	2025-07-01	167	1	643.35	643.35	2	2	1	5	Needs Attention
4576	2025-10-13	2025-10-13	2025-10-01	79	1	641.74	641.74	3	1	1	5	Needs Attention
4954	2025-11-05	2025-11-05	2025-11-01	56	1	641.30	641.30	3	1	1	5	Needs Attention
6026	2025-01-12	2025-05-31	2025-01-01	214	2	640.85	320.43	2	2	1	5	At Risk
1375	2025-05-20	2025-05-20	2025-05-01	225	1	635.86	635.86	2	2	1	5	Needs Attention
849	2024-06-28	2024-06-28	2024-06-01	551	1	633.47	633.47	2	2	1	5	Needs Attention
553	2025-05-02	2025-05-02	2025-05-01	243	1	627.82	627.82	2	2	1	5	Needs Attention
2694	2025-04-23	2025-04-23	2025-04-01	252	1	625.13	625.13	2	2	1	5	Needs Attention
762	2025-07-04	2025-07-04	2025-07-01	180	1	622.49	622.49	2	2	1	5	Needs Attention
144	2025-02-27	2025-02-27	2025-02-01	307	1	616.72	616.72	2	2	1	5	Needs Attention
4539	2025-09-11	2025-09-11	2025-09-01	111	1	615.38	615.38	3	1	1	5	Needs Attention
7989	2024-11-10	2025-06-08	2024-11-01	206	2	614.60	307.30	2	2	1	5	At Risk
6398	2024-11-28	2025-07-19	2024-11-01	165	2	611.40	305.70	2	2	1	5	At Risk
2340	2025-04-02	2025-04-02	2025-04-01	273	1	607.78	607.78	2	2	1	5	Needs Attention
3925	2025-11-04	2025-11-04	2025-11-01	57	1	606.62	606.62	3	1	1	5	Needs Attention
4097	2025-08-21	2025-08-21	2025-08-01	132	1	604.26	604.26	3	1	1	5	Needs Attention
627	2025-03-03	2025-03-03	2025-03-01	303	1	579.74	579.74	2	2	1	5	Needs Attention
1129	2024-12-10	2024-12-10	2024-12-01	386	1	572.86	572.86	2	2	1	5	Needs Attention
1013	2025-03-11	2025-03-11	2025-03-01	295	1	542.62	542.62	2	2	1	5	Needs Attention
5199	2025-09-21	2025-09-21	2025-09-01	101	1	541.48	541.48	3	1	1	5	Needs Attention
2938	2024-12-15	2024-12-15	2024-12-01	381	1	536.58	536.58	2	2	1	5	Needs Attention
4760	2025-09-17	2025-09-17	2025-09-01	105	1	534.28	534.28	3	1	1	5	Needs Attention
6046	2025-09-24	2025-09-24	2025-09-01	98	1	530.84	530.84	3	1	1	5	Needs Attention
255	2025-07-14	2025-07-14	2025-07-01	170	1	511.46	511.46	2	2	1	5	Needs Attention
4905	2025-10-22	2025-10-22	2025-10-01	70	1	508.80	508.80	3	1	1	5	Needs Attention
2432	2025-02-07	2025-02-07	2025-02-01	327	1	505.81	505.81	2	2	1	5	Needs Attention
5701	2024-12-16	2025-06-29	2024-12-01	185	2	505.75	252.88	2	2	1	5	At Risk
1186	2024-10-31	2024-10-31	2024-10-01	426	1	488.48	488.48	2	2	1	5	Needs Attention
2798	2025-05-14	2025-05-14	2025-05-01	231	1	480.25	480.25	2	2	1	5	Needs Attention
186	2025-02-19	2025-02-19	2025-02-01	315	1	479.96	479.96	2	2	1	5	Needs Attention
2637	2024-11-06	2024-11-06	2024-11-01	420	1	478.74	478.74	2	2	1	5	Needs Attention
3022	2025-05-13	2025-05-13	2025-05-01	232	1	470.71	470.71	2	2	1	5	Needs Attention
1392	2024-07-05	2024-07-05	2024-07-01	544	1	463.71	463.71	2	2	1	5	Needs Attention
7677	2025-09-05	2025-09-05	2025-09-01	117	1	463.42	463.42	3	1	1	5	Needs Attention
5491	2025-03-28	2025-05-29	2025-03-01	216	2	458.63	229.32	2	2	1	5	At Risk
6732	2024-09-07	2025-07-26	2024-09-01	158	2	457.90	228.95	2	2	1	5	At Risk
3376	2025-10-06	2025-10-06	2025-10-01	86	1	456.33	456.33	3	1	1	5	Needs Attention
4833	2024-12-14	2025-04-23	2024-12-01	252	2	446.62	223.31	2	2	1	5	At Risk
4988	2025-10-23	2025-10-23	2025-10-01	69	1	442.35	442.35	3	1	1	5	Needs Attention
1168	2025-01-10	2025-01-10	2025-01-01	355	1	436.07	436.07	2	2	1	5	Needs Attention
3463	2025-10-10	2025-10-10	2025-10-01	82	1	431.47	431.47	3	1	1	5	Needs Attention
507	2025-05-15	2025-05-15	2025-05-01	230	1	424.06	424.06	2	2	1	5	Needs Attention
6447	2025-10-23	2025-10-23	2025-10-01	69	1	416.56	416.56	3	1	1	5	Needs Attention
6218	2025-09-28	2025-09-28	2025-09-01	94	1	410.53	410.53	3	1	1	5	Needs Attention
969	2024-12-27	2024-12-27	2024-12-01	369	1	403.96	403.96	2	2	1	5	Needs Attention
3688	2025-10-04	2025-10-04	2025-10-01	88	1	399.47	399.47	3	1	1	5	Needs Attention
369	2025-05-02	2025-05-02	2025-05-01	243	1	396.95	396.95	2	2	1	5	Needs Attention
6550	2025-10-06	2025-10-06	2025-10-01	86	1	395.31	395.31	3	1	1	5	Needs Attention
614	2024-11-17	2024-11-17	2024-11-01	409	1	393.22	393.22	2	2	1	5	Needs Attention
7518	2025-01-20	2025-03-04	2025-01-01	302	2	393.19	196.60	2	2	1	5	At Risk
5219	2025-10-18	2025-10-18	2025-10-01	74	1	392.79	392.79	3	1	1	5	Needs Attention
6704	2025-09-05	2025-09-05	2025-09-01	117	1	391.52	391.52	3	1	1	5	Needs Attention
2787	2025-08-06	2025-08-06	2025-08-01	147	1	390.92	390.92	2	2	1	5	Needs Attention
715	2025-05-14	2025-05-14	2025-05-01	231	1	380.57	380.57	2	2	1	5	Needs Attention
3020	2025-05-02	2025-05-02	2025-05-01	243	1	379.62	379.62	2	2	1	5	Needs Attention
2918	2025-02-04	2025-02-04	2025-02-01	330	1	375.10	375.10	2	2	1	5	Needs Attention
1225	2024-06-27	2024-06-27	2024-06-01	552	1	372.16	372.16	2	2	1	5	Needs Attention
7906	2025-09-04	2025-09-04	2025-09-01	118	1	367.40	367.40	3	1	1	5	Needs Attention
3066	2025-03-20	2025-03-20	2025-03-01	286	1	363.34	363.34	2	2	1	5	Needs Attention
570	2025-03-25	2025-03-25	2025-03-01	281	1	360.18	360.18	2	2	1	5	Needs Attention
2150	2025-05-01	2025-05-01	2025-05-01	244	1	343.13	343.13	2	2	1	5	Needs Attention
2126	2024-06-27	2024-06-27	2024-06-01	552	1	341.89	341.89	2	2	1	5	Needs Attention
2979	2025-03-07	2025-03-07	2025-03-01	299	1	335.32	335.32	2	2	1	5	Needs Attention
1835	2025-01-18	2025-01-18	2025-01-01	347	1	328.12	328.12	2	2	1	5	Needs Attention
6863	2024-12-29	2025-07-04	2024-12-01	180	2	323.18	161.59	2	2	1	5	At Risk
7412	2025-09-27	2025-09-27	2025-09-01	95	1	318.20	318.20	3	1	1	5	Needs Attention
277	2025-07-23	2025-07-23	2025-07-01	161	1	313.81	313.81	2	2	1	5	Needs Attention
7780	2025-10-01	2025-10-01	2025-10-01	91	1	312.74	312.74	3	1	1	5	Needs Attention
764	2024-11-08	2024-11-08	2024-11-01	418	1	303.84	303.84	2	2	1	5	Needs Attention
684	2025-08-08	2025-08-08	2025-08-01	145	1	301.81	301.81	2	2	1	5	Needs Attention
3689	2025-09-05	2025-09-05	2025-09-01	117	1	273.61	273.61	3	1	1	5	Needs Attention
5479	2025-09-06	2025-09-06	2025-09-01	116	1	272.61	272.61	3	1	1	5	Needs Attention
1322	2025-07-29	2025-07-29	2025-07-01	155	1	256.23	256.23	2	2	1	5	Needs Attention
2245	2025-02-18	2025-02-18	2025-02-01	316	1	255.75	255.75	2	2	1	5	Needs Attention
4096	2025-10-14	2025-10-14	2025-10-01	78	1	254.48	254.48	3	1	1	5	Needs Attention
96	2024-08-06	2024-08-06	2024-08-01	512	1	252.08	252.08	2	2	1	5	Needs Attention
3981	2025-09-17	2025-09-17	2025-09-01	105	1	236.71	236.71	3	1	1	5	Needs Attention
1043	2024-11-26	2024-11-26	2024-11-01	400	1	234.09	234.09	2	2	1	5	Needs Attention
3641	2025-11-03	2025-11-03	2025-11-01	58	1	233.85	233.85	3	1	1	5	Needs Attention
935	2024-07-05	2024-07-05	2024-07-01	544	1	207.00	207.00	2	2	1	5	Needs Attention
4492	2025-10-15	2025-10-15	2025-10-01	77	1	197.20	197.20	3	1	1	5	Needs Attention
1499	2025-03-05	2025-03-05	2025-03-01	301	1	193.92	193.92	2	2	1	5	Needs Attention
1251	2025-04-23	2025-04-23	2025-04-01	252	1	191.09	191.09	2	2	1	5	Needs Attention
1267	2025-03-07	2025-03-07	2025-03-01	299	1	189.36	189.36	2	2	1	5	Needs Attention
7640	2025-10-31	2025-10-31	2025-10-01	61	1	181.78	181.78	3	1	1	5	Needs Attention
4810	2024-05-02	2024-08-18	2024-05-01	500	2	166.36	83.18	2	2	1	5	At Risk
3380	2025-08-27	2025-08-27	2025-08-01	126	1	163.10	163.10	3	1	1	5	Needs Attention
1651	2025-07-27	2025-07-27	2025-07-01	157	1	150.05	150.05	2	2	1	5	Needs Attention
603	2024-07-03	2024-07-03	2024-07-01	546	1	143.06	143.06	2	2	1	5	Needs Attention
1399	2024-09-07	2024-09-07	2024-09-01	480	1	142.79	142.79	2	2	1	5	Needs Attention
2516	2025-07-18	2025-07-18	2025-07-01	166	1	138.63	138.63	2	2	1	5	Needs Attention
1694	2025-01-06	2025-01-06	2025-01-01	359	1	122.70	122.70	2	2	1	5	Needs Attention
771	2025-07-17	2025-07-17	2025-07-01	167	1	122.23	122.23	2	2	1	5	Needs Attention
5525	2025-09-08	2025-09-08	2025-09-01	114	1	99.45	99.45	3	1	1	5	Needs Attention
7940	2025-09-12	2025-09-12	2025-09-01	110	1	88.56	88.56	3	1	1	5	Needs Attention
1021	2024-09-10	2024-09-10	2024-09-01	477	1	81.78	81.78	2	2	1	5	Needs Attention
5141	2025-08-15	2025-08-15	2025-08-01	138	1	80.49	80.49	3	1	1	5	Needs Attention
1992	2025-08-09	2025-08-09	2025-08-01	144	1	77.22	77.22	2	2	1	5	Needs Attention
708	2024-10-04	2024-10-04	2024-10-01	453	1	74.26	74.26	2	2	1	5	Needs Attention
4350	2025-10-09	2025-10-09	2025-10-01	83	1	53.46	53.46	3	1	1	5	Needs Attention
5584	2024-02-04	2024-02-04	2024-02-01	696	1	3053.65	3053.65	1	1	2	4	Needs Attention
5817	2024-04-03	2024-04-03	2024-04-01	637	1	3050.76	3050.76	1	1	2	4	Needs Attention
3532	2024-06-04	2024-06-04	2024-06-01	575	1	3043.42	3043.42	1	1	2	4	Needs Attention
5792	2024-02-19	2024-02-19	2024-02-01	681	1	3040.89	3040.89	1	1	2	4	Needs Attention
4517	2024-05-01	2024-05-01	2024-05-01	609	1	3037.42	3037.42	1	1	2	4	Needs Attention
4022	2024-05-03	2024-05-03	2024-05-01	607	1	3025.19	3025.19	1	1	2	4	Needs Attention
3704	2024-04-11	2024-04-11	2024-04-01	629	1	3019.26	3019.26	1	1	2	4	Needs Attention
5856	2024-03-17	2024-03-17	2024-03-01	654	1	3016.02	3016.02	1	1	2	4	Needs Attention
4535	2024-03-23	2024-03-23	2024-03-01	648	1	3014.36	3014.36	1	1	2	4	Needs Attention
7221	2024-01-07	2024-01-07	2024-01-01	724	1	3010.40	3010.40	1	1	2	4	Needs Attention
6564	2024-03-16	2024-03-16	2024-03-01	655	1	2999.88	2999.88	1	1	2	4	Needs Attention
6333	2024-05-16	2024-05-16	2024-05-01	594	1	2965.06	2965.06	1	1	2	4	Needs Attention
7889	2024-03-16	2024-03-16	2024-03-01	655	1	2964.60	2964.60	1	1	2	4	Needs Attention
7234	2024-04-06	2024-04-06	2024-04-01	634	1	2957.56	2957.56	1	1	2	4	Needs Attention
3512	2024-05-01	2024-05-01	2024-05-01	609	1	2944.88	2944.88	1	1	2	4	Needs Attention
5030	2024-01-28	2024-01-28	2024-01-01	703	1	2942.33	2942.33	1	1	2	4	Needs Attention
4874	2024-05-15	2024-05-15	2024-05-01	595	1	2941.52	2941.52	1	1	2	4	Needs Attention
4174	2024-01-16	2024-01-16	2024-01-01	715	1	2912.64	2912.64	1	1	2	4	Needs Attention
6400	2024-03-01	2024-03-01	2024-03-01	670	1	2857.63	2857.63	1	1	2	4	Needs Attention
5725	2024-01-11	2024-01-11	2024-01-01	720	1	2852.85	2852.85	1	1	2	4	Needs Attention
3369	2024-03-27	2024-03-27	2024-03-01	644	1	2847.52	2847.52	1	1	2	4	Needs Attention
5662	2024-03-17	2024-03-17	2024-03-01	654	1	2835.25	2835.25	1	1	2	4	Needs Attention
4340	2024-04-24	2024-04-24	2024-04-01	616	1	2817.27	2817.27	1	1	2	4	Needs Attention
6881	2024-01-19	2024-01-19	2024-01-01	712	1	2813.90	2813.90	1	1	2	4	Needs Attention
5002	2024-06-07	2024-06-07	2024-06-01	572	1	2804.00	2804.00	1	1	2	4	Needs Attention
5077	2024-02-20	2024-02-20	2024-02-01	680	1	2801.88	2801.88	1	1	2	4	Needs Attention
3185	2024-04-20	2024-04-20	2024-04-01	620	1	2798.84	2798.84	1	1	2	4	Needs Attention
5976	2024-06-16	2024-06-16	2024-06-01	563	1	2798.79	2798.79	1	1	2	4	Needs Attention
4241	2024-06-11	2024-06-11	2024-06-01	568	1	2794.91	2794.91	1	1	2	4	Needs Attention
4759	2024-03-28	2024-03-28	2024-03-01	643	1	2789.25	2789.25	1	1	2	4	Needs Attention
5308	2024-03-20	2024-03-20	2024-03-01	651	1	2789.11	2789.11	1	1	2	4	Needs Attention
5057	2024-01-12	2024-01-12	2024-01-01	719	1	2769.75	2769.75	1	1	2	4	Needs Attention
6382	2024-03-25	2024-03-25	2024-03-01	646	1	2759.68	2759.68	1	1	2	4	Needs Attention
7082	2024-04-15	2024-04-15	2024-04-01	625	1	2719.40	2719.40	1	1	2	4	Needs Attention
3229	2024-02-04	2024-02-04	2024-02-01	696	1	2703.11	2703.11	1	1	2	4	Needs Attention
7668	2024-04-22	2024-04-22	2024-04-01	618	1	2674.18	2674.18	1	1	2	4	Needs Attention
5264	2024-02-23	2024-02-23	2024-02-01	677	1	2672.16	2672.16	1	1	2	4	Needs Attention
3802	2024-04-13	2024-04-13	2024-04-01	627	1	2666.59	2666.59	1	1	2	4	Needs Attention
4878	2024-04-15	2024-04-15	2024-04-01	625	1	2665.79	2665.79	1	1	2	4	Needs Attention
6916	2024-06-13	2024-06-13	2024-06-01	566	1	2662.32	2662.32	1	1	2	4	Needs Attention
3531	2024-02-12	2024-02-12	2024-02-01	688	1	2654.81	2654.81	1	1	2	4	Needs Attention
6955	2024-06-16	2024-06-16	2024-06-01	563	1	2646.17	2646.17	1	1	2	4	Needs Attention
4032	2024-06-17	2024-06-17	2024-06-01	562	1	2602.19	2602.19	1	1	2	4	Needs Attention
4639	2024-05-22	2024-05-22	2024-05-01	588	1	2598.43	2598.43	1	1	2	4	Needs Attention
5643	2024-04-11	2024-04-11	2024-04-01	629	1	2595.49	2595.49	1	1	2	4	Needs Attention
6554	2024-02-18	2024-02-18	2024-02-01	682	1	2582.76	2582.76	1	1	2	4	Needs Attention
5229	2024-01-16	2024-01-16	2024-01-01	715	1	2574.97	2574.97	1	1	2	4	Needs Attention
4931	2024-05-19	2024-05-19	2024-05-01	591	1	2555.01	2555.01	1	1	2	4	Needs Attention
7963	2024-03-09	2024-03-09	2024-03-01	662	1	2554.00	2554.00	1	1	2	4	Needs Attention
5700	2024-05-09	2024-05-09	2024-05-01	601	1	2547.53	2547.53	1	1	2	4	Needs Attention
3242	2024-04-21	2024-04-21	2024-04-01	619	1	2545.32	2545.32	1	1	2	4	Needs Attention
6164	2024-03-12	2024-03-12	2024-03-01	659	1	2530.84	2530.84	1	1	2	4	Needs Attention
3111	2024-02-21	2024-02-21	2024-02-01	679	1	2517.16	2517.16	1	1	2	4	Needs Attention
3702	2024-05-19	2024-05-19	2024-05-01	591	1	2484.92	2484.92	1	1	2	4	Needs Attention
6450	2024-02-29	2024-02-29	2024-02-01	671	1	2478.94	2478.94	1	1	2	4	Needs Attention
3759	2024-01-20	2024-01-20	2024-01-01	711	1	2475.78	2475.78	1	1	2	4	Needs Attention
4772	2024-02-05	2024-02-05	2024-02-01	695	1	2474.03	2474.03	1	1	2	4	Needs Attention
7590	2024-03-11	2024-03-11	2024-03-01	660	1	2471.13	2471.13	1	1	2	4	Needs Attention
6139	2024-06-17	2024-06-17	2024-06-01	562	1	2460.76	2460.76	1	1	2	4	Needs Attention
4476	2024-05-20	2024-05-20	2024-05-01	590	1	2442.96	2442.96	1	1	2	4	Needs Attention
5312	2024-05-11	2024-05-11	2024-05-01	599	1	2442.61	2442.61	1	1	2	4	Needs Attention
7956	2024-04-05	2024-04-05	2024-04-01	635	1	2439.16	2439.16	1	1	2	4	Needs Attention
7255	2024-04-03	2024-04-03	2024-04-01	637	1	2436.38	2436.38	1	1	2	4	Needs Attention
3246	2024-04-14	2024-04-14	2024-04-01	626	1	2433.38	2433.38	1	1	2	4	Needs Attention
6633	2024-04-04	2024-04-04	2024-04-01	636	1	2432.40	2432.40	1	1	2	4	Needs Attention
4567	2024-01-10	2024-01-10	2024-01-01	721	1	2432.16	2432.16	1	1	2	4	Needs Attention
5986	2024-03-28	2024-03-28	2024-03-01	643	1	2428.72	2428.72	1	1	2	4	Needs Attention
7544	2024-04-15	2024-04-15	2024-04-01	625	1	2423.45	2423.45	1	1	2	4	Needs Attention
7980	2024-04-29	2024-04-29	2024-04-01	611	1	2412.14	2412.14	1	1	2	4	Needs Attention
5915	2024-02-07	2024-02-07	2024-02-01	693	1	2358.87	2358.87	1	1	2	4	Needs Attention
4934	2024-04-02	2024-04-02	2024-04-01	638	1	2356.88	2356.88	1	1	2	4	Needs Attention
3749	2024-05-22	2024-05-22	2024-05-01	588	1	2348.51	2348.51	1	1	2	4	Needs Attention
4866	2024-04-04	2024-04-04	2024-04-01	636	1	2348.44	2348.44	1	1	2	4	Needs Attention
7662	2024-03-24	2024-03-24	2024-03-01	647	1	2346.72	2346.72	1	1	2	4	Needs Attention
3374	2024-05-25	2024-05-25	2024-05-01	585	1	2327.52	2327.52	1	1	2	4	Needs Attention
5133	2024-03-25	2024-03-25	2024-03-01	646	1	2314.68	2314.68	1	1	2	4	Needs Attention
7225	2024-06-16	2024-06-16	2024-06-01	563	1	2311.50	2311.50	1	1	2	4	Needs Attention
3580	2024-03-27	2024-03-27	2024-03-01	644	1	2303.04	2303.04	1	1	2	4	Needs Attention
7248	2024-06-11	2024-06-11	2024-06-01	568	1	2295.12	2295.12	1	1	2	4	Needs Attention
6426	2024-04-17	2024-04-17	2024-04-01	623	1	2293.53	2293.53	1	1	2	4	Needs Attention
6858	2024-02-29	2024-02-29	2024-02-01	671	1	2286.77	2286.77	1	1	2	4	Needs Attention
3087	2024-03-11	2024-03-11	2024-03-01	660	1	2286.12	2286.12	1	1	2	4	Needs Attention
4963	2024-01-01	2024-01-01	2024-01-01	730	1	2284.79	2284.79	1	1	2	4	Needs Attention
5681	2024-06-11	2024-06-11	2024-06-01	568	1	2284.22	2284.22	1	1	2	4	Needs Attention
4556	2024-03-21	2024-03-21	2024-03-01	650	1	2259.07	2259.07	1	1	2	4	Needs Attention
4121	2024-05-13	2024-05-13	2024-05-01	597	1	2258.54	2258.54	1	1	2	4	Needs Attention
4998	2024-04-04	2024-04-04	2024-04-01	636	1	2246.48	2246.48	1	1	2	4	Needs Attention
3196	2024-03-25	2024-03-25	2024-03-01	646	1	2230.50	2230.50	1	1	2	4	Needs Attention
3891	2024-06-06	2024-06-06	2024-06-01	573	1	2228.31	2228.31	1	1	2	4	Needs Attention
4297	2024-02-26	2024-02-26	2024-02-01	674	1	2225.34	2225.34	1	1	2	4	Needs Attention
5919	2024-05-26	2024-05-26	2024-05-01	584	1	2220.31	2220.31	1	1	2	4	Needs Attention
5001	2024-04-12	2024-04-12	2024-04-01	628	1	2215.03	2215.03	1	1	2	4	Needs Attention
3816	2024-01-09	2024-01-09	2024-01-01	722	1	2207.25	2207.25	1	1	2	4	Needs Attention
5448	2024-05-08	2024-05-08	2024-05-01	602	1	2181.87	2181.87	1	1	2	4	Needs Attention
3685	2024-03-11	2024-03-11	2024-03-01	660	1	2179.71	2179.71	1	1	2	4	Needs Attention
3775	2024-05-08	2024-05-08	2024-05-01	602	1	2174.35	2174.35	1	1	2	4	Needs Attention
3950	2024-05-31	2024-05-31	2024-05-01	579	1	2168.06	2168.06	1	1	2	4	Needs Attention
7888	2024-04-10	2024-04-10	2024-04-01	630	1	2156.94	2156.94	1	1	2	4	Needs Attention
3241	2024-05-26	2024-05-26	2024-05-01	584	1	2143.63	2143.63	1	1	2	4	Needs Attention
6038	2024-02-21	2024-02-21	2024-02-01	679	1	2143.19	2143.19	1	1	2	4	Needs Attention
6209	2024-04-15	2024-04-15	2024-04-01	625	1	2127.83	2127.83	1	1	2	4	Needs Attention
6170	2024-05-12	2024-05-12	2024-05-01	598	1	2127.30	2127.30	1	1	2	4	Needs Attention
3279	2024-04-30	2024-04-30	2024-04-01	610	1	2123.56	2123.56	1	1	2	4	Needs Attention
6055	2024-01-28	2024-01-28	2024-01-01	703	1	2108.98	2108.98	1	1	2	4	Needs Attention
6542	2024-02-13	2024-02-13	2024-02-01	687	1	2107.11	2107.11	1	1	2	4	Needs Attention
4770	2024-02-29	2024-02-29	2024-02-01	671	1	2094.93	2094.93	1	1	2	4	Needs Attention
3553	2024-06-06	2024-06-06	2024-06-01	573	1	2069.03	2069.03	1	1	2	4	Needs Attention
6317	2024-04-05	2024-04-05	2024-04-01	635	1	2068.24	2068.24	1	1	2	4	Needs Attention
6875	2024-01-08	2024-01-08	2024-01-01	723	1	2054.97	2054.97	1	1	2	4	Needs Attention
5024	2024-06-07	2024-06-07	2024-06-01	572	1	2051.01	2051.01	1	1	2	4	Needs Attention
5358	2024-03-26	2024-03-26	2024-03-01	645	1	2042.40	2042.40	1	1	2	4	Needs Attention
6351	2024-01-30	2024-01-30	2024-01-01	701	1	2037.43	2037.43	1	1	2	4	Needs Attention
6908	2024-03-27	2024-03-27	2024-03-01	644	1	2034.34	2034.34	1	1	2	4	Needs Attention
4599	2024-03-28	2024-03-28	2024-03-01	643	1	2027.08	2027.08	1	1	2	4	Needs Attention
5978	2024-06-23	2024-06-23	2024-06-01	556	1	2021.80	2021.80	1	1	2	4	Needs Attention
5046	2024-03-18	2024-03-18	2024-03-01	653	1	2021.70	2021.70	1	1	2	4	Needs Attention
4730	2024-06-25	2024-06-25	2024-06-01	554	1	2016.60	2016.60	1	1	2	4	Needs Attention
3157	2024-03-03	2024-03-03	2024-03-01	668	1	2011.37	2011.37	1	1	2	4	Needs Attention
6658	2024-06-19	2024-06-19	2024-06-01	560	1	2006.34	2006.34	1	1	2	4	Needs Attention
3211	2024-04-30	2024-04-30	2024-04-01	610	1	2001.75	2001.75	1	1	2	4	Needs Attention
4699	2024-03-04	2024-03-04	2024-03-01	667	1	2000.13	2000.13	1	1	2	4	Needs Attention
6631	2024-04-15	2024-04-15	2024-04-01	625	1	1986.64	1986.64	1	1	2	4	Needs Attention
4855	2024-02-28	2024-02-28	2024-02-01	672	1	1985.00	1985.00	1	1	2	4	Needs Attention
7292	2024-05-04	2024-05-04	2024-05-01	606	1	1971.05	1971.05	1	1	2	4	Needs Attention
4630	2024-02-23	2024-02-23	2024-02-01	677	1	1956.44	1956.44	1	1	2	4	Needs Attention
4672	2024-05-09	2024-05-09	2024-05-01	601	1	1952.22	1952.22	1	1	2	4	Needs Attention
7061	2024-03-06	2024-03-06	2024-03-01	665	1	1951.65	1951.65	1	1	2	4	Needs Attention
7390	2024-04-14	2024-04-14	2024-04-01	626	1	1927.76	1927.76	1	1	2	4	Needs Attention
7001	2024-05-06	2024-05-06	2024-05-01	604	1	1926.01	1926.01	1	1	2	4	Needs Attention
7950	2024-01-14	2024-01-14	2024-01-01	717	1	1925.65	1925.65	1	1	2	4	Needs Attention
7862	2024-02-24	2024-02-24	2024-02-01	676	1	1921.65	1921.65	1	1	2	4	Needs Attention
7833	2024-03-24	2024-03-24	2024-03-01	647	1	1919.24	1919.24	1	1	2	4	Needs Attention
3447	2024-04-15	2024-04-15	2024-04-01	625	1	1918.45	1918.45	1	1	2	4	Needs Attention
4562	2024-06-06	2024-06-06	2024-06-01	573	1	1912.86	1912.86	1	1	2	4	Needs Attention
3133	2024-04-18	2024-04-18	2024-04-01	622	1	1912.42	1912.42	1	1	2	4	Needs Attention
6700	2024-02-06	2024-02-06	2024-02-01	694	1	1911.43	1911.43	1	1	2	4	Needs Attention
7245	2024-03-10	2024-03-10	2024-03-01	661	1	1888.69	1888.69	1	1	2	4	Needs Attention
6870	2024-04-17	2024-04-17	2024-04-01	623	1	1888.32	1888.32	1	1	2	4	Needs Attention
6801	2024-04-15	2024-04-15	2024-04-01	625	1	1885.82	1885.82	1	1	2	4	Needs Attention
7023	2024-05-01	2024-05-01	2024-05-01	609	1	1885.10	1885.10	1	1	2	4	Needs Attention
4011	2024-05-25	2024-05-25	2024-05-01	585	1	1880.77	1880.77	1	1	2	4	Needs Attention
5220	2024-01-12	2024-01-12	2024-01-01	719	1	1866.81	1866.81	1	1	2	4	Needs Attention
4301	2024-01-24	2024-01-24	2024-01-01	707	1	1863.10	1863.10	1	1	2	4	Needs Attention
6647	2024-01-28	2024-01-28	2024-01-01	703	1	1861.64	1861.64	1	1	2	4	Needs Attention
5371	2024-02-17	2024-02-17	2024-02-01	683	1	1861.38	1861.38	1	1	2	4	Needs Attention
4920	2024-04-30	2024-04-30	2024-04-01	610	1	1860.93	1860.93	1	1	2	4	Needs Attention
4685	2024-05-31	2024-05-31	2024-05-01	579	1	1853.16	1853.16	1	1	2	4	Needs Attention
5873	2024-02-29	2024-02-29	2024-02-01	671	1	1852.75	1852.75	1	1	2	4	Needs Attention
5692	2024-05-26	2024-05-26	2024-05-01	584	1	1845.57	1845.57	1	1	2	4	Needs Attention
4938	2024-05-23	2024-05-23	2024-05-01	587	1	1841.68	1841.68	1	1	2	4	Needs Attention
7481	2024-01-24	2024-01-24	2024-01-01	707	1	1831.14	1831.14	1	1	2	4	Needs Attention
6200	2024-02-15	2024-02-15	2024-02-01	685	1	1822.33	1822.33	1	1	2	4	Needs Attention
5901	2024-01-22	2024-01-22	2024-01-01	709	1	1820.19	1820.19	1	1	2	4	Needs Attention
5029	2024-02-11	2024-02-11	2024-02-01	689	1	1818.59	1818.59	1	1	2	4	Needs Attention
5505	2024-03-20	2024-03-20	2024-03-01	651	1	1817.18	1817.18	1	1	2	4	Needs Attention
3454	2024-05-06	2024-05-06	2024-05-01	604	1	1810.69	1810.69	1	1	2	4	Needs Attention
7110	2024-02-12	2024-02-12	2024-02-01	688	1	1810.50	1810.50	1	1	2	4	Needs Attention
3297	2024-05-11	2024-05-11	2024-05-01	599	1	1801.98	1801.98	1	1	2	4	Needs Attention
3995	2024-05-03	2024-05-03	2024-05-01	607	1	1797.57	1797.57	1	1	2	4	Needs Attention
6332	2024-02-29	2024-02-29	2024-02-01	671	1	1789.50	1789.50	1	1	2	4	Needs Attention
7582	2024-03-10	2024-03-10	2024-03-01	661	1	1778.19	1778.19	1	1	2	4	Needs Attention
4740	2024-02-02	2024-02-02	2024-02-01	698	1	1754.34	1754.34	1	1	2	4	Needs Attention
5691	2024-02-12	2024-02-12	2024-02-01	688	1	1747.16	1747.16	1	1	2	4	Needs Attention
4735	2024-06-25	2024-06-25	2024-06-01	554	1	1744.30	1744.30	1	1	2	4	Needs Attention
5520	2024-05-23	2024-05-23	2024-05-01	587	1	1743.28	1743.28	1	1	2	4	Needs Attention
4231	2024-03-10	2024-03-10	2024-03-01	661	1	1737.50	1737.50	1	1	2	4	Needs Attention
3316	2024-06-14	2024-06-14	2024-06-01	565	1	1735.28	1735.28	1	1	2	4	Needs Attention
5871	2024-03-31	2024-03-31	2024-03-01	640	1	1729.41	1729.41	1	1	2	4	Needs Attention
5843	2024-02-16	2024-02-16	2024-02-01	684	1	1708.49	1708.49	1	1	2	4	Needs Attention
7909	2024-05-19	2024-05-19	2024-05-01	591	1	1705.99	1705.99	1	1	2	4	Needs Attention
5925	2024-01-16	2024-01-16	2024-01-01	715	1	1701.05	1701.05	1	1	2	4	Needs Attention
4928	2024-04-18	2024-04-18	2024-04-01	622	1	1694.18	1694.18	1	1	2	4	Needs Attention
6323	2024-06-24	2024-06-24	2024-06-01	555	1	1693.84	1693.84	1	1	2	4	Needs Attention
4742	2024-02-29	2024-02-29	2024-02-01	671	1	1686.07	1686.07	1	1	2	4	Needs Attention
4545	2024-01-27	2024-01-27	2024-01-01	704	1	1684.43	1684.43	1	1	2	4	Needs Attention
6457	2024-04-15	2024-04-15	2024-04-01	625	1	1679.04	1679.04	1	1	2	4	Needs Attention
4712	2024-06-23	2024-06-23	2024-06-01	556	1	1678.25	1678.25	1	1	2	4	Needs Attention
5158	2024-05-20	2024-05-20	2024-05-01	590	1	1665.57	1665.57	1	1	2	4	Needs Attention
5084	2024-04-01	2024-04-01	2024-04-01	639	1	1664.58	1664.58	1	1	2	4	Needs Attention
7276	2024-01-31	2024-01-31	2024-01-01	700	1	1662.48	1662.48	1	1	2	4	Needs Attention
6736	2024-03-05	2024-03-05	2024-03-01	666	1	1661.91	1661.91	1	1	2	4	Needs Attention
5354	2024-01-29	2024-01-29	2024-01-01	702	1	1660.68	1660.68	1	1	2	4	Needs Attention
3855	2024-02-18	2024-02-18	2024-02-01	682	1	1658.13	1658.13	1	1	2	4	Needs Attention
7715	2024-01-10	2024-01-10	2024-01-01	721	1	1657.08	1657.08	1	1	2	4	Needs Attention
4656	2024-04-22	2024-04-22	2024-04-01	618	1	1655.85	1655.85	1	1	2	4	Needs Attention
6474	2024-04-29	2024-04-29	2024-04-01	611	1	1650.32	1650.32	1	1	2	4	Needs Attention
3699	2024-04-25	2024-04-25	2024-04-01	615	1	1647.62	1647.62	1	1	2	4	Needs Attention
6516	2024-04-26	2024-04-26	2024-04-01	614	1	1644.34	1644.34	1	1	2	4	Needs Attention
7610	2024-03-05	2024-03-05	2024-03-01	666	1	1643.20	1643.20	1	1	2	4	Needs Attention
3364	2024-04-17	2024-04-17	2024-04-01	623	1	1637.21	1637.21	1	1	2	4	Needs Attention
3930	2024-04-24	2024-04-24	2024-04-01	616	1	1633.66	1633.66	1	1	2	4	Needs Attention
5249	2024-01-28	2024-01-28	2024-01-01	703	1	1633.63	1633.63	1	1	2	4	Needs Attention
7332	2024-03-14	2024-03-14	2024-03-01	657	1	1633.30	1633.30	1	1	2	4	Needs Attention
5761	2024-02-29	2024-02-29	2024-02-01	671	1	1632.52	1632.52	1	1	2	4	Needs Attention
7420	2024-05-30	2024-05-30	2024-05-01	580	1	1630.84	1630.84	1	1	2	4	Needs Attention
4839	2024-03-04	2024-03-04	2024-03-01	667	1	1621.42	1621.42	1	1	2	4	Needs Attention
6187	2024-02-06	2024-02-06	2024-02-01	694	1	1621.41	1621.41	1	1	2	4	Needs Attention
4713	2024-03-31	2024-03-31	2024-03-01	640	1	1618.49	1618.49	1	1	2	4	Needs Attention
5757	2024-02-17	2024-02-17	2024-02-01	683	1	1617.00	1617.00	1	1	2	4	Needs Attention
5969	2024-04-25	2024-04-25	2024-04-01	615	1	1615.12	1615.12	1	1	2	4	Needs Attention
4266	2024-01-28	2024-01-28	2024-01-01	703	1	1614.09	1614.09	1	1	2	4	Needs Attention
4320	2024-02-13	2024-02-13	2024-02-01	687	1	1612.67	1612.67	1	1	2	4	Needs Attention
7270	2024-05-09	2024-05-09	2024-05-01	601	1	1611.23	1611.23	1	1	2	4	Needs Attention
6833	2024-04-07	2024-04-07	2024-04-01	633	1	1609.50	1609.50	1	1	2	4	Needs Attention
3651	2024-06-18	2024-06-18	2024-06-01	561	1	1593.80	1593.80	1	1	2	4	Needs Attention
6050	2024-06-14	2024-06-14	2024-06-01	565	1	1590.52	1590.52	1	1	2	4	Needs Attention
5397	2024-01-28	2024-01-28	2024-01-01	703	1	1589.49	1589.49	1	1	2	4	Needs Attention
7289	2024-03-16	2024-03-16	2024-03-01	655	1	1582.86	1582.86	1	1	2	4	Needs Attention
4038	2024-06-05	2024-06-05	2024-06-01	574	1	1579.49	1579.49	1	1	2	4	Needs Attention
5475	2024-03-13	2024-03-13	2024-03-01	658	1	1570.29	1570.29	1	1	2	4	Needs Attention
3261	2024-04-09	2024-04-09	2024-04-01	631	1	1564.59	1564.59	1	1	2	4	Needs Attention
3548	2024-01-11	2024-01-11	2024-01-01	720	1	1563.71	1563.71	1	1	2	4	Needs Attention
4433	2024-02-26	2024-02-26	2024-02-01	674	1	1557.70	1557.70	1	1	2	4	Needs Attention
7535	2024-02-23	2024-02-23	2024-02-01	677	1	1556.56	1556.56	1	1	2	4	Needs Attention
3977	2024-01-07	2024-01-07	2024-01-01	724	1	1548.79	1548.79	1	1	2	4	Needs Attention
5055	2024-05-22	2024-05-22	2024-05-01	588	1	1542.87	1542.87	1	1	2	4	Needs Attention
4460	2024-03-05	2024-03-05	2024-03-01	666	1	1542.60	1542.60	1	1	2	4	Needs Attention
7316	2024-03-15	2024-03-15	2024-03-01	656	1	1539.33	1539.33	1	1	2	4	Needs Attention
5832	2024-01-01	2024-01-01	2024-01-01	730	1	1529.80	1529.80	1	1	2	4	Needs Attention
3863	2024-02-09	2024-02-09	2024-02-01	691	1	1528.57	1528.57	1	1	2	4	Needs Attention
4794	2024-03-30	2024-03-30	2024-03-01	641	1	1528.27	1528.27	1	1	2	4	Needs Attention
7013	2024-01-21	2024-01-21	2024-01-01	710	1	1524.30	1524.30	1	1	2	4	Needs Attention
6223	2024-03-23	2024-03-23	2024-03-01	648	1	1523.48	1523.48	1	1	2	4	Needs Attention
6331	2024-06-10	2024-06-10	2024-06-01	569	1	1522.36	1522.36	1	1	2	4	Needs Attention
7653	2024-05-22	2024-05-22	2024-05-01	588	1	1521.59	1521.59	1	1	2	4	Needs Attention
4753	2024-05-30	2024-05-30	2024-05-01	580	1	1515.91	1515.91	1	1	2	4	Needs Attention
7951	2024-02-01	2024-02-01	2024-02-01	699	1	1510.95	1510.95	1	1	2	4	Needs Attention
7297	2024-02-12	2024-02-12	2024-02-01	688	1	1510.44	1510.44	1	1	2	4	Needs Attention
7476	2024-05-17	2024-05-17	2024-05-01	593	1	1506.44	1506.44	1	1	2	4	Needs Attention
7340	2024-03-13	2024-03-13	2024-03-01	658	1	1492.67	1492.67	1	1	2	4	Needs Attention
3695	2024-05-21	2024-05-21	2024-05-01	589	1	1488.89	1488.89	1	1	2	4	Needs Attention
5449	2024-03-30	2024-03-30	2024-03-01	641	1	1488.52	1488.52	1	1	2	4	Needs Attention
5689	2024-05-16	2024-05-16	2024-05-01	594	1	1487.68	1487.68	1	1	2	4	Needs Attention
7207	2024-05-14	2024-05-14	2024-05-01	596	1	1485.10	1485.10	1	1	2	4	Needs Attention
4873	2024-04-16	2024-04-16	2024-04-01	624	1	1482.89	1482.89	1	1	2	4	Needs Attention
4259	2024-04-20	2024-04-20	2024-04-01	620	1	1477.22	1477.22	1	1	2	4	Needs Attention
4056	2024-05-16	2024-05-16	2024-05-01	594	1	1475.14	1475.14	1	1	2	4	Needs Attention
4683	2024-06-01	2024-06-01	2024-06-01	578	1	1475.06	1475.06	1	1	2	4	Needs Attention
4814	2024-06-26	2024-06-26	2024-06-01	553	1	1473.28	1473.28	1	1	2	4	Needs Attention
5637	2024-03-13	2024-03-13	2024-03-01	658	1	1472.69	1472.69	1	1	2	4	Needs Attention
5971	2024-02-18	2024-02-18	2024-02-01	682	1	1463.06	1463.06	1	1	2	4	Needs Attention
6389	2024-02-13	2024-02-13	2024-02-01	687	1	1461.46	1461.46	1	1	2	4	Needs Attention
6525	2024-05-06	2024-05-06	2024-05-01	604	1	1455.01	1455.01	1	1	2	4	Needs Attention
3801	2024-06-26	2024-06-26	2024-06-01	553	1	1454.37	1454.37	1	1	2	4	Needs Attention
6194	2024-01-19	2024-01-19	2024-01-01	712	1	1446.43	1446.43	1	1	2	4	Needs Attention
6146	2024-03-30	2024-03-30	2024-03-01	641	1	1428.32	1428.32	1	1	2	4	Needs Attention
7126	2024-03-30	2024-03-30	2024-03-01	641	1	1427.18	1427.18	1	1	2	4	Needs Attention
7658	2024-03-31	2024-03-31	2024-03-01	640	1	1423.85	1423.85	1	1	2	4	Needs Attention
3281	2024-05-20	2024-05-20	2024-05-01	590	1	1422.76	1422.76	1	1	2	4	Needs Attention
3711	2024-02-04	2024-02-04	2024-02-01	696	1	1420.41	1420.41	1	1	2	4	Needs Attention
4526	2024-01-28	2024-01-28	2024-01-01	703	1	1419.25	1419.25	1	1	2	4	Needs Attention
5301	2024-02-01	2024-02-01	2024-02-01	699	1	1410.50	1410.50	1	1	2	4	Needs Attention
5678	2024-03-29	2024-03-29	2024-03-01	642	1	1408.44	1408.44	1	1	2	4	Needs Attention
3752	2024-04-24	2024-04-24	2024-04-01	616	1	1408.35	1408.35	1	1	2	4	Needs Attention
3857	2024-02-27	2024-02-27	2024-02-01	673	1	1406.13	1406.13	1	1	2	4	Needs Attention
6520	2024-03-31	2024-03-31	2024-03-01	640	1	1396.30	1396.30	1	1	2	4	Needs Attention
4882	2024-06-14	2024-06-14	2024-06-01	565	1	1390.63	1390.63	1	1	2	4	Needs Attention
3736	2024-04-03	2024-04-03	2024-04-01	637	1	1388.52	1388.52	1	1	2	4	Needs Attention
5406	2024-04-03	2024-04-03	2024-04-01	637	1	1388.12	1388.12	1	1	2	4	Needs Attention
7766	2024-01-21	2024-01-21	2024-01-01	710	1	1384.60	1384.60	1	1	2	4	Needs Attention
6015	2024-05-27	2024-05-27	2024-05-01	583	1	1384.14	1384.14	1	1	2	4	Needs Attention
3307	2024-03-31	2024-03-31	2024-03-01	640	1	1383.93	1383.93	1	1	2	4	Needs Attention
3909	2024-06-25	2024-06-25	2024-06-01	554	1	1374.54	1374.54	1	1	2	4	Needs Attention
6138	2024-03-16	2024-03-16	2024-03-01	655	1	1374.17	1374.17	1	1	2	4	Needs Attention
4337	2024-01-28	2024-01-28	2024-01-01	703	1	1365.54	1365.54	1	1	2	4	Needs Attention
4546	2024-03-28	2024-03-28	2024-03-01	643	1	1362.62	1362.62	1	1	2	4	Needs Attention
7578	2024-06-26	2024-06-26	2024-06-01	553	1	1362.28	1362.28	1	1	2	4	Needs Attention
3496	2024-03-22	2024-03-22	2024-03-01	649	1	1362.07	1362.07	1	1	2	4	Needs Attention
4984	2024-03-07	2024-03-07	2024-03-01	664	1	1355.59	1355.59	1	1	2	4	Needs Attention
3400	2024-05-14	2024-05-14	2024-05-01	596	1	1354.73	1354.73	1	1	2	4	Needs Attention
3433	2024-06-26	2024-06-26	2024-06-01	553	1	1341.97	1341.97	1	1	2	4	Needs Attention
4325	2024-04-22	2024-04-22	2024-04-01	618	1	1341.03	1341.03	1	1	2	4	Needs Attention
6818	2024-04-27	2024-04-27	2024-04-01	613	1	1339.61	1339.61	1	1	2	4	Needs Attention
5175	2024-06-07	2024-06-07	2024-06-01	572	1	1338.01	1338.01	1	1	2	4	Needs Attention
3618	2024-01-14	2024-01-14	2024-01-01	717	1	1336.99	1336.99	1	1	2	4	Needs Attention
6124	2024-04-20	2024-04-20	2024-04-01	620	1	1332.29	1332.29	1	1	2	4	Needs Attention
4255	2024-03-03	2024-03-03	2024-03-01	668	1	1329.81	1329.81	1	1	2	4	Needs Attention
5183	2024-04-13	2024-04-13	2024-04-01	627	1	1322.32	1322.32	1	1	2	4	Needs Attention
7784	2024-02-10	2024-02-10	2024-02-01	690	1	1318.55	1318.55	1	1	2	4	Needs Attention
3607	2024-01-08	2024-01-08	2024-01-01	723	1	1318.39	1318.39	1	1	2	4	Needs Attention
3666	2024-06-19	2024-06-19	2024-06-01	560	1	1316.65	1316.65	1	1	2	4	Needs Attention
4315	2024-03-09	2024-03-09	2024-03-01	662	1	1313.98	1313.98	1	1	2	4	Needs Attention
6151	2024-06-20	2024-06-20	2024-06-01	559	1	1312.54	1312.54	1	1	2	4	Needs Attention
3406	2024-04-17	2024-04-17	2024-04-01	623	1	1309.50	1309.50	1	1	2	4	Needs Attention
7393	2024-05-08	2024-05-08	2024-05-01	602	1	1303.95	1303.95	1	1	2	4	Needs Attention
4112	2024-04-06	2024-04-06	2024-04-01	634	1	1302.52	1302.52	1	1	2	4	Needs Attention
4288	2024-04-27	2024-04-27	2024-04-01	613	1	1293.84	1293.84	1	1	2	4	Needs Attention
6975	2024-04-25	2024-04-25	2024-04-01	615	1	1292.64	1292.64	1	1	2	4	Needs Attention
6201	2024-02-20	2024-02-20	2024-02-01	680	1	1291.37	1291.37	1	1	2	4	Needs Attention
7374	2024-04-12	2024-04-12	2024-04-01	628	1	1291.10	1291.10	1	1	2	4	Needs Attention
3231	2024-05-21	2024-05-21	2024-05-01	589	1	1285.67	1285.67	1	1	2	4	Needs Attention
3128	2024-02-15	2024-02-15	2024-02-01	685	1	1282.58	1282.58	1	1	2	4	Needs Attention
3630	2024-02-15	2024-02-15	2024-02-01	685	1	1280.46	1280.46	1	1	2	4	Needs Attention
6933	2024-05-10	2024-05-10	2024-05-01	600	1	1274.49	1274.49	1	1	2	4	Needs Attention
4933	2024-03-11	2024-03-11	2024-03-01	660	1	1273.68	1273.68	1	1	2	4	Needs Attention
4226	2024-05-20	2024-05-20	2024-05-01	590	1	1270.23	1270.23	1	1	2	4	Needs Attention
4887	2024-03-13	2024-03-13	2024-03-01	658	1	1265.37	1265.37	1	1	2	4	Needs Attention
4864	2024-05-22	2024-05-22	2024-05-01	588	1	1258.29	1258.29	1	1	2	4	Needs Attention
6539	2024-01-19	2024-01-19	2024-01-01	712	1	1252.48	1252.48	1	1	2	4	Needs Attention
6678	2024-05-22	2024-05-22	2024-05-01	588	1	1251.64	1251.64	1	1	2	4	Needs Attention
7870	2024-05-04	2024-05-04	2024-05-01	606	1	1246.10	1246.10	1	1	2	4	Needs Attention
5297	2024-06-13	2024-06-13	2024-06-01	566	1	1245.46	1245.46	1	1	2	4	Needs Attention
7559	2024-05-07	2024-05-07	2024-05-01	603	1	1243.64	1243.64	1	1	2	4	Needs Attention
7328	2024-06-23	2024-06-23	2024-06-01	556	1	1243.22	1243.22	1	1	2	4	Needs Attention
5385	2024-01-29	2024-01-29	2024-01-01	702	1	1237.07	1237.07	1	1	2	4	Needs Attention
7178	2024-05-30	2024-05-30	2024-05-01	580	1	1236.11	1236.11	1	1	2	4	Needs Attention
7185	2024-01-25	2024-01-25	2024-01-01	706	1	1229.76	1229.76	1	1	2	4	Needs Attention
1817	2024-05-14	2024-05-14	2024-05-01	596	1	1226.34	1226.34	1	2	1	4	Needs Attention
1719	2024-02-23	2024-02-23	2024-02-01	677	1	1222.73	1222.73	1	2	1	4	Needs Attention
1892	2024-04-28	2024-04-28	2024-04-01	612	1	1220.29	1220.29	1	2	1	4	Needs Attention
173	2024-06-09	2024-06-09	2024-06-01	570	1	1220.13	1220.13	1	2	1	4	Needs Attention
1509	2024-04-08	2024-04-08	2024-04-01	632	1	1216.39	1216.39	1	2	1	4	Needs Attention
2140	2024-05-07	2024-05-07	2024-05-01	603	1	1214.67	1214.67	1	2	1	4	Needs Attention
2019	2024-01-18	2024-01-18	2024-01-01	713	1	1214.52	1214.52	1	2	1	4	Needs Attention
1055	2024-01-02	2024-01-02	2024-01-01	729	1	1211.38	1211.38	1	2	1	4	Needs Attention
3015	2024-06-01	2024-06-01	2024-06-01	578	1	1208.56	1208.56	1	2	1	4	Needs Attention
3309	2024-10-28	2024-10-28	2024-10-01	429	1	1205.53	1205.53	2	1	1	4	Needs Attention
3484	2024-07-02	2024-07-02	2024-07-01	547	1	1204.31	1204.31	2	1	1	4	Needs Attention
5699	2025-07-27	2025-07-27	2025-07-01	157	1	1201.15	1201.15	2	1	1	4	Needs Attention
815	2024-05-23	2024-05-23	2024-05-01	587	1	1195.50	1195.50	1	2	1	4	Needs Attention
384	2024-03-18	2024-03-18	2024-03-01	653	1	1190.61	1190.61	1	2	1	4	Needs Attention
2751	2024-05-24	2024-05-24	2024-05-01	586	1	1186.84	1186.84	1	2	1	4	Needs Attention
3929	2024-06-29	2024-06-29	2024-06-01	550	1	1182.49	1182.49	2	1	1	4	Needs Attention
1855	2024-01-04	2024-01-04	2024-01-01	727	1	1179.62	1179.62	1	2	1	4	Needs Attention
7584	2024-10-20	2024-10-20	2024-10-01	437	1	1174.09	1174.09	2	1	1	4	Needs Attention
7058	2025-07-02	2025-07-02	2025-07-01	182	1	1169.40	1169.40	2	1	1	4	Needs Attention
1324	2024-01-28	2024-01-28	2024-01-01	703	1	1168.56	1168.56	1	2	1	4	Needs Attention
6580	2025-01-29	2025-01-29	2025-01-01	336	1	1167.93	1167.93	2	1	1	4	Needs Attention
1052	2024-06-02	2024-06-02	2024-06-01	577	1	1164.01	1164.01	1	2	1	4	Needs Attention
1033	2024-01-23	2024-01-23	2024-01-01	708	1	1158.88	1158.88	1	2	1	4	Needs Attention
1889	2024-06-13	2024-06-13	2024-06-01	566	1	1157.87	1157.87	1	2	1	4	Needs Attention
808	2024-01-24	2024-01-24	2024-01-01	707	1	1155.74	1155.74	1	2	1	4	Needs Attention
2425	2024-05-31	2024-05-31	2024-05-01	579	1	1154.25	1154.25	1	2	1	4	Needs Attention
98	2024-06-05	2024-06-05	2024-06-01	574	1	1153.40	1153.40	1	2	1	4	Needs Attention
543	2024-02-03	2024-02-03	2024-02-01	697	1	1143.60	1143.60	1	2	1	4	Needs Attention
769	2024-03-13	2024-03-13	2024-03-01	658	1	1143.50	1143.50	1	2	1	4	Needs Attention
1132	2024-05-28	2024-05-28	2024-05-01	582	1	1133.55	1133.55	1	2	1	4	Needs Attention
7838	2025-03-20	2025-03-20	2025-03-01	286	1	1123.27	1123.27	2	1	1	4	Needs Attention
2544	2024-06-02	2024-06-02	2024-06-01	577	1	1120.90	1120.90	1	2	1	4	Needs Attention
6062	2025-02-21	2025-02-21	2025-02-01	313	1	1117.53	1117.53	2	1	1	4	Needs Attention
165	2024-04-05	2024-04-05	2024-04-01	635	1	1117.00	1117.00	1	2	1	4	Needs Attention
5039	2025-07-16	2025-07-16	2025-07-01	168	1	1108.49	1108.49	2	1	1	4	Needs Attention
1113	2024-02-17	2024-02-17	2024-02-01	683	1	1100.64	1100.64	1	2	1	4	Needs Attention
2567	2024-02-24	2024-02-24	2024-02-01	676	1	1100.24	1100.24	1	2	1	4	Needs Attention
2294	2024-01-05	2024-01-05	2024-01-01	726	1	1099.83	1099.83	1	2	1	4	Needs Attention
3674	2024-11-03	2024-11-03	2024-11-01	423	1	1098.84	1098.84	2	1	1	4	Needs Attention
3571	2025-01-17	2025-01-17	2025-01-01	348	1	1098.17	1098.17	2	1	1	4	Needs Attention
2075	2024-04-22	2024-04-22	2024-04-01	618	1	1092.69	1092.69	1	2	1	4	Needs Attention
1711	2024-03-22	2024-03-22	2024-03-01	649	1	1089.96	1089.96	1	2	1	4	Needs Attention
1510	2024-06-02	2024-06-02	2024-06-01	577	1	1084.27	1084.27	1	2	1	4	Needs Attention
1681	2024-05-24	2024-05-24	2024-05-01	586	1	1080.65	1080.65	1	2	1	4	Needs Attention
3486	2025-02-24	2025-02-24	2025-02-01	310	1	1076.95	1076.95	2	1	1	4	Needs Attention
3911	2025-01-13	2025-01-13	2025-01-01	352	1	1075.97	1075.97	2	1	1	4	Needs Attention
2871	2024-03-30	2024-03-30	2024-03-01	641	1	1071.34	1071.34	1	2	1	4	Needs Attention
2651	2024-02-07	2024-02-07	2024-02-01	693	1	1069.90	1069.90	1	2	1	4	Needs Attention
3194	2025-01-20	2025-01-20	2025-01-01	345	1	1068.34	1068.34	2	1	1	4	Needs Attention
2216	2024-05-08	2024-05-08	2024-05-01	602	1	1065.21	1065.21	1	2	1	4	Needs Attention
7059	2025-04-12	2025-04-12	2025-04-01	263	1	1059.20	1059.20	2	1	1	4	Needs Attention
392	2024-05-16	2024-05-16	2024-05-01	594	1	1056.65	1056.65	1	2	1	4	Needs Attention
5434	2025-02-17	2025-02-17	2025-02-01	317	1	1053.54	1053.54	2	1	1	4	Needs Attention
5818	2025-07-12	2025-07-12	2025-07-01	172	1	1046.09	1046.09	2	1	1	4	Needs Attention
4962	2024-12-03	2024-12-03	2024-12-01	393	1	1037.89	1037.89	2	1	1	4	Needs Attention
3001	2024-02-20	2024-02-20	2024-02-01	680	1	1031.23	1031.23	1	2	1	4	Needs Attention
7149	2025-07-20	2025-07-20	2025-07-01	164	1	1027.76	1027.76	2	1	1	4	Needs Attention
4594	2024-09-20	2024-09-20	2024-09-01	467	1	1024.05	1024.05	2	1	1	4	Needs Attention
97	2024-04-15	2024-04-15	2024-04-01	625	1	1021.90	1021.90	1	2	1	4	Needs Attention
913	2024-02-28	2024-02-28	2024-02-01	672	1	1017.61	1017.61	1	2	1	4	Needs Attention
205	2024-03-24	2024-03-24	2024-03-01	647	1	1014.38	1014.38	1	2	1	4	Needs Attention
6773	2024-06-29	2024-06-29	2024-06-01	550	1	1013.72	1013.72	2	1	1	4	Needs Attention
1594	2024-02-25	2024-02-25	2024-02-01	675	1	1012.98	1012.98	1	2	1	4	Needs Attention
2960	2024-03-17	2024-03-17	2024-03-01	654	1	1009.78	1009.78	1	2	1	4	Needs Attention
916	2024-06-16	2024-06-16	2024-06-01	563	1	1009.65	1009.65	1	2	1	4	Needs Attention
537	2024-02-10	2024-02-10	2024-02-01	690	1	1006.43	1006.43	1	2	1	4	Needs Attention
3172	2025-03-04	2025-03-04	2025-03-01	302	1	1005.55	1005.55	2	1	1	4	Needs Attention
7115	2025-03-22	2025-03-22	2025-03-01	284	1	999.45	999.45	2	1	1	4	Needs Attention
4001	2025-02-18	2025-02-18	2025-02-01	316	1	999.33	999.33	2	1	1	4	Needs Attention
502	2024-06-11	2024-06-11	2024-06-01	568	1	997.23	997.23	1	2	1	4	Needs Attention
790	2024-02-24	2024-02-24	2024-02-01	676	1	996.79	996.79	1	2	1	4	Needs Attention
2796	2024-02-16	2024-02-16	2024-02-01	684	1	993.85	993.85	1	2	1	4	Needs Attention
1754	2024-04-08	2024-04-08	2024-04-01	632	1	988.83	988.83	1	2	1	4	Needs Attention
1112	2024-01-24	2024-01-24	2024-01-01	707	1	984.82	984.82	1	2	1	4	Needs Attention
172	2024-03-18	2024-03-18	2024-03-01	653	1	978.40	978.40	1	2	1	4	Needs Attention
741	2024-06-12	2024-06-12	2024-06-01	567	1	975.26	975.26	1	2	1	4	Needs Attention
2359	2024-05-14	2024-05-14	2024-05-01	596	1	960.54	960.54	1	2	1	4	Needs Attention
2378	2024-03-15	2024-03-15	2024-03-01	656	1	955.10	955.10	1	2	1	4	Needs Attention
7423	2025-02-25	2025-02-25	2025-02-01	309	1	953.76	953.76	2	1	1	4	Needs Attention
7415	2024-08-30	2024-08-30	2024-08-01	488	1	953.22	953.22	2	1	1	4	Needs Attention
309	2024-05-27	2024-05-27	2024-05-01	583	1	952.73	952.73	1	2	1	4	Needs Attention
5380	2024-01-18	2024-03-06	2024-01-01	665	2	952.37	476.19	1	2	1	4	At Risk
396	2024-01-31	2024-01-31	2024-01-01	700	1	951.62	951.62	1	2	1	4	Needs Attention
6865	2025-05-23	2025-05-23	2025-05-01	222	1	948.50	948.50	2	1	1	4	Needs Attention
113	2024-05-02	2024-05-02	2024-05-01	608	1	947.96	947.96	1	2	1	4	Needs Attention
7768	2025-04-10	2025-04-10	2025-04-01	265	1	940.91	940.91	2	1	1	4	Needs Attention
5178	2025-05-25	2025-05-25	2025-05-01	220	1	939.83	939.83	2	1	1	4	Needs Attention
1008	2024-05-14	2024-05-14	2024-05-01	596	1	936.62	936.62	1	2	1	4	Needs Attention
5441	2025-03-10	2025-03-10	2025-03-01	296	1	936.37	936.37	2	1	1	4	Needs Attention
1476	2024-03-02	2024-03-02	2024-03-01	669	1	934.25	934.25	1	2	1	4	Needs Attention
3943	2024-12-05	2024-12-05	2024-12-01	391	1	932.74	932.74	2	1	1	4	Needs Attention
2761	2024-03-07	2024-03-07	2024-03-01	664	1	932.68	932.68	1	2	1	4	Needs Attention
1099	2024-06-20	2024-06-20	2024-06-01	559	1	926.99	926.99	1	2	1	4	Needs Attention
149	2024-05-21	2024-05-21	2024-05-01	589	1	925.95	925.95	1	2	1	4	Needs Attention
898	2024-01-22	2024-01-22	2024-01-01	709	1	922.72	922.72	1	2	1	4	Needs Attention
7429	2025-03-29	2025-03-29	2025-03-01	277	1	914.02	914.02	2	1	1	4	Needs Attention
7884	2025-05-03	2025-05-03	2025-05-01	242	1	908.42	908.42	2	1	1	4	Needs Attention
2475	2024-03-22	2024-03-22	2024-03-01	649	1	903.78	903.78	1	2	1	4	Needs Attention
1148	2024-05-02	2024-05-02	2024-05-01	608	1	899.90	899.90	1	2	1	4	Needs Attention
2228	2024-05-11	2024-05-11	2024-05-01	599	1	898.56	898.56	1	2	1	4	Needs Attention
6722	2025-02-11	2025-02-11	2025-02-01	323	1	893.03	893.03	2	1	1	4	Needs Attention
5149	2024-07-09	2024-07-09	2024-07-01	540	1	887.85	887.85	2	1	1	4	Needs Attention
756	2024-04-17	2024-04-17	2024-04-01	623	1	884.45	884.45	1	2	1	4	Needs Attention
2654	2024-01-03	2024-01-03	2024-01-01	728	1	882.86	882.86	1	2	1	4	Needs Attention
2408	2024-06-22	2024-06-22	2024-06-01	557	1	877.92	877.92	1	2	1	4	Needs Attention
7320	2024-11-25	2024-11-25	2024-11-01	401	1	876.42	876.42	2	1	1	4	Needs Attention
5298	2025-06-07	2025-06-07	2025-06-01	207	1	874.33	874.33	2	1	1	4	Needs Attention
432	2024-03-16	2024-03-16	2024-03-01	655	1	870.24	870.24	1	2	1	4	Needs Attention
5959	2024-09-16	2024-09-16	2024-09-01	471	1	865.31	865.31	2	1	1	4	Needs Attention
5515	2025-05-17	2025-05-17	2025-05-01	228	1	861.08	861.08	2	1	1	4	Needs Attention
494	2024-05-29	2024-05-29	2024-05-01	581	1	861.03	861.03	1	2	1	4	Needs Attention
1376	2024-04-24	2024-04-24	2024-04-01	616	1	857.57	857.57	1	2	1	4	Needs Attention
1084	2024-05-14	2024-05-14	2024-05-01	596	1	856.67	856.67	1	2	1	4	Needs Attention
5864	2024-07-17	2024-07-17	2024-07-01	532	1	856.53	856.53	2	1	1	4	Needs Attention
1731	2024-06-22	2024-06-22	2024-06-01	557	1	856.43	856.43	1	2	1	4	Needs Attention
2542	2024-06-03	2024-06-03	2024-06-01	576	1	856.37	856.37	1	2	1	4	Needs Attention
459	2024-02-20	2024-02-20	2024-02-01	680	1	851.60	851.60	1	2	1	4	Needs Attention
985	2024-06-14	2024-06-14	2024-06-01	565	1	844.37	844.37	1	2	1	4	Needs Attention
1137	2024-03-01	2024-03-01	2024-03-01	670	1	839.45	839.45	1	2	1	4	Needs Attention
6832	2024-09-24	2024-09-24	2024-09-01	463	1	837.85	837.85	2	1	1	4	Needs Attention
5166	2025-01-14	2025-01-14	2025-01-01	351	1	837.10	837.10	2	1	1	4	Needs Attention
2971	2024-05-16	2024-05-16	2024-05-01	594	1	835.79	835.79	1	2	1	4	Needs Attention
1195	2024-03-08	2024-03-08	2024-03-01	663	1	834.64	834.64	1	2	1	4	Needs Attention
7666	2025-03-29	2025-03-29	2025-03-01	277	1	833.97	833.97	2	1	1	4	Needs Attention
2429	2024-04-14	2024-04-14	2024-04-01	626	1	832.35	832.35	1	2	1	4	Needs Attention
594	2024-02-07	2024-02-07	2024-02-01	693	1	831.48	831.48	1	2	1	4	Needs Attention
2718	2024-05-01	2024-05-01	2024-05-01	609	1	830.72	830.72	1	2	1	4	Needs Attention
2601	2024-01-29	2024-01-29	2024-01-01	702	1	826.12	826.12	1	2	1	4	Needs Attention
1928	2024-05-26	2024-05-26	2024-05-01	584	1	825.17	825.17	1	2	1	4	Needs Attention
6716	2025-06-18	2025-06-18	2025-06-01	196	1	820.97	820.97	2	1	1	4	Needs Attention
5930	2024-11-24	2024-11-24	2024-11-01	402	1	817.87	817.87	2	1	1	4	Needs Attention
1528	2024-06-08	2024-06-08	2024-06-01	571	1	814.72	814.72	1	2	1	4	Needs Attention
4290	2025-06-19	2025-06-19	2025-06-01	195	1	814.60	814.60	2	1	1	4	Needs Attention
1609	2024-04-14	2024-04-14	2024-04-01	626	1	811.16	811.16	1	2	1	4	Needs Attention
1516	2024-04-03	2024-04-03	2024-04-01	637	1	805.81	805.81	1	2	1	4	Needs Attention
1407	2024-01-12	2024-01-12	2024-01-01	719	1	805.22	805.22	1	2	1	4	Needs Attention
2418	2024-06-23	2024-06-23	2024-06-01	556	1	803.11	803.11	1	2	1	4	Needs Attention
7272	2025-05-30	2025-05-30	2025-05-01	215	1	801.39	801.39	2	1	1	4	Needs Attention
7612	2025-01-14	2025-01-14	2025-01-01	351	1	799.93	799.93	2	1	1	4	Needs Attention
5903	2024-11-13	2024-11-13	2024-11-01	413	1	798.93	798.93	2	1	1	4	Needs Attention
897	2024-01-07	2024-01-07	2024-01-01	724	1	796.95	796.95	1	2	1	4	Needs Attention
56	2024-03-17	2024-03-17	2024-03-01	654	1	794.81	794.81	1	2	1	4	Needs Attention
2615	2024-05-01	2024-05-01	2024-05-01	609	1	792.86	792.86	1	2	1	4	Needs Attention
643	2024-03-09	2024-03-09	2024-03-01	662	1	791.25	791.25	1	2	1	4	Needs Attention
6900	2025-06-10	2025-06-10	2025-06-01	204	1	783.87	783.87	2	1	1	4	Needs Attention
2484	2024-03-13	2024-03-13	2024-03-01	658	1	780.02	780.02	1	2	1	4	Needs Attention
2366	2024-04-04	2024-04-04	2024-04-01	636	1	770.54	770.54	1	2	1	4	Needs Attention
3044	2024-04-10	2024-04-10	2024-04-01	630	1	768.69	768.69	1	2	1	4	Needs Attention
357	2024-04-23	2024-04-23	2024-04-01	617	1	767.04	767.04	1	2	1	4	Needs Attention
4516	2025-05-07	2025-05-07	2025-05-01	238	1	766.56	766.56	2	1	1	4	Needs Attention
1743	2024-03-03	2024-03-03	2024-03-01	668	1	765.47	765.47	1	2	1	4	Needs Attention
2204	2024-04-14	2024-04-14	2024-04-01	626	1	764.55	764.55	1	2	1	4	Needs Attention
765	2024-05-19	2024-05-19	2024-05-01	591	1	763.55	763.55	1	2	1	4	Needs Attention
7994	2025-06-23	2025-06-23	2025-06-01	191	1	762.86	762.86	2	1	1	4	Needs Attention
670	2024-02-21	2024-02-21	2024-02-01	679	1	760.93	760.93	1	2	1	4	Needs Attention
3511	2025-04-03	2025-04-03	2025-04-01	272	1	753.85	753.85	2	1	1	4	Needs Attention
1886	2024-04-03	2024-04-03	2024-04-01	637	1	751.39	751.39	1	2	1	4	Needs Attention
509	2024-05-12	2024-05-12	2024-05-01	598	1	746.43	746.43	1	2	1	4	Needs Attention
4090	2025-05-28	2025-05-28	2025-05-01	217	1	739.61	739.61	2	1	1	4	Needs Attention
2673	2024-05-22	2024-05-22	2024-05-01	588	1	739.21	739.21	1	2	1	4	Needs Attention
2208	2024-05-18	2024-05-18	2024-05-01	592	1	738.74	738.74	1	2	1	4	Needs Attention
4842	2025-05-13	2025-05-13	2025-05-01	232	1	736.30	736.30	2	1	1	4	Needs Attention
2310	2024-05-09	2024-05-09	2024-05-01	601	1	732.60	732.60	1	2	1	4	Needs Attention
766	2024-04-09	2024-04-09	2024-04-01	631	1	731.34	731.34	1	2	1	4	Needs Attention
465	2024-04-29	2024-04-29	2024-04-01	611	1	729.86	729.86	1	2	1	4	Needs Attention
2533	2024-02-18	2024-02-18	2024-02-01	682	1	728.21	728.21	1	2	1	4	Needs Attention
2165	2024-04-11	2024-04-11	2024-04-01	629	1	727.94	727.94	1	2	1	4	Needs Attention
2090	2024-01-06	2024-01-06	2024-01-01	725	1	723.25	723.25	1	2	1	4	Needs Attention
1253	2024-01-13	2024-01-13	2024-01-01	718	1	716.77	716.77	1	2	1	4	Needs Attention
129	2024-05-12	2024-05-12	2024-05-01	598	1	710.62	710.62	1	2	1	4	Needs Attention
470	2024-02-21	2024-02-21	2024-02-01	679	1	705.26	705.26	1	2	1	4	Needs Attention
4727	2025-05-01	2025-05-01	2025-05-01	244	1	705.00	705.00	2	1	1	4	Needs Attention
3892	2025-06-26	2025-06-26	2025-06-01	188	1	704.48	704.48	2	1	1	4	Needs Attention
79	2024-02-29	2024-02-29	2024-02-01	671	1	703.63	703.63	1	2	1	4	Needs Attention
2914	2024-01-31	2024-01-31	2024-01-01	700	1	697.13	697.13	1	2	1	4	Needs Attention
2669	2024-03-13	2024-03-13	2024-03-01	658	1	694.58	694.58	1	2	1	4	Needs Attention
1604	2024-01-04	2024-01-04	2024-01-01	727	1	692.16	692.16	1	2	1	4	Needs Attention
2889	2024-05-12	2024-05-12	2024-05-01	598	1	691.96	691.96	1	2	1	4	Needs Attention
833	2024-05-25	2024-05-25	2024-05-01	585	1	690.92	690.92	1	2	1	4	Needs Attention
981	2024-04-04	2024-04-04	2024-04-01	636	1	687.26	687.26	1	2	1	4	Needs Attention
1028	2024-01-15	2024-01-15	2024-01-01	716	1	685.40	685.40	1	2	1	4	Needs Attention
4362	2025-04-16	2025-04-16	2025-04-01	259	1	685.28	685.28	2	1	1	4	Needs Attention
4674	2025-02-05	2025-02-05	2025-02-01	329	1	683.01	683.01	2	1	1	4	Needs Attention
184	2024-04-29	2024-04-29	2024-04-01	611	1	680.22	680.22	1	2	1	4	Needs Attention
224	2024-02-08	2024-02-08	2024-02-01	692	1	679.37	679.37	1	2	1	4	Needs Attention
318	2024-01-24	2024-01-24	2024-01-01	707	1	678.30	678.30	1	2	1	4	Needs Attention
2675	2024-06-10	2024-06-10	2024-06-01	569	1	677.62	677.62	1	2	1	4	Needs Attention
59	2024-05-03	2024-05-03	2024-05-01	607	1	676.97	676.97	1	2	1	4	Needs Attention
7003	2025-07-21	2025-07-21	2025-07-01	163	1	675.76	675.76	2	1	1	4	Needs Attention
4844	2025-07-29	2025-07-29	2025-07-01	155	1	670.75	670.75	2	1	1	4	Needs Attention
1758	2024-05-19	2024-05-19	2024-05-01	591	1	670.51	670.51	1	2	1	4	Needs Attention
7882	2025-05-23	2025-05-23	2025-05-01	222	1	669.07	669.07	2	1	1	4	Needs Attention
7910	2024-11-25	2024-11-25	2024-11-01	401	1	662.24	662.24	2	1	1	4	Needs Attention
1397	2024-04-28	2024-04-28	2024-04-01	612	1	660.70	660.70	1	2	1	4	Needs Attention
1672	2024-03-30	2024-03-30	2024-03-01	641	1	655.27	655.27	1	2	1	4	Needs Attention
300	2024-03-28	2024-03-28	2024-03-01	643	1	654.47	654.47	1	2	1	4	Needs Attention
75	2024-03-03	2024-03-03	2024-03-01	668	1	650.20	650.20	1	2	1	4	Needs Attention
71	2024-04-29	2024-04-29	2024-04-01	611	1	649.66	649.66	1	2	1	4	Needs Attention
1428	2024-03-23	2024-03-23	2024-03-01	648	1	646.78	646.78	1	2	1	4	Needs Attention
2372	2024-02-26	2024-02-26	2024-02-01	674	1	642.21	642.21	1	2	1	4	Needs Attention
945	2024-01-11	2024-01-11	2024-01-01	720	1	640.80	640.80	1	2	1	4	Needs Attention
6477	2025-07-13	2025-07-13	2025-07-01	171	1	640.31	640.31	2	1	1	4	Needs Attention
2049	2024-04-10	2024-04-10	2024-04-01	630	1	636.31	636.31	1	2	1	4	Needs Attention
7432	2025-04-10	2025-04-10	2025-04-01	265	1	635.38	635.38	2	1	1	4	Needs Attention
2370	2024-04-12	2024-04-12	2024-04-01	628	1	631.63	631.63	1	2	1	4	Needs Attention
5278	2025-02-18	2025-02-18	2025-02-01	316	1	623.03	623.03	2	1	1	4	Needs Attention
7141	2025-06-07	2025-06-07	2025-06-01	207	1	618.56	618.56	2	1	1	4	Needs Attention
3114	2024-09-24	2024-09-24	2024-09-01	463	1	617.44	617.44	2	1	1	4	Needs Attention
2767	2024-06-18	2024-06-18	2024-06-01	561	1	612.49	612.49	1	2	1	4	Needs Attention
942	2024-06-08	2024-06-08	2024-06-01	571	1	611.40	611.40	1	2	1	4	Needs Attention
819	2024-01-02	2024-01-02	2024-01-01	729	1	610.73	610.73	1	2	1	4	Needs Attention
521	2024-05-25	2024-05-25	2024-05-01	585	1	605.26	605.26	1	2	1	4	Needs Attention
442	2024-02-02	2024-02-02	2024-02-01	698	1	603.82	603.82	1	2	1	4	Needs Attention
4778	2025-04-14	2025-04-14	2025-04-01	261	1	601.12	601.12	2	1	1	4	Needs Attention
1036	2024-04-25	2024-04-25	2024-04-01	615	1	599.78	599.78	1	2	1	4	Needs Attention
2018	2024-01-30	2024-01-30	2024-01-01	701	1	597.97	597.97	1	2	1	4	Needs Attention
2887	2024-03-05	2024-03-05	2024-03-01	666	1	595.00	595.00	1	2	1	4	Needs Attention
4151	2025-02-01	2025-02-01	2025-02-01	333	1	594.28	594.28	2	1	1	4	Needs Attention
3829	2024-08-30	2024-08-30	2024-08-01	488	1	592.86	592.86	2	1	1	4	Needs Attention
558	2024-04-04	2024-04-04	2024-04-01	636	1	586.84	586.84	1	2	1	4	Needs Attention
429	2024-06-20	2024-06-20	2024-06-01	559	1	586.30	586.30	1	2	1	4	Needs Attention
1670	2024-03-25	2024-03-25	2024-03-01	646	1	586.11	586.11	1	2	1	4	Needs Attention
4493	2025-04-15	2025-04-15	2025-04-01	260	1	581.44	581.44	2	1	1	4	Needs Attention
513	2024-03-11	2024-03-11	2024-03-01	660	1	580.54	580.54	1	2	1	4	Needs Attention
5506	2024-11-12	2024-11-12	2024-11-01	414	1	576.94	576.94	2	1	1	4	Needs Attention
3009	2024-03-02	2024-03-02	2024-03-01	669	1	576.18	576.18	1	2	1	4	Needs Attention
661	2024-01-15	2024-01-15	2024-01-01	716	1	570.23	570.23	1	2	1	4	Needs Attention
2026	2024-05-12	2024-05-12	2024-05-01	598	1	568.29	568.29	1	2	1	4	Needs Attention
3879	2025-01-17	2025-01-17	2025-01-01	348	1	565.31	565.31	2	1	1	4	Needs Attention
1553	2024-04-19	2024-04-19	2024-04-01	621	1	562.55	562.55	1	2	1	4	Needs Attention
6571	2025-03-25	2025-03-25	2025-03-01	281	1	561.79	561.79	2	1	1	4	Needs Attention
4009	2025-04-22	2025-04-22	2025-04-01	253	1	561.18	561.18	2	1	1	4	Needs Attention
3010	2024-02-16	2024-02-16	2024-02-01	684	1	560.62	560.62	1	2	1	4	Needs Attention
3667	2025-07-17	2025-07-17	2025-07-01	167	1	559.57	559.57	2	1	1	4	Needs Attention
864	2024-06-10	2024-06-10	2024-06-01	569	1	558.57	558.57	1	2	1	4	Needs Attention
2962	2024-05-25	2024-05-25	2024-05-01	585	1	552.42	552.42	1	2	1	4	Needs Attention
2631	2024-06-11	2024-06-11	2024-06-01	568	1	552.02	552.02	1	2	1	4	Needs Attention
6441	2025-07-08	2025-07-08	2025-07-01	176	1	550.62	550.62	2	1	1	4	Needs Attention
4103	2024-07-03	2024-07-03	2024-07-01	546	1	548.33	548.33	2	1	1	4	Needs Attention
390	2024-04-11	2024-04-11	2024-04-01	629	1	542.85	542.85	1	2	1	4	Needs Attention
6047	2024-09-29	2024-09-29	2024-09-01	458	1	541.75	541.75	2	1	1	4	Needs Attention
4892	2025-01-15	2025-01-15	2025-01-01	350	1	541.64	541.64	2	1	1	4	Needs Attention
6484	2024-10-06	2024-10-06	2024-10-01	451	1	540.25	540.25	2	1	1	4	Needs Attention
155	2024-05-11	2024-05-11	2024-05-01	599	1	539.68	539.68	1	2	1	4	Needs Attention
7077	2024-09-30	2024-09-30	2024-09-01	457	1	535.82	535.82	2	1	1	4	Needs Attention
6984	2025-04-11	2025-04-11	2025-04-01	264	1	535.31	535.31	2	1	1	4	Needs Attention
6893	2025-06-13	2025-06-13	2025-06-01	201	1	530.63	530.63	2	1	1	4	Needs Attention
2463	2024-03-01	2024-03-01	2024-03-01	670	1	529.90	529.90	1	2	1	4	Needs Attention
2707	2024-04-15	2024-04-15	2024-04-01	625	1	519.87	519.87	1	2	1	4	Needs Attention
4986	2025-07-28	2025-07-28	2025-07-01	156	1	519.23	519.23	2	1	1	4	Needs Attention
2754	2024-06-12	2024-06-12	2024-06-01	567	1	517.44	517.44	1	2	1	4	Needs Attention
2638	2024-05-22	2024-05-22	2024-05-01	588	1	514.04	514.04	1	2	1	4	Needs Attention
4728	2024-07-19	2024-07-19	2024-07-01	530	1	510.77	510.77	2	1	1	4	Needs Attention
5596	2025-02-27	2025-02-27	2025-02-01	307	1	510.14	510.14	2	1	1	4	Needs Attention
1485	2024-04-01	2024-04-01	2024-04-01	639	1	507.69	507.69	1	2	1	4	Needs Attention
5948	2024-11-16	2024-11-16	2024-11-01	410	1	507.60	507.60	2	1	1	4	Needs Attention
3304	2024-08-03	2024-08-03	2024-08-01	515	1	506.14	506.14	2	1	1	4	Needs Attention
7635	2025-04-27	2025-04-27	2025-04-01	248	1	504.97	504.97	2	1	1	4	Needs Attention
336	2024-03-27	2024-03-27	2024-03-01	644	1	496.85	496.85	1	2	1	4	Needs Attention
971	2024-01-26	2024-01-26	2024-01-01	705	1	495.17	495.17	1	2	1	4	Needs Attention
2032	2024-04-10	2024-04-10	2024-04-01	630	1	492.40	492.40	1	2	1	4	Needs Attention
5160	2025-07-18	2025-07-18	2025-07-01	166	1	490.06	490.06	2	1	1	4	Needs Attention
6764	2024-11-07	2024-11-07	2024-11-01	419	1	489.93	489.93	2	1	1	4	Needs Attention
1635	2024-05-31	2024-05-31	2024-05-01	579	1	489.71	489.71	1	2	1	4	Needs Attention
2725	2024-02-24	2024-02-24	2024-02-01	676	1	484.61	484.61	1	2	1	4	Needs Attention
1413	2024-02-01	2024-02-01	2024-02-01	699	1	484.56	484.56	1	2	1	4	Needs Attention
5848	2025-07-02	2025-07-02	2025-07-01	182	1	478.04	478.04	2	1	1	4	Needs Attention
3083	2025-08-02	2025-08-02	2025-08-01	151	1	477.30	477.30	2	1	1	4	Needs Attention
3720	2025-07-27	2025-07-27	2025-07-01	157	1	477.30	477.30	2	1	1	4	Needs Attention
841	2024-05-20	2024-05-20	2024-05-01	590	1	475.14	475.14	1	2	1	4	Needs Attention
5420	2025-01-27	2025-01-27	2025-01-01	338	1	473.78	473.78	2	1	1	4	Needs Attention
752	2024-06-05	2024-06-05	2024-06-01	574	1	472.44	472.44	1	2	1	4	Needs Attention
995	2024-02-18	2024-02-18	2024-02-01	682	1	470.42	470.42	1	2	1	4	Needs Attention
2858	2024-06-07	2024-06-07	2024-06-01	572	1	468.95	468.95	1	2	1	4	Needs Attention
918	2024-03-11	2024-03-11	2024-03-01	660	1	468.88	468.88	1	2	1	4	Needs Attention
47	2024-01-12	2024-01-12	2024-01-01	719	1	466.94	466.94	1	2	1	4	Needs Attention
2173	2024-05-19	2024-05-19	2024-05-01	591	1	466.54	466.54	1	2	1	4	Needs Attention
2582	2024-01-03	2024-01-03	2024-01-01	728	1	464.04	464.04	1	2	1	4	Needs Attention
2225	2024-04-12	2024-04-12	2024-04-01	628	1	457.67	457.67	1	2	1	4	Needs Attention
34	2024-02-25	2024-02-25	2024-02-01	675	1	456.87	456.87	1	2	1	4	Needs Attention
1340	2024-02-21	2024-02-21	2024-02-01	679	1	455.47	455.47	1	2	1	4	Needs Attention
4584	2025-02-04	2025-02-04	2025-02-01	330	1	455.45	455.45	2	1	1	4	Needs Attention
1647	2024-06-17	2024-06-17	2024-06-01	562	1	448.83	448.83	1	2	1	4	Needs Attention
2513	2024-05-05	2024-05-05	2024-05-01	605	1	446.74	446.74	1	2	1	4	Needs Attention
3594	2025-04-30	2025-04-30	2025-04-01	245	1	446.65	446.65	2	1	1	4	Needs Attention
1836	2024-02-06	2024-02-06	2024-02-01	694	1	445.21	445.21	1	2	1	4	Needs Attention
1265	2024-03-16	2024-03-16	2024-03-01	655	1	442.69	442.69	1	2	1	4	Needs Attention
7929	2024-08-04	2024-08-04	2024-08-01	514	1	441.58	441.58	2	1	1	4	Needs Attention
196	2024-02-18	2024-02-18	2024-02-01	682	1	439.63	439.63	1	2	1	4	Needs Attention
2350	2024-04-14	2024-04-14	2024-04-01	626	1	435.92	435.92	1	2	1	4	Needs Attention
6089	2025-06-18	2025-06-18	2025-06-01	196	1	435.35	435.35	2	1	1	4	Needs Attention
1593	2024-03-21	2024-03-21	2024-03-01	650	1	430.47	430.47	1	2	1	4	Needs Attention
1299	2024-01-28	2024-01-28	2024-01-01	703	1	429.66	429.66	1	2	1	4	Needs Attention
154	2024-02-28	2024-02-28	2024-02-01	672	1	428.23	428.23	1	2	1	4	Needs Attention
6527	2024-10-05	2024-10-05	2024-10-01	452	1	428.16	428.16	2	1	1	4	Needs Attention
2450	2024-02-28	2024-02-28	2024-02-01	672	1	417.44	417.44	1	2	1	4	Needs Attention
5749	2025-05-21	2025-05-21	2025-05-01	224	1	415.53	415.53	2	1	1	4	Needs Attention
2089	2024-02-29	2024-02-29	2024-02-01	671	1	412.95	412.95	1	2	1	4	Needs Attention
1211	2024-05-21	2024-05-21	2024-05-01	589	1	410.92	410.92	1	2	1	4	Needs Attention
3900	2025-07-25	2025-07-25	2025-07-01	159	1	410.54	410.54	2	1	1	4	Needs Attention
7799	2024-06-29	2024-06-29	2024-06-01	550	1	409.12	409.12	2	1	1	4	Needs Attention
4514	2025-07-27	2025-07-27	2025-07-01	157	1	405.09	405.09	2	1	1	4	Needs Attention
1968	2024-03-05	2024-03-05	2024-03-01	666	1	401.80	401.80	1	2	1	4	Needs Attention
1975	2024-04-20	2024-04-20	2024-04-01	620	1	400.20	400.20	1	2	1	4	Needs Attention
3289	2024-10-24	2024-10-24	2024-10-01	433	1	399.78	399.78	2	1	1	4	Needs Attention
1145	2024-01-30	2024-01-30	2024-01-01	701	1	398.69	398.69	1	2	1	4	Needs Attention
2934	2024-03-16	2024-03-16	2024-03-01	655	1	395.97	395.97	1	2	1	4	Needs Attention
229	2024-06-05	2024-06-05	2024-06-01	574	1	395.31	395.31	1	2	1	4	Needs Attention
1294	2024-06-05	2024-06-05	2024-06-01	574	1	391.47	391.47	1	2	1	4	Needs Attention
8000	2024-09-15	2024-09-15	2024-09-01	472	1	382.77	382.77	2	1	1	4	Needs Attention
2901	2024-01-27	2024-01-27	2024-01-01	704	1	378.70	378.70	1	2	1	4	Needs Attention
7144	2025-04-14	2025-04-14	2025-04-01	261	1	374.10	374.10	2	1	1	4	Needs Attention
1005	2024-06-21	2024-06-21	2024-06-01	558	1	373.18	373.18	1	2	1	4	Needs Attention
1843	2024-04-02	2024-04-02	2024-04-01	638	1	373.08	373.08	1	2	1	4	Needs Attention
3813	2024-07-29	2024-07-29	2024-07-01	520	1	371.78	371.78	2	1	1	4	Needs Attention
1479	2024-05-30	2024-05-30	2024-05-01	580	1	360.18	360.18	1	2	1	4	Needs Attention
5916	2024-08-25	2024-08-25	2024-08-01	493	1	355.69	355.69	2	1	1	4	Needs Attention
1449	2024-03-02	2024-03-02	2024-03-01	669	1	352.40	352.40	1	2	1	4	Needs Attention
2995	2024-03-07	2024-03-07	2024-03-01	664	1	351.41	351.41	1	2	1	4	Needs Attention
2497	2024-01-26	2024-01-26	2024-01-01	705	1	349.71	349.71	1	2	1	4	Needs Attention
4748	2025-07-29	2025-07-29	2025-07-01	155	1	341.06	341.06	2	1	1	4	Needs Attention
1720	2024-05-23	2024-05-23	2024-05-01	587	1	335.25	335.25	1	2	1	4	Needs Attention
3473	2024-10-20	2024-10-20	2024-10-01	437	1	333.15	333.15	2	1	1	4	Needs Attention
2791	2024-03-02	2024-03-02	2024-03-01	669	1	332.27	332.27	1	2	1	4	Needs Attention
7282	2024-10-23	2024-10-23	2024-10-01	434	1	322.91	322.91	2	1	1	4	Needs Attention
7051	2024-11-12	2024-11-12	2024-11-01	414	1	322.72	322.72	2	1	1	4	Needs Attention
3027	2024-06-19	2024-06-19	2024-06-01	560	1	318.73	318.73	1	2	1	4	Needs Attention
2389	2024-05-09	2024-05-09	2024-05-01	601	1	318.49	318.49	1	2	1	4	Needs Attention
314	2024-04-16	2024-04-16	2024-04-01	624	1	316.77	316.77	1	2	1	4	Needs Attention
366	2024-06-02	2024-06-02	2024-06-01	577	1	310.38	310.38	1	2	1	4	Needs Attention
7366	2025-03-03	2025-03-03	2025-03-01	303	1	300.83	300.83	2	1	1	4	Needs Attention
2327	2024-01-07	2024-01-07	2024-01-01	724	1	300.80	300.80	1	2	1	4	Needs Attention
1979	2024-06-23	2024-06-23	2024-06-01	556	1	299.26	299.26	1	2	1	4	Needs Attention
2963	2024-06-17	2024-06-17	2024-06-01	562	1	298.18	298.18	1	2	1	4	Needs Attention
554	2024-05-01	2024-05-01	2024-05-01	609	1	297.18	297.18	1	2	1	4	Needs Attention
6790	2024-09-10	2024-09-10	2024-09-01	477	1	295.54	295.54	2	1	1	4	Needs Attention
830	2024-05-16	2024-05-16	2024-05-01	594	1	294.09	294.09	1	2	1	4	Needs Attention
2067	2024-04-07	2024-04-07	2024-04-01	633	1	293.85	293.85	1	2	1	4	Needs Attention
3912	2025-04-03	2025-04-03	2025-04-01	272	1	292.36	292.36	2	1	1	4	Needs Attention
1096	2024-04-15	2024-04-15	2024-04-01	625	1	292.24	292.24	1	2	1	4	Needs Attention
1878	2024-03-22	2024-03-22	2024-03-01	649	1	291.21	291.21	1	2	1	4	Needs Attention
1985	2024-02-08	2024-02-08	2024-02-01	692	1	290.79	290.79	1	2	1	4	Needs Attention
2708	2024-02-03	2024-02-03	2024-02-01	697	1	290.79	290.79	1	2	1	4	Needs Attention
1620	2024-02-19	2024-02-19	2024-02-01	681	1	289.54	289.54	1	2	1	4	Needs Attention
1555	2024-03-05	2024-03-05	2024-03-01	666	1	288.94	288.94	1	2	1	4	Needs Attention
691	2024-04-28	2024-04-28	2024-04-01	612	1	287.38	287.38	1	2	1	4	Needs Attention
704	2024-01-16	2024-01-16	2024-01-01	715	1	286.68	286.68	1	2	1	4	Needs Attention
4060	2024-06-29	2024-06-29	2024-06-01	550	1	286.34	286.34	2	1	1	4	Needs Attention
666	2024-03-16	2024-03-16	2024-03-01	655	1	284.48	284.48	1	2	1	4	Needs Attention
4164	2025-01-16	2025-01-16	2025-01-01	349	1	282.06	282.06	2	1	1	4	Needs Attention
5784	2025-05-03	2025-05-03	2025-05-01	242	1	278.47	278.47	2	1	1	4	Needs Attention
2703	2024-03-06	2024-03-06	2024-03-01	665	1	276.14	276.14	1	2	1	4	Needs Attention
1637	2024-06-10	2024-06-10	2024-06-01	569	1	274.06	274.06	1	2	1	4	Needs Attention
2219	2024-04-03	2024-04-03	2024-04-01	637	1	272.08	272.08	1	2	1	4	Needs Attention
1094	2024-01-26	2024-01-26	2024-01-01	705	1	264.62	264.62	1	2	1	4	Needs Attention
1890	2024-03-05	2024-03-05	2024-03-01	666	1	260.51	260.51	1	2	1	4	Needs Attention
4050	2024-06-28	2024-06-28	2024-06-01	551	1	260.10	260.10	2	1	1	4	Needs Attention
825	2024-05-27	2024-05-27	2024-05-01	583	1	258.45	258.45	1	2	1	4	Needs Attention
3719	2025-03-21	2025-03-21	2025-03-01	285	1	251.79	251.79	2	1	1	4	Needs Attention
2679	2024-02-11	2024-02-11	2024-02-01	689	1	245.25	245.25	1	2	1	4	Needs Attention
3558	2025-03-03	2025-03-03	2025-03-01	303	1	241.29	241.29	2	1	1	4	Needs Attention
744	2024-02-24	2024-02-24	2024-02-01	676	1	239.78	239.78	1	2	1	4	Needs Attention
1966	2024-03-12	2024-03-12	2024-03-01	659	1	235.68	235.68	1	2	1	4	Needs Attention
6931	2025-04-02	2025-04-02	2025-04-01	273	1	235.37	235.37	2	1	1	4	Needs Attention
267	2024-01-21	2024-01-21	2024-01-01	710	1	234.78	234.78	1	2	1	4	Needs Attention
4575	2025-04-16	2025-04-16	2025-04-01	259	1	234.17	234.17	2	1	1	4	Needs Attention
931	2024-02-25	2024-02-25	2024-02-01	675	1	230.51	230.51	1	2	1	4	Needs Attention
4818	2024-12-03	2024-12-03	2024-12-01	393	1	229.77	229.77	2	1	1	4	Needs Attention
3021	2024-02-01	2024-02-01	2024-02-01	699	1	227.90	227.90	1	2	1	4	Needs Attention
6538	2024-11-03	2024-11-03	2024-11-01	423	1	219.88	219.88	2	1	1	4	Needs Attention
5223	2025-03-27	2025-03-27	2025-03-01	279	1	215.22	215.22	2	1	1	4	Needs Attention
1436	2024-03-16	2024-03-16	2024-03-01	655	1	201.08	201.08	1	2	1	4	Needs Attention
2097	2024-06-18	2024-06-18	2024-06-01	561	1	192.08	192.08	1	2	1	4	Needs Attention
2400	2024-05-01	2024-05-01	2024-05-01	609	1	189.36	189.36	1	2	1	4	Needs Attention
7200	2024-06-27	2024-06-27	2024-06-01	552	1	183.43	183.43	2	1	1	4	Needs Attention
315	2024-02-18	2024-02-18	2024-02-01	682	1	181.78	181.78	1	2	1	4	Needs Attention
2688	2024-02-02	2024-02-02	2024-02-01	698	1	179.28	179.28	1	2	1	4	Needs Attention
778	2024-05-13	2024-05-13	2024-05-01	597	1	176.63	176.63	1	2	1	4	Needs Attention
5766	2025-06-03	2025-06-03	2025-06-01	211	1	175.29	175.29	2	1	1	4	Needs Attention
520	2024-02-05	2024-02-05	2024-02-01	695	1	168.74	168.74	1	2	1	4	Needs Attention
2922	2024-05-23	2024-05-23	2024-05-01	587	1	166.56	166.56	1	2	1	4	Needs Attention
1523	2024-01-09	2024-01-09	2024-01-01	722	1	165.09	165.09	1	2	1	4	Needs Attention
750	2024-05-21	2024-05-21	2024-05-01	589	1	164.73	164.73	1	2	1	4	Needs Attention
1610	2024-04-27	2024-04-27	2024-04-01	613	1	164.70	164.70	1	2	1	4	Needs Attention
801	2024-06-11	2024-06-11	2024-06-01	568	1	159.52	159.52	1	2	1	4	Needs Attention
1345	2024-05-16	2024-05-16	2024-05-01	594	1	156.76	156.76	1	2	1	4	Needs Attention
5109	2025-03-09	2025-03-09	2025-03-01	297	1	156.75	156.75	2	1	1	4	Needs Attention
5485	2025-07-01	2025-07-01	2025-07-01	183	1	156.75	156.75	2	1	1	4	Needs Attention
1426	2024-05-23	2024-05-23	2024-05-01	587	1	146.52	146.52	1	2	1	4	Needs Attention
2693	2024-03-04	2024-03-04	2024-03-01	667	1	142.85	142.85	1	2	1	4	Needs Attention
986	2024-03-24	2024-03-24	2024-03-01	647	1	142.79	142.79	1	2	1	4	Needs Attention
2496	2024-03-29	2024-03-29	2024-03-01	642	1	132.29	132.29	1	2	1	4	Needs Attention
1121	2024-05-20	2024-05-20	2024-05-01	590	1	128.75	128.75	1	2	1	4	Needs Attention
287	2024-03-21	2024-03-21	2024-03-01	650	1	119.00	119.00	1	2	1	4	Needs Attention
7616	2025-06-08	2025-06-08	2025-06-01	206	1	109.94	109.94	2	1	1	4	Needs Attention
2375	2024-03-28	2024-03-28	2024-03-01	643	1	100.54	100.54	1	2	1	4	Needs Attention
2164	2024-06-13	2024-06-13	2024-06-01	566	1	99.24	99.24	1	2	1	4	Needs Attention
455	2024-02-06	2024-02-06	2024-02-01	694	1	93.25	93.25	1	2	1	4	Needs Attention
1885	2024-06-05	2024-06-05	2024-06-01	574	1	92.26	92.26	1	2	1	4	Needs Attention
2540	2024-02-17	2024-02-17	2024-02-01	683	1	82.28	82.28	1	2	1	4	Needs Attention
1816	2024-05-26	2024-05-26	2024-05-01	584	1	78.30	78.30	1	2	1	4	Needs Attention
4485	2025-05-18	2025-05-18	2025-05-01	227	1	73.79	73.79	2	1	1	4	Needs Attention
7947	2025-07-21	2025-07-21	2025-07-01	163	1	73.69	73.69	2	1	1	4	Needs Attention
2281	2024-05-20	2024-05-20	2024-05-01	590	1	73.62	73.62	1	2	1	4	Needs Attention
5362	2025-01-01	2025-01-01	2025-01-01	364	1	72.30	72.30	2	1	1	4	Needs Attention
663	2024-01-21	2024-01-21	2024-01-01	710	1	65.72	65.72	1	2	1	4	Needs Attention
730	2024-03-27	2024-03-27	2024-03-01	644	1	61.78	61.78	1	2	1	4	Needs Attention
5840	2025-06-27	2025-06-27	2025-06-01	187	1	52.58	52.58	2	1	1	4	Needs Attention
3792	2025-05-29	2025-05-29	2025-05-01	216	1	45.98	45.98	2	1	1	4	Needs Attention
2091	2024-03-18	2024-03-18	2024-03-01	653	1	36.66	36.66	1	2	1	4	Needs Attention
1273	2024-01-07	2024-01-07	2024-01-01	724	1	23.68	23.68	1	2	1	4	Needs Attention
7446	2025-06-10	2025-06-10	2025-06-01	204	1	22.50	22.50	2	1	1	4	Needs Attention
6713	2025-06-26	2025-06-26	2025-06-01	188	1	21.72	21.72	2	1	1	4	Needs Attention
6308	2024-11-16	2024-11-16	2024-11-01	410	1	14.26	14.26	2	1	1	4	Needs Attention
3134	2024-03-31	2024-03-31	2024-03-01	640	1	1225.83	1225.83	1	1	1	3	Needs Attention
3110	2024-03-18	2024-03-18	2024-03-01	653	1	1225.59	1225.59	1	1	1	3	Needs Attention
4490	2024-06-23	2024-06-23	2024-06-01	556	1	1225.44	1225.44	1	1	1	3	Needs Attention
5044	2024-05-16	2024-05-16	2024-05-01	594	1	1222.58	1222.58	1	1	1	3	Needs Attention
5270	2024-02-25	2024-02-25	2024-02-01	675	1	1222.02	1222.02	1	1	1	3	Needs Attention
5482	2024-06-01	2024-06-01	2024-06-01	578	1	1220.05	1220.05	1	1	1	3	Needs Attention
7937	2024-02-27	2024-02-27	2024-02-01	673	1	1215.79	1215.79	1	1	1	3	Needs Attention
6286	2024-04-02	2024-04-02	2024-04-01	638	1	1207.77	1207.77	1	1	1	3	Needs Attention
5089	2024-05-05	2024-05-05	2024-05-01	605	1	1207.76	1207.76	1	1	1	3	Needs Attention
3278	2024-03-26	2024-03-26	2024-03-01	645	1	1207.57	1207.57	1	1	1	3	Needs Attention
4511	2024-04-20	2024-04-20	2024-04-01	620	1	1197.70	1197.70	1	1	1	3	Needs Attention
3522	2024-04-12	2024-04-12	2024-04-01	628	1	1196.97	1196.97	1	1	1	3	Needs Attention
5241	2024-02-27	2024-02-27	2024-02-01	673	1	1195.65	1195.65	1	1	1	3	Needs Attention
6974	2024-03-05	2024-03-05	2024-03-01	666	1	1194.07	1194.07	1	1	1	3	Needs Attention
4867	2024-06-01	2024-06-01	2024-06-01	578	1	1189.50	1189.50	1	1	1	3	Needs Attention
5022	2024-03-04	2024-03-04	2024-03-01	667	1	1184.11	1184.11	1	1	1	3	Needs Attention
4004	2024-04-19	2024-04-19	2024-04-01	621	1	1183.03	1183.03	1	1	1	3	Needs Attention
3267	2024-05-31	2024-05-31	2024-05-01	579	1	1173.71	1173.71	1	1	1	3	Needs Attention
5586	2024-04-23	2024-04-23	2024-04-01	617	1	1170.87	1170.87	1	1	1	3	Needs Attention
5869	2024-04-29	2024-04-29	2024-04-01	611	1	1166.95	1166.95	1	1	1	3	Needs Attention
6954	2024-04-15	2024-04-15	2024-04-01	625	1	1166.44	1166.44	1	1	1	3	Needs Attention
6338	2024-01-25	2024-01-25	2024-01-01	706	1	1163.59	1163.59	1	1	1	3	Needs Attention
7093	2024-04-20	2024-04-20	2024-04-01	620	1	1163.53	1163.53	1	1	1	3	Needs Attention
6418	2024-04-29	2024-04-29	2024-04-01	611	1	1158.49	1158.49	1	1	1	3	Needs Attention
4187	2024-04-21	2024-04-21	2024-04-01	619	1	1157.26	1157.26	1	1	1	3	Needs Attention
5707	2024-02-09	2024-02-09	2024-02-01	691	1	1152.83	1152.83	1	1	1	3	Needs Attention
6944	2024-04-13	2024-04-13	2024-04-01	627	1	1151.96	1151.96	1	1	1	3	Needs Attention
6404	2024-06-05	2024-06-05	2024-06-01	574	1	1150.25	1150.25	1	1	1	3	Needs Attention
7716	2024-02-25	2024-02-25	2024-02-01	675	1	1149.35	1149.35	1	1	1	3	Needs Attention
6104	2024-03-16	2024-03-16	2024-03-01	655	1	1148.93	1148.93	1	1	1	3	Needs Attention
4049	2024-01-24	2024-01-24	2024-01-01	707	1	1147.09	1147.09	1	1	1	3	Needs Attention
7524	2024-01-04	2024-01-04	2024-01-01	727	1	1146.42	1146.42	1	1	1	3	Needs Attention
7927	2024-03-06	2024-03-06	2024-03-01	665	1	1146.21	1146.21	1	1	1	3	Needs Attention
6517	2024-06-13	2024-06-13	2024-06-01	566	1	1143.36	1143.36	1	1	1	3	Needs Attention
3467	2024-03-27	2024-03-27	2024-03-01	644	1	1131.83	1131.83	1	1	1	3	Needs Attention
7373	2024-03-24	2024-03-24	2024-03-01	647	1	1126.86	1126.86	1	1	1	3	Needs Attention
3530	2024-01-05	2024-01-05	2024-01-01	726	1	1125.65	1125.65	1	1	1	3	Needs Attention
4162	2024-04-25	2024-04-25	2024-04-01	615	1	1124.87	1124.87	1	1	1	3	Needs Attention
5360	2024-01-25	2024-01-25	2024-01-01	706	1	1123.68	1123.68	1	1	1	3	Needs Attention
3342	2024-04-30	2024-04-30	2024-04-01	610	1	1119.19	1119.19	1	1	1	3	Needs Attention
3067	2024-04-14	2024-04-14	2024-04-01	626	1	1115.59	1115.59	1	1	1	3	Needs Attention
7551	2024-01-08	2024-01-08	2024-01-01	723	1	1113.91	1113.91	1	1	1	3	Needs Attention
5088	2024-04-13	2024-04-13	2024-04-01	627	1	1109.02	1109.02	1	1	1	3	Needs Attention
3464	2024-05-01	2024-05-01	2024-05-01	609	1	1108.68	1108.68	1	1	1	3	Needs Attention
6479	2024-02-06	2024-02-06	2024-02-01	694	1	1107.82	1107.82	1	1	1	3	Needs Attention
7973	2024-06-05	2024-06-05	2024-06-01	574	1	1104.52	1104.52	1	1	1	3	Needs Attention
5330	2024-01-10	2024-01-10	2024-01-01	721	1	1103.94	1103.94	1	1	1	3	Needs Attention
4859	2024-02-14	2024-02-14	2024-02-01	686	1	1103.84	1103.84	1	1	1	3	Needs Attention
3288	2024-04-29	2024-04-29	2024-04-01	611	1	1092.50	1092.50	1	1	1	3	Needs Attention
6328	2024-05-07	2024-05-07	2024-05-01	603	1	1089.86	1089.86	1	1	1	3	Needs Attention
4720	2024-02-08	2024-02-08	2024-02-01	692	1	1084.59	1084.59	1	1	1	3	Needs Attention
6224	2024-03-17	2024-03-17	2024-03-01	654	1	1083.18	1083.18	1	1	1	3	Needs Attention
5423	2024-03-12	2024-03-12	2024-03-01	659	1	1081.90	1081.90	1	1	1	3	Needs Attention
7519	2024-06-01	2024-06-01	2024-06-01	578	1	1073.09	1073.09	1	1	1	3	Needs Attention
4916	2024-03-18	2024-03-18	2024-03-01	653	1	1069.21	1069.21	1	1	1	3	Needs Attention
4600	2024-02-25	2024-02-25	2024-02-01	675	1	1067.07	1067.07	1	1	1	3	Needs Attention
7895	2024-05-21	2024-05-21	2024-05-01	589	1	1067.00	1067.00	1	1	1	3	Needs Attention
7574	2024-06-21	2024-06-21	2024-06-01	558	1	1066.56	1066.56	1	1	1	3	Needs Attention
4821	2024-06-09	2024-06-09	2024-06-01	570	1	1058.52	1058.52	1	1	1	3	Needs Attention
3386	2024-02-25	2024-02-25	2024-02-01	675	1	1056.89	1056.89	1	1	1	3	Needs Attention
6668	2024-05-24	2024-05-24	2024-05-01	586	1	1055.90	1055.90	1	1	1	3	Needs Attention
3980	2024-05-24	2024-05-24	2024-05-01	586	1	1050.57	1050.57	1	1	1	3	Needs Attention
7972	2024-03-27	2024-03-27	2024-03-01	644	1	1046.21	1046.21	1	1	1	3	Needs Attention
3834	2024-03-19	2024-03-19	2024-03-01	652	1	1037.17	1037.17	1	1	1	3	Needs Attention
5516	2024-04-06	2024-04-06	2024-04-01	634	1	1036.92	1036.92	1	1	1	3	Needs Attention
6010	2024-03-10	2024-03-10	2024-03-01	661	1	1030.07	1030.07	1	1	1	3	Needs Attention
3228	2024-01-23	2024-01-23	2024-01-01	708	1	1026.01	1026.01	1	1	1	3	Needs Attention
6154	2024-03-14	2024-03-14	2024-03-01	657	1	1021.39	1021.39	1	1	1	3	Needs Attention
5918	2024-03-18	2024-03-18	2024-03-01	653	1	1013.10	1013.10	1	1	1	3	Needs Attention
4798	2024-05-24	2024-05-24	2024-05-01	586	1	1007.04	1007.04	1	1	1	3	Needs Attention
3353	2024-04-30	2024-04-30	2024-04-01	610	1	1004.57	1004.57	1	1	1	3	Needs Attention
7732	2024-06-03	2024-06-03	2024-06-01	576	1	1001.23	1001.23	1	1	1	3	Needs Attention
6452	2024-04-21	2024-04-21	2024-04-01	619	1	996.72	996.72	1	1	1	3	Needs Attention
3344	2024-01-12	2024-01-12	2024-01-01	719	1	987.86	987.86	1	1	1	3	Needs Attention
4242	2024-01-27	2024-01-27	2024-01-01	704	1	987.19	987.19	1	1	1	3	Needs Attention
7395	2024-04-23	2024-04-23	2024-04-01	617	1	986.13	986.13	1	1	1	3	Needs Attention
7209	2024-06-06	2024-06-06	2024-06-01	573	1	982.44	982.44	1	1	1	3	Needs Attention
5857	2024-05-11	2024-05-11	2024-05-01	599	1	979.75	979.75	1	1	1	3	Needs Attention
6352	2024-06-18	2024-06-18	2024-06-01	561	1	978.87	978.87	1	1	1	3	Needs Attention
7867	2024-01-12	2024-01-12	2024-01-01	719	1	976.13	976.13	1	1	1	3	Needs Attention
4364	2024-06-20	2024-06-20	2024-06-01	559	1	970.96	970.96	1	1	1	3	Needs Attention
7617	2024-04-07	2024-04-07	2024-04-01	633	1	970.14	970.14	1	1	1	3	Needs Attention
3139	2024-06-07	2024-06-07	2024-06-01	572	1	969.81	969.81	1	1	1	3	Needs Attention
4682	2024-02-11	2024-02-11	2024-02-01	689	1	966.26	966.26	1	1	1	3	Needs Attention
3696	2024-04-19	2024-04-19	2024-04-01	621	1	966.18	966.18	1	1	1	3	Needs Attention
3424	2024-05-30	2024-05-30	2024-05-01	580	1	965.36	965.36	1	1	1	3	Needs Attention
5466	2024-04-21	2024-04-21	2024-04-01	619	1	965.32	965.32	1	1	1	3	Needs Attention
4264	2024-04-30	2024-04-30	2024-04-01	610	1	961.01	961.01	1	1	1	3	Needs Attention
4560	2024-04-13	2024-04-13	2024-04-01	627	1	956.85	956.85	1	1	1	3	Needs Attention
6705	2024-03-03	2024-03-03	2024-03-01	668	1	954.80	954.80	1	1	1	3	Needs Attention
4738	2024-03-20	2024-03-20	2024-03-01	651	1	950.16	950.16	1	1	1	3	Needs Attention
3493	2024-05-25	2024-05-25	2024-05-01	585	1	946.33	946.33	1	1	1	3	Needs Attention
4897	2024-05-07	2024-05-07	2024-05-01	603	1	945.47	945.47	1	1	1	3	Needs Attention
6239	2024-01-14	2024-01-14	2024-01-01	717	1	940.00	940.00	1	1	1	3	Needs Attention
3495	2024-05-12	2024-05-12	2024-05-01	598	1	928.11	928.11	1	1	1	3	Needs Attention
6817	2024-02-29	2024-02-29	2024-02-01	671	1	922.84	922.84	1	1	1	3	Needs Attention
5148	2024-02-14	2024-02-14	2024-02-01	686	1	920.67	920.67	1	1	1	3	Needs Attention
3812	2024-05-22	2024-05-22	2024-05-01	588	1	918.70	918.70	1	1	1	3	Needs Attention
6952	2024-05-12	2024-05-12	2024-05-01	598	1	916.10	916.10	1	1	1	3	Needs Attention
5436	2024-03-15	2024-03-15	2024-03-01	656	1	915.19	915.19	1	1	1	3	Needs Attention
6601	2024-03-25	2024-03-25	2024-03-01	646	1	912.45	912.45	1	1	1	3	Needs Attention
7060	2024-03-19	2024-03-19	2024-03-01	652	1	903.11	903.11	1	1	1	3	Needs Attention
5796	2024-01-21	2024-01-21	2024-01-01	710	1	902.65	902.65	1	1	1	3	Needs Attention
7698	2024-02-10	2024-02-10	2024-02-01	690	1	897.74	897.74	1	1	1	3	Needs Attention
4636	2024-05-24	2024-05-24	2024-05-01	586	1	894.45	894.45	1	1	1	3	Needs Attention
4402	2024-06-20	2024-06-20	2024-06-01	559	1	881.98	881.98	1	1	1	3	Needs Attention
7350	2024-05-02	2024-05-02	2024-05-01	608	1	881.97	881.97	1	1	1	3	Needs Attention
6214	2024-05-12	2024-05-12	2024-05-01	598	1	881.21	881.21	1	1	1	3	Needs Attention
5970	2024-06-22	2024-06-22	2024-06-01	557	1	880.43	880.43	1	1	1	3	Needs Attention
3089	2024-01-06	2024-01-06	2024-01-01	725	1	880.35	880.35	1	1	1	3	Needs Attention
6442	2024-03-18	2024-03-18	2024-03-01	653	1	879.26	879.26	1	1	1	3	Needs Attention
6868	2024-06-05	2024-06-05	2024-06-01	574	1	878.81	878.81	1	1	1	3	Needs Attention
4213	2024-05-22	2024-05-22	2024-05-01	588	1	877.95	877.95	1	1	1	3	Needs Attention
5623	2024-02-23	2024-02-23	2024-02-01	677	1	876.31	876.31	1	1	1	3	Needs Attention
6155	2024-05-14	2024-05-14	2024-05-01	596	1	875.55	875.55	1	1	1	3	Needs Attention
3753	2024-02-07	2024-02-07	2024-02-01	693	1	875.39	875.39	1	1	1	3	Needs Attention
7227	2024-04-15	2024-04-15	2024-04-01	625	1	874.66	874.66	1	1	1	3	Needs Attention
4191	2024-02-01	2024-02-01	2024-02-01	699	1	871.63	871.63	1	1	1	3	Needs Attention
6644	2024-06-03	2024-06-03	2024-06-01	576	1	869.30	869.30	1	1	1	3	Needs Attention
7410	2024-06-19	2024-06-19	2024-06-01	560	1	869.09	869.09	1	1	1	3	Needs Attention
5066	2024-03-14	2024-03-14	2024-03-01	657	1	868.82	868.82	1	1	1	3	Needs Attention
7891	2024-04-09	2024-04-09	2024-04-01	631	1	862.11	862.11	1	1	1	3	Needs Attention
6709	2024-05-27	2024-05-27	2024-05-01	583	1	859.96	859.96	1	1	1	3	Needs Attention
5083	2024-04-13	2024-04-13	2024-04-01	627	1	858.40	858.40	1	1	1	3	Needs Attention
6708	2024-04-20	2024-04-20	2024-04-01	620	1	854.38	854.38	1	1	1	3	Needs Attention
6380	2024-04-09	2024-04-09	2024-04-01	631	1	849.92	849.92	1	1	1	3	Needs Attention
5625	2024-04-23	2024-04-23	2024-04-01	617	1	845.90	845.90	1	1	1	3	Needs Attention
5252	2024-02-18	2024-02-18	2024-02-01	682	1	843.80	843.80	1	1	1	3	Needs Attention
7807	2024-05-06	2024-05-06	2024-05-01	604	1	843.60	843.60	1	1	1	3	Needs Attention
3254	2024-05-15	2024-05-15	2024-05-01	595	1	839.61	839.61	1	1	1	3	Needs Attention
7483	2024-06-18	2024-06-18	2024-06-01	561	1	833.15	833.15	1	1	1	3	Needs Attention
6615	2024-01-07	2024-01-07	2024-01-01	724	1	831.74	831.74	1	1	1	3	Needs Attention
7269	2024-04-11	2024-04-11	2024-04-01	629	1	825.70	825.70	1	1	1	3	Needs Attention
7472	2024-03-21	2024-03-21	2024-03-01	650	1	824.90	824.90	1	1	1	3	Needs Attention
5876	2024-06-07	2024-06-07	2024-06-01	572	1	820.89	820.89	1	1	1	3	Needs Attention
7685	2024-05-19	2024-05-19	2024-05-01	591	1	819.85	819.85	1	1	1	3	Needs Attention
5559	2024-02-15	2024-02-15	2024-02-01	685	1	816.59	816.59	1	1	1	3	Needs Attention
7550	2024-01-16	2024-01-16	2024-01-01	715	1	815.50	815.50	1	1	1	3	Needs Attention
6781	2024-06-14	2024-06-14	2024-06-01	565	1	814.01	814.01	1	1	1	3	Needs Attention
7930	2024-03-11	2024-03-11	2024-03-01	660	1	809.99	809.99	1	1	1	3	Needs Attention
3870	2024-06-09	2024-06-09	2024-06-01	570	1	808.82	808.82	1	1	1	3	Needs Attention
4706	2024-05-23	2024-05-23	2024-05-01	587	1	807.55	807.55	1	1	1	3	Needs Attention
6823	2024-02-25	2024-02-25	2024-02-01	675	1	805.48	805.48	1	1	1	3	Needs Attention
5281	2024-04-11	2024-04-11	2024-04-01	629	1	803.95	803.95	1	1	1	3	Needs Attention
7323	2024-04-19	2024-04-19	2024-04-01	621	1	802.93	802.93	1	1	1	3	Needs Attention
5719	2024-05-31	2024-05-31	2024-05-01	579	1	801.82	801.82	1	1	1	3	Needs Attention
7748	2024-05-25	2024-05-25	2024-05-01	585	1	799.17	799.17	1	1	1	3	Needs Attention
5353	2024-06-14	2024-06-14	2024-06-01	565	1	798.86	798.86	1	1	1	3	Needs Attention
4553	2024-05-14	2024-05-14	2024-05-01	596	1	797.74	797.74	1	1	1	3	Needs Attention
6859	2024-04-15	2024-04-15	2024-04-01	625	1	792.90	792.90	1	1	1	3	Needs Attention
5253	2024-04-24	2024-04-24	2024-04-01	616	1	791.98	791.98	1	1	1	3	Needs Attention
6960	2024-05-03	2024-05-03	2024-05-01	607	1	791.39	791.39	1	1	1	3	Needs Attention
5546	2024-06-01	2024-06-01	2024-06-01	578	1	788.65	788.65	1	1	1	3	Needs Attention
4803	2024-01-31	2024-01-31	2024-01-01	700	1	784.44	784.44	1	1	1	3	Needs Attention
5316	2024-04-10	2024-04-10	2024-04-01	630	1	784.31	784.31	1	1	1	3	Needs Attention
6341	2024-03-06	2024-03-06	2024-03-01	665	1	782.03	782.03	1	1	1	3	Needs Attention
5110	2024-04-14	2024-04-14	2024-04-01	626	1	779.91	779.91	1	1	1	3	Needs Attention
7987	2024-05-24	2024-05-24	2024-05-01	586	1	777.65	777.65	1	1	1	3	Needs Attention
4468	2024-06-08	2024-06-08	2024-06-01	571	1	776.16	776.16	1	1	1	3	Needs Attention
3193	2024-05-13	2024-05-13	2024-05-01	597	1	767.67	767.67	1	1	1	3	Needs Attention
7188	2024-03-07	2024-03-07	2024-03-01	664	1	767.07	767.07	1	1	1	3	Needs Attention
5295	2024-06-26	2024-06-26	2024-06-01	553	1	763.81	763.81	1	1	1	3	Needs Attention
7709	2024-03-27	2024-03-27	2024-03-01	644	1	763.43	763.43	1	1	1	3	Needs Attention
6364	2024-06-07	2024-06-07	2024-06-01	572	1	763.23	763.23	1	1	1	3	Needs Attention
5279	2024-03-28	2024-03-28	2024-03-01	643	1	762.92	762.92	1	1	1	3	Needs Attention
7655	2024-05-28	2024-05-28	2024-05-01	582	1	757.15	757.15	1	1	1	3	Needs Attention
6598	2024-01-31	2024-01-31	2024-01-01	700	1	749.40	749.40	1	1	1	3	Needs Attention
4847	2024-06-10	2024-06-10	2024-06-01	569	1	747.90	747.90	1	1	1	3	Needs Attention
6588	2024-02-09	2024-02-09	2024-02-01	691	1	747.64	747.64	1	1	1	3	Needs Attention
7265	2024-06-02	2024-06-02	2024-06-01	577	1	747.37	747.37	1	1	1	3	Needs Attention
3165	2024-05-22	2024-05-22	2024-05-01	588	1	746.74	746.74	1	1	1	3	Needs Attention
4673	2024-03-28	2024-03-28	2024-03-01	643	1	745.22	745.22	1	1	1	3	Needs Attention
5157	2024-05-18	2024-05-18	2024-05-01	592	1	739.68	739.68	1	1	1	3	Needs Attention
7913	2024-01-05	2024-01-05	2024-01-01	726	1	724.95	724.95	1	1	1	3	Needs Attention
5600	2024-04-19	2024-04-19	2024-04-01	621	1	722.17	722.17	1	1	1	3	Needs Attention
7857	2024-02-01	2024-02-01	2024-02-01	699	1	715.85	715.85	1	1	1	3	Needs Attention
3272	2024-04-25	2024-04-25	2024-04-01	615	1	715.34	715.34	1	1	1	3	Needs Attention
5056	2024-05-22	2024-05-22	2024-05-01	588	1	714.91	714.91	1	1	1	3	Needs Attention
4073	2024-02-09	2024-02-09	2024-02-01	691	1	707.77	707.77	1	1	1	3	Needs Attention
6605	2024-03-29	2024-03-29	2024-03-01	642	1	706.68	706.68	1	1	1	3	Needs Attention
7032	2024-03-19	2024-03-19	2024-03-01	652	1	706.48	706.48	1	1	1	3	Needs Attention
5742	2024-03-18	2024-03-18	2024-03-01	653	1	706.00	706.00	1	1	1	3	Needs Attention
7778	2024-05-02	2024-05-02	2024-05-01	608	1	703.71	703.71	1	1	1	3	Needs Attention
4580	2024-05-10	2024-05-10	2024-05-01	600	1	703.62	703.62	1	1	1	3	Needs Attention
6791	2024-06-22	2024-06-22	2024-06-01	557	1	702.30	702.30	1	1	1	3	Needs Attention
3244	2024-03-28	2024-03-28	2024-03-01	643	1	699.60	699.60	1	1	1	3	Needs Attention
6101	2024-02-16	2024-02-16	2024-02-01	684	1	696.42	696.42	1	1	1	3	Needs Attention
6507	2024-05-28	2024-05-28	2024-05-01	582	1	696.42	696.42	1	1	1	3	Needs Attention
3953	2024-02-18	2024-02-18	2024-02-01	682	1	692.34	692.34	1	1	1	3	Needs Attention
5826	2024-05-28	2024-05-28	2024-05-01	582	1	691.42	691.42	1	1	1	3	Needs Attention
3340	2024-06-14	2024-06-14	2024-06-01	565	1	685.39	685.39	1	1	1	3	Needs Attention
3119	2024-06-12	2024-06-12	2024-06-01	567	1	684.64	684.64	1	1	1	3	Needs Attention
4074	2024-03-26	2024-03-26	2024-03-01	645	1	684.27	684.27	1	1	1	3	Needs Attention
6145	2024-03-22	2024-03-22	2024-03-01	649	1	683.74	683.74	1	1	1	3	Needs Attention
4282	2024-03-29	2024-03-29	2024-03-01	642	1	681.60	681.60	1	1	1	3	Needs Attention
3460	2024-06-05	2024-06-05	2024-06-01	574	1	669.95	669.95	1	1	1	3	Needs Attention
4701	2024-06-20	2024-06-20	2024-06-01	559	1	668.61	668.61	1	1	1	3	Needs Attention
7160	2024-03-12	2024-03-12	2024-03-01	659	1	665.26	665.26	1	1	1	3	Needs Attention
4429	2024-04-15	2024-04-15	2024-04-01	625	1	664.35	664.35	1	1	1	3	Needs Attention
6085	2024-01-07	2024-01-07	2024-01-01	724	1	664.27	664.27	1	1	1	3	Needs Attention
5292	2024-04-14	2024-04-14	2024-04-01	626	1	663.72	663.72	1	1	1	3	Needs Attention
7285	2024-01-24	2024-01-24	2024-01-01	707	1	661.90	661.90	1	1	1	3	Needs Attention
6751	2024-01-29	2024-01-29	2024-01-01	702	1	659.34	659.34	1	1	1	3	Needs Attention
4452	2024-05-31	2024-05-31	2024-05-01	579	1	648.73	648.73	1	1	1	3	Needs Attention
6321	2024-04-09	2024-04-09	2024-04-01	631	1	638.16	638.16	1	1	1	3	Needs Attention
7791	2024-05-25	2024-05-25	2024-05-01	585	1	637.89	637.89	1	1	1	3	Needs Attention
3336	2024-06-15	2024-06-15	2024-06-01	564	1	636.09	636.09	1	1	1	3	Needs Attention
4237	2024-02-18	2024-02-18	2024-02-01	682	1	626.91	626.91	1	1	1	3	Needs Attention
5747	2024-02-17	2024-02-17	2024-02-01	683	1	626.75	626.75	1	1	1	3	Needs Attention
7731	2024-04-10	2024-04-10	2024-04-01	630	1	625.30	625.30	1	1	1	3	Needs Attention
5590	2024-02-09	2024-02-09	2024-02-01	691	1	622.92	622.92	1	1	1	3	Needs Attention
7676	2024-04-18	2024-04-18	2024-04-01	622	1	615.88	615.88	1	1	1	3	Needs Attention
6698	2024-01-02	2024-01-02	2024-01-01	729	1	614.59	614.59	1	1	1	3	Needs Attention
3449	2024-06-13	2024-06-13	2024-06-01	566	1	612.90	612.90	1	1	1	3	Needs Attention
3557	2024-05-05	2024-05-05	2024-05-01	605	1	612.68	612.68	1	1	1	3	Needs Attention
5231	2024-02-07	2024-02-07	2024-02-01	693	1	610.75	610.75	1	1	1	3	Needs Attention
7639	2024-02-03	2024-02-03	2024-02-01	697	1	608.75	608.75	1	1	1	3	Needs Attention
3763	2024-02-02	2024-02-02	2024-02-01	698	1	605.73	605.73	1	1	1	3	Needs Attention
3806	2024-05-30	2024-05-30	2024-05-01	580	1	604.58	604.58	1	1	1	3	Needs Attention
7861	2024-03-29	2024-03-29	2024-03-01	642	1	603.92	603.92	1	1	1	3	Needs Attention
6665	2024-04-29	2024-04-29	2024-04-01	611	1	602.44	602.44	1	1	1	3	Needs Attention
4182	2024-01-16	2024-01-16	2024-01-01	715	1	600.86	600.86	1	1	1	3	Needs Attention
5335	2024-01-15	2024-01-15	2024-01-01	716	1	599.67	599.67	1	1	1	3	Needs Attention
4574	2024-03-31	2024-03-31	2024-03-01	640	1	598.22	598.22	1	1	1	3	Needs Attention
3446	2024-06-14	2024-06-14	2024-06-01	565	1	597.81	597.81	1	1	1	3	Needs Attention
3204	2024-03-13	2024-03-13	2024-03-01	658	1	597.39	597.39	1	1	1	3	Needs Attention
4036	2024-05-05	2024-05-05	2024-05-01	605	1	596.95	596.95	1	1	1	3	Needs Attention
4845	2024-05-04	2024-05-04	2024-05-01	606	1	596.65	596.65	1	1	1	3	Needs Attention
3625	2024-02-26	2024-02-26	2024-02-01	674	1	596.55	596.55	1	1	1	3	Needs Attention
5912	2024-05-30	2024-05-30	2024-05-01	580	1	590.48	590.48	1	1	1	3	Needs Attention
7179	2024-02-13	2024-02-13	2024-02-01	687	1	589.59	589.59	1	1	1	3	Needs Attention
6856	2024-04-23	2024-04-23	2024-04-01	617	1	588.78	588.78	1	1	1	3	Needs Attention
3300	2024-03-23	2024-03-23	2024-03-01	648	1	586.96	586.96	1	1	1	3	Needs Attention
3649	2024-05-04	2024-05-04	2024-05-01	606	1	581.47	581.47	1	1	1	3	Needs Attention
6082	2024-04-12	2024-04-12	2024-04-01	628	1	580.04	580.04	1	1	1	3	Needs Attention
7750	2024-05-12	2024-05-12	2024-05-01	598	1	579.51	579.51	1	1	1	3	Needs Attention
4520	2024-05-26	2024-05-26	2024-05-01	584	1	574.08	574.08	1	1	1	3	Needs Attention
7369	2024-03-24	2024-03-24	2024-03-01	647	1	573.78	573.78	1	1	1	3	Needs Attention
7871	2024-03-10	2024-03-10	2024-03-01	661	1	570.52	570.52	1	1	1	3	Needs Attention
6225	2024-04-05	2024-04-05	2024-04-01	635	1	570.22	570.22	1	1	1	3	Needs Attention
6126	2024-04-03	2024-04-03	2024-04-01	637	1	569.86	569.86	1	1	1	3	Needs Attention
4330	2024-03-23	2024-03-23	2024-03-01	648	1	567.61	567.61	1	1	1	3	Needs Attention
7735	2024-03-07	2024-03-07	2024-03-01	664	1	560.77	560.77	1	1	1	3	Needs Attention
3646	2024-01-14	2024-01-14	2024-01-01	717	1	560.37	560.37	1	1	1	3	Needs Attention
7839	2024-03-14	2024-03-14	2024-03-01	657	1	557.77	557.77	1	1	1	3	Needs Attention
3584	2024-06-19	2024-06-19	2024-06-01	560	1	557.42	557.42	1	1	1	3	Needs Attention
4763	2024-04-15	2024-04-15	2024-04-01	625	1	556.36	556.36	1	1	1	3	Needs Attention
3437	2024-01-25	2024-01-25	2024-01-01	706	1	555.66	555.66	1	1	1	3	Needs Attention
7725	2024-04-18	2024-04-18	2024-04-01	622	1	554.90	554.90	1	1	1	3	Needs Attention
4904	2024-04-22	2024-04-22	2024-04-01	618	1	553.02	553.02	1	1	1	3	Needs Attention
3821	2024-05-30	2024-05-30	2024-05-01	580	1	551.26	551.26	1	1	1	3	Needs Attention
7789	2024-05-13	2024-05-13	2024-05-01	597	1	548.31	548.31	1	1	1	3	Needs Attention
4554	2024-06-14	2024-06-14	2024-06-01	565	1	545.56	545.56	1	1	1	3	Needs Attention
5729	2024-03-29	2024-03-29	2024-03-01	642	1	545.19	545.19	1	1	1	3	Needs Attention
6273	2024-03-08	2024-03-08	2024-03-01	663	1	544.45	544.45	1	1	1	3	Needs Attention
6279	2024-06-09	2024-06-09	2024-06-01	570	1	540.38	540.38	1	1	1	3	Needs Attention
5304	2024-06-23	2024-06-23	2024-06-01	556	1	537.79	537.79	1	1	1	3	Needs Attention
7624	2024-04-27	2024-04-27	2024-04-01	613	1	537.33	537.33	1	1	1	3	Needs Attention
3210	2024-03-17	2024-03-17	2024-03-01	654	1	527.18	527.18	1	1	1	3	Needs Attention
4117	2024-06-17	2024-06-17	2024-06-01	562	1	526.14	526.14	1	1	1	3	Needs Attention
7744	2024-06-13	2024-06-13	2024-06-01	566	1	525.20	525.20	1	1	1	3	Needs Attention
3893	2024-05-01	2024-05-01	2024-05-01	609	1	522.70	522.70	1	1	1	3	Needs Attention
3243	2024-04-26	2024-04-26	2024-04-01	614	1	519.88	519.88	1	1	1	3	Needs Attention
4502	2024-04-24	2024-04-24	2024-04-01	616	1	516.09	516.09	1	1	1	3	Needs Attention
4212	2024-05-19	2024-05-19	2024-05-01	591	1	514.26	514.26	1	1	1	3	Needs Attention
6949	2024-03-06	2024-03-06	2024-03-01	665	1	512.59	512.59	1	1	1	3	Needs Attention
6547	2024-05-23	2024-05-23	2024-05-01	587	1	510.75	510.75	1	1	1	3	Needs Attention
3872	2024-01-02	2024-01-02	2024-01-01	729	1	510.58	510.58	1	1	1	3	Needs Attention
4551	2024-04-09	2024-04-09	2024-04-01	631	1	509.01	509.01	1	1	1	3	Needs Attention
7737	2024-03-29	2024-03-29	2024-03-01	642	1	503.04	503.04	1	1	1	3	Needs Attention
6378	2024-03-14	2024-03-14	2024-03-01	657	1	497.78	497.78	1	1	1	3	Needs Attention
3293	2024-02-09	2024-02-09	2024-02-01	691	1	494.87	494.87	1	1	1	3	Needs Attention
4398	2024-02-06	2024-02-06	2024-02-01	694	1	493.84	493.84	1	1	1	3	Needs Attention
4383	2024-04-15	2024-04-15	2024-04-01	625	1	492.43	492.43	1	1	1	3	Needs Attention
6852	2024-04-14	2024-04-14	2024-04-01	626	1	491.45	491.45	1	1	1	3	Needs Attention
6524	2024-05-25	2024-05-25	2024-05-01	585	1	490.45	490.45	1	1	1	3	Needs Attention
3552	2024-05-23	2024-05-23	2024-05-01	587	1	487.55	487.55	1	1	1	3	Needs Attention
4420	2024-02-26	2024-02-26	2024-02-01	674	1	485.04	485.04	1	1	1	3	Needs Attention
3411	2024-06-24	2024-06-24	2024-06-01	555	1	484.35	484.35	1	1	1	3	Needs Attention
4585	2024-04-01	2024-04-01	2024-04-01	639	1	481.19	481.19	1	1	1	3	Needs Attention
3216	2024-03-17	2024-03-17	2024-03-01	654	1	478.72	478.72	1	1	1	3	Needs Attention
7700	2024-03-18	2024-03-18	2024-03-01	653	1	476.11	476.11	1	1	1	3	Needs Attention
6254	2024-06-23	2024-06-23	2024-06-01	556	1	471.32	471.32	1	1	1	3	Needs Attention
6782	2024-06-24	2024-06-24	2024-06-01	555	1	469.86	469.86	1	1	1	3	Needs Attention
6275	2024-04-03	2024-04-03	2024-04-01	637	1	469.15	469.15	1	1	1	3	Needs Attention
7626	2024-05-23	2024-05-23	2024-05-01	587	1	467.35	467.35	1	1	1	3	Needs Attention
5982	2024-01-24	2024-01-24	2024-01-01	707	1	465.12	465.12	1	1	1	3	Needs Attention
7443	2024-05-09	2024-05-09	2024-05-01	601	1	464.77	464.77	1	1	1	3	Needs Attention
4099	2024-01-05	2024-01-05	2024-01-01	726	1	463.12	463.12	1	1	1	3	Needs Attention
6532	2024-03-23	2024-03-23	2024-03-01	648	1	460.76	460.76	1	1	1	3	Needs Attention
4220	2024-03-15	2024-03-15	2024-03-01	656	1	457.84	457.84	1	1	1	3	Needs Attention
6855	2024-01-13	2024-01-13	2024-01-01	718	1	457.80	457.80	1	1	1	3	Needs Attention
7564	2024-02-25	2024-02-25	2024-02-01	675	1	454.78	454.78	1	1	1	3	Needs Attention
7984	2024-06-21	2024-06-21	2024-06-01	558	1	453.04	453.04	1	1	1	3	Needs Attention
6531	2024-06-04	2024-06-04	2024-06-01	575	1	451.32	451.32	1	1	1	3	Needs Attention
5027	2024-04-22	2024-04-22	2024-04-01	618	1	450.22	450.22	1	1	1	3	Needs Attention
7214	2024-01-17	2024-01-17	2024-01-01	714	1	449.10	449.10	1	1	1	3	Needs Attention
4724	2024-05-31	2024-05-31	2024-05-01	579	1	444.75	444.75	1	1	1	3	Needs Attention
3354	2024-03-13	2024-03-13	2024-03-01	658	1	438.74	438.74	1	1	1	3	Needs Attention
7345	2024-02-20	2024-02-20	2024-02-01	680	1	436.18	436.18	1	1	1	3	Needs Attention
7218	2024-05-20	2024-05-20	2024-05-01	590	1	434.35	434.35	1	1	1	3	Needs Attention
4232	2024-06-03	2024-06-03	2024-06-01	576	1	432.11	432.11	1	1	1	3	Needs Attention
4030	2024-03-23	2024-03-23	2024-03-01	648	1	431.08	431.08	1	1	1	3	Needs Attention
3227	2024-03-02	2024-03-02	2024-03-01	669	1	427.57	427.57	1	1	1	3	Needs Attention
5235	2024-06-14	2024-06-14	2024-06-01	565	1	426.88	426.88	1	1	1	3	Needs Attention
7490	2024-02-29	2024-02-29	2024-02-01	671	1	425.97	425.97	1	1	1	3	Needs Attention
4718	2024-03-14	2024-03-14	2024-03-01	657	1	425.64	425.64	1	1	1	3	Needs Attention
6160	2024-03-06	2024-03-06	2024-03-01	665	1	422.09	422.09	1	1	1	3	Needs Attention
5712	2024-02-14	2024-02-14	2024-02-01	686	1	420.83	420.83	1	1	1	3	Needs Attention
4972	2024-02-04	2024-02-04	2024-02-01	696	1	420.66	420.66	1	1	1	3	Needs Attention
4806	2024-01-05	2024-01-05	2024-01-01	726	1	417.75	417.75	1	1	1	3	Needs Attention
6854	2024-06-02	2024-06-02	2024-06-01	577	1	415.87	415.87	1	1	1	3	Needs Attention
3724	2024-05-25	2024-05-25	2024-05-01	585	1	413.49	413.49	1	1	1	3	Needs Attention
6494	2024-02-11	2024-02-11	2024-02-01	689	1	412.98	412.98	1	1	1	3	Needs Attention
7877	2024-04-15	2024-04-15	2024-04-01	625	1	412.94	412.94	1	1	1	3	Needs Attention
5777	2024-02-20	2024-02-20	2024-02-01	680	1	411.40	411.40	1	1	1	3	Needs Attention
3896	2024-04-15	2024-04-15	2024-04-01	625	1	410.92	410.92	1	1	1	3	Needs Attention
6513	2024-04-05	2024-04-05	2024-04-01	635	1	410.20	410.20	1	1	1	3	Needs Attention
6989	2024-02-23	2024-02-23	2024-02-01	677	1	405.07	405.07	1	1	1	3	Needs Attention
3428	2024-05-27	2024-05-27	2024-05-01	583	1	398.56	398.56	1	1	1	3	Needs Attention
5723	2024-03-27	2024-03-27	2024-03-01	644	1	396.63	396.63	1	1	1	3	Needs Attention
6641	2024-04-11	2024-04-11	2024-04-01	629	1	395.25	395.25	1	1	1	3	Needs Attention
4132	2024-04-17	2024-04-17	2024-04-01	623	1	393.60	393.60	1	1	1	3	Needs Attention
5909	2024-03-04	2024-03-04	2024-03-01	667	1	393.06	393.06	1	1	1	3	Needs Attention
7397	2024-01-30	2024-01-30	2024-01-01	701	1	391.38	391.38	1	1	1	3	Needs Attention
5532	2024-05-30	2024-05-30	2024-05-01	580	1	383.76	383.76	1	1	1	3	Needs Attention
7009	2024-03-24	2024-03-24	2024-03-01	647	1	372.23	372.23	1	1	1	3	Needs Attention
3940	2024-03-16	2024-03-16	2024-03-01	655	1	369.14	369.14	1	1	1	3	Needs Attention
7407	2024-03-13	2024-03-13	2024-03-01	658	1	367.00	367.00	1	1	1	3	Needs Attention
5501	2024-03-31	2024-03-31	2024-03-01	640	1	366.30	366.30	1	1	1	3	Needs Attention
6654	2024-05-25	2024-05-25	2024-05-01	585	1	359.79	359.79	1	1	1	3	Needs Attention
5207	2024-03-24	2024-03-24	2024-03-01	647	1	357.72	357.72	1	1	1	3	Needs Attention
4777	2024-02-08	2024-02-08	2024-02-01	692	1	357.65	357.65	1	1	1	3	Needs Attention
5425	2024-03-26	2024-03-26	2024-03-01	645	1	355.88	355.88	1	1	1	3	Needs Attention
5822	2024-02-06	2024-02-06	2024-02-01	694	1	355.31	355.31	1	1	1	3	Needs Attention
4413	2024-06-05	2024-06-05	2024-06-01	574	1	350.58	350.58	1	1	1	3	Needs Attention
5226	2024-02-01	2024-02-01	2024-02-01	699	1	350.08	350.08	1	1	1	3	Needs Attention
6297	2024-06-01	2024-06-01	2024-06-01	578	1	345.06	345.06	1	1	1	3	Needs Attention
4260	2024-05-06	2024-05-06	2024-05-01	604	1	344.51	344.51	1	1	1	3	Needs Attention
7733	2024-01-16	2024-01-16	2024-01-01	715	1	343.46	343.46	1	1	1	3	Needs Attention
4961	2024-01-16	2024-01-16	2024-01-01	715	1	342.81	342.81	1	1	1	3	Needs Attention
4919	2024-05-25	2024-05-25	2024-05-01	585	1	341.51	341.51	1	1	1	3	Needs Attention
4620	2024-04-30	2024-04-30	2024-04-01	610	1	337.68	337.68	1	1	1	3	Needs Attention
4715	2024-02-24	2024-02-24	2024-02-01	676	1	336.28	336.28	1	1	1	3	Needs Attention
5943	2024-05-28	2024-05-28	2024-05-01	582	1	330.72	330.72	1	1	1	3	Needs Attention
3756	2024-01-05	2024-01-05	2024-01-01	726	1	330.32	330.32	1	1	1	3	Needs Attention
6478	2024-03-11	2024-03-11	2024-03-01	660	1	329.12	329.12	1	1	1	3	Needs Attention
5601	2024-04-07	2024-04-07	2024-04-01	633	1	324.26	324.26	1	1	1	3	Needs Attention
4281	2024-03-11	2024-03-11	2024-03-01	660	1	323.52	323.52	1	1	1	3	Needs Attention
4183	2024-01-27	2024-01-27	2024-01-01	704	1	320.46	320.46	1	1	1	3	Needs Attention
3623	2024-05-09	2024-05-09	2024-05-01	601	1	316.27	316.27	1	1	1	3	Needs Attention
4265	2024-05-21	2024-05-21	2024-05-01	589	1	310.18	310.18	1	1	1	3	Needs Attention
3237	2024-04-05	2024-04-05	2024-04-01	635	1	307.32	307.32	1	1	1	3	Needs Attention
3108	2024-01-30	2024-01-30	2024-01-01	701	1	306.73	306.73	1	1	1	3	Needs Attention
6324	2024-04-16	2024-04-16	2024-04-01	624	1	305.96	305.96	1	1	1	3	Needs Attention
7908	2024-02-12	2024-02-12	2024-02-01	688	1	305.89	305.89	1	1	1	3	Needs Attention
7392	2024-05-08	2024-05-08	2024-05-01	602	1	305.46	305.46	1	1	1	3	Needs Attention
7193	2024-05-06	2024-05-06	2024-05-01	604	1	304.20	304.20	1	1	1	3	Needs Attention
3084	2024-02-01	2024-02-01	2024-02-01	699	1	303.62	303.62	1	1	1	3	Needs Attention
5319	2024-02-17	2024-02-17	2024-02-01	683	1	298.26	298.26	1	1	1	3	Needs Attention
6374	2024-05-29	2024-05-29	2024-05-01	581	1	294.82	294.82	1	1	1	3	Needs Attention
3151	2024-04-30	2024-04-30	2024-04-01	610	1	294.46	294.46	1	1	1	3	Needs Attention
4911	2024-05-24	2024-05-24	2024-05-01	586	1	292.25	292.25	1	1	1	3	Needs Attention
3951	2024-03-16	2024-03-16	2024-03-01	655	1	290.50	290.50	1	1	1	3	Needs Attention
7211	2024-06-14	2024-06-14	2024-06-01	565	1	286.97	286.97	1	1	1	3	Needs Attention
3349	2024-02-22	2024-02-22	2024-02-01	678	1	277.04	277.04	1	1	1	3	Needs Attention
6568	2024-03-22	2024-03-22	2024-03-01	649	1	266.88	266.88	1	1	1	3	Needs Attention
7448	2024-04-22	2024-04-22	2024-04-01	618	1	263.53	263.53	1	1	1	3	Needs Attention
6128	2024-05-20	2024-05-20	2024-05-01	590	1	260.43	260.43	1	1	1	3	Needs Attention
3993	2024-05-25	2024-05-25	2024-05-01	585	1	256.03	256.03	1	1	1	3	Needs Attention
6361	2024-04-23	2024-04-23	2024-04-01	617	1	253.08	253.08	1	1	1	3	Needs Attention
5956	2024-03-18	2024-03-18	2024-03-01	653	1	251.86	251.86	1	1	1	3	Needs Attention
4002	2024-06-20	2024-06-20	2024-06-01	559	1	251.35	251.35	1	1	1	3	Needs Attention
7846	2024-05-26	2024-05-26	2024-05-01	584	1	250.80	250.80	1	1	1	3	Needs Attention
7678	2024-04-20	2024-04-20	2024-04-01	620	1	247.93	247.93	1	1	1	3	Needs Attention
3745	2024-04-27	2024-04-27	2024-04-01	613	1	244.37	244.37	1	1	1	3	Needs Attention
4111	2024-03-08	2024-03-08	2024-03-01	663	1	244.03	244.03	1	1	1	3	Needs Attention
5203	2024-04-18	2024-04-18	2024-04-01	622	1	240.13	240.13	1	1	1	3	Needs Attention
6186	2024-05-06	2024-05-06	2024-05-01	604	1	239.28	239.28	1	1	1	3	Needs Attention
3760	2024-06-02	2024-06-02	2024-06-01	577	1	231.68	231.68	1	1	1	3	Needs Attention
7708	2024-05-13	2024-05-13	2024-05-01	597	1	231.09	231.09	1	1	1	3	Needs Attention
4348	2024-04-08	2024-04-08	2024-04-01	632	1	227.26	227.26	1	1	1	3	Needs Attention
3848	2024-04-25	2024-04-25	2024-04-01	615	1	221.37	221.37	1	1	1	3	Needs Attention
6337	2024-03-15	2024-03-15	2024-03-01	656	1	220.45	220.45	1	1	1	3	Needs Attention
3499	2024-03-28	2024-03-28	2024-03-01	643	1	219.61	219.61	1	1	1	3	Needs Attention
5162	2024-03-11	2024-03-11	2024-03-01	660	1	218.97	218.97	1	1	1	3	Needs Attention
7262	2024-03-22	2024-03-22	2024-03-01	649	1	218.79	218.79	1	1	1	3	Needs Attention
4881	2024-06-15	2024-06-15	2024-06-01	564	1	218.40	218.40	1	1	1	3	Needs Attention
5146	2024-05-11	2024-05-11	2024-05-01	599	1	208.26	208.26	1	1	1	3	Needs Attention
3572	2024-03-21	2024-03-21	2024-03-01	650	1	201.51	201.51	1	1	1	3	Needs Attention
6299	2024-04-04	2024-04-04	2024-04-01	636	1	201.08	201.08	1	1	1	3	Needs Attention
6561	2024-03-07	2024-03-07	2024-03-01	664	1	201.08	201.08	1	1	1	3	Needs Attention
5575	2024-02-15	2024-02-15	2024-02-01	685	1	200.97	200.97	1	1	1	3	Needs Attention
7818	2024-02-21	2024-02-21	2024-02-01	679	1	200.10	200.10	1	1	1	3	Needs Attention
5150	2024-05-17	2024-05-17	2024-05-01	593	1	199.50	199.50	1	1	1	3	Needs Attention
5167	2024-05-14	2024-05-14	2024-05-01	596	1	195.73	195.73	1	1	1	3	Needs Attention
5348	2024-01-14	2024-01-14	2024-01-01	717	1	193.86	193.86	1	1	1	3	Needs Attention
4903	2024-05-12	2024-05-12	2024-05-01	598	1	193.50	193.50	1	1	1	3	Needs Attention
5628	2024-05-18	2024-05-18	2024-05-01	592	1	185.21	185.21	1	1	1	3	Needs Attention
7244	2024-02-18	2024-02-18	2024-02-01	682	1	184.20	184.20	1	1	1	3	Needs Attention
3393	2024-01-28	2024-01-28	2024-01-01	703	1	182.80	182.80	1	1	1	3	Needs Attention
4456	2024-05-20	2024-05-20	2024-05-01	590	1	182.14	182.14	1	1	1	3	Needs Attention
7304	2024-06-19	2024-06-19	2024-06-01	560	1	172.70	172.70	1	1	1	3	Needs Attention
7757	2024-03-03	2024-03-03	2024-03-01	668	1	168.35	168.35	1	1	1	3	Needs Attention
3700	2024-05-09	2024-05-09	2024-05-01	601	1	166.84	166.84	1	1	1	3	Needs Attention
7133	2024-04-15	2024-04-15	2024-04-01	625	1	164.78	164.78	1	1	1	3	Needs Attention
7449	2024-03-27	2024-03-27	2024-03-01	644	1	162.62	162.62	1	1	1	3	Needs Attention
6016	2024-06-26	2024-06-26	2024-06-01	553	1	161.30	161.30	1	1	1	3	Needs Attention
3091	2024-03-26	2024-03-26	2024-03-01	645	1	159.24	159.24	1	1	1	3	Needs Attention
4544	2024-03-03	2024-03-03	2024-03-01	668	1	152.32	152.32	1	1	1	3	Needs Attention
5783	2024-05-02	2024-05-02	2024-05-01	608	1	148.72	148.72	1	1	1	3	Needs Attention
3862	2024-05-20	2024-05-20	2024-05-01	590	1	143.06	143.06	1	1	1	3	Needs Attention
3805	2024-06-02	2024-06-02	2024-06-01	577	1	141.40	141.40	1	1	1	3	Needs Attention
3835	2024-04-18	2024-04-18	2024-04-01	622	1	135.01	135.01	1	1	1	3	Needs Attention
3963	2024-05-29	2024-05-29	2024-05-01	581	1	134.10	134.10	1	1	1	3	Needs Attention
5619	2024-06-10	2024-06-10	2024-06-01	569	1	133.21	133.21	1	1	1	3	Needs Attention
7081	2024-04-06	2024-04-06	2024-04-01	634	1	131.04	131.04	1	1	1	3	Needs Attention
7166	2024-01-16	2024-01-16	2024-01-01	715	1	116.46	116.46	1	1	1	3	Needs Attention
4850	2024-04-03	2024-04-03	2024-04-01	637	1	115.71	115.71	1	1	1	3	Needs Attention
7579	2024-06-25	2024-06-25	2024-06-01	554	1	110.59	110.59	1	1	1	3	Needs Attention
3976	2024-06-18	2024-06-18	2024-06-01	561	1	109.98	109.98	1	1	1	3	Needs Attention
3148	2024-02-22	2024-02-22	2024-02-01	678	1	109.78	109.78	1	1	1	3	Needs Attention
7231	2024-04-02	2024-04-02	2024-04-01	638	1	108.98	108.98	1	1	1	3	Needs Attention
6998	2024-01-29	2024-01-29	2024-01-01	702	1	106.50	106.50	1	1	1	3	Needs Attention
4106	2024-02-05	2024-02-05	2024-02-01	695	1	99.91	99.91	1	1	1	3	Needs Attention
6035	2024-05-01	2024-05-01	2024-05-01	609	1	98.40	98.40	1	1	1	3	Needs Attention
3714	2024-05-17	2024-05-17	2024-05-01	593	1	96.93	96.93	1	1	1	3	Needs Attention
4932	2024-05-29	2024-05-29	2024-05-01	581	1	95.51	95.51	1	1	1	3	Needs Attention
7602	2024-01-01	2024-01-01	2024-01-01	730	1	95.42	95.42	1	1	1	3	Needs Attention
4307	2024-01-16	2024-01-16	2024-01-01	715	1	93.99	93.99	1	1	1	3	Needs Attention
6117	2024-05-18	2024-05-18	2024-05-01	592	1	92.46	92.46	1	1	1	3	Needs Attention
7286	2024-05-29	2024-05-29	2024-05-01	581	1	91.96	91.96	1	1	1	3	Needs Attention
6481	2024-02-10	2024-02-10	2024-02-01	690	1	88.33	88.33	1	1	1	3	Needs Attention
3168	2024-06-14	2024-06-14	2024-06-01	565	1	86.61	86.61	1	1	1	3	Needs Attention
3633	2024-03-02	2024-03-02	2024-03-01	669	1	73.36	73.36	1	1	1	3	Needs Attention
6913	2024-05-27	2024-05-27	2024-05-01	583	1	66.60	66.60	1	1	1	3	Needs Attention
4102	2024-06-10	2024-06-10	2024-06-01	569	1	65.99	65.99	1	1	1	3	Needs Attention
6518	2024-05-03	2024-05-03	2024-05-01	607	1	64.70	64.70	1	1	1	3	Needs Attention
5972	2024-04-23	2024-04-23	2024-04-01	617	1	62.58	62.58	1	1	1	3	Needs Attention
5165	2024-06-15	2024-06-15	2024-06-01	564	1	48.66	48.66	1	1	1	3	Needs Attention
6402	2024-04-26	2024-04-26	2024-04-01	614	1	48.57	48.57	1	1	1	3	Needs Attention
7959	2024-04-19	2024-04-19	2024-04-01	621	1	42.70	42.70	1	1	1	3	Needs Attention
5620	2024-03-11	2024-03-11	2024-03-01	660	1	25.62	25.62	1	1	1	3	Needs Attention
4755	2024-04-03	2024-04-03	2024-04-01	637	1	12.22	12.22	1	1	1	3	Needs Attention
